max_score,top1_match,total_relevant_in_gallery,P@1,R@1,AP@1,P@5,R@5,AP@5,P@10,R@10,AP@10,query_id,species_key,condition,snr_db,representation
0.5294920802116394,0,171,0.0,0.0,0.0,0.2,0.005847953216374269,0.06666666666666667,0.1,0.005847953216374269,0.03333333333333333,XC1011212,coffal1,Clean,999,R3
0.508628785610199,0,171,0.0,0.0,0.0,0.0,0.0,0.0,0.0,0.0,0.0,XC518849,coffal1,Clean,999,R3
0.5097578167915344,1,171,1.0,0.005847953216374269,1.0,0.2,0.005847953216374269,0.2,0.1,0.005847953216374269,0.1,XC640029,coffal1,Clean,999,R3
0.601534903049469,0,171,0.0,0.0,0.0,0.0,0.0,0.0,0.0,0.0,0.0,XC238626,coffal1,Clean,999,R3
0.5532848834991455,0,171,0.0,0.0,0.0,0.0,0.0,0.0,0.0,0.0,0.0,XC580510,coffal1,Clean,999,R3
0.5461626052856445,0,171,0.0,0.0,0.0,0.0,0.0,0.0,0.0,0.0,0.0,XC841725,coffal1,Clean,999,R3
0.5309274792671204,0,171,0.0,0.0,0.0,0.0,0.0,0.0,0.0,0.0,0.0,XC909155,coffal1,Clean,999,R3
0.5362503528594971,0,171,0.0,0.0,0.0,0.0,0.0,0.0,0.0,0.0,0.0,XC597587,coffal1,Clean,999,R3
0.5347433090209961,0,171,0.0,0.0,0.0,0.0,0.0,0.0,0.0,0.0,0.0,XC514068,coffal1,Clean,999,R3
0.5432708263397217,0,171,0.0,0.0,0.0,0.0,0.0,0.0,0.0,0.0,0.0,XC915055,coffal1,Clean,999,R3
0.5850950479507446,0,221,0.0,0.0,0.0,0.2,0.004524886877828055,0.06666666666666667,0.1,0.004524886877828055,0.03333333333333333,XC504846,sobtyr1,Clean,999,R3
0.5331206917762756,0,221,0.0,0.0,0.0,0.0,0.0,0.0,0.1,0.004524886877828055,0.01,XC764623,sobtyr1,Clean,999,R3
0.5847789645195007,0,221,0.0,0.0,0.0,0.0,0.0,0.0,0.1,0.004524886877828055,0.0125,XC653903,sobtyr1,Clean,999,R3
0.5767860412597656,0,221,0.0,0.0,0.0,0.0,0.0,0.0,0.0,0.0,0.0,XC176886,sobtyr1,Clean,999,R3
0.4799158573150635,0,221,0.0,0.0,0.0,0.2,0.004524886877828055,0.04,0.2,0.00904977375565611,0.05333333333333333,XC580800,sobtyr1,Clean,999,R3
0.4838513135910034,0,221,0.0,0.0,0.0,0.0,0.0,0.0,0.0,0.0,0.0,XC763522,sobtyr1,Clean,999,R3
0.5873796939849854,0,221,0.0,0.0,0.0,0.0,0.0,0.0,0.1,0.004524886877828055,0.016666666666666666,XC612769,sobtyr1,Clean,999,R3
0.584638237953186,0,221,0.0,0.0,0.0,0.0,0.0,0.0,0.1,0.004524886877828055,0.01,XC135348,sobtyr1,Clean,999,R3
0.5636681914329529,1,221,1.0,0.004524886877828055,1.0,0.4,0.00904977375565611,0.27999999999999997,0.2,0.00904977375565611,0.13999999999999999,XC1062368,sobtyr1,Clean,999,R3
0.4697054624557495,0,221,0.0,0.0,0.0,0.0,0.0,0.0,0.0,0.0,0.0,XC653904,sobtyr1,Clean,999,R3
0.5263533592224121,0,223,0.0,0.0,0.0,0.2,0.004484304932735426,0.05,0.1,0.004484304932735426,0.025,XC348691,greant1,Clean,999,R3
0.551234245300293,0,223,0.0,0.0,0.0,0.0,0.0,0.0,0.0,0.0,0.0,XC397818,greant1,Clean,999,R3
0.5417591333389282,0,223,0.0,0.0,0.0,0.0,0.0,0.0,0.1,0.004484304932735426,0.01,XC50033,greant1,Clean,999,R3
0.5854220390319824,0,223,0.0,0.0,0.0,0.0,0.0,0.0,0.0,0.0,0.0,XC388556,greant1,Clean,999,R3
0.4834991693496704,0,223,0.0,0.0,0.0,0.0,0.0,0.0,0.0,0.0,0.0,XC433819,greant1,Clean,999,R3
0.5947245955467224,0,223,0.0,0.0,0.0,0.2,0.004484304932735426,0.06666666666666667,0.2,0.008968609865470852,0.05833333333333333,XC123928,greant1,Clean,999,R3
0.5532609820365906,0,223,0.0,0.0,0.0,0.2,0.004484304932735426,0.06666666666666667,0.2,0.008968609865470852,0.06666666666666667,XC489684,greant1,Clean,999,R3
0.5078776478767395,0,223,0.0,0.0,0.0,0.0,0.0,0.0,0.0,0.0,0.0,XC452472,greant1,Clean,999,R3
0.5591503381729126,0,223,0.0,0.0,0.0,0.0,0.0,0.0,0.0,0.0,0.0,XC616309,greant1,Clean,999,R3
0.5900716781616211,0,223,0.0,0.0,0.0,0.2,0.004484304932735426,0.1,0.2,0.008968609865470852,0.06999999999999999,XC118887,greant1,Clean,999,R3
0.5671635866165161,0,231,0.0,0.0,0.0,0.0,0.0,0.0,0.2,0.008658008658008658,0.041666666666666664,XC294719,squcuc1,Clean,999,R3
0.5183030366897583,0,231,0.0,0.0,0.0,0.2,0.004329004329004329,0.05,0.4,0.017316017316017316,0.14119047619047617,XC294724,squcuc1,Clean,999,R3
0.5117611289024353,0,231,0.0,0.0,0.0,0.0,0.0,0.0,0.0,0.0,0.0,XC940505,squcuc1,Clean,999,R3
0.506540060043335,0,231,0.0,0.0,0.0,0.0,0.0,0.0,0.2,0.008658008658008658,0.03428571428571429,XC216157,squcuc1,Clean,999,R3
0.4965762794017792,0,231,0.0,0.0,0.0,0.0,0.0,0.0,0.0,0.0,0.0,XC549930,squcuc1,Clean,999,R3
0.5282357335090637,0,231,0.0,0.0,0.0,0.0,0.0,0.0,0.2,0.008658008658008658,0.04523809523809523,XC549933,squcuc1,Clean,999,R3
0.5160931944847107,0,231,0.0,0.0,0.0,0.0,0.0,0.0,0.0,0.0,0.0,XC549936,squcuc1,Clean,999,R3
0.48107200860977173,0,231,0.0,0.0,0.0,0.2,0.004329004329004329,0.04,0.1,0.004329004329004329,0.02,XC247099,squcuc1,Clean,999,R3
0.48319676518440247,0,231,0.0,0.0,0.0,0.0,0.0,0.0,0.0,0.0,0.0,XC246934,squcuc1,Clean,999,R3
0.5344367623329163,0,231,0.0,0.0,0.0,0.0,0.0,0.0,0.0,0.0,0.0,XC656889,squcuc1,Clean,999,R3
0.5453972816467285,0,159,0.0,0.0,0.0,0.0,0.0,0.0,0.0,0.0,0.0,XC299640,roahaw,Clean,999,R3
0.5463700294494629,0,159,0.0,0.0,0.0,0.2,0.006289308176100629,0.05,0.1,0.006289308176100629,0.025,XC372463,roahaw,Clean,999,R3
0.5007755756378174,0,159,0.0,0.0,0.0,0.2,0.006289308176100629,0.05,0.1,0.006289308176100629,0.025,XC288830,roahaw,Clean,999,R3
0.5005306601524353,0,159,0.0,0.0,0.0,0.0,0.0,0.0,0.1,0.006289308176100629,0.01,XC129438,roahaw,Clean,999,R3
0.5267386436462402,0,159,0.0,0.0,0.0,0.0,0.0,0.0,0.0,0.0,0.0,XC772769,roahaw,Clean,999,R3
0.6192129850387573,0,159,0.0,0.0,0.0,0.0,0.0,0.0,0.0,0.0,0.0,XC716349,roahaw,Clean,999,R3
0.5825581550598145,0,159,0.0,0.0,0.0,0.0,0.0,0.0,0.1,0.006289308176100629,0.01111111111111111,XC340156,roahaw,Clean,999,R3
0.5492600202560425,0,159,0.0,0.0,0.0,0.2,0.006289308176100629,0.06666666666666667,0.1,0.006289308176100629,0.03333333333333333,XC680705,roahaw,Clean,999,R3
0.5169165134429932,1,159,1.0,0.006289308176100629,1.0,0.2,0.006289308176100629,0.2,0.1,0.006289308176100629,0.1,XC235156,roahaw,Clean,999,R3
0.5863650441169739,0,159,0.0,0.0,0.0,0.0,0.0,0.0,0.0,0.0,0.0,XC19527,roahaw,Clean,999,R3
0.4813770055770874,1,165,1.0,0.006060606060606061,1.0,0.2,0.006060606060606061,0.2,0.2,0.012121212121212121,0.12,XC738930,trsowl,Clean,999,R3
0.5508838295936584,0,165,0.0,0.0,0.0,0.0,0.0,0.0,0.0,0.0,0.0,XC428741,trsowl,Clean,999,R3
0.5164092183113098,0,165,0.0,0.0,0.0,0.0,0.0,0.0,0.0,0.0,0.0,XC597121,trsowl,Clean,999,R3
0.5119747519493103,0,165,0.0,0.0,0.0,0.0,0.0,0.0,0.0,0.0,0.0,XC549975,trsowl,Clean,999,R3
0.5074931383132935,0,165,0.0,0.0,0.0,0.0,0.0,0.0,0.0,0.0,0.0,XC135491,trsowl,Clean,999,R3
0.577128529548645,0,165,0.0,0.0,0.0,0.0,0.0,0.0,0.0,0.0,0.0,XC572606,trsowl,Clean,999,R3
0.49241331219673157,0,165,0.0,0.0,0.0,0.0,0.0,0.0,0.0,0.0,0.0,XC236394,trsowl,Clean,999,R3
0.5257944464683533,0,165,0.0,0.0,0.0,0.0,0.0,0.0,0.0,0.0,0.0,XC447808,trsowl,Clean,999,R3
0.5453025102615356,0,165,0.0,0.0,0.0,0.0,0.0,0.0,0.1,0.006060606060606061,0.01,XC619067,trsowl,Clean,999,R3
0.5600978136062622,0,165,0.0,0.0,0.0,0.2,0.006060606060606061,0.1,0.1,0.006060606060606061,0.05,XC730130,trsowl,Clean,999,R3
0.6341434121131897,0,203,0.0,0.0,0.0,0.0,0.0,0.0,0.1,0.0049261083743842365,0.01111111111111111,XC756928,banana,Clean,999,R3
0.5960701704025269,0,203,0.0,0.0,0.0,0.0,0.0,0.0,0.0,0.0,0.0,XC190593,banana,Clean,999,R3
0.48478251695632935,0,203,0.0,0.0,0.0,0.0,0.0,0.0,0.0,0.0,0.0,XC247112,banana,Clean,999,R3
1.0000001192092896,0,203,0.0,0.0,0.0,0.2,0.0049261083743842365,0.04,0.1,0.0049261083743842365,0.02,XC561261,banana,Clean,999,R3
0.6287630796432495,0,203,0.0,0.0,0.0,0.0,0.0,0.0,0.0,0.0,0.0,XC127164,banana,Clean,999,R3
0.5214958786964417,0,203,0.0,0.0,0.0,0.2,0.0049261083743842365,0.05,0.1,0.0049261083743842365,0.025,XC169559,banana,Clean,999,R3
0.5125879049301147,0,203,0.0,0.0,0.0,0.2,0.0049261083743842365,0.06666666666666667,0.1,0.0049261083743842365,0.03333333333333333,XC241562,banana,Clean,999,R3
0.578866720199585,0,203,0.0,0.0,0.0,0.0,0.0,0.0,0.0,0.0,0.0,XC924739,banana,Clean,999,R3
0.51263427734375,0,203,0.0,0.0,0.0,0.0,0.0,0.0,0.0,0.0,0.0,XC541448,banana,Clean,999,R3
0.5269331932067871,0,203,0.0,0.0,0.0,0.0,0.0,0.0,0.0,0.0,0.0,XC215467,banana,Clean,999,R3
0.545678973197937,0,181,0.0,0.0,0.0,0.0,0.0,0.0,0.0,0.0,0.0,XC29087,baffal1,Clean,999,R3
0.5034328699111938,0,181,0.0,0.0,0.0,0.2,0.0055248618784530384,0.1,0.1,0.0055248618784530384,0.05,XC29088,baffal1,Clean,999,R3
0.4830362796783447,0,181,0.0,0.0,0.0,0.0,0.0,0.0,0.0,0.0,0.0,XC235886,baffal1,Clean,999,R3
0.5645953416824341,0,181,0.0,0.0,0.0,0.0,0.0,0.0,0.0,0.0,0.0,XC437953,baffal1,Clean,999,R3
0.49898743629455566,0,181,0.0,0.0,0.0,0.0,0.0,0.0,0.0,0.0,0.0,XC192816,baffal1,Clean,999,R3
0.536658763885498,0,181,0.0,0.0,0.0,0.0,0.0,0.0,0.0,0.0,0.0,XC666482,baffal1,Clean,999,R3
0.505508542060852,0,181,0.0,0.0,0.0,0.0,0.0,0.0,0.0,0.0,0.0,XC727672,baffal1,Clean,999,R3
0.498745322227478,0,181,0.0,0.0,0.0,0.2,0.0055248618784530384,0.1,0.1,0.0055248618784530384,0.05,XC745799,baffal1,Clean,999,R3
0.474980890750885,0,181,0.0,0.0,0.0,0.0,0.0,0.0,0.0,0.0,0.0,XC546400,baffal1,Clean,999,R3
0.548932671546936,0,181,0.0,0.0,0.0,0.2,0.0055248618784530384,0.04,0.1,0.0055248618784530384,0.02,XC192815,baffal1,Clean,999,R3
0.505576491355896,0,137,0.0,0.0,0.0,0.0,0.0,0.0,0.0,0.0,0.0,XC539586,soulap1,Clean,999,R3
0.5053143501281738,0,137,0.0,0.0,0.0,0.0,0.0,0.0,0.1,0.0072992700729927005,0.014285714285714285,XC9046,soulap1,Clean,999,R3
0.5099402070045471,0,137,0.0,0.0,0.0,0.0,0.0,0.0,0.0,0.0,0.0,XC562682,soulap1,Clean,999,R3
0.4942009449005127,0,137,0.0,0.0,0.0,0.0,0.0,0.0,0.0,0.0,0.0,XC51500,soulap1,Clean,999,R3
0.559139609336853,0,137,0.0,0.0,0.0,0.0,0.0,0.0,0.0,0.0,0.0,XC428133,soulap1,Clean,999,R3
0.49627092480659485,0,137,0.0,0.0,0.0,0.0,0.0,0.0,0.1,0.0072992700729927005,0.014285714285714285,XC47141,soulap1,Clean,999,R3
0.6159411668777466,0,137,0.0,0.0,0.0,0.0,0.0,0.0,0.0,0.0,0.0,XC861228,soulap1,Clean,999,R3
0.5440489649772644,0,137,0.0,0.0,0.0,0.0,0.0,0.0,0.0,0.0,0.0,XC549503,soulap1,Clean,999,R3
0.501409649848938,0,137,0.0,0.0,0.0,0.0,0.0,0.0,0.0,0.0,0.0,XC16003,soulap1,Clean,999,R3
0.5170069336891174,0,137,0.0,0.0,0.0,0.2,0.0072992700729927005,0.05,0.2,0.014598540145985401,0.045,XC48574,soulap1,Clean,999,R3
0.49355989694595337,0,154,0.0,0.0,0.0,0.0,0.0,0.0,0.0,0.0,0.0,XC340516,strcuc1,Clean,999,R3
0.5507087111473083,0,154,0.0,0.0,0.0,0.0,0.0,0.0,0.0,0.0,0.0,XC340515,strcuc1,Clean,999,R3
0.4805943965911865,0,154,0.0,0.0,0.0,0.0,0.0,0.0,0.0,0.0,0.0,XC173304,strcuc1,Clean,999,R3
0.5337493419647217,0,154,0.0,0.0,0.0,0.0,0.0,0.0,0.1,0.006493506493506494,0.014285714285714285,XC114965,strcuc1,Clean,999,R3
0.5657176375389099,0,154,0.0,0.0,0.0,0.0,0.0,0.0,0.0,0.0,0.0,XC349929,strcuc1,Clean,999,R3
0.5211732983589172,0,154,0.0,0.0,0.0,0.0,0.0,0.0,0.0,0.0,0.0,XC836228,strcuc1,Clean,999,R3
0.5392098426818848,0,154,0.0,0.0,0.0,0.0,0.0,0.0,0.0,0.0,0.0,XC508606,strcuc1,Clean,999,R3
0.585904598236084,0,154,0.0,0.0,0.0,0.0,0.0,0.0,0.0,0.0,0.0,XC593146,strcuc1,Clean,999,R3
0.5796154737472534,0,154,0.0,0.0,0.0,0.0,0.0,0.0,0.1,0.006493506493506494,0.0125,XC240034,strcuc1,Clean,999,R3
0.5307255387306213,0,154,0.0,0.0,0.0,0.2,0.006493506493506494,0.05,0.1,0.006493506493506494,0.025,XC114160,strcuc1,Clean,999,R3
0.48319435119628906,0,125,0.0,0.0,0.0,0.0,0.0,0.0,0.0,0.0,0.0,XC993685,pabspi1,Clean,999,R3
0.5678959488868713,0,125,0.0,0.0,0.0,0.0,0.0,0.0,0.0,0.0,0.0,XC506225,pabspi1,Clean,999,R3
0.5274052023887634,0,125,0.0,0.0,0.0,0.2,0.008,0.06666666666666667,0.1,0.008,0.03333333333333333,XC687712,pabspi1,Clean,999,R3
0.6407138109207153,0,125,0.0,0.0,0.0,0.0,0.0,0.0,0.0,0.0,0.0,XC506234,pabspi1,Clean,999,R3
0.46471095085144043,0,125,0.0,0.0,0.0,0.0,0.0,0.0,0.0,0.0,0.0,XC452493,pabspi1,Clean,999,R3
0.5229455232620239,0,125,0.0,0.0,0.0,0.0,0.0,0.0,0.0,0.0,0.0,XC701947,pabspi1,Clean,999,R3
0.583301842212677,0,125,0.0,0.0,0.0,0.2,0.008,0.04,0.1,0.008,0.02,XC701948,pabspi1,Clean,999,R3
0.5610953569412231,0,125,0.0,0.0,0.0,0.0,0.0,0.0,0.0,0.0,0.0,XC236174,pabspi1,Clean,999,R3
0.5118486285209656,0,125,0.0,0.0,0.0,0.0,0.0,0.0,0.0,0.0,0.0,XC391585,pabspi1,Clean,999,R3
0.5660288333892822,0,125,0.0,0.0,0.0,0.0,0.0,0.0,0.0,0.0,0.0,XC236176,pabspi1,Clean,999,R3
0.535812258720398,0,266,0.0,0.0,0.0,0.0,0.0,0.0,0.2,0.007518796992481203,0.03888888888888888,XC268594,yeofly1,Clean,999,R3
0.5302568078041077,0,266,0.0,0.0,0.0,0.0,0.0,0.0,0.0,0.0,0.0,XC361117,yeofly1,Clean,999,R3
0.5417715311050415,0,266,0.0,0.0,0.0,0.0,0.0,0.0,0.2,0.007518796992481203,0.041666666666666664,XC250157,yeofly1,Clean,999,R3
0.6216842532157898,0,266,0.0,0.0,0.0,0.2,0.0037593984962406013,0.1,0.1,0.0037593984962406013,0.05,XC46766,yeofly1,Clean,999,R3
0.491321325302124,0,266,0.0,0.0,0.0,0.0,0.0,0.0,0.1,0.0037593984962406013,0.01111111111111111,XC1031972,yeofly1,Clean,999,R3
0.49599042534828186,0,266,0.0,0.0,0.0,0.2,0.0037593984962406013,0.04,0.1,0.0037593984962406013,0.02,XC187210,yeofly1,Clean,999,R3
1.0000001192092896,0,266,0.0,0.0,0.0,0.2,0.0037593984962406013,0.1,0.1,0.0037593984962406013,0.05,XC512409,yeofly1,Clean,999,R3
0.4738181233406067,0,266,0.0,0.0,0.0,0.0,0.0,0.0,0.0,0.0,0.0,XC611913,yeofly1,Clean,999,R3
1.0,0,266,0.0,0.0,0.0,0.0,0.0,0.0,0.0,0.0,0.0,XC268592,yeofly1,Clean,999,R3
0.497780978679657,0,266,0.0,0.0,0.0,0.2,0.0037593984962406013,0.1,0.1,0.0037593984962406013,0.05,XC583955,yeofly1,Clean,999,R3
0.5290871858596802,0,141,0.0,0.0,0.0,0.0,0.0,0.0,0.0,0.0,0.0,XC192979,gycwor1,Clean,999,R3
0.5318453311920166,0,141,0.0,0.0,0.0,0.0,0.0,0.0,0.0,0.0,0.0,XC483682,gycwor1,Clean,999,R3
0.544199526309967,0,141,0.0,0.0,0.0,0.0,0.0,0.0,0.0,0.0,0.0,XC772156,gycwor1,Clean,999,R3
0.4710562825202942,0,141,0.0,0.0,0.0,0.0,0.0,0.0,0.1,0.0070921985815602835,0.0125,XC501765,gycwor1,Clean,999,R3
0.4646852910518646,0,141,0.0,0.0,0.0,0.0,0.0,0.0,0.0,0.0,0.0,XC1012395,gycwor1,Clean,999,R3
0.475650429725647,0,141,0.0,0.0,0.0,0.0,0.0,0.0,0.0,0.0,0.0,XC843813,gycwor1,Clean,999,R3
0.4825144410133362,1,141,1.0,0.0070921985815602835,1.0,0.2,0.0070921985815602835,0.2,0.1,0.0070921985815602835,0.1,XC216181,gycwor1,Clean,999,R3
0.5070070624351501,0,141,0.0,0.0,0.0,0.0,0.0,0.0,0.0,0.0,0.0,XC352281,gycwor1,Clean,999,R3
0.587232232093811,0,141,0.0,0.0,0.0,0.0,0.0,0.0,0.0,0.0,0.0,XC335167,gycwor1,Clean,999,R3
0.47901564836502075,0,141,0.0,0.0,0.0,0.0,0.0,0.0,0.0,0.0,0.0,XC197443,gycwor1,Clean,999,R3
0.5579785108566284,0,142,0.0,0.0,0.0,0.2,0.007042253521126761,0.04,0.1,0.007042253521126761,0.02,XC254120,compau,Clean,999,R3
0.4929814636707306,0,142,0.0,0.0,0.0,0.0,0.0,0.0,0.0,0.0,0.0,XC225326,compau,Clean,999,R3
0.5122464895248413,0,142,0.0,0.0,0.0,0.0,0.0,0.0,0.0,0.0,0.0,XC236447,compau,Clean,999,R3
0.5941275954246521,0,142,0.0,0.0,0.0,0.0,0.0,0.0,0.0,0.0,0.0,XC311012,compau,Clean,999,R3
0.6383229494094849,0,142,0.0,0.0,0.0,0.2,0.007042253521126761,0.04,0.1,0.007042253521126761,0.02,XC285306,compau,Clean,999,R3
0.5722918510437012,0,142,0.0,0.0,0.0,0.0,0.0,0.0,0.0,0.0,0.0,XC592920,compau,Clean,999,R3
0.5532916188240051,0,142,0.0,0.0,0.0,0.2,0.007042253521126761,0.04,0.1,0.007042253521126761,0.02,XC221567,compau,Clean,999,R3
0.4944029450416565,0,142,0.0,0.0,0.0,0.0,0.0,0.0,0.1,0.007042253521126761,0.014285714285714285,XC630102,compau,Clean,999,R3
0.48828426003456116,0,142,0.0,0.0,0.0,0.0,0.0,0.0,0.1,0.007042253521126761,0.016666666666666666,XC427477,compau,Clean,999,R3
0.5774869322776794,0,142,0.0,0.0,0.0,0.0,0.0,0.0,0.0,0.0,0.0,XC943093,compau,Clean,999,R3
0.6182534694671631,0,198,0.0,0.0,0.0,0.2,0.005050505050505051,0.1,0.1,0.005050505050505051,0.05,XC433820,barant1,Clean,999,R3
0.5290515422821045,0,198,0.0,0.0,0.0,0.0,0.0,0.0,0.0,0.0,0.0,XC459559,barant1,Clean,999,R3
0.5166771411895752,0,198,0.0,0.0,0.0,0.0,0.0,0.0,0.1,0.005050505050505051,0.0125,XC732448,barant1,Clean,999,R3
0.5216443538665771,0,198,0.0,0.0,0.0,0.0,0.0,0.0,0.0,0.0,0.0,XC716450,barant1,Clean,999,R3
0.6028647422790527,0,198,0.0,0.0,0.0,0.2,0.005050505050505051,0.1,0.1,0.005050505050505051,0.05,XC354908,barant1,Clean,999,R3
0.5542970895767212,1,198,1.0,0.005050505050505051,1.0,0.2,0.005050505050505051,0.2,0.1,0.005050505050505051,0.1,XC428067,barant1,Clean,999,R3
0.5665460824966431,0,198,0.0,0.0,0.0,0.2,0.005050505050505051,0.06666666666666667,0.1,0.005050505050505051,0.03333333333333333,XC685458,barant1,Clean,999,R3
0.5204590559005737,0,198,0.0,0.0,0.0,0.0,0.0,0.0,0.0,0.0,0.0,XC676256,barant1,Clean,999,R3
0.514981746673584,0,198,0.0,0.0,0.0,0.0,0.0,0.0,0.0,0.0,0.0,XC443189,barant1,Clean,999,R3
0.5815827250480652,0,198,0.0,0.0,0.0,0.0,0.0,0.0,0.0,0.0,0.0,XC752776,barant1,Clean,999,R3
0.5079063177108765,0,201,0.0,0.0,0.0,0.0,0.0,0.0,0.0,0.0,0.0,XC695270,pirfly1,Clean,999,R3
0.5124452114105225,0,201,0.0,0.0,0.0,0.0,0.0,0.0,0.0,0.0,0.0,XC199153,pirfly1,Clean,999,R3
0.5271609425544739,0,201,0.0,0.0,0.0,0.0,0.0,0.0,0.0,0.0,0.0,XC575453,pirfly1,Clean,999,R3
0.5041123628616333,0,201,0.0,0.0,0.0,0.2,0.004975124378109453,0.06666666666666667,0.2,0.009950248756218905,0.05555555555555556,XC199221,pirfly1,Clean,999,R3
0.472372829914093,0,201,0.0,0.0,0.0,0.2,0.004975124378109453,0.1,0.2,0.009950248756218905,0.07857142857142857,XC1050422,pirfly1,Clean,999,R3
0.4961177408695221,1,201,1.0,0.004975124378109453,1.0,0.2,0.004975124378109453,0.2,0.2,0.009950248756218905,0.12857142857142856,XC249521,pirfly1,Clean,999,R3
0.5462100505828857,0,201,0.0,0.0,0.0,0.0,0.0,0.0,0.0,0.0,0.0,XC249067,pirfly1,Clean,999,R3
0.6091761589050293,1,201,1.0,0.004975124378109453,1.0,0.4,0.009950248756218905,0.4,0.2,0.009950248756218905,0.2,XC249418,pirfly1,Clean,999,R3
0.4721256494522095,0,201,0.0,0.0,0.0,0.0,0.0,0.0,0.0,0.0,0.0,XC249520,pirfly1,Clean,999,R3
0.5381549596786499,0,201,0.0,0.0,0.0,0.0,0.0,0.0,0.0,0.0,0.0,XC764117,pirfly1,Clean,999,R3
0.4851398468017578,0,184,0.0,0.0,0.0,0.0,0.0,0.0,0.0,0.0,0.0,XC174648,linwoo1,Clean,999,R3
0.5960358381271362,1,184,1.0,0.005434782608695652,1.0,0.2,0.005434782608695652,0.2,0.1,0.005434782608695652,0.1,XC550450,linwoo1,Clean,999,R3
0.5612198114395142,0,184,0.0,0.0,0.0,0.0,0.0,0.0,0.0,0.0,0.0,XC550448,linwoo1,Clean,999,R3
0.5298174619674683,0,184,0.0,0.0,0.0,0.0,0.0,0.0,0.0,0.0,0.0,XC379497,linwoo1,Clean,999,R3
0.5075466632843018,1,184,1.0,0.005434782608695652,1.0,0.2,0.005434782608695652,0.2,0.1,0.005434782608695652,0.1,XC732161,linwoo1,Clean,999,R3
0.5575782060623169,0,184,0.0,0.0,0.0,0.2,0.005434782608695652,0.04,0.1,0.005434782608695652,0.02,XC261880,linwoo1,Clean,999,R3
0.5289241075515747,0,184,0.0,0.0,0.0,0.2,0.005434782608695652,0.06666666666666667,0.1,0.005434782608695652,0.03333333333333333,XC250796,linwoo1,Clean,999,R3
0.587665319442749,0,184,0.0,0.0,0.0,0.0,0.0,0.0,0.0,0.0,0.0,XC542823,linwoo1,Clean,999,R3
0.5230035781860352,0,184,0.0,0.0,0.0,0.0,0.0,0.0,0.0,0.0,0.0,XC688346,linwoo1,Clean,999,R3
0.5351681113243103,0,184,0.0,0.0,0.0,0.0,0.0,0.0,0.0,0.0,0.0,XC197473,linwoo1,Clean,999,R3
0.4885249137878418,0,192,0.0,0.0,0.0,0.0,0.0,0.0,0.0,0.0,0.0,XC238416,whtdov,Clean,999,R3
0.5075715184211731,0,192,0.0,0.0,0.0,0.0,0.0,0.0,0.1,0.005208333333333333,0.0125,XC235857,whtdov,Clean,999,R3
0.5384242534637451,0,192,0.0,0.0,0.0,0.0,0.0,0.0,0.0,0.0,0.0,XC238417,whtdov,Clean,999,R3
0.5151439905166626,0,192,0.0,0.0,0.0,0.0,0.0,0.0,0.0,0.0,0.0,XC294701,whtdov,Clean,999,R3
0.5710722804069519,1,192,1.0,0.005208333333333333,1.0,0.2,0.005208333333333333,0.2,0.1,0.005208333333333333,0.1,XC388552,whtdov,Clean,999,R3
0.5164437890052795,0,192,0.0,0.0,0.0,0.0,0.0,0.0,0.0,0.0,0.0,XC538235,whtdov,Clean,999,R3
0.47027820348739624,0,192,0.0,0.0,0.0,0.0,0.0,0.0,0.0,0.0,0.0,XC716476,whtdov,Clean,999,R3
0.5610389113426208,0,192,0.0,0.0,0.0,0.2,0.005208333333333333,0.1,0.1,0.005208333333333333,0.05,XC147509,whtdov,Clean,999,R3
0.5295127630233765,0,192,0.0,0.0,0.0,0.0,0.0,0.0,0.0,0.0,0.0,XC277692,whtdov,Clean,999,R3
0.6069531440734863,0,192,0.0,0.0,0.0,0.0,0.0,0.0,0.0,0.0,0.0,XC833664,whtdov,Clean,999,R3
0.4870947003364563,0,204,0.0,0.0,0.0,0.0,0.0,0.0,0.0,0.0,0.0,XC469159,bobfly1,Clean,999,R3
0.4857122600078583,0,204,0.0,0.0,0.0,0.0,0.0,0.0,0.0,0.0,0.0,XC578500,bobfly1,Clean,999,R3
0.5408854484558105,0,204,0.0,0.0,0.0,0.0,0.0,0.0,0.0,0.0,0.0,XC545844,bobfly1,Clean,999,R3
0.5371291637420654,0,204,0.0,0.0,0.0,0.0,0.0,0.0,0.2,0.00980392156862745,0.0365079365079365,XC427567,bobfly1,Clean,999,R3
0.5039721131324768,0,204,0.0,0.0,0.0,0.2,0.004901960784313725,0.04,0.1,0.004901960784313725,0.02,XC583946,bobfly1,Clean,999,R3
0.5500348806381226,0,204,0.0,0.0,0.0,0.0,0.0,0.0,0.0,0.0,0.0,XC235872,bobfly1,Clean,999,R3
0.6924318075180054,0,204,0.0,0.0,0.0,0.0,0.0,0.0,0.0,0.0,0.0,XC427566,bobfly1,Clean,999,R3
0.5589648485183716,0,204,0.0,0.0,0.0,0.0,0.0,0.0,0.0,0.0,0.0,XC356904,bobfly1,Clean,999,R3
0.5165735483169556,0,204,0.0,0.0,0.0,0.0,0.0,0.0,0.2,0.00980392156862745,0.03666666666666667,XC841763,bobfly1,Clean,999,R3
0.5015583038330078,1,204,1.0,0.004901960784313725,1.0,0.2,0.004901960784313725,0.2,0.1,0.004901960784313725,0.1,XC666481,bobfly1,Clean,999,R3
0.45918306708335876,0,155,0.0,0.0,0.0,0.0,0.0,0.0,0.0,0.0,0.0,XC944466,trokin,Clean,999,R3
1.0000001192092896,0,155,0.0,0.0,0.0,0.4,0.012903225806451613,0.2333333333333333,0.3,0.01935483870967742,0.15416666666666665,XC556661,trokin,Clean,999,R3
0.6082471013069153,0,155,0.0,0.0,0.0,0.0,0.0,0.0,0.1,0.0064516129032258064,0.016666666666666666,XC131763,trokin,Clean,999,R3
0.4834046959877014,0,155,0.0,0.0,0.0,0.0,0.0,0.0,0.0,0.0,0.0,XC282322,trokin,Clean,999,R3
0.48899224400520325,0,155,0.0,0.0,0.0,0.0,0.0,0.0,0.0,0.0,0.0,XC287873,trokin,Clean,999,R3
0.5611395835876465,0,155,0.0,0.0,0.0,0.0,0.0,0.0,0.0,0.0,0.0,XC944467,trokin,Clean,999,R3
0.5614261031150818,0,155,0.0,0.0,0.0,0.0,0.0,0.0,0.1,0.0064516129032258064,0.014285714285714285,XC690960,trokin,Clean,999,R3
0.48549291491508484,0,155,0.0,0.0,0.0,0.0,0.0,0.0,0.0,0.0,0.0,XC960832,trokin,Clean,999,R3
0.7026547789573669,1,155,1.0,0.0064516129032258064,1.0,0.2,0.0064516129032258064,0.2,0.1,0.0064516129032258064,0.1,XC490064,trokin,Clean,999,R3
0.5530495643615723,0,155,0.0,0.0,0.0,0.2,0.0064516129032258064,0.04,0.2,0.012903225806451613,0.04,XC282345,trokin,Clean,999,R3
0.4819470942020416,0,171,0.0,0.0,0.0,0.0,0.0,0.0,0.0,0.0,0.0,XC1011212,coffal1,SNR_20dB,20,R3
0.46402794122695923,0,171,0.0,0.0,0.0,0.0,0.0,0.0,0.0,0.0,0.0,XC518849,coffal1,SNR_20dB,20,R3
0.5290147066116333,0,171,0.0,0.0,0.0,0.2,0.005847953216374269,0.05,0.1,0.005847953216374269,0.025,XC640029,coffal1,SNR_20dB,20,R3
0.4676196575164795,0,171,0.0,0.0,0.0,0.0,0.0,0.0,0.0,0.0,0.0,XC238626,coffal1,SNR_20dB,20,R3
0.5072029232978821,0,171,0.0,0.0,0.0,0.0,0.0,0.0,0.0,0.0,0.0,XC580510,coffal1,SNR_20dB,20,R3
0.5542798638343811,0,171,0.0,0.0,0.0,0.0,0.0,0.0,0.0,0.0,0.0,XC841725,coffal1,SNR_20dB,20,R3
0.558203399181366,0,171,0.0,0.0,0.0,0.0,0.0,0.0,0.0,0.0,0.0,XC909155,coffal1,SNR_20dB,20,R3
0.5187390446662903,0,171,0.0,0.0,0.0,0.2,0.005847953216374269,0.1,0.1,0.005847953216374269,0.05,XC597587,coffal1,SNR_20dB,20,R3
0.48966100811958313,0,171,0.0,0.0,0.0,0.0,0.0,0.0,0.0,0.0,0.0,XC514068,coffal1,SNR_20dB,20,R3
0.5538451671600342,0,171,0.0,0.0,0.0,0.0,0.0,0.0,0.0,0.0,0.0,XC915055,coffal1,SNR_20dB,20,R3
0.5687255859375,0,221,0.0,0.0,0.0,0.0,0.0,0.0,0.0,0.0,0.0,XC504846,sobtyr1,SNR_20dB,20,R3
0.6335641741752625,0,221,0.0,0.0,0.0,0.0,0.0,0.0,0.0,0.0,0.0,XC764623,sobtyr1,SNR_20dB,20,R3
0.5202130675315857,0,221,0.0,0.0,0.0,0.0,0.0,0.0,0.0,0.0,0.0,XC653903,sobtyr1,SNR_20dB,20,R3
0.5000878572463989,0,221,0.0,0.0,0.0,0.0,0.0,0.0,0.1,0.004524886877828055,0.016666666666666666,XC176886,sobtyr1,SNR_20dB,20,R3
0.5840477347373962,0,221,0.0,0.0,0.0,0.0,0.0,0.0,0.1,0.004524886877828055,0.016666666666666666,XC580800,sobtyr1,SNR_20dB,20,R3
0.48072493076324463,0,221,0.0,0.0,0.0,0.0,0.0,0.0,0.1,0.004524886877828055,0.01111111111111111,XC763522,sobtyr1,SNR_20dB,20,R3
0.5229841470718384,0,221,0.0,0.0,0.0,0.0,0.0,0.0,0.0,0.0,0.0,XC612769,sobtyr1,SNR_20dB,20,R3
0.6098414659500122,0,221,0.0,0.0,0.0,0.0,0.0,0.0,0.0,0.0,0.0,XC135348,sobtyr1,SNR_20dB,20,R3
0.5151311159133911,0,221,0.0,0.0,0.0,0.0,0.0,0.0,0.1,0.004524886877828055,0.014285714285714285,XC1062368,sobtyr1,SNR_20dB,20,R3
0.5332033634185791,0,221,0.0,0.0,0.0,0.0,0.0,0.0,0.0,0.0,0.0,XC653904,sobtyr1,SNR_20dB,20,R3
0.5083432793617249,0,223,0.0,0.0,0.0,0.0,0.0,0.0,0.0,0.0,0.0,XC348691,greant1,SNR_20dB,20,R3
0.5160534977912903,1,223,1.0,0.004484304932735426,1.0,0.2,0.004484304932735426,0.2,0.1,0.004484304932735426,0.1,XC397818,greant1,SNR_20dB,20,R3
0.5165055990219116,0,223,0.0,0.0,0.0,0.0,0.0,0.0,0.0,0.0,0.0,XC50033,greant1,SNR_20dB,20,R3
0.4608379602432251,0,223,0.0,0.0,0.0,0.0,0.0,0.0,0.1,0.004484304932735426,0.01,XC388556,greant1,SNR_20dB,20,R3
0.5493981838226318,0,223,0.0,0.0,0.0,0.2,0.004484304932735426,0.1,0.1,0.004484304932735426,0.05,XC433819,greant1,SNR_20dB,20,R3
0.5188940167427063,0,223,0.0,0.0,0.0,0.0,0.0,0.0,0.0,0.0,0.0,XC123928,greant1,SNR_20dB,20,R3
0.46163272857666016,0,223,0.0,0.0,0.0,0.0,0.0,0.0,0.0,0.0,0.0,XC489684,greant1,SNR_20dB,20,R3
0.5035059452056885,0,223,0.0,0.0,0.0,0.0,0.0,0.0,0.0,0.0,0.0,XC452472,greant1,SNR_20dB,20,R3
0.6094591617584229,0,223,0.0,0.0,0.0,0.2,0.004484304932735426,0.1,0.1,0.004484304932735426,0.05,XC616309,greant1,SNR_20dB,20,R3
0.46850788593292236,0,223,0.0,0.0,0.0,0.2,0.004484304932735426,0.1,0.1,0.004484304932735426,0.05,XC118887,greant1,SNR_20dB,20,R3
0.5111135244369507,0,231,0.0,0.0,0.0,0.2,0.004329004329004329,0.06666666666666667,0.2,0.008658008658008658,0.05833333333333333,XC294719,squcuc1,SNR_20dB,20,R3
0.5243427753448486,0,231,0.0,0.0,0.0,0.0,0.0,0.0,0.0,0.0,0.0,XC294724,squcuc1,SNR_20dB,20,R3
0.5117380023002625,0,231,0.0,0.0,0.0,0.0,0.0,0.0,0.0,0.0,0.0,XC940505,squcuc1,SNR_20dB,20,R3
0.5083959698677063,0,231,0.0,0.0,0.0,0.2,0.004329004329004329,0.05,0.1,0.004329004329004329,0.025,XC216157,squcuc1,SNR_20dB,20,R3
0.4937325716018677,0,231,0.0,0.0,0.0,0.4,0.008658008658008658,0.2333333333333333,0.2,0.008658008658008658,0.11666666666666665,XC549930,squcuc1,SNR_20dB,20,R3
0.561686635017395,0,231,0.0,0.0,0.0,0.0,0.0,0.0,0.0,0.0,0.0,XC549933,squcuc1,SNR_20dB,20,R3
0.5206054449081421,0,231,0.0,0.0,0.0,0.2,0.004329004329004329,0.05,0.1,0.004329004329004329,0.025,XC549936,squcuc1,SNR_20dB,20,R3
0.5757642984390259,0,231,0.0,0.0,0.0,0.0,0.0,0.0,0.0,0.0,0.0,XC247099,squcuc1,SNR_20dB,20,R3
0.5636030435562134,0,231,0.0,0.0,0.0,0.0,0.0,0.0,0.0,0.0,0.0,XC246934,squcuc1,SNR_20dB,20,R3
0.5074726939201355,0,231,0.0,0.0,0.0,0.0,0.0,0.0,0.0,0.0,0.0,XC656889,squcuc1,SNR_20dB,20,R3
0.5077893733978271,0,159,0.0,0.0,0.0,0.0,0.0,0.0,0.0,0.0,0.0,XC299640,roahaw,SNR_20dB,20,R3
0.5138999223709106,0,159,0.0,0.0,0.0,0.0,0.0,0.0,0.0,0.0,0.0,XC372463,roahaw,SNR_20dB,20,R3
0.5886011123657227,0,159,0.0,0.0,0.0,0.0,0.0,0.0,0.0,0.0,0.0,XC288830,roahaw,SNR_20dB,20,R3
0.46967077255249023,0,159,0.0,0.0,0.0,0.0,0.0,0.0,0.0,0.0,0.0,XC129438,roahaw,SNR_20dB,20,R3
0.5615872144699097,0,159,0.0,0.0,0.0,0.0,0.0,0.0,0.0,0.0,0.0,XC772769,roahaw,SNR_20dB,20,R3
0.4946584105491638,0,159,0.0,0.0,0.0,0.0,0.0,0.0,0.1,0.006289308176100629,0.01,XC716349,roahaw,SNR_20dB,20,R3
0.5259612798690796,0,159,0.0,0.0,0.0,0.0,0.0,0.0,0.1,0.006289308176100629,0.01,XC340156,roahaw,SNR_20dB,20,R3
0.5665562152862549,0,159,0.0,0.0,0.0,0.0,0.0,0.0,0.2,0.012578616352201259,0.03666666666666667,XC680705,roahaw,SNR_20dB,20,R3
0.5195236206054688,0,159,0.0,0.0,0.0,0.0,0.0,0.0,0.0,0.0,0.0,XC235156,roahaw,SNR_20dB,20,R3
0.5548796653747559,0,159,0.0,0.0,0.0,0.2,0.006289308176100629,0.05,0.1,0.006289308176100629,0.025,XC19527,roahaw,SNR_20dB,20,R3
0.49909308552742004,0,165,0.0,0.0,0.0,0.0,0.0,0.0,0.0,0.0,0.0,XC738930,trsowl,SNR_20dB,20,R3
0.5332106351852417,0,165,0.0,0.0,0.0,0.0,0.0,0.0,0.1,0.006060606060606061,0.01,XC428741,trsowl,SNR_20dB,20,R3
0.49774447083473206,0,165,0.0,0.0,0.0,0.0,0.0,0.0,0.0,0.0,0.0,XC597121,trsowl,SNR_20dB,20,R3
0.5522667765617371,0,165,0.0,0.0,0.0,0.0,0.0,0.0,0.0,0.0,0.0,XC549975,trsowl,SNR_20dB,20,R3
0.5010384321212769,0,165,0.0,0.0,0.0,0.0,0.0,0.0,0.0,0.0,0.0,XC135491,trsowl,SNR_20dB,20,R3
0.5514706373214722,0,165,0.0,0.0,0.0,0.0,0.0,0.0,0.0,0.0,0.0,XC572606,trsowl,SNR_20dB,20,R3
0.5449510812759399,0,165,0.0,0.0,0.0,0.2,0.006060606060606061,0.04,0.1,0.006060606060606061,0.02,XC236394,trsowl,SNR_20dB,20,R3
0.462702214717865,0,165,0.0,0.0,0.0,0.2,0.006060606060606061,0.04,0.1,0.006060606060606061,0.02,XC447808,trsowl,SNR_20dB,20,R3
0.5517407655715942,0,165,0.0,0.0,0.0,0.0,0.0,0.0,0.0,0.0,0.0,XC619067,trsowl,SNR_20dB,20,R3
0.5339961647987366,0,165,0.0,0.0,0.0,0.0,0.0,0.0,0.0,0.0,0.0,XC730130,trsowl,SNR_20dB,20,R3
0.4991120398044586,0,203,0.0,0.0,0.0,0.0,0.0,0.0,0.1,0.0049261083743842365,0.0125,XC756928,banana,SNR_20dB,20,R3
0.4892210364341736,0,203,0.0,0.0,0.0,0.0,0.0,0.0,0.0,0.0,0.0,XC190593,banana,SNR_20dB,20,R3
0.48294010758399963,0,203,0.0,0.0,0.0,0.2,0.0049261083743842365,0.04,0.1,0.0049261083743842365,0.02,XC247112,banana,SNR_20dB,20,R3
0.518841028213501,1,203,1.0,0.0049261083743842365,1.0,0.4,0.009852216748768473,0.4,0.2,0.009852216748768473,0.2,XC561261,banana,SNR_20dB,20,R3
0.5143519639968872,0,203,0.0,0.0,0.0,0.0,0.0,0.0,0.0,0.0,0.0,XC127164,banana,SNR_20dB,20,R3
0.5474287271499634,0,203,0.0,0.0,0.0,0.0,0.0,0.0,0.1,0.0049261083743842365,0.0125,XC169559,banana,SNR_20dB,20,R3
0.582542896270752,0,203,0.0,0.0,0.0,0.0,0.0,0.0,0.0,0.0,0.0,XC241562,banana,SNR_20dB,20,R3
0.47542229294776917,0,203,0.0,0.0,0.0,0.0,0.0,0.0,0.0,0.0,0.0,XC924739,banana,SNR_20dB,20,R3
0.488349974155426,0,203,0.0,0.0,0.0,0.2,0.0049261083743842365,0.04,0.1,0.0049261083743842365,0.02,XC541448,banana,SNR_20dB,20,R3
0.5277737975120544,0,203,0.0,0.0,0.0,0.0,0.0,0.0,0.0,0.0,0.0,XC215467,banana,SNR_20dB,20,R3
0.4950847327709198,0,181,0.0,0.0,0.0,0.0,0.0,0.0,0.0,0.0,0.0,XC29087,baffal1,SNR_20dB,20,R3
0.635757565498352,1,181,1.0,0.0055248618784530384,1.0,0.2,0.0055248618784530384,0.2,0.1,0.0055248618784530384,0.1,XC29088,baffal1,SNR_20dB,20,R3
0.5272698402404785,0,181,0.0,0.0,0.0,0.0,0.0,0.0,0.0,0.0,0.0,XC235886,baffal1,SNR_20dB,20,R3
0.46950507164001465,0,181,0.0,0.0,0.0,0.2,0.0055248618784530384,0.04,0.1,0.0055248618784530384,0.02,XC437953,baffal1,SNR_20dB,20,R3
0.5476137399673462,0,181,0.0,0.0,0.0,0.0,0.0,0.0,0.0,0.0,0.0,XC192816,baffal1,SNR_20dB,20,R3
0.5009461641311646,0,181,0.0,0.0,0.0,0.0,0.0,0.0,0.0,0.0,0.0,XC666482,baffal1,SNR_20dB,20,R3
0.4931502342224121,0,181,0.0,0.0,0.0,0.0,0.0,0.0,0.0,0.0,0.0,XC727672,baffal1,SNR_20dB,20,R3
0.5122084021568298,0,181,0.0,0.0,0.0,0.2,0.0055248618784530384,0.04,0.1,0.0055248618784530384,0.02,XC745799,baffal1,SNR_20dB,20,R3
0.5945639610290527,0,181,0.0,0.0,0.0,0.0,0.0,0.0,0.0,0.0,0.0,XC546400,baffal1,SNR_20dB,20,R3
0.4984818994998932,0,181,0.0,0.0,0.0,0.0,0.0,0.0,0.0,0.0,0.0,XC192815,baffal1,SNR_20dB,20,R3
0.5067115426063538,0,137,0.0,0.0,0.0,0.0,0.0,0.0,0.0,0.0,0.0,XC539586,soulap1,SNR_20dB,20,R3
0.5518844127655029,0,137,0.0,0.0,0.0,0.0,0.0,0.0,0.0,0.0,0.0,XC9046,soulap1,SNR_20dB,20,R3
0.6053658723831177,0,137,0.0,0.0,0.0,0.0,0.0,0.0,0.0,0.0,0.0,XC562682,soulap1,SNR_20dB,20,R3
0.5131337642669678,0,137,0.0,0.0,0.0,0.0,0.0,0.0,0.1,0.0072992700729927005,0.01,XC51500,soulap1,SNR_20dB,20,R3
0.5064547061920166,0,137,0.0,0.0,0.0,0.2,0.0072992700729927005,0.06666666666666667,0.1,0.0072992700729927005,0.03333333333333333,XC428133,soulap1,SNR_20dB,20,R3
0.5546585321426392,0,137,0.0,0.0,0.0,0.2,0.0072992700729927005,0.04,0.1,0.0072992700729927005,0.02,XC47141,soulap1,SNR_20dB,20,R3
0.5509434342384338,0,137,0.0,0.0,0.0,0.0,0.0,0.0,0.0,0.0,0.0,XC861228,soulap1,SNR_20dB,20,R3
0.49243083596229553,0,137,0.0,0.0,0.0,0.0,0.0,0.0,0.0,0.0,0.0,XC549503,soulap1,SNR_20dB,20,R3
0.5447015762329102,0,137,0.0,0.0,0.0,0.0,0.0,0.0,0.0,0.0,0.0,XC16003,soulap1,SNR_20dB,20,R3
0.5722212195396423,0,137,0.0,0.0,0.0,0.0,0.0,0.0,0.0,0.0,0.0,XC48574,soulap1,SNR_20dB,20,R3
0.5783159732818604,0,154,0.0,0.0,0.0,0.2,0.006493506493506494,0.04,0.2,0.012987012987012988,0.042222222222222223,XC340516,strcuc1,SNR_20dB,20,R3
0.504706621170044,0,154,0.0,0.0,0.0,0.0,0.0,0.0,0.0,0.0,0.0,XC340515,strcuc1,SNR_20dB,20,R3
0.5209442377090454,0,154,0.0,0.0,0.0,0.0,0.0,0.0,0.1,0.006493506493506494,0.016666666666666666,XC173304,strcuc1,SNR_20dB,20,R3
0.44091087579727173,0,154,0.0,0.0,0.0,0.0,0.0,0.0,0.0,0.0,0.0,XC114965,strcuc1,SNR_20dB,20,R3
0.5886907577514648,0,154,0.0,0.0,0.0,0.0,0.0,0.0,0.0,0.0,0.0,XC349929,strcuc1,SNR_20dB,20,R3
0.5206823348999023,0,154,0.0,0.0,0.0,0.0,0.0,0.0,0.1,0.006493506493506494,0.016666666666666666,XC836228,strcuc1,SNR_20dB,20,R3
0.5331940650939941,0,154,0.0,0.0,0.0,0.0,0.0,0.0,0.0,0.0,0.0,XC508606,strcuc1,SNR_20dB,20,R3
0.49086177349090576,0,154,0.0,0.0,0.0,0.0,0.0,0.0,0.0,0.0,0.0,XC593146,strcuc1,SNR_20dB,20,R3
0.5104941129684448,0,154,0.0,0.0,0.0,0.0,0.0,0.0,0.0,0.0,0.0,XC240034,strcuc1,SNR_20dB,20,R3
0.4710201323032379,0,154,0.0,0.0,0.0,0.0,0.0,0.0,0.0,0.0,0.0,XC114160,strcuc1,SNR_20dB,20,R3
0.5063318014144897,0,125,0.0,0.0,0.0,0.0,0.0,0.0,0.0,0.0,0.0,XC993685,pabspi1,SNR_20dB,20,R3
0.5498426556587219,0,125,0.0,0.0,0.0,0.0,0.0,0.0,0.0,0.0,0.0,XC506225,pabspi1,SNR_20dB,20,R3
0.5025187730789185,0,125,0.0,0.0,0.0,0.0,0.0,0.0,0.0,0.0,0.0,XC687712,pabspi1,SNR_20dB,20,R3
0.5254759192466736,0,125,0.0,0.0,0.0,0.0,0.0,0.0,0.0,0.0,0.0,XC506234,pabspi1,SNR_20dB,20,R3
0.5034677386283875,0,125,0.0,0.0,0.0,0.0,0.0,0.0,0.0,0.0,0.0,XC452493,pabspi1,SNR_20dB,20,R3
0.5440516471862793,0,125,0.0,0.0,0.0,0.0,0.0,0.0,0.0,0.0,0.0,XC701947,pabspi1,SNR_20dB,20,R3
0.6389205455780029,0,125,0.0,0.0,0.0,0.0,0.0,0.0,0.0,0.0,0.0,XC701948,pabspi1,SNR_20dB,20,R3
0.4841471016407013,0,125,0.0,0.0,0.0,0.2,0.008,0.1,0.1,0.008,0.05,XC236174,pabspi1,SNR_20dB,20,R3
0.5253603458404541,0,125,0.0,0.0,0.0,0.0,0.0,0.0,0.0,0.0,0.0,XC391585,pabspi1,SNR_20dB,20,R3
0.5331522822380066,1,125,1.0,0.008,1.0,0.2,0.008,0.2,0.1,0.008,0.1,XC236176,pabspi1,SNR_20dB,20,R3
0.5711672306060791,0,266,0.0,0.0,0.0,0.0,0.0,0.0,0.0,0.0,0.0,XC268594,yeofly1,SNR_20dB,20,R3
0.5321603417396545,0,266,0.0,0.0,0.0,0.0,0.0,0.0,0.0,0.0,0.0,XC361117,yeofly1,SNR_20dB,20,R3
0.5264295339584351,0,266,0.0,0.0,0.0,0.0,0.0,0.0,0.1,0.0037593984962406013,0.01,XC250157,yeofly1,SNR_20dB,20,R3
0.5198361873626709,0,266,0.0,0.0,0.0,0.2,0.0037593984962406013,0.05,0.1,0.0037593984962406013,0.025,XC46766,yeofly1,SNR_20dB,20,R3
0.5331208109855652,0,266,0.0,0.0,0.0,0.0,0.0,0.0,0.0,0.0,0.0,XC1031972,yeofly1,SNR_20dB,20,R3
0.5173282623291016,0,266,0.0,0.0,0.0,0.2,0.0037593984962406013,0.04,0.1,0.0037593984962406013,0.02,XC187210,yeofly1,SNR_20dB,20,R3
0.48648253083229065,0,266,0.0,0.0,0.0,0.0,0.0,0.0,0.0,0.0,0.0,XC512409,yeofly1,SNR_20dB,20,R3
0.5053718686103821,0,266,0.0,0.0,0.0,0.2,0.0037593984962406013,0.04,0.1,0.0037593984962406013,0.02,XC611913,yeofly1,SNR_20dB,20,R3
0.6955674886703491,0,266,0.0,0.0,0.0,0.2,0.0037593984962406013,0.06666666666666667,0.2,0.007518796992481203,0.05555555555555556,XC268592,yeofly1,SNR_20dB,20,R3
0.6791003942489624,0,266,0.0,0.0,0.0,0.0,0.0,0.0,0.0,0.0,0.0,XC583955,yeofly1,SNR_20dB,20,R3
0.49807989597320557,0,141,0.0,0.0,0.0,0.0,0.0,0.0,0.0,0.0,0.0,XC192979,gycwor1,SNR_20dB,20,R3
0.5662068128585815,0,141,0.0,0.0,0.0,0.0,0.0,0.0,0.0,0.0,0.0,XC483682,gycwor1,SNR_20dB,20,R3
0.47224196791648865,0,141,0.0,0.0,0.0,0.0,0.0,0.0,0.1,0.0070921985815602835,0.01111111111111111,XC772156,gycwor1,SNR_20dB,20,R3
0.5181717872619629,0,141,0.0,0.0,0.0,0.2,0.0070921985815602835,0.05,0.1,0.0070921985815602835,0.025,XC501765,gycwor1,SNR_20dB,20,R3
0.5076727867126465,0,141,0.0,0.0,0.0,0.0,0.0,0.0,0.0,0.0,0.0,XC1012395,gycwor1,SNR_20dB,20,R3
0.4663733243942261,0,141,0.0,0.0,0.0,0.0,0.0,0.0,0.0,0.0,0.0,XC843813,gycwor1,SNR_20dB,20,R3
0.5614240765571594,0,141,0.0,0.0,0.0,0.0,0.0,0.0,0.0,0.0,0.0,XC216181,gycwor1,SNR_20dB,20,R3
0.48529374599456787,0,141,0.0,0.0,0.0,0.0,0.0,0.0,0.1,0.0070921985815602835,0.01,XC352281,gycwor1,SNR_20dB,20,R3
0.5018311738967896,0,141,0.0,0.0,0.0,0.2,0.0070921985815602835,0.04,0.1,0.0070921985815602835,0.02,XC335167,gycwor1,SNR_20dB,20,R3
0.47380807995796204,0,141,0.0,0.0,0.0,0.0,0.0,0.0,0.0,0.0,0.0,XC197443,gycwor1,SNR_20dB,20,R3
0.44686293601989746,0,142,0.0,0.0,0.0,0.0,0.0,0.0,0.0,0.0,0.0,XC254120,compau,SNR_20dB,20,R3
0.546225905418396,0,142,0.0,0.0,0.0,0.0,0.0,0.0,0.0,0.0,0.0,XC225326,compau,SNR_20dB,20,R3
0.5405002236366272,0,142,0.0,0.0,0.0,0.0,0.0,0.0,0.1,0.007042253521126761,0.014285714285714285,XC236447,compau,SNR_20dB,20,R3
0.5102673768997192,0,142,0.0,0.0,0.0,0.0,0.0,0.0,0.1,0.007042253521126761,0.014285714285714285,XC311012,compau,SNR_20dB,20,R3
0.4852614998817444,0,142,0.0,0.0,0.0,0.2,0.007042253521126761,0.05,0.1,0.007042253521126761,0.025,XC285306,compau,SNR_20dB,20,R3
0.5296213030815125,1,142,1.0,0.007042253521126761,1.0,0.4,0.014084507042253521,0.4,0.2,0.014084507042253521,0.2,XC592920,compau,SNR_20dB,20,R3
0.4829094409942627,0,142,0.0,0.0,0.0,0.2,0.007042253521126761,0.05,0.1,0.007042253521126761,0.025,XC221567,compau,SNR_20dB,20,R3
0.5618546009063721,0,142,0.0,0.0,0.0,0.0,0.0,0.0,0.0,0.0,0.0,XC630102,compau,SNR_20dB,20,R3
0.471294105052948,0,142,0.0,0.0,0.0,0.0,0.0,0.0,0.0,0.0,0.0,XC427477,compau,SNR_20dB,20,R3
0.5693170428276062,0,142,0.0,0.0,0.0,0.2,0.007042253521126761,0.05,0.1,0.007042253521126761,0.025,XC943093,compau,SNR_20dB,20,R3
0.6398716568946838,0,198,0.0,0.0,0.0,0.0,0.0,0.0,0.0,0.0,0.0,XC433820,barant1,SNR_20dB,20,R3
0.5335865020751953,1,198,1.0,0.005050505050505051,1.0,0.2,0.005050505050505051,0.2,0.1,0.005050505050505051,0.1,XC459559,barant1,SNR_20dB,20,R3
0.5594028234481812,0,198,0.0,0.0,0.0,0.0,0.0,0.0,0.0,0.0,0.0,XC732448,barant1,SNR_20dB,20,R3
0.49046385288238525,0,198,0.0,0.0,0.0,0.0,0.0,0.0,0.1,0.005050505050505051,0.0125,XC716450,barant1,SNR_20dB,20,R3
0.5030406713485718,0,198,0.0,0.0,0.0,0.2,0.005050505050505051,0.06666666666666667,0.1,0.005050505050505051,0.03333333333333333,XC354908,barant1,SNR_20dB,20,R3
0.5248627662658691,0,198,0.0,0.0,0.0,0.0,0.0,0.0,0.0,0.0,0.0,XC428067,barant1,SNR_20dB,20,R3
0.5939551591873169,0,198,0.0,0.0,0.0,0.0,0.0,0.0,0.0,0.0,0.0,XC685458,barant1,SNR_20dB,20,R3
0.5199657678604126,0,198,0.0,0.0,0.0,0.0,0.0,0.0,0.1,0.005050505050505051,0.01,XC676256,barant1,SNR_20dB,20,R3
0.4761403203010559,0,198,0.0,0.0,0.0,0.0,0.0,0.0,0.1,0.005050505050505051,0.01,XC443189,barant1,SNR_20dB,20,R3
0.4927757680416107,0,198,0.0,0.0,0.0,0.0,0.0,0.0,0.0,0.0,0.0,XC752776,barant1,SNR_20dB,20,R3
0.5414019823074341,0,201,0.0,0.0,0.0,0.0,0.0,0.0,0.3,0.014925373134328358,0.07857142857142856,XC695270,pirfly1,SNR_20dB,20,R3
0.5320264101028442,0,201,0.0,0.0,0.0,0.2,0.004975124378109453,0.04,0.1,0.004975124378109453,0.02,XC199153,pirfly1,SNR_20dB,20,R3
0.5871951580047607,0,201,0.0,0.0,0.0,0.0,0.0,0.0,0.0,0.0,0.0,XC575453,pirfly1,SNR_20dB,20,R3
0.49126553535461426,0,201,0.0,0.0,0.0,0.0,0.0,0.0,0.0,0.0,0.0,XC199221,pirfly1,SNR_20dB,20,R3
0.5964782238006592,0,201,0.0,0.0,0.0,0.0,0.0,0.0,0.1,0.004975124378109453,0.016666666666666666,XC1050422,pirfly1,SNR_20dB,20,R3
0.516964316368103,0,201,0.0,0.0,0.0,0.0,0.0,0.0,0.0,0.0,0.0,XC249521,pirfly1,SNR_20dB,20,R3
0.588316023349762,0,201,0.0,0.0,0.0,0.0,0.0,0.0,0.0,0.0,0.0,XC249067,pirfly1,SNR_20dB,20,R3
0.5052865147590637,0,201,0.0,0.0,0.0,0.0,0.0,0.0,0.0,0.0,0.0,XC249418,pirfly1,SNR_20dB,20,R3
0.5633823871612549,0,201,0.0,0.0,0.0,0.0,0.0,0.0,0.0,0.0,0.0,XC249520,pirfly1,SNR_20dB,20,R3
0.5125938057899475,0,201,0.0,0.0,0.0,0.0,0.0,0.0,0.0,0.0,0.0,XC764117,pirfly1,SNR_20dB,20,R3
0.5046147108078003,0,184,0.0,0.0,0.0,0.0,0.0,0.0,0.0,0.0,0.0,XC174648,linwoo1,SNR_20dB,20,R3
0.6069348454475403,0,184,0.0,0.0,0.0,0.0,0.0,0.0,0.0,0.0,0.0,XC550450,linwoo1,SNR_20dB,20,R3
0.4666093587875366,0,184,0.0,0.0,0.0,0.0,0.0,0.0,0.0,0.0,0.0,XC550448,linwoo1,SNR_20dB,20,R3
0.5559861660003662,1,184,1.0,0.005434782608695652,1.0,0.2,0.005434782608695652,0.2,0.2,0.010869565217391304,0.125,XC379497,linwoo1,SNR_20dB,20,R3
0.5146071910858154,0,184,0.0,0.0,0.0,0.0,0.0,0.0,0.0,0.0,0.0,XC732161,linwoo1,SNR_20dB,20,R3
0.5365592241287231,0,184,0.0,0.0,0.0,0.0,0.0,0.0,0.0,0.0,0.0,XC261880,linwoo1,SNR_20dB,20,R3
0.5234019756317139,0,184,0.0,0.0,0.0,0.0,0.0,0.0,0.0,0.0,0.0,XC250796,linwoo1,SNR_20dB,20,R3
0.5132651925086975,0,184,0.0,0.0,0.0,0.0,0.0,0.0,0.0,0.0,0.0,XC542823,linwoo1,SNR_20dB,20,R3
0.5187976360321045,0,184,0.0,0.0,0.0,0.0,0.0,0.0,0.0,0.0,0.0,XC688346,linwoo1,SNR_20dB,20,R3
0.5045909881591797,0,184,0.0,0.0,0.0,0.0,0.0,0.0,0.0,0.0,0.0,XC197473,linwoo1,SNR_20dB,20,R3
0.5729532241821289,0,192,0.0,0.0,0.0,0.0,0.0,0.0,0.1,0.005208333333333333,0.014285714285714285,XC238416,whtdov,SNR_20dB,20,R3
0.5465795993804932,0,192,0.0,0.0,0.0,0.0,0.0,0.0,0.0,0.0,0.0,XC235857,whtdov,SNR_20dB,20,R3
0.5548062324523926,0,192,0.0,0.0,0.0,0.0,0.0,0.0,0.0,0.0,0.0,XC238417,whtdov,SNR_20dB,20,R3
0.6137055158615112,0,192,0.0,0.0,0.0,0.0,0.0,0.0,0.0,0.0,0.0,XC294701,whtdov,SNR_20dB,20,R3
0.47391659021377563,0,192,0.0,0.0,0.0,0.0,0.0,0.0,0.1,0.005208333333333333,0.0125,XC388552,whtdov,SNR_20dB,20,R3
0.5797448754310608,0,192,0.0,0.0,0.0,0.2,0.005208333333333333,0.04,0.1,0.005208333333333333,0.02,XC538235,whtdov,SNR_20dB,20,R3
0.5299667119979858,0,192,0.0,0.0,0.0,0.0,0.0,0.0,0.1,0.005208333333333333,0.01111111111111111,XC716476,whtdov,SNR_20dB,20,R3
0.5476025938987732,0,192,0.0,0.0,0.0,0.0,0.0,0.0,0.0,0.0,0.0,XC147509,whtdov,SNR_20dB,20,R3
0.5068449974060059,0,192,0.0,0.0,0.0,0.0,0.0,0.0,0.0,0.0,0.0,XC277692,whtdov,SNR_20dB,20,R3
0.6026051044464111,0,192,0.0,0.0,0.0,0.0,0.0,0.0,0.0,0.0,0.0,XC833664,whtdov,SNR_20dB,20,R3
0.5522643327713013,0,204,0.0,0.0,0.0,0.0,0.0,0.0,0.0,0.0,0.0,XC469159,bobfly1,SNR_20dB,20,R3
0.5339577198028564,0,204,0.0,0.0,0.0,0.0,0.0,0.0,0.0,0.0,0.0,XC578500,bobfly1,SNR_20dB,20,R3
0.5542057752609253,0,204,0.0,0.0,0.0,0.2,0.004901960784313725,0.05,0.1,0.004901960784313725,0.025,XC545844,bobfly1,SNR_20dB,20,R3
0.5399600863456726,0,204,0.0,0.0,0.0,0.0,0.0,0.0,0.0,0.0,0.0,XC427567,bobfly1,SNR_20dB,20,R3
0.4672492742538452,0,204,0.0,0.0,0.0,0.0,0.0,0.0,0.0,0.0,0.0,XC583946,bobfly1,SNR_20dB,20,R3
0.52596515417099,0,204,0.0,0.0,0.0,0.0,0.0,0.0,0.0,0.0,0.0,XC235872,bobfly1,SNR_20dB,20,R3
0.4606853425502777,0,204,0.0,0.0,0.0,0.0,0.0,0.0,0.0,0.0,0.0,XC427566,bobfly1,SNR_20dB,20,R3
0.48670750856399536,0,204,0.0,0.0,0.0,0.0,0.0,0.0,0.0,0.0,0.0,XC356904,bobfly1,SNR_20dB,20,R3
0.5983238220214844,0,204,0.0,0.0,0.0,0.2,0.004901960784313725,0.05,0.3,0.014705882352941176,0.08,XC841763,bobfly1,SNR_20dB,20,R3
0.5833321213722229,0,204,0.0,0.0,0.0,0.2,0.004901960784313725,0.05,0.2,0.00980392156862745,0.04722222222222222,XC666481,bobfly1,SNR_20dB,20,R3
0.4729956090450287,0,155,0.0,0.0,0.0,0.0,0.0,0.0,0.0,0.0,0.0,XC944466,trokin,SNR_20dB,20,R3
0.5118924975395203,0,155,0.0,0.0,0.0,0.0,0.0,0.0,0.1,0.0064516129032258064,0.01,XC556661,trokin,SNR_20dB,20,R3
0.525680661201477,0,155,0.0,0.0,0.0,0.0,0.0,0.0,0.0,0.0,0.0,XC131763,trokin,SNR_20dB,20,R3
0.5175621509552002,0,155,0.0,0.0,0.0,0.2,0.0064516129032258064,0.05,0.2,0.012903225806451613,0.05,XC282322,trokin,SNR_20dB,20,R3
0.5174023509025574,0,155,0.0,0.0,0.0,0.0,0.0,0.0,0.0,0.0,0.0,XC287873,trokin,SNR_20dB,20,R3
0.5488162040710449,0,155,0.0,0.0,0.0,0.0,0.0,0.0,0.0,0.0,0.0,XC944467,trokin,SNR_20dB,20,R3
0.4968327283859253,0,155,0.0,0.0,0.0,0.0,0.0,0.0,0.1,0.0064516129032258064,0.016666666666666666,XC690960,trokin,SNR_20dB,20,R3
0.49437546730041504,0,155,0.0,0.0,0.0,0.0,0.0,0.0,0.1,0.0064516129032258064,0.016666666666666666,XC960832,trokin,SNR_20dB,20,R3
0.5013301968574524,0,155,0.0,0.0,0.0,0.0,0.0,0.0,0.0,0.0,0.0,XC490064,trokin,SNR_20dB,20,R3
0.5023927092552185,0,155,0.0,0.0,0.0,0.4,0.012903225806451613,0.16666666666666666,0.2,0.012903225806451613,0.08333333333333333,XC282345,trokin,SNR_20dB,20,R3
0.4442111849784851,0,171,0.0,0.0,0.0,0.0,0.0,0.0,0.1,0.005847953216374269,0.016666666666666666,XC1011212,coffal1,SNR_10dB,10,R3
0.5832439661026001,0,171,0.0,0.0,0.0,0.2,0.005847953216374269,0.05,0.1,0.005847953216374269,0.025,XC518849,coffal1,SNR_10dB,10,R3
0.48751622438430786,0,171,0.0,0.0,0.0,0.0,0.0,0.0,0.0,0.0,0.0,XC640029,coffal1,SNR_10dB,10,R3
0.543667733669281,0,171,0.0,0.0,0.0,0.2,0.005847953216374269,0.04,0.1,0.005847953216374269,0.02,XC238626,coffal1,SNR_10dB,10,R3
0.5347342491149902,0,171,0.0,0.0,0.0,0.0,0.0,0.0,0.0,0.0,0.0,XC580510,coffal1,SNR_10dB,10,R3
0.543154776096344,0,171,0.0,0.0,0.0,0.0,0.0,0.0,0.1,0.005847953216374269,0.01111111111111111,XC841725,coffal1,SNR_10dB,10,R3
0.5278045535087585,0,171,0.0,0.0,0.0,0.0,0.0,0.0,0.0,0.0,0.0,XC909155,coffal1,SNR_10dB,10,R3
0.5270607471466064,0,171,0.0,0.0,0.0,0.0,0.0,0.0,0.1,0.005847953216374269,0.01111111111111111,XC597587,coffal1,SNR_10dB,10,R3
0.5018453598022461,0,171,0.0,0.0,0.0,0.0,0.0,0.0,0.0,0.0,0.0,XC514068,coffal1,SNR_10dB,10,R3
0.5025576949119568,0,171,0.0,0.0,0.0,0.2,0.005847953216374269,0.1,0.1,0.005847953216374269,0.05,XC915055,coffal1,SNR_10dB,10,R3
0.4780970811843872,0,221,0.0,0.0,0.0,0.2,0.004524886877828055,0.05,0.1,0.004524886877828055,0.025,XC504846,sobtyr1,SNR_10dB,10,R3
0.5626725554466248,0,221,0.0,0.0,0.0,0.0,0.0,0.0,0.1,0.004524886877828055,0.01,XC764623,sobtyr1,SNR_10dB,10,R3
0.5337890386581421,0,221,0.0,0.0,0.0,0.2,0.004524886877828055,0.04,0.1,0.004524886877828055,0.02,XC653903,sobtyr1,SNR_10dB,10,R3
0.5673932433128357,0,221,0.0,0.0,0.0,0.0,0.0,0.0,0.1,0.004524886877828055,0.0125,XC176886,sobtyr1,SNR_10dB,10,R3
0.5333192348480225,0,221,0.0,0.0,0.0,0.0,0.0,0.0,0.0,0.0,0.0,XC580800,sobtyr1,SNR_10dB,10,R3
0.5243725776672363,0,221,0.0,0.0,0.0,0.0,0.0,0.0,0.0,0.0,0.0,XC763522,sobtyr1,SNR_10dB,10,R3
0.4910385310649872,0,221,0.0,0.0,0.0,0.0,0.0,0.0,0.0,0.0,0.0,XC612769,sobtyr1,SNR_10dB,10,R3
0.5454730987548828,0,221,0.0,0.0,0.0,0.0,0.0,0.0,0.0,0.0,0.0,XC135348,sobtyr1,SNR_10dB,10,R3
0.5815377235412598,1,221,1.0,0.004524886877828055,1.0,0.4,0.00904977375565611,0.3,0.2,0.00904977375565611,0.15,XC1062368,sobtyr1,SNR_10dB,10,R3
0.5623477101325989,0,221,0.0,0.0,0.0,0.2,0.004524886877828055,0.06666666666666667,0.2,0.00904977375565611,0.06666666666666667,XC653904,sobtyr1,SNR_10dB,10,R3
0.6175636053085327,0,223,0.0,0.0,0.0,0.0,0.0,0.0,0.2,0.008968609865470852,0.0365079365079365,XC348691,greant1,SNR_10dB,10,R3
0.5114951133728027,0,223,0.0,0.0,0.0,0.0,0.0,0.0,0.1,0.004484304932735426,0.0125,XC397818,greant1,SNR_10dB,10,R3
0.5503909587860107,0,223,0.0,0.0,0.0,0.0,0.0,0.0,0.0,0.0,0.0,XC50033,greant1,SNR_10dB,10,R3
0.48793670535087585,0,223,0.0,0.0,0.0,0.0,0.0,0.0,0.0,0.0,0.0,XC388556,greant1,SNR_10dB,10,R3
0.5137571096420288,0,223,0.0,0.0,0.0,0.0,0.0,0.0,0.0,0.0,0.0,XC433819,greant1,SNR_10dB,10,R3
0.5441427230834961,0,223,0.0,0.0,0.0,0.0,0.0,0.0,0.0,0.0,0.0,XC123928,greant1,SNR_10dB,10,R3
0.5380158424377441,0,223,0.0,0.0,0.0,0.0,0.0,0.0,0.0,0.0,0.0,XC489684,greant1,SNR_10dB,10,R3
0.5366936922073364,0,223,0.0,0.0,0.0,0.4,0.008968609865470852,0.2,0.2,0.008968609865470852,0.1,XC452472,greant1,SNR_10dB,10,R3
0.5285089015960693,0,223,0.0,0.0,0.0,0.0,0.0,0.0,0.1,0.004484304932735426,0.01111111111111111,XC616309,greant1,SNR_10dB,10,R3
0.5599295496940613,0,223,0.0,0.0,0.0,0.0,0.0,0.0,0.0,0.0,0.0,XC118887,greant1,SNR_10dB,10,R3
0.4907493591308594,0,231,0.0,0.0,0.0,0.2,0.004329004329004329,0.06666666666666667,0.2,0.008658008658008658,0.05333333333333333,XC294719,squcuc1,SNR_10dB,10,R3
0.5419665575027466,0,231,0.0,0.0,0.0,0.0,0.0,0.0,0.1,0.004329004329004329,0.01111111111111111,XC294724,squcuc1,SNR_10dB,10,R3
0.47268909215927124,0,231,0.0,0.0,0.0,0.0,0.0,0.0,0.0,0.0,0.0,XC940505,squcuc1,SNR_10dB,10,R3
0.48879504203796387,1,231,1.0,0.004329004329004329,1.0,0.2,0.004329004329004329,0.2,0.1,0.004329004329004329,0.1,XC216157,squcuc1,SNR_10dB,10,R3
0.5711120963096619,0,231,0.0,0.0,0.0,0.0,0.0,0.0,0.1,0.004329004329004329,0.016666666666666666,XC549930,squcuc1,SNR_10dB,10,R3
0.5489104390144348,0,231,0.0,0.0,0.0,0.0,0.0,0.0,0.0,0.0,0.0,XC549933,squcuc1,SNR_10dB,10,R3
0.5065842270851135,0,231,0.0,0.0,0.0,0.0,0.0,0.0,0.0,0.0,0.0,XC549936,squcuc1,SNR_10dB,10,R3
0.5235692262649536,0,231,0.0,0.0,0.0,0.0,0.0,0.0,0.0,0.0,0.0,XC247099,squcuc1,SNR_10dB,10,R3
0.49929139018058777,0,231,0.0,0.0,0.0,0.2,0.004329004329004329,0.06666666666666667,0.1,0.004329004329004329,0.03333333333333333,XC246934,squcuc1,SNR_10dB,10,R3
0.5481475591659546,0,231,0.0,0.0,0.0,0.0,0.0,0.0,0.0,0.0,0.0,XC656889,squcuc1,SNR_10dB,10,R3
0.5961814522743225,0,159,0.0,0.0,0.0,0.2,0.006289308176100629,0.06666666666666667,0.1,0.006289308176100629,0.03333333333333333,XC299640,roahaw,SNR_10dB,10,R3
0.5330008268356323,0,159,0.0,0.0,0.0,0.0,0.0,0.0,0.0,0.0,0.0,XC372463,roahaw,SNR_10dB,10,R3
0.5761784911155701,0,159,0.0,0.0,0.0,0.0,0.0,0.0,0.0,0.0,0.0,XC288830,roahaw,SNR_10dB,10,R3
0.49981266260147095,0,159,0.0,0.0,0.0,0.0,0.0,0.0,0.0,0.0,0.0,XC129438,roahaw,SNR_10dB,10,R3
0.47129783034324646,0,159,0.0,0.0,0.0,0.0,0.0,0.0,0.0,0.0,0.0,XC772769,roahaw,SNR_10dB,10,R3
0.578563392162323,0,159,0.0,0.0,0.0,0.0,0.0,0.0,0.0,0.0,0.0,XC716349,roahaw,SNR_10dB,10,R3
0.5635279417037964,0,159,0.0,0.0,0.0,0.0,0.0,0.0,0.0,0.0,0.0,XC340156,roahaw,SNR_10dB,10,R3
0.5101093649864197,0,159,0.0,0.0,0.0,0.0,0.0,0.0,0.0,0.0,0.0,XC680705,roahaw,SNR_10dB,10,R3
0.5052833557128906,0,159,0.0,0.0,0.0,0.0,0.0,0.0,0.0,0.0,0.0,XC235156,roahaw,SNR_10dB,10,R3
0.5062353610992432,0,159,0.0,0.0,0.0,0.0,0.0,0.0,0.0,0.0,0.0,XC19527,roahaw,SNR_10dB,10,R3
0.5138072371482849,0,165,0.0,0.0,0.0,0.0,0.0,0.0,0.0,0.0,0.0,XC738930,trsowl,SNR_10dB,10,R3
0.5311446785926819,0,165,0.0,0.0,0.0,0.0,0.0,0.0,0.0,0.0,0.0,XC428741,trsowl,SNR_10dB,10,R3
0.5202982425689697,0,165,0.0,0.0,0.0,0.2,0.006060606060606061,0.05,0.1,0.006060606060606061,0.025,XC597121,trsowl,SNR_10dB,10,R3
0.5101911425590515,0,165,0.0,0.0,0.0,0.2,0.006060606060606061,0.06666666666666667,0.1,0.006060606060606061,0.03333333333333333,XC549975,trsowl,SNR_10dB,10,R3
0.5868752598762512,0,165,0.0,0.0,0.0,0.0,0.0,0.0,0.0,0.0,0.0,XC135491,trsowl,SNR_10dB,10,R3
0.5027928352355957,1,165,1.0,0.006060606060606061,1.0,0.2,0.006060606060606061,0.2,0.1,0.006060606060606061,0.1,XC572606,trsowl,SNR_10dB,10,R3
0.5055397748947144,0,165,0.0,0.0,0.0,0.0,0.0,0.0,0.1,0.006060606060606061,0.01111111111111111,XC236394,trsowl,SNR_10dB,10,R3
0.700920581817627,0,165,0.0,0.0,0.0,0.0,0.0,0.0,0.0,0.0,0.0,XC447808,trsowl,SNR_10dB,10,R3
0.5306578278541565,0,165,0.0,0.0,0.0,0.0,0.0,0.0,0.0,0.0,0.0,XC619067,trsowl,SNR_10dB,10,R3
0.499889075756073,0,165,0.0,0.0,0.0,0.2,0.006060606060606061,0.05,0.1,0.006060606060606061,0.025,XC730130,trsowl,SNR_10dB,10,R3
0.5691969394683838,0,203,0.0,0.0,0.0,0.0,0.0,0.0,0.1,0.0049261083743842365,0.014285714285714285,XC756928,banana,SNR_10dB,10,R3
0.5021692514419556,0,203,0.0,0.0,0.0,0.0,0.0,0.0,0.0,0.0,0.0,XC190593,banana,SNR_10dB,10,R3
0.6019055843353271,0,203,0.0,0.0,0.0,0.0,0.0,0.0,0.1,0.0049261083743842365,0.0125,XC247112,banana,SNR_10dB,10,R3
0.5046888589859009,0,203,0.0,0.0,0.0,0.0,0.0,0.0,0.0,0.0,0.0,XC561261,banana,SNR_10dB,10,R3
0.5029786825180054,0,203,0.0,0.0,0.0,0.0,0.0,0.0,0.0,0.0,0.0,XC127164,banana,SNR_10dB,10,R3
0.5618016123771667,0,203,0.0,0.0,0.0,0.2,0.0049261083743842365,0.05,0.1,0.0049261083743842365,0.025,XC169559,banana,SNR_10dB,10,R3
0.5186903476715088,0,203,0.0,0.0,0.0,0.2,0.0049261083743842365,0.04,0.1,0.0049261083743842365,0.02,XC241562,banana,SNR_10dB,10,R3
0.5396417379379272,0,203,0.0,0.0,0.0,0.0,0.0,0.0,0.0,0.0,0.0,XC924739,banana,SNR_10dB,10,R3
0.5174996852874756,0,203,0.0,0.0,0.0,0.0,0.0,0.0,0.1,0.0049261083743842365,0.014285714285714285,XC541448,banana,SNR_10dB,10,R3
0.6233130693435669,0,203,0.0,0.0,0.0,0.0,0.0,0.0,0.1,0.0049261083743842365,0.01111111111111111,XC215467,banana,SNR_10dB,10,R3
0.5205122232437134,0,181,0.0,0.0,0.0,0.0,0.0,0.0,0.0,0.0,0.0,XC29087,baffal1,SNR_10dB,10,R3
0.5034745335578918,0,181,0.0,0.0,0.0,0.0,0.0,0.0,0.0,0.0,0.0,XC29088,baffal1,SNR_10dB,10,R3
0.5314229726791382,0,181,0.0,0.0,0.0,0.0,0.0,0.0,0.0,0.0,0.0,XC235886,baffal1,SNR_10dB,10,R3
0.5600844025611877,0,181,0.0,0.0,0.0,0.0,0.0,0.0,0.1,0.0055248618784530384,0.014285714285714285,XC437953,baffal1,SNR_10dB,10,R3
0.5442801713943481,0,181,0.0,0.0,0.0,0.0,0.0,0.0,0.0,0.0,0.0,XC192816,baffal1,SNR_10dB,10,R3
0.5361244678497314,0,181,0.0,0.0,0.0,0.2,0.0055248618784530384,0.04,0.1,0.0055248618784530384,0.02,XC666482,baffal1,SNR_10dB,10,R3
0.4891008138656616,0,181,0.0,0.0,0.0,0.2,0.0055248618784530384,0.06666666666666667,0.1,0.0055248618784530384,0.03333333333333333,XC727672,baffal1,SNR_10dB,10,R3
0.5199348330497742,0,181,0.0,0.0,0.0,0.0,0.0,0.0,0.0,0.0,0.0,XC745799,baffal1,SNR_10dB,10,R3
0.5379424095153809,0,181,0.0,0.0,0.0,0.0,0.0,0.0,0.0,0.0,0.0,XC546400,baffal1,SNR_10dB,10,R3
0.5369694232940674,0,181,0.0,0.0,0.0,0.0,0.0,0.0,0.0,0.0,0.0,XC192815,baffal1,SNR_10dB,10,R3
0.49595344066619873,0,137,0.0,0.0,0.0,0.0,0.0,0.0,0.0,0.0,0.0,XC539586,soulap1,SNR_10dB,10,R3
0.47545886039733887,0,137,0.0,0.0,0.0,0.0,0.0,0.0,0.0,0.0,0.0,XC9046,soulap1,SNR_10dB,10,R3
0.5641763210296631,0,137,0.0,0.0,0.0,0.0,0.0,0.0,0.0,0.0,0.0,XC562682,soulap1,SNR_10dB,10,R3
0.4971891939640045,0,137,0.0,0.0,0.0,0.2,0.0072992700729927005,0.05,0.1,0.0072992700729927005,0.025,XC51500,soulap1,SNR_10dB,10,R3
0.6013715267181396,0,137,0.0,0.0,0.0,0.0,0.0,0.0,0.0,0.0,0.0,XC428133,soulap1,SNR_10dB,10,R3
0.5582756996154785,0,137,0.0,0.0,0.0,0.0,0.0,0.0,0.0,0.0,0.0,XC47141,soulap1,SNR_10dB,10,R3
0.5184442400932312,0,137,0.0,0.0,0.0,0.0,0.0,0.0,0.0,0.0,0.0,XC861228,soulap1,SNR_10dB,10,R3
0.5064921379089355,0,137,0.0,0.0,0.0,0.0,0.0,0.0,0.1,0.0072992700729927005,0.014285714285714285,XC549503,soulap1,SNR_10dB,10,R3
0.5205652713775635,0,137,0.0,0.0,0.0,0.0,0.0,0.0,0.0,0.0,0.0,XC16003,soulap1,SNR_10dB,10,R3
0.5232533812522888,0,137,0.0,0.0,0.0,0.0,0.0,0.0,0.0,0.0,0.0,XC48574,soulap1,SNR_10dB,10,R3
0.4732685685157776,0,154,0.0,0.0,0.0,0.2,0.006493506493506494,0.06666666666666667,0.1,0.006493506493506494,0.03333333333333333,XC340516,strcuc1,SNR_10dB,10,R3
0.5200453400611877,0,154,0.0,0.0,0.0,0.2,0.006493506493506494,0.1,0.1,0.006493506493506494,0.05,XC340515,strcuc1,SNR_10dB,10,R3
0.5713373422622681,1,154,1.0,0.006493506493506494,1.0,0.2,0.006493506493506494,0.2,0.1,0.006493506493506494,0.1,XC173304,strcuc1,SNR_10dB,10,R3
0.474209189414978,0,154,0.0,0.0,0.0,0.0,0.0,0.0,0.0,0.0,0.0,XC114965,strcuc1,SNR_10dB,10,R3
0.5023889541625977,0,154,0.0,0.0,0.0,0.0,0.0,0.0,0.1,0.006493506493506494,0.01111111111111111,XC349929,strcuc1,SNR_10dB,10,R3
0.5236316919326782,1,154,1.0,0.006493506493506494,1.0,0.2,0.006493506493506494,0.2,0.1,0.006493506493506494,0.1,XC836228,strcuc1,SNR_10dB,10,R3
0.5123284459114075,0,154,0.0,0.0,0.0,0.0,0.0,0.0,0.0,0.0,0.0,XC508606,strcuc1,SNR_10dB,10,R3
0.519149661064148,0,154,0.0,0.0,0.0,0.0,0.0,0.0,0.0,0.0,0.0,XC593146,strcuc1,SNR_10dB,10,R3
0.6245965361595154,0,154,0.0,0.0,0.0,0.2,0.006493506493506494,0.05,0.1,0.006493506493506494,0.025,XC240034,strcuc1,SNR_10dB,10,R3
0.5281468629837036,0,154,0.0,0.0,0.0,0.0,0.0,0.0,0.1,0.006493506493506494,0.014285714285714285,XC114160,strcuc1,SNR_10dB,10,R3
0.5947348475456238,0,125,0.0,0.0,0.0,0.0,0.0,0.0,0.0,0.0,0.0,XC993685,pabspi1,SNR_10dB,10,R3
0.5050729513168335,0,125,0.0,0.0,0.0,0.0,0.0,0.0,0.0,0.0,0.0,XC506225,pabspi1,SNR_10dB,10,R3
0.5124717950820923,0,125,0.0,0.0,0.0,0.0,0.0,0.0,0.0,0.0,0.0,XC687712,pabspi1,SNR_10dB,10,R3
0.5584153532981873,0,125,0.0,0.0,0.0,0.0,0.0,0.0,0.0,0.0,0.0,XC506234,pabspi1,SNR_10dB,10,R3
0.5597670078277588,0,125,0.0,0.0,0.0,0.0,0.0,0.0,0.0,0.0,0.0,XC452493,pabspi1,SNR_10dB,10,R3
0.45484083890914917,0,125,0.0,0.0,0.0,0.0,0.0,0.0,0.0,0.0,0.0,XC701947,pabspi1,SNR_10dB,10,R3
0.5275100469589233,0,125,0.0,0.0,0.0,0.0,0.0,0.0,0.0,0.0,0.0,XC701948,pabspi1,SNR_10dB,10,R3
0.5798380374908447,0,125,0.0,0.0,0.0,0.0,0.0,0.0,0.0,0.0,0.0,XC236174,pabspi1,SNR_10dB,10,R3
0.5621469616889954,0,125,0.0,0.0,0.0,0.0,0.0,0.0,0.0,0.0,0.0,XC391585,pabspi1,SNR_10dB,10,R3
0.5041684508323669,0,125,0.0,0.0,0.0,0.2,0.008,0.04,0.2,0.016,0.04,XC236176,pabspi1,SNR_10dB,10,R3
0.5835591554641724,0,266,0.0,0.0,0.0,0.0,0.0,0.0,0.0,0.0,0.0,XC268594,yeofly1,SNR_10dB,10,R3
0.471294105052948,0,266,0.0,0.0,0.0,0.0,0.0,0.0,0.1,0.0037593984962406013,0.01,XC361117,yeofly1,SNR_10dB,10,R3
0.4998723864555359,0,266,0.0,0.0,0.0,0.0,0.0,0.0,0.0,0.0,0.0,XC250157,yeofly1,SNR_10dB,10,R3
0.5394247770309448,0,266,0.0,0.0,0.0,0.2,0.0037593984962406013,0.1,0.2,0.007518796992481203,0.075,XC46766,yeofly1,SNR_10dB,10,R3
0.537986695766449,0,266,0.0,0.0,0.0,0.0,0.0,0.0,0.0,0.0,0.0,XC1031972,yeofly1,SNR_10dB,10,R3
0.5248855948448181,0,266,0.0,0.0,0.0,0.0,0.0,0.0,0.0,0.0,0.0,XC187210,yeofly1,SNR_10dB,10,R3
0.575737476348877,0,266,0.0,0.0,0.0,0.0,0.0,0.0,0.0,0.0,0.0,XC512409,yeofly1,SNR_10dB,10,R3
0.5195149779319763,0,266,0.0,0.0,0.0,0.0,0.0,0.0,0.0,0.0,0.0,XC611913,yeofly1,SNR_10dB,10,R3
0.5547147989273071,0,266,0.0,0.0,0.0,0.2,0.0037593984962406013,0.06666666666666667,0.2,0.007518796992481203,0.05333333333333333,XC268592,yeofly1,SNR_10dB,10,R3
0.5164158940315247,0,266,0.0,0.0,0.0,0.0,0.0,0.0,0.0,0.0,0.0,XC583955,yeofly1,SNR_10dB,10,R3
0.5213198661804199,0,141,0.0,0.0,0.0,0.0,0.0,0.0,0.1,0.0070921985815602835,0.01111111111111111,XC192979,gycwor1,SNR_10dB,10,R3
0.5854747295379639,0,141,0.0,0.0,0.0,0.0,0.0,0.0,0.0,0.0,0.0,XC483682,gycwor1,SNR_10dB,10,R3
0.6143999695777893,0,141,0.0,0.0,0.0,0.0,0.0,0.0,0.1,0.0070921985815602835,0.014285714285714285,XC772156,gycwor1,SNR_10dB,10,R3
0.6059035062789917,0,141,0.0,0.0,0.0,0.0,0.0,0.0,0.0,0.0,0.0,XC501765,gycwor1,SNR_10dB,10,R3
0.5242226123809814,0,141,0.0,0.0,0.0,0.0,0.0,0.0,0.0,0.0,0.0,XC1012395,gycwor1,SNR_10dB,10,R3
0.5496890544891357,0,141,0.0,0.0,0.0,0.0,0.0,0.0,0.0,0.0,0.0,XC843813,gycwor1,SNR_10dB,10,R3
0.5436510443687439,0,141,0.0,0.0,0.0,0.0,0.0,0.0,0.0,0.0,0.0,XC216181,gycwor1,SNR_10dB,10,R3
0.49924057722091675,0,141,0.0,0.0,0.0,0.0,0.0,0.0,0.0,0.0,0.0,XC352281,gycwor1,SNR_10dB,10,R3
0.4820716381072998,0,141,0.0,0.0,0.0,0.0,0.0,0.0,0.0,0.0,0.0,XC335167,gycwor1,SNR_10dB,10,R3
0.5466113090515137,0,141,0.0,0.0,0.0,0.0,0.0,0.0,0.0,0.0,0.0,XC197443,gycwor1,SNR_10dB,10,R3
0.5741254091262817,0,142,0.0,0.0,0.0,0.0,0.0,0.0,0.0,0.0,0.0,XC254120,compau,SNR_10dB,10,R3
0.553114652633667,0,142,0.0,0.0,0.0,0.0,0.0,0.0,0.0,0.0,0.0,XC225326,compau,SNR_10dB,10,R3
0.5130536556243896,0,142,0.0,0.0,0.0,0.0,0.0,0.0,0.0,0.0,0.0,XC236447,compau,SNR_10dB,10,R3
0.5444728136062622,0,142,0.0,0.0,0.0,0.0,0.0,0.0,0.0,0.0,0.0,XC311012,compau,SNR_10dB,10,R3
0.5414153337478638,0,142,0.0,0.0,0.0,0.2,0.007042253521126761,0.06666666666666667,0.1,0.007042253521126761,0.03333333333333333,XC285306,compau,SNR_10dB,10,R3
0.5640993118286133,0,142,0.0,0.0,0.0,0.0,0.0,0.0,0.0,0.0,0.0,XC592920,compau,SNR_10dB,10,R3
0.613735556602478,0,142,0.0,0.0,0.0,0.0,0.0,0.0,0.0,0.0,0.0,XC221567,compau,SNR_10dB,10,R3
0.511693000793457,0,142,0.0,0.0,0.0,0.0,0.0,0.0,0.0,0.0,0.0,XC630102,compau,SNR_10dB,10,R3
0.5180995464324951,0,142,0.0,0.0,0.0,0.0,0.0,0.0,0.1,0.007042253521126761,0.0125,XC427477,compau,SNR_10dB,10,R3
0.526211142539978,0,142,0.0,0.0,0.0,0.0,0.0,0.0,0.0,0.0,0.0,XC943093,compau,SNR_10dB,10,R3
0.5361891984939575,0,198,0.0,0.0,0.0,0.0,0.0,0.0,0.0,0.0,0.0,XC433820,barant1,SNR_10dB,10,R3
0.5028337240219116,0,198,0.0,0.0,0.0,0.0,0.0,0.0,0.0,0.0,0.0,XC459559,barant1,SNR_10dB,10,R3
0.48673829436302185,0,198,0.0,0.0,0.0,0.0,0.0,0.0,0.0,0.0,0.0,XC732448,barant1,SNR_10dB,10,R3
0.5998207330703735,0,198,0.0,0.0,0.0,0.0,0.0,0.0,0.0,0.0,0.0,XC716450,barant1,SNR_10dB,10,R3
0.4887278079986572,0,198,0.0,0.0,0.0,0.0,0.0,0.0,0.0,0.0,0.0,XC354908,barant1,SNR_10dB,10,R3
0.48524609208106995,0,198,0.0,0.0,0.0,0.0,0.0,0.0,0.0,0.0,0.0,XC428067,barant1,SNR_10dB,10,R3
0.4975070655345917,0,198,0.0,0.0,0.0,0.0,0.0,0.0,0.0,0.0,0.0,XC685458,barant1,SNR_10dB,10,R3
0.4842680096626282,0,198,0.0,0.0,0.0,0.0,0.0,0.0,0.1,0.005050505050505051,0.0125,XC676256,barant1,SNR_10dB,10,R3
0.5483006834983826,1,198,1.0,0.005050505050505051,1.0,0.2,0.005050505050505051,0.2,0.1,0.005050505050505051,0.1,XC443189,barant1,SNR_10dB,10,R3
0.5552096366882324,0,198,0.0,0.0,0.0,0.0,0.0,0.0,0.0,0.0,0.0,XC752776,barant1,SNR_10dB,10,R3
0.5882446765899658,0,201,0.0,0.0,0.0,0.2,0.004975124378109453,0.04,0.1,0.004975124378109453,0.02,XC695270,pirfly1,SNR_10dB,10,R3
0.5257595777511597,1,201,1.0,0.004975124378109453,1.0,0.2,0.004975124378109453,0.2,0.2,0.009950248756218905,0.12,XC199153,pirfly1,SNR_10dB,10,R3
0.5266625881195068,0,201,0.0,0.0,0.0,0.0,0.0,0.0,0.0,0.0,0.0,XC575453,pirfly1,SNR_10dB,10,R3
0.6584079265594482,0,201,0.0,0.0,0.0,0.0,0.0,0.0,0.0,0.0,0.0,XC199221,pirfly1,SNR_10dB,10,R3
0.5523278713226318,0,201,0.0,0.0,0.0,0.0,0.0,0.0,0.1,0.004975124378109453,0.01111111111111111,XC1050422,pirfly1,SNR_10dB,10,R3
0.4902248978614807,0,201,0.0,0.0,0.0,0.2,0.004975124378109453,0.1,0.1,0.004975124378109453,0.05,XC249521,pirfly1,SNR_10dB,10,R3
0.549472451210022,0,201,0.0,0.0,0.0,0.0,0.0,0.0,0.0,0.0,0.0,XC249067,pirfly1,SNR_10dB,10,R3
0.5885429382324219,0,201,0.0,0.0,0.0,0.0,0.0,0.0,0.1,0.004975124378109453,0.0125,XC249418,pirfly1,SNR_10dB,10,R3
0.5215722918510437,0,201,0.0,0.0,0.0,0.0,0.0,0.0,0.0,0.0,0.0,XC249520,pirfly1,SNR_10dB,10,R3
0.5574498176574707,0,201,0.0,0.0,0.0,0.0,0.0,0.0,0.1,0.004975124378109453,0.0125,XC764117,pirfly1,SNR_10dB,10,R3
0.512898862361908,0,184,0.0,0.0,0.0,0.0,0.0,0.0,0.0,0.0,0.0,XC174648,linwoo1,SNR_10dB,10,R3
0.5787066221237183,0,184,0.0,0.0,0.0,0.0,0.0,0.0,0.1,0.005434782608695652,0.01111111111111111,XC550450,linwoo1,SNR_10dB,10,R3
0.4887523651123047,0,184,0.0,0.0,0.0,0.0,0.0,0.0,0.0,0.0,0.0,XC550448,linwoo1,SNR_10dB,10,R3
0.5262770652770996,0,184,0.0,0.0,0.0,0.2,0.005434782608695652,0.1,0.1,0.005434782608695652,0.05,XC379497,linwoo1,SNR_10dB,10,R3
0.5370379686355591,1,184,1.0,0.005434782608695652,1.0,0.2,0.005434782608695652,0.2,0.1,0.005434782608695652,0.1,XC732161,linwoo1,SNR_10dB,10,R3
0.5296756029129028,0,184,0.0,0.0,0.0,0.0,0.0,0.0,0.2,0.010869565217391304,0.04523809523809523,XC261880,linwoo1,SNR_10dB,10,R3
0.46299922466278076,0,184,0.0,0.0,0.0,0.0,0.0,0.0,0.1,0.005434782608695652,0.014285714285714285,XC250796,linwoo1,SNR_10dB,10,R3
0.5183156132698059,0,184,0.0,0.0,0.0,0.0,0.0,0.0,0.0,0.0,0.0,XC542823,linwoo1,SNR_10dB,10,R3
0.5711119771003723,0,184,0.0,0.0,0.0,0.0,0.0,0.0,0.1,0.005434782608695652,0.016666666666666666,XC688346,linwoo1,SNR_10dB,10,R3
0.5642995238304138,0,184,0.0,0.0,0.0,0.0,0.0,0.0,0.0,0.0,0.0,XC197473,linwoo1,SNR_10dB,10,R3
0.5497570633888245,0,192,0.0,0.0,0.0,0.0,0.0,0.0,0.0,0.0,0.0,XC238416,whtdov,SNR_10dB,10,R3
0.5882726311683655,0,192,0.0,0.0,0.0,0.2,0.005208333333333333,0.05,0.1,0.005208333333333333,0.025,XC235857,whtdov,SNR_10dB,10,R3
0.5262863636016846,0,192,0.0,0.0,0.0,0.0,0.0,0.0,0.0,0.0,0.0,XC238417,whtdov,SNR_10dB,10,R3
0.5205743312835693,0,192,0.0,0.0,0.0,0.2,0.005208333333333333,0.06666666666666667,0.1,0.005208333333333333,0.03333333333333333,XC294701,whtdov,SNR_10dB,10,R3
0.573647677898407,0,192,0.0,0.0,0.0,0.0,0.0,0.0,0.0,0.0,0.0,XC388552,whtdov,SNR_10dB,10,R3
0.560139000415802,0,192,0.0,0.0,0.0,0.0,0.0,0.0,0.0,0.0,0.0,XC538235,whtdov,SNR_10dB,10,R3
0.4901760220527649,0,192,0.0,0.0,0.0,0.0,0.0,0.0,0.0,0.0,0.0,XC716476,whtdov,SNR_10dB,10,R3
0.5717430710792542,0,192,0.0,0.0,0.0,0.0,0.0,0.0,0.0,0.0,0.0,XC147509,whtdov,SNR_10dB,10,R3
0.5348653793334961,0,192,0.0,0.0,0.0,0.0,0.0,0.0,0.0,0.0,0.0,XC277692,whtdov,SNR_10dB,10,R3
0.48354992270469666,0,192,0.0,0.0,0.0,0.0,0.0,0.0,0.0,0.0,0.0,XC833664,whtdov,SNR_10dB,10,R3
0.51352858543396,0,204,0.0,0.0,0.0,0.0,0.0,0.0,0.0,0.0,0.0,XC469159,bobfly1,SNR_10dB,10,R3
0.5462501049041748,0,204,0.0,0.0,0.0,0.4,0.00980392156862745,0.2333333333333333,0.2,0.00980392156862745,0.11666666666666665,XC578500,bobfly1,SNR_10dB,10,R3
0.5342697501182556,0,204,0.0,0.0,0.0,0.0,0.0,0.0,0.1,0.004901960784313725,0.016666666666666666,XC545844,bobfly1,SNR_10dB,10,R3
0.5758271217346191,0,204,0.0,0.0,0.0,0.2,0.004901960784313725,0.05,0.1,0.004901960784313725,0.025,XC427567,bobfly1,SNR_10dB,10,R3
0.5280239582061768,0,204,0.0,0.0,0.0,0.0,0.0,0.0,0.0,0.0,0.0,XC583946,bobfly1,SNR_10dB,10,R3
0.5068018436431885,0,204,0.0,0.0,0.0,0.0,0.0,0.0,0.0,0.0,0.0,XC235872,bobfly1,SNR_10dB,10,R3
0.4914591312408447,0,204,0.0,0.0,0.0,0.2,0.004901960784313725,0.05,0.1,0.004901960784313725,0.025,XC427566,bobfly1,SNR_10dB,10,R3
0.49019598960876465,0,204,0.0,0.0,0.0,0.0,0.0,0.0,0.1,0.004901960784313725,0.016666666666666666,XC356904,bobfly1,SNR_10dB,10,R3
0.5109497308731079,0,204,0.0,0.0,0.0,0.0,0.0,0.0,0.0,0.0,0.0,XC841763,bobfly1,SNR_10dB,10,R3
0.5364655256271362,0,204,0.0,0.0,0.0,0.0,0.0,0.0,0.0,0.0,0.0,XC666481,bobfly1,SNR_10dB,10,R3
0.4737186133861542,0,155,0.0,0.0,0.0,0.0,0.0,0.0,0.0,0.0,0.0,XC944466,trokin,SNR_10dB,10,R3
0.5372439026832581,0,155,0.0,0.0,0.0,0.0,0.0,0.0,0.0,0.0,0.0,XC556661,trokin,SNR_10dB,10,R3
0.4801872670650482,0,155,0.0,0.0,0.0,0.0,0.0,0.0,0.0,0.0,0.0,XC131763,trokin,SNR_10dB,10,R3
0.510601818561554,0,155,0.0,0.0,0.0,0.0,0.0,0.0,0.0,0.0,0.0,XC282322,trokin,SNR_10dB,10,R3
0.5357589721679688,0,155,0.0,0.0,0.0,0.2,0.0064516129032258064,0.05,0.1,0.0064516129032258064,0.025,XC287873,trokin,SNR_10dB,10,R3
0.5118899345397949,0,155,0.0,0.0,0.0,0.0,0.0,0.0,0.0,0.0,0.0,XC944467,trokin,SNR_10dB,10,R3
0.5059014558792114,0,155,0.0,0.0,0.0,0.0,0.0,0.0,0.0,0.0,0.0,XC690960,trokin,SNR_10dB,10,R3
0.5139361619949341,0,155,0.0,0.0,0.0,0.0,0.0,0.0,0.1,0.0064516129032258064,0.01,XC960832,trokin,SNR_10dB,10,R3
0.5794857740402222,0,155,0.0,0.0,0.0,0.0,0.0,0.0,0.1,0.0064516129032258064,0.01,XC490064,trokin,SNR_10dB,10,R3
0.5164961218833923,0,155,0.0,0.0,0.0,0.0,0.0,0.0,0.0,0.0,0.0,XC282345,trokin,SNR_10dB,10,R3
0.5038415193557739,0,171,0.0,0.0,0.0,0.0,0.0,0.0,0.0,0.0,0.0,XC1011212,coffal1,SNR_0dB,0,R3
0.5910369157791138,0,171,0.0,0.0,0.0,0.2,0.005847953216374269,0.04,0.1,0.005847953216374269,0.02,XC518849,coffal1,SNR_0dB,0,R3
0.5614244937896729,0,171,0.0,0.0,0.0,0.0,0.0,0.0,0.0,0.0,0.0,XC640029,coffal1,SNR_0dB,0,R3
0.5273860692977905,0,171,0.0,0.0,0.0,0.0,0.0,0.0,0.0,0.0,0.0,XC238626,coffal1,SNR_0dB,0,R3
0.519024133682251,0,171,0.0,0.0,0.0,0.0,0.0,0.0,0.0,0.0,0.0,XC580510,coffal1,SNR_0dB,0,R3
0.5223480463027954,0,171,0.0,0.0,0.0,0.0,0.0,0.0,0.0,0.0,0.0,XC841725,coffal1,SNR_0dB,0,R3
0.5531760454177856,0,171,0.0,0.0,0.0,0.0,0.0,0.0,0.0,0.0,0.0,XC909155,coffal1,SNR_0dB,0,R3
0.5641481876373291,0,171,0.0,0.0,0.0,0.0,0.0,0.0,0.0,0.0,0.0,XC597587,coffal1,SNR_0dB,0,R3
0.5548461675643921,0,171,0.0,0.0,0.0,0.0,0.0,0.0,0.0,0.0,0.0,XC514068,coffal1,SNR_0dB,0,R3
0.5644344091415405,0,171,0.0,0.0,0.0,0.0,0.0,0.0,0.1,0.005847953216374269,0.01111111111111111,XC915055,coffal1,SNR_0dB,0,R3
0.4887078106403351,0,221,0.0,0.0,0.0,0.0,0.0,0.0,0.0,0.0,0.0,XC504846,sobtyr1,SNR_0dB,0,R3
0.5218832492828369,0,221,0.0,0.0,0.0,0.0,0.0,0.0,0.0,0.0,0.0,XC764623,sobtyr1,SNR_0dB,0,R3
0.5238412618637085,0,221,0.0,0.0,0.0,0.2,0.004524886877828055,0.06666666666666667,0.1,0.004524886877828055,0.03333333333333333,XC653903,sobtyr1,SNR_0dB,0,R3
0.4998490810394287,0,221,0.0,0.0,0.0,0.0,0.0,0.0,0.1,0.004524886877828055,0.016666666666666666,XC176886,sobtyr1,SNR_0dB,0,R3
0.5778387784957886,0,221,0.0,0.0,0.0,0.0,0.0,0.0,0.1,0.004524886877828055,0.0125,XC580800,sobtyr1,SNR_0dB,0,R3
0.5770959258079529,0,221,0.0,0.0,0.0,0.0,0.0,0.0,0.0,0.0,0.0,XC763522,sobtyr1,SNR_0dB,0,R3
0.49030348658561707,0,221,0.0,0.0,0.0,0.2,0.004524886877828055,0.04,0.1,0.004524886877828055,0.02,XC612769,sobtyr1,SNR_0dB,0,R3
0.5772873163223267,0,221,0.0,0.0,0.0,0.0,0.0,0.0,0.0,0.0,0.0,XC135348,sobtyr1,SNR_0dB,0,R3
0.5148502588272095,0,221,0.0,0.0,0.0,0.4,0.00904977375565611,0.13,0.3,0.013574660633484163,0.1025,XC1062368,sobtyr1,SNR_0dB,0,R3
0.5336536765098572,0,221,0.0,0.0,0.0,0.0,0.0,0.0,0.0,0.0,0.0,XC653904,sobtyr1,SNR_0dB,0,R3
0.5239049196243286,1,223,1.0,0.004484304932735426,1.0,0.2,0.004484304932735426,0.2,0.1,0.004484304932735426,0.1,XC348691,greant1,SNR_0dB,0,R3
0.5300536751747131,0,223,0.0,0.0,0.0,0.4,0.008968609865470852,0.18,0.2,0.008968609865470852,0.09,XC397818,greant1,SNR_0dB,0,R3
0.5916414260864258,0,223,0.0,0.0,0.0,0.0,0.0,0.0,0.0,0.0,0.0,XC50033,greant1,SNR_0dB,0,R3
0.6227824091911316,0,223,0.0,0.0,0.0,0.0,0.0,0.0,0.0,0.0,0.0,XC388556,greant1,SNR_0dB,0,R3
0.552229106426239,0,223,0.0,0.0,0.0,0.0,0.0,0.0,0.0,0.0,0.0,XC433819,greant1,SNR_0dB,0,R3
0.5091986656188965,1,223,1.0,0.004484304932735426,1.0,0.2,0.004484304932735426,0.2,0.1,0.004484304932735426,0.1,XC123928,greant1,SNR_0dB,0,R3
0.5241277813911438,1,223,1.0,0.004484304932735426,1.0,0.2,0.004484304932735426,0.2,0.1,0.004484304932735426,0.1,XC489684,greant1,SNR_0dB,0,R3
0.5352702140808105,0,223,0.0,0.0,0.0,0.0,0.0,0.0,0.0,0.0,0.0,XC452472,greant1,SNR_0dB,0,R3
0.48247891664505005,0,223,0.0,0.0,0.0,0.0,0.0,0.0,0.1,0.004484304932735426,0.01111111111111111,XC616309,greant1,SNR_0dB,0,R3
0.5349164605140686,1,223,1.0,0.004484304932735426,1.0,0.2,0.004484304932735426,0.2,0.1,0.004484304932735426,0.1,XC118887,greant1,SNR_0dB,0,R3
0.5168616771697998,0,231,0.0,0.0,0.0,0.0,0.0,0.0,0.2,0.008658008658008658,0.0365079365079365,XC294719,squcuc1,SNR_0dB,0,R3
0.6451503038406372,0,231,0.0,0.0,0.0,0.0,0.0,0.0,0.0,0.0,0.0,XC294724,squcuc1,SNR_0dB,0,R3
0.542448878288269,0,231,0.0,0.0,0.0,0.2,0.004329004329004329,0.05,0.1,0.004329004329004329,0.025,XC940505,squcuc1,SNR_0dB,0,R3
0.4999014139175415,0,231,0.0,0.0,0.0,0.0,0.0,0.0,0.2,0.008658008658008658,0.0365079365079365,XC216157,squcuc1,SNR_0dB,0,R3
0.5483200550079346,1,231,1.0,0.004329004329004329,1.0,0.2,0.004329004329004329,0.2,0.2,0.008658008658008658,0.12,XC549930,squcuc1,SNR_0dB,0,R3
0.6081366539001465,0,231,0.0,0.0,0.0,0.0,0.0,0.0,0.0,0.0,0.0,XC549933,squcuc1,SNR_0dB,0,R3
0.6176831722259521,0,231,0.0,0.0,0.0,0.2,0.004329004329004329,0.05,0.1,0.004329004329004329,0.025,XC549936,squcuc1,SNR_0dB,0,R3
0.5355474352836609,0,231,0.0,0.0,0.0,0.0,0.0,0.0,0.0,0.0,0.0,XC247099,squcuc1,SNR_0dB,0,R3
0.5547910332679749,0,231,0.0,0.0,0.0,0.0,0.0,0.0,0.0,0.0,0.0,XC246934,squcuc1,SNR_0dB,0,R3
0.49438297748565674,0,231,0.0,0.0,0.0,0.0,0.0,0.0,0.0,0.0,0.0,XC656889,squcuc1,SNR_0dB,0,R3
0.5631430745124817,0,159,0.0,0.0,0.0,0.0,0.0,0.0,0.1,0.006289308176100629,0.014285714285714285,XC299640,roahaw,SNR_0dB,0,R3
0.5410618185997009,0,159,0.0,0.0,0.0,0.0,0.0,0.0,0.1,0.006289308176100629,0.016666666666666666,XC372463,roahaw,SNR_0dB,0,R3
0.5404106974601746,0,159,0.0,0.0,0.0,0.0,0.0,0.0,0.1,0.006289308176100629,0.014285714285714285,XC288830,roahaw,SNR_0dB,0,R3
0.49102962017059326,0,159,0.0,0.0,0.0,0.0,0.0,0.0,0.1,0.006289308176100629,0.01111111111111111,XC129438,roahaw,SNR_0dB,0,R3
0.5868343114852905,0,159,0.0,0.0,0.0,0.0,0.0,0.0,0.1,0.006289308176100629,0.016666666666666666,XC772769,roahaw,SNR_0dB,0,R3
0.635819673538208,0,159,0.0,0.0,0.0,0.0,0.0,0.0,0.0,0.0,0.0,XC716349,roahaw,SNR_0dB,0,R3
0.6592813730239868,0,159,0.0,0.0,0.0,0.2,0.006289308176100629,0.06666666666666667,0.2,0.012578616352201259,0.05555555555555556,XC340156,roahaw,SNR_0dB,0,R3
0.5280359983444214,0,159,0.0,0.0,0.0,0.0,0.0,0.0,0.1,0.006289308176100629,0.01111111111111111,XC680705,roahaw,SNR_0dB,0,R3
0.5426881909370422,0,159,0.0,0.0,0.0,0.0,0.0,0.0,0.1,0.006289308176100629,0.0125,XC235156,roahaw,SNR_0dB,0,R3
0.528398334980011,0,159,0.0,0.0,0.0,0.0,0.0,0.0,0.0,0.0,0.0,XC19527,roahaw,SNR_0dB,0,R3
0.5153152942657471,0,165,0.0,0.0,0.0,0.0,0.0,0.0,0.0,0.0,0.0,XC738930,trsowl,SNR_0dB,0,R3
0.4885784983634949,0,165,0.0,0.0,0.0,0.2,0.006060606060606061,0.1,0.2,0.012121212121212121,0.06999999999999999,XC428741,trsowl,SNR_0dB,0,R3
0.5629236698150635,0,165,0.0,0.0,0.0,0.0,0.0,0.0,0.0,0.0,0.0,XC597121,trsowl,SNR_0dB,0,R3
0.5628523826599121,1,165,1.0,0.006060606060606061,1.0,0.2,0.006060606060606061,0.2,0.1,0.006060606060606061,0.1,XC549975,trsowl,SNR_0dB,0,R3
0.5164244771003723,0,165,0.0,0.0,0.0,0.0,0.0,0.0,0.1,0.006060606060606061,0.014285714285714285,XC135491,trsowl,SNR_0dB,0,R3
0.49936994910240173,0,165,0.0,0.0,0.0,0.0,0.0,0.0,0.0,0.0,0.0,XC572606,trsowl,SNR_0dB,0,R3
0.6316268444061279,0,165,0.0,0.0,0.0,0.4,0.012121212121212121,0.16666666666666666,0.2,0.012121212121212121,0.08333333333333333,XC236394,trsowl,SNR_0dB,0,R3
0.500704824924469,0,165,0.0,0.0,0.0,0.0,0.0,0.0,0.0,0.0,0.0,XC447808,trsowl,SNR_0dB,0,R3
0.5758108496665955,0,165,0.0,0.0,0.0,0.0,0.0,0.0,0.0,0.0,0.0,XC619067,trsowl,SNR_0dB,0,R3
0.5601204633712769,1,165,1.0,0.006060606060606061,1.0,0.2,0.006060606060606061,0.2,0.2,0.012121212121212121,0.13333333333333333,XC730130,trsowl,SNR_0dB,0,R3
0.5154491662979126,0,203,0.0,0.0,0.0,0.2,0.0049261083743842365,0.05,0.1,0.0049261083743842365,0.025,XC756928,banana,SNR_0dB,0,R3
0.5431656837463379,0,203,0.0,0.0,0.0,0.0,0.0,0.0,0.0,0.0,0.0,XC190593,banana,SNR_0dB,0,R3
0.6397792100906372,0,203,0.0,0.0,0.0,0.0,0.0,0.0,0.0,0.0,0.0,XC247112,banana,SNR_0dB,0,R3
0.5433656573295593,0,203,0.0,0.0,0.0,0.0,0.0,0.0,0.0,0.0,0.0,XC561261,banana,SNR_0dB,0,R3
0.47907042503356934,0,203,0.0,0.0,0.0,0.0,0.0,0.0,0.0,0.0,0.0,XC127164,banana,SNR_0dB,0,R3
0.49900704622268677,0,203,0.0,0.0,0.0,0.0,0.0,0.0,0.0,0.0,0.0,XC169559,banana,SNR_0dB,0,R3
0.47199416160583496,0,203,0.0,0.0,0.0,0.0,0.0,0.0,0.0,0.0,0.0,XC241562,banana,SNR_0dB,0,R3
0.5017923712730408,0,203,0.0,0.0,0.0,0.0,0.0,0.0,0.0,0.0,0.0,XC924739,banana,SNR_0dB,0,R3
0.6012424826622009,0,203,0.0,0.0,0.0,0.0,0.0,0.0,0.1,0.0049261083743842365,0.014285714285714285,XC541448,banana,SNR_0dB,0,R3
0.48371168971061707,0,203,0.0,0.0,0.0,0.0,0.0,0.0,0.0,0.0,0.0,XC215467,banana,SNR_0dB,0,R3
0.5299721360206604,0,181,0.0,0.0,0.0,0.0,0.0,0.0,0.0,0.0,0.0,XC29087,baffal1,SNR_0dB,0,R3
0.5692315101623535,0,181,0.0,0.0,0.0,0.0,0.0,0.0,0.0,0.0,0.0,XC29088,baffal1,SNR_0dB,0,R3
0.48813295364379883,0,181,0.0,0.0,0.0,0.0,0.0,0.0,0.0,0.0,0.0,XC235886,baffal1,SNR_0dB,0,R3
0.5588194727897644,0,181,0.0,0.0,0.0,0.0,0.0,0.0,0.0,0.0,0.0,XC437953,baffal1,SNR_0dB,0,R3
0.5481105446815491,0,181,0.0,0.0,0.0,0.2,0.0055248618784530384,0.04,0.1,0.0055248618784530384,0.02,XC192816,baffal1,SNR_0dB,0,R3
0.5429061055183411,1,181,1.0,0.0055248618784530384,1.0,0.2,0.0055248618784530384,0.2,0.2,0.011049723756906077,0.12,XC666482,baffal1,SNR_0dB,0,R3
0.502061128616333,0,181,0.0,0.0,0.0,0.0,0.0,0.0,0.0,0.0,0.0,XC727672,baffal1,SNR_0dB,0,R3
0.5094265937805176,0,181,0.0,0.0,0.0,0.0,0.0,0.0,0.0,0.0,0.0,XC745799,baffal1,SNR_0dB,0,R3
0.5582948327064514,0,181,0.0,0.0,0.0,0.0,0.0,0.0,0.0,0.0,0.0,XC546400,baffal1,SNR_0dB,0,R3
0.5502200126647949,0,181,0.0,0.0,0.0,0.0,0.0,0.0,0.1,0.0055248618784530384,0.0125,XC192815,baffal1,SNR_0dB,0,R3
0.4899144172668457,0,137,0.0,0.0,0.0,0.0,0.0,0.0,0.0,0.0,0.0,XC539586,soulap1,SNR_0dB,0,R3
0.4911419749259949,0,137,0.0,0.0,0.0,0.0,0.0,0.0,0.0,0.0,0.0,XC9046,soulap1,SNR_0dB,0,R3
0.5183047652244568,0,137,0.0,0.0,0.0,0.0,0.0,0.0,0.0,0.0,0.0,XC562682,soulap1,SNR_0dB,0,R3
0.6564151048660278,0,137,0.0,0.0,0.0,0.2,0.0072992700729927005,0.04,0.1,0.0072992700729927005,0.02,XC51500,soulap1,SNR_0dB,0,R3
0.4962356388568878,0,137,0.0,0.0,0.0,0.2,0.0072992700729927005,0.04,0.1,0.0072992700729927005,0.02,XC428133,soulap1,SNR_0dB,0,R3
0.5261852145195007,0,137,0.0,0.0,0.0,0.0,0.0,0.0,0.0,0.0,0.0,XC47141,soulap1,SNR_0dB,0,R3
0.49486246705055237,0,137,0.0,0.0,0.0,0.0,0.0,0.0,0.0,0.0,0.0,XC861228,soulap1,SNR_0dB,0,R3
0.536767303943634,0,137,0.0,0.0,0.0,0.0,0.0,0.0,0.0,0.0,0.0,XC549503,soulap1,SNR_0dB,0,R3
0.5461053848266602,0,137,0.0,0.0,0.0,0.0,0.0,0.0,0.0,0.0,0.0,XC16003,soulap1,SNR_0dB,0,R3
0.5246909856796265,0,137,0.0,0.0,0.0,0.0,0.0,0.0,0.0,0.0,0.0,XC48574,soulap1,SNR_0dB,0,R3
0.5425536036491394,0,154,0.0,0.0,0.0,0.0,0.0,0.0,0.1,0.006493506493506494,0.01,XC340516,strcuc1,SNR_0dB,0,R3
0.5805441737174988,0,154,0.0,0.0,0.0,0.2,0.006493506493506494,0.06666666666666667,0.1,0.006493506493506494,0.03333333333333333,XC340515,strcuc1,SNR_0dB,0,R3
0.5278592109680176,0,154,0.0,0.0,0.0,0.2,0.006493506493506494,0.04,0.2,0.012987012987012988,0.04857142857142857,XC173304,strcuc1,SNR_0dB,0,R3
0.4754050076007843,0,154,0.0,0.0,0.0,0.0,0.0,0.0,0.1,0.006493506493506494,0.01111111111111111,XC114965,strcuc1,SNR_0dB,0,R3
0.6084862351417542,0,154,0.0,0.0,0.0,0.0,0.0,0.0,0.1,0.006493506493506494,0.01111111111111111,XC349929,strcuc1,SNR_0dB,0,R3
0.5192344784736633,0,154,0.0,0.0,0.0,0.0,0.0,0.0,0.0,0.0,0.0,XC836228,strcuc1,SNR_0dB,0,R3
0.5046151876449585,0,154,0.0,0.0,0.0,0.0,0.0,0.0,0.0,0.0,0.0,XC508606,strcuc1,SNR_0dB,0,R3
0.6468091011047363,0,154,0.0,0.0,0.0,0.0,0.0,0.0,0.0,0.0,0.0,XC593146,strcuc1,SNR_0dB,0,R3
0.5232430696487427,0,154,0.0,0.0,0.0,0.0,0.0,0.0,0.0,0.0,0.0,XC240034,strcuc1,SNR_0dB,0,R3
0.5544085502624512,0,154,0.0,0.0,0.0,0.0,0.0,0.0,0.0,0.0,0.0,XC114160,strcuc1,SNR_0dB,0,R3
0.5921466946601868,0,125,0.0,0.0,0.0,0.0,0.0,0.0,0.0,0.0,0.0,XC993685,pabspi1,SNR_0dB,0,R3
0.5220088958740234,0,125,0.0,0.0,0.0,0.0,0.0,0.0,0.0,0.0,0.0,XC506225,pabspi1,SNR_0dB,0,R3
0.5404094457626343,0,125,0.0,0.0,0.0,0.0,0.0,0.0,0.0,0.0,0.0,XC687712,pabspi1,SNR_0dB,0,R3
0.481499046087265,0,125,0.0,0.0,0.0,0.0,0.0,0.0,0.0,0.0,0.0,XC506234,pabspi1,SNR_0dB,0,R3
0.5332964658737183,0,125,0.0,0.0,0.0,0.2,0.008,0.1,0.1,0.008,0.05,XC452493,pabspi1,SNR_0dB,0,R3
0.46222221851348877,0,125,0.0,0.0,0.0,0.2,0.008,0.04,0.1,0.008,0.02,XC701947,pabspi1,SNR_0dB,0,R3
0.5207236409187317,0,125,0.0,0.0,0.0,0.0,0.0,0.0,0.0,0.0,0.0,XC701948,pabspi1,SNR_0dB,0,R3
0.5487483739852905,0,125,0.0,0.0,0.0,0.0,0.0,0.0,0.0,0.0,0.0,XC236174,pabspi1,SNR_0dB,0,R3
0.5507601499557495,0,125,0.0,0.0,0.0,0.0,0.0,0.0,0.0,0.0,0.0,XC391585,pabspi1,SNR_0dB,0,R3
0.5217388868331909,0,125,0.0,0.0,0.0,0.2,0.008,0.05,0.1,0.008,0.025,XC236176,pabspi1,SNR_0dB,0,R3
0.5464705228805542,0,266,0.0,0.0,0.0,0.0,0.0,0.0,0.1,0.0037593984962406013,0.016666666666666666,XC268594,yeofly1,SNR_0dB,0,R3
0.5999823808670044,0,266,0.0,0.0,0.0,0.0,0.0,0.0,0.0,0.0,0.0,XC361117,yeofly1,SNR_0dB,0,R3
0.530387282371521,0,266,0.0,0.0,0.0,0.2,0.0037593984962406013,0.05,0.1,0.0037593984962406013,0.025,XC250157,yeofly1,SNR_0dB,0,R3
0.5496686697006226,0,266,0.0,0.0,0.0,0.2,0.0037593984962406013,0.04,0.1,0.0037593984962406013,0.02,XC46766,yeofly1,SNR_0dB,0,R3
0.49345293641090393,0,266,0.0,0.0,0.0,0.0,0.0,0.0,0.0,0.0,0.0,XC1031972,yeofly1,SNR_0dB,0,R3
0.4826594591140747,0,266,0.0,0.0,0.0,0.0,0.0,0.0,0.0,0.0,0.0,XC187210,yeofly1,SNR_0dB,0,R3
0.5080522298812866,0,266,0.0,0.0,0.0,0.0,0.0,0.0,0.0,0.0,0.0,XC512409,yeofly1,SNR_0dB,0,R3
0.4801158308982849,0,266,0.0,0.0,0.0,0.0,0.0,0.0,0.1,0.0037593984962406013,0.01111111111111111,XC611913,yeofly1,SNR_0dB,0,R3
0.565571665763855,0,266,0.0,0.0,0.0,0.0,0.0,0.0,0.1,0.0037593984962406013,0.0125,XC268592,yeofly1,SNR_0dB,0,R3
0.6136139035224915,0,266,0.0,0.0,0.0,0.4,0.007518796992481203,0.18,0.2,0.007518796992481203,0.09,XC583955,yeofly1,SNR_0dB,0,R3
0.527232825756073,0,141,0.0,0.0,0.0,0.0,0.0,0.0,0.0,0.0,0.0,XC192979,gycwor1,SNR_0dB,0,R3
0.5344704389572144,0,141,0.0,0.0,0.0,0.0,0.0,0.0,0.0,0.0,0.0,XC483682,gycwor1,SNR_0dB,0,R3
0.5407133102416992,0,141,0.0,0.0,0.0,0.0,0.0,0.0,0.0,0.0,0.0,XC772156,gycwor1,SNR_0dB,0,R3
0.5657622814178467,0,141,0.0,0.0,0.0,0.0,0.0,0.0,0.0,0.0,0.0,XC501765,gycwor1,SNR_0dB,0,R3
0.5563168525695801,0,141,0.0,0.0,0.0,0.0,0.0,0.0,0.0,0.0,0.0,XC1012395,gycwor1,SNR_0dB,0,R3
0.6181811094284058,0,141,0.0,0.0,0.0,0.0,0.0,0.0,0.0,0.0,0.0,XC843813,gycwor1,SNR_0dB,0,R3
0.5170196294784546,0,141,0.0,0.0,0.0,0.0,0.0,0.0,0.0,0.0,0.0,XC216181,gycwor1,SNR_0dB,0,R3
0.6294726729393005,0,141,0.0,0.0,0.0,0.0,0.0,0.0,0.0,0.0,0.0,XC352281,gycwor1,SNR_0dB,0,R3
0.47772878408432007,0,141,0.0,0.0,0.0,0.0,0.0,0.0,0.0,0.0,0.0,XC335167,gycwor1,SNR_0dB,0,R3
0.47017306089401245,0,141,0.0,0.0,0.0,0.0,0.0,0.0,0.1,0.0070921985815602835,0.01,XC197443,gycwor1,SNR_0dB,0,R3
0.6135104894638062,0,142,0.0,0.0,0.0,0.2,0.007042253521126761,0.04,0.1,0.007042253521126761,0.02,XC254120,compau,SNR_0dB,0,R3
0.513514518737793,0,142,0.0,0.0,0.0,0.0,0.0,0.0,0.1,0.007042253521126761,0.01111111111111111,XC225326,compau,SNR_0dB,0,R3
0.5046954154968262,0,142,0.0,0.0,0.0,0.0,0.0,0.0,0.0,0.0,0.0,XC236447,compau,SNR_0dB,0,R3
0.5012980699539185,0,142,0.0,0.0,0.0,0.0,0.0,0.0,0.0,0.0,0.0,XC311012,compau,SNR_0dB,0,R3
0.5348167419433594,0,142,0.0,0.0,0.0,0.0,0.0,0.0,0.0,0.0,0.0,XC285306,compau,SNR_0dB,0,R3
0.5562044382095337,0,142,0.0,0.0,0.0,0.0,0.0,0.0,0.0,0.0,0.0,XC592920,compau,SNR_0dB,0,R3
0.5311964750289917,0,142,0.0,0.0,0.0,0.0,0.0,0.0,0.0,0.0,0.0,XC221567,compau,SNR_0dB,0,R3
0.5235257148742676,0,142,0.0,0.0,0.0,0.0,0.0,0.0,0.0,0.0,0.0,XC630102,compau,SNR_0dB,0,R3
0.48679032921791077,0,142,0.0,0.0,0.0,0.2,0.007042253521126761,0.04,0.1,0.007042253521126761,0.02,XC427477,compau,SNR_0dB,0,R3
0.5135220885276794,0,142,0.0,0.0,0.0,0.0,0.0,0.0,0.0,0.0,0.0,XC943093,compau,SNR_0dB,0,R3
0.5709392428398132,0,198,0.0,0.0,0.0,0.4,0.010101010101010102,0.13,0.3,0.015151515151515152,0.09833333333333334,XC433820,barant1,SNR_0dB,0,R3
0.4808538556098938,0,198,0.0,0.0,0.0,0.0,0.0,0.0,0.0,0.0,0.0,XC459559,barant1,SNR_0dB,0,R3
0.5116418600082397,0,198,0.0,0.0,0.0,0.0,0.0,0.0,0.0,0.0,0.0,XC732448,barant1,SNR_0dB,0,R3
0.48395031690597534,0,198,0.0,0.0,0.0,0.0,0.0,0.0,0.1,0.005050505050505051,0.016666666666666666,XC716450,barant1,SNR_0dB,0,R3
0.5659045577049255,0,198,0.0,0.0,0.0,0.0,0.0,0.0,0.2,0.010101010101010102,0.041666666666666664,XC354908,barant1,SNR_0dB,0,R3
0.5041927099227905,0,198,0.0,0.0,0.0,0.0,0.0,0.0,0.0,0.0,0.0,XC428067,barant1,SNR_0dB,0,R3
0.5224213004112244,0,198,0.0,0.0,0.0,0.0,0.0,0.0,0.0,0.0,0.0,XC685458,barant1,SNR_0dB,0,R3
0.5273499488830566,0,198,0.0,0.0,0.0,0.2,0.005050505050505051,0.05,0.1,0.005050505050505051,0.025,XC676256,barant1,SNR_0dB,0,R3
0.5565974116325378,0,198,0.0,0.0,0.0,0.0,0.0,0.0,0.0,0.0,0.0,XC443189,barant1,SNR_0dB,0,R3
0.4501458406448364,0,198,0.0,0.0,0.0,0.2,0.005050505050505051,0.05,0.1,0.005050505050505051,0.025,XC752776,barant1,SNR_0dB,0,R3
0.6231261491775513,0,201,0.0,0.0,0.0,0.0,0.0,0.0,0.0,0.0,0.0,XC695270,pirfly1,SNR_0dB,0,R3
0.5053955316543579,0,201,0.0,0.0,0.0,0.0,0.0,0.0,0.0,0.0,0.0,XC199153,pirfly1,SNR_0dB,0,R3
0.5410135984420776,0,201,0.0,0.0,0.0,0.0,0.0,0.0,0.0,0.0,0.0,XC575453,pirfly1,SNR_0dB,0,R3
0.5181450247764587,0,201,0.0,0.0,0.0,0.0,0.0,0.0,0.0,0.0,0.0,XC199221,pirfly1,SNR_0dB,0,R3
0.5341793298721313,0,201,0.0,0.0,0.0,0.0,0.0,0.0,0.0,0.0,0.0,XC1050422,pirfly1,SNR_0dB,0,R3
0.5187375545501709,0,201,0.0,0.0,0.0,0.0,0.0,0.0,0.0,0.0,0.0,XC249521,pirfly1,SNR_0dB,0,R3
0.5129556059837341,0,201,0.0,0.0,0.0,0.0,0.0,0.0,0.0,0.0,0.0,XC249067,pirfly1,SNR_0dB,0,R3
0.5963006019592285,0,201,0.0,0.0,0.0,0.0,0.0,0.0,0.0,0.0,0.0,XC249418,pirfly1,SNR_0dB,0,R3
0.5816223621368408,0,201,0.0,0.0,0.0,0.0,0.0,0.0,0.0,0.0,0.0,XC249520,pirfly1,SNR_0dB,0,R3
0.5408442616462708,0,201,0.0,0.0,0.0,0.0,0.0,0.0,0.1,0.004975124378109453,0.014285714285714285,XC764117,pirfly1,SNR_0dB,0,R3
0.5095838904380798,0,184,0.0,0.0,0.0,0.0,0.0,0.0,0.1,0.005434782608695652,0.014285714285714285,XC174648,linwoo1,SNR_0dB,0,R3
0.5432524085044861,0,184,0.0,0.0,0.0,0.0,0.0,0.0,0.0,0.0,0.0,XC550450,linwoo1,SNR_0dB,0,R3
0.5519704222679138,0,184,0.0,0.0,0.0,0.0,0.0,0.0,0.0,0.0,0.0,XC550448,linwoo1,SNR_0dB,0,R3
0.5741008520126343,0,184,0.0,0.0,0.0,0.2,0.005434782608695652,0.04,0.1,0.005434782608695652,0.02,XC379497,linwoo1,SNR_0dB,0,R3
0.5616141557693481,0,184,0.0,0.0,0.0,0.0,0.0,0.0,0.0,0.0,0.0,XC732161,linwoo1,SNR_0dB,0,R3
0.5030849575996399,0,184,0.0,0.0,0.0,0.2,0.005434782608695652,0.06666666666666667,0.1,0.005434782608695652,0.03333333333333333,XC261880,linwoo1,SNR_0dB,0,R3
0.5899451971054077,0,184,0.0,0.0,0.0,0.2,0.005434782608695652,0.1,0.1,0.005434782608695652,0.05,XC250796,linwoo1,SNR_0dB,0,R3
0.5167877674102783,0,184,0.0,0.0,0.0,0.0,0.0,0.0,0.0,0.0,0.0,XC542823,linwoo1,SNR_0dB,0,R3
0.6059372425079346,0,184,0.0,0.0,0.0,0.2,0.005434782608695652,0.06666666666666667,0.1,0.005434782608695652,0.03333333333333333,XC688346,linwoo1,SNR_0dB,0,R3
0.5174105167388916,0,184,0.0,0.0,0.0,0.0,0.0,0.0,0.2,0.010869565217391304,0.0365079365079365,XC197473,linwoo1,SNR_0dB,0,R3
0.5378659963607788,0,192,0.0,0.0,0.0,0.0,0.0,0.0,0.0,0.0,0.0,XC238416,whtdov,SNR_0dB,0,R3
0.5418102741241455,0,192,0.0,0.0,0.0,0.0,0.0,0.0,0.1,0.005208333333333333,0.01,XC235857,whtdov,SNR_0dB,0,R3
0.5503695607185364,0,192,0.0,0.0,0.0,0.0,0.0,0.0,0.1,0.005208333333333333,0.014285714285714285,XC238417,whtdov,SNR_0dB,0,R3
0.4678384065628052,0,192,0.0,0.0,0.0,0.0,0.0,0.0,0.1,0.005208333333333333,0.016666666666666666,XC294701,whtdov,SNR_0dB,0,R3
0.5450535416603088,0,192,0.0,0.0,0.0,0.0,0.0,0.0,0.0,0.0,0.0,XC388552,whtdov,SNR_0dB,0,R3
0.5414984226226807,1,192,1.0,0.005208333333333333,1.0,0.2,0.005208333333333333,0.2,0.1,0.005208333333333333,0.1,XC538235,whtdov,SNR_0dB,0,R3
0.5573123693466187,0,192,0.0,0.0,0.0,0.2,0.005208333333333333,0.04,0.1,0.005208333333333333,0.02,XC716476,whtdov,SNR_0dB,0,R3
0.5777755379676819,0,192,0.0,0.0,0.0,0.0,0.0,0.0,0.1,0.005208333333333333,0.01111111111111111,XC147509,whtdov,SNR_0dB,0,R3
0.5371304750442505,0,192,0.0,0.0,0.0,0.2,0.005208333333333333,0.04,0.1,0.005208333333333333,0.02,XC277692,whtdov,SNR_0dB,0,R3
0.5101290941238403,0,192,0.0,0.0,0.0,0.0,0.0,0.0,0.0,0.0,0.0,XC833664,whtdov,SNR_0dB,0,R3
0.5115172863006592,1,204,1.0,0.004901960784313725,1.0,0.2,0.004901960784313725,0.2,0.2,0.00980392156862745,0.12222222222222223,XC469159,bobfly1,SNR_0dB,0,R3
0.4885808229446411,0,204,0.0,0.0,0.0,0.0,0.0,0.0,0.0,0.0,0.0,XC578500,bobfly1,SNR_0dB,0,R3
0.46131032705307007,0,204,0.0,0.0,0.0,0.0,0.0,0.0,0.0,0.0,0.0,XC545844,bobfly1,SNR_0dB,0,R3
0.5089279413223267,0,204,0.0,0.0,0.0,0.0,0.0,0.0,0.1,0.004901960784313725,0.0125,XC427567,bobfly1,SNR_0dB,0,R3
0.5105875730514526,0,204,0.0,0.0,0.0,0.0,0.0,0.0,0.0,0.0,0.0,XC583946,bobfly1,SNR_0dB,0,R3
0.5459190011024475,0,204,0.0,0.0,0.0,0.0,0.0,0.0,0.0,0.0,0.0,XC235872,bobfly1,SNR_0dB,0,R3
0.5330491065979004,0,204,0.0,0.0,0.0,0.2,0.004901960784313725,0.05,0.1,0.004901960784313725,0.025,XC427566,bobfly1,SNR_0dB,0,R3
0.5411757826805115,1,204,1.0,0.004901960784313725,1.0,0.2,0.004901960784313725,0.2,0.1,0.004901960784313725,0.1,XC356904,bobfly1,SNR_0dB,0,R3
0.565889835357666,0,204,0.0,0.0,0.0,0.0,0.0,0.0,0.2,0.00980392156862745,0.041666666666666664,XC841763,bobfly1,SNR_0dB,0,R3
0.6126060485839844,0,204,0.0,0.0,0.0,0.2,0.004901960784313725,0.1,0.1,0.004901960784313725,0.05,XC666481,bobfly1,SNR_0dB,0,R3
0.4890632629394531,0,155,0.0,0.0,0.0,0.0,0.0,0.0,0.1,0.0064516129032258064,0.016666666666666666,XC944466,trokin,SNR_0dB,0,R3
0.4968791902065277,0,155,0.0,0.0,0.0,0.0,0.0,0.0,0.0,0.0,0.0,XC556661,trokin,SNR_0dB,0,R3
0.46952858567237854,0,155,0.0,0.0,0.0,0.0,0.0,0.0,0.0,0.0,0.0,XC131763,trokin,SNR_0dB,0,R3
0.48720023036003113,0,155,0.0,0.0,0.0,0.0,0.0,0.0,0.0,0.0,0.0,XC282322,trokin,SNR_0dB,0,R3
0.6401722431182861,0,155,0.0,0.0,0.0,0.0,0.0,0.0,0.0,0.0,0.0,XC287873,trokin,SNR_0dB,0,R3
0.6046333312988281,0,155,0.0,0.0,0.0,0.0,0.0,0.0,0.0,0.0,0.0,XC944467,trokin,SNR_0dB,0,R3
0.5347800254821777,0,155,0.0,0.0,0.0,0.0,0.0,0.0,0.0,0.0,0.0,XC690960,trokin,SNR_0dB,0,R3
0.5493307113647461,0,155,0.0,0.0,0.0,0.0,0.0,0.0,0.0,0.0,0.0,XC960832,trokin,SNR_0dB,0,R3
0.46430280804634094,0,155,0.0,0.0,0.0,0.0,0.0,0.0,0.0,0.0,0.0,XC490064,trokin,SNR_0dB,0,R3
0.5435179471969604,0,155,0.0,0.0,0.0,0.2,0.0064516129032258064,0.1,0.1,0.0064516129032258064,0.05,XC282345,trokin,SNR_0dB,0,R3
0.5742239952087402,0,171,0.0,0.0,0.0,0.0,0.0,0.0,0.0,0.0,0.0,XC1011212,coffal1,SNR_-5dB,-5,R3
0.5453888177871704,0,171,0.0,0.0,0.0,0.0,0.0,0.0,0.0,0.0,0.0,XC518849,coffal1,SNR_-5dB,-5,R3
0.5271282196044922,0,171,0.0,0.0,0.0,0.0,0.0,0.0,0.0,0.0,0.0,XC640029,coffal1,SNR_-5dB,-5,R3
0.5491268634796143,0,171,0.0,0.0,0.0,0.0,0.0,0.0,0.0,0.0,0.0,XC238626,coffal1,SNR_-5dB,-5,R3
0.4806276559829712,0,171,0.0,0.0,0.0,0.0,0.0,0.0,0.0,0.0,0.0,XC580510,coffal1,SNR_-5dB,-5,R3
0.47444596886634827,0,171,0.0,0.0,0.0,0.0,0.0,0.0,0.0,0.0,0.0,XC841725,coffal1,SNR_-5dB,-5,R3
0.5143675804138184,0,171,0.0,0.0,0.0,0.0,0.0,0.0,0.0,0.0,0.0,XC909155,coffal1,SNR_-5dB,-5,R3
0.49042606353759766,0,171,0.0,0.0,0.0,0.0,0.0,0.0,0.0,0.0,0.0,XC597587,coffal1,SNR_-5dB,-5,R3
0.5095179080963135,0,171,0.0,0.0,0.0,0.0,0.0,0.0,0.0,0.0,0.0,XC514068,coffal1,SNR_-5dB,-5,R3
0.5703202486038208,0,171,0.0,0.0,0.0,0.2,0.005847953216374269,0.05,0.1,0.005847953216374269,0.025,XC915055,coffal1,SNR_-5dB,-5,R3
0.5834459066390991,0,221,0.0,0.0,0.0,0.2,0.004524886877828055,0.06666666666666667,0.1,0.004524886877828055,0.03333333333333333,XC504846,sobtyr1,SNR_-5dB,-5,R3
0.47235697507858276,0,221,0.0,0.0,0.0,0.0,0.0,0.0,0.0,0.0,0.0,XC764623,sobtyr1,SNR_-5dB,-5,R3
0.5297850370407104,0,221,0.0,0.0,0.0,0.0,0.0,0.0,0.0,0.0,0.0,XC653903,sobtyr1,SNR_-5dB,-5,R3
0.5148060321807861,0,221,0.0,0.0,0.0,0.0,0.0,0.0,0.0,0.0,0.0,XC176886,sobtyr1,SNR_-5dB,-5,R3
0.4392324984073639,0,221,0.0,0.0,0.0,0.0,0.0,0.0,0.0,0.0,0.0,XC580800,sobtyr1,SNR_-5dB,-5,R3
0.4869779944419861,0,221,0.0,0.0,0.0,0.0,0.0,0.0,0.0,0.0,0.0,XC763522,sobtyr1,SNR_-5dB,-5,R3
0.5011152029037476,0,221,0.0,0.0,0.0,0.0,0.0,0.0,0.0,0.0,0.0,XC612769,sobtyr1,SNR_-5dB,-5,R3
0.509631872177124,0,221,0.0,0.0,0.0,0.0,0.0,0.0,0.0,0.0,0.0,XC135348,sobtyr1,SNR_-5dB,-5,R3
0.5166385173797607,0,221,0.0,0.0,0.0,0.0,0.0,0.0,0.0,0.0,0.0,XC1062368,sobtyr1,SNR_-5dB,-5,R3
0.5302404165267944,0,221,0.0,0.0,0.0,0.0,0.0,0.0,0.0,0.0,0.0,XC653904,sobtyr1,SNR_-5dB,-5,R3
0.5121099352836609,0,223,0.0,0.0,0.0,0.0,0.0,0.0,0.0,0.0,0.0,XC348691,greant1,SNR_-5dB,-5,R3
0.5030242204666138,0,223,0.0,0.0,0.0,0.0,0.0,0.0,0.1,0.004484304932735426,0.01,XC397818,greant1,SNR_-5dB,-5,R3
0.5229048132896423,0,223,0.0,0.0,0.0,0.0,0.0,0.0,0.1,0.004484304932735426,0.01111111111111111,XC50033,greant1,SNR_-5dB,-5,R3
0.6582837104797363,0,223,0.0,0.0,0.0,0.0,0.0,0.0,0.1,0.004484304932735426,0.016666666666666666,XC388556,greant1,SNR_-5dB,-5,R3
0.5400691628456116,1,223,1.0,0.004484304932735426,1.0,0.2,0.004484304932735426,0.2,0.2,0.008968609865470852,0.12,XC433819,greant1,SNR_-5dB,-5,R3
0.5534752607345581,0,223,0.0,0.0,0.0,0.0,0.0,0.0,0.0,0.0,0.0,XC123928,greant1,SNR_-5dB,-5,R3
0.5449527502059937,0,223,0.0,0.0,0.0,0.0,0.0,0.0,0.0,0.0,0.0,XC489684,greant1,SNR_-5dB,-5,R3
0.48155561089515686,0,223,0.0,0.0,0.0,0.2,0.004484304932735426,0.06666666666666667,0.1,0.004484304932735426,0.03333333333333333,XC452472,greant1,SNR_-5dB,-5,R3
0.4779072403907776,0,223,0.0,0.0,0.0,0.0,0.0,0.0,0.0,0.0,0.0,XC616309,greant1,SNR_-5dB,-5,R3
0.5096675753593445,0,223,0.0,0.0,0.0,0.0,0.0,0.0,0.2,0.008968609865470852,0.04523809523809523,XC118887,greant1,SNR_-5dB,-5,R3
0.6085119247436523,0,231,0.0,0.0,0.0,0.0,0.0,0.0,0.0,0.0,0.0,XC294719,squcuc1,SNR_-5dB,-5,R3
0.6102685928344727,0,231,0.0,0.0,0.0,0.0,0.0,0.0,0.0,0.0,0.0,XC294724,squcuc1,SNR_-5dB,-5,R3
0.5223144292831421,0,231,0.0,0.0,0.0,0.0,0.0,0.0,0.0,0.0,0.0,XC940505,squcuc1,SNR_-5dB,-5,R3
0.535206139087677,0,231,0.0,0.0,0.0,0.0,0.0,0.0,0.0,0.0,0.0,XC216157,squcuc1,SNR_-5dB,-5,R3
0.5228778123855591,0,231,0.0,0.0,0.0,0.0,0.0,0.0,0.0,0.0,0.0,XC549930,squcuc1,SNR_-5dB,-5,R3
0.5015593767166138,0,231,0.0,0.0,0.0,0.0,0.0,0.0,0.0,0.0,0.0,XC549933,squcuc1,SNR_-5dB,-5,R3
0.5163594484329224,1,231,1.0,0.004329004329004329,1.0,0.2,0.004329004329004329,0.2,0.2,0.008658008658008658,0.12,XC549936,squcuc1,SNR_-5dB,-5,R3
0.5580444931983948,0,231,0.0,0.0,0.0,0.0,0.0,0.0,0.0,0.0,0.0,XC247099,squcuc1,SNR_-5dB,-5,R3
0.5491279363632202,0,231,0.0,0.0,0.0,0.0,0.0,0.0,0.1,0.004329004329004329,0.014285714285714285,XC246934,squcuc1,SNR_-5dB,-5,R3
0.5677017569541931,0,231,0.0,0.0,0.0,0.0,0.0,0.0,0.1,0.004329004329004329,0.01,XC656889,squcuc1,SNR_-5dB,-5,R3
0.540300726890564,0,159,0.0,0.0,0.0,0.0,0.0,0.0,0.2,0.012578616352201259,0.03666666666666667,XC299640,roahaw,SNR_-5dB,-5,R3
0.5063905715942383,0,159,0.0,0.0,0.0,0.2,0.006289308176100629,0.05,0.1,0.006289308176100629,0.025,XC372463,roahaw,SNR_-5dB,-5,R3
0.5523630380630493,0,159,0.0,0.0,0.0,0.0,0.0,0.0,0.0,0.0,0.0,XC288830,roahaw,SNR_-5dB,-5,R3
0.49376314878463745,0,159,0.0,0.0,0.0,0.0,0.0,0.0,0.0,0.0,0.0,XC129438,roahaw,SNR_-5dB,-5,R3
0.5305637717247009,0,159,0.0,0.0,0.0,0.2,0.006289308176100629,0.1,0.1,0.006289308176100629,0.05,XC772769,roahaw,SNR_-5dB,-5,R3
0.5340591073036194,0,159,0.0,0.0,0.0,0.0,0.0,0.0,0.0,0.0,0.0,XC716349,roahaw,SNR_-5dB,-5,R3
0.5488815903663635,0,159,0.0,0.0,0.0,0.2,0.006289308176100629,0.06666666666666667,0.1,0.006289308176100629,0.03333333333333333,XC340156,roahaw,SNR_-5dB,-5,R3
0.4891820549964905,0,159,0.0,0.0,0.0,0.2,0.006289308176100629,0.05,0.2,0.012578616352201259,0.05357142857142857,XC680705,roahaw,SNR_-5dB,-5,R3
0.5126662254333496,0,159,0.0,0.0,0.0,0.0,0.0,0.0,0.0,0.0,0.0,XC235156,roahaw,SNR_-5dB,-5,R3
0.5573313236236572,0,159,0.0,0.0,0.0,0.0,0.0,0.0,0.0,0.0,0.0,XC19527,roahaw,SNR_-5dB,-5,R3
0.5466781258583069,0,165,0.0,0.0,0.0,0.0,0.0,0.0,0.2,0.012121212121212121,0.03111111111111111,XC738930,trsowl,SNR_-5dB,-5,R3
0.5433402061462402,0,165,0.0,0.0,0.0,0.0,0.0,0.0,0.0,0.0,0.0,XC428741,trsowl,SNR_-5dB,-5,R3
0.512160062789917,1,165,1.0,0.006060606060606061,1.0,0.2,0.006060606060606061,0.2,0.1,0.006060606060606061,0.1,XC597121,trsowl,SNR_-5dB,-5,R3
0.5098763704299927,0,165,0.0,0.0,0.0,0.2,0.006060606060606061,0.1,0.1,0.006060606060606061,0.05,XC549975,trsowl,SNR_-5dB,-5,R3
0.5029759407043457,0,165,0.0,0.0,0.0,0.0,0.0,0.0,0.0,0.0,0.0,XC135491,trsowl,SNR_-5dB,-5,R3
0.4699483811855316,0,165,0.0,0.0,0.0,0.2,0.006060606060606061,0.05,0.2,0.012121212121212121,0.05,XC572606,trsowl,SNR_-5dB,-5,R3
0.5066310167312622,0,165,0.0,0.0,0.0,0.2,0.006060606060606061,0.1,0.1,0.006060606060606061,0.05,XC236394,trsowl,SNR_-5dB,-5,R3
0.506591796875,0,165,0.0,0.0,0.0,0.0,0.0,0.0,0.0,0.0,0.0,XC447808,trsowl,SNR_-5dB,-5,R3
0.4937179982662201,0,165,0.0,0.0,0.0,0.0,0.0,0.0,0.0,0.0,0.0,XC619067,trsowl,SNR_-5dB,-5,R3
0.556834876537323,0,165,0.0,0.0,0.0,0.0,0.0,0.0,0.1,0.006060606060606061,0.0125,XC730130,trsowl,SNR_-5dB,-5,R3
0.5051374435424805,0,203,0.0,0.0,0.0,0.2,0.0049261083743842365,0.05,0.1,0.0049261083743842365,0.025,XC756928,banana,SNR_-5dB,-5,R3
0.5016890168190002,0,203,0.0,0.0,0.0,0.0,0.0,0.0,0.0,0.0,0.0,XC190593,banana,SNR_-5dB,-5,R3
0.5004353523254395,0,203,0.0,0.0,0.0,0.0,0.0,0.0,0.1,0.0049261083743842365,0.01,XC247112,banana,SNR_-5dB,-5,R3
0.511550784111023,1,203,1.0,0.0049261083743842365,1.0,0.2,0.0049261083743842365,0.2,0.1,0.0049261083743842365,0.1,XC561261,banana,SNR_-5dB,-5,R3
0.5798400044441223,0,203,0.0,0.0,0.0,0.0,0.0,0.0,0.1,0.0049261083743842365,0.016666666666666666,XC127164,banana,SNR_-5dB,-5,R3
0.4916708767414093,0,203,0.0,0.0,0.0,0.0,0.0,0.0,0.0,0.0,0.0,XC169559,banana,SNR_-5dB,-5,R3
0.5144811272621155,0,203,0.0,0.0,0.0,0.0,0.0,0.0,0.1,0.0049261083743842365,0.0125,XC241562,banana,SNR_-5dB,-5,R3
0.5479152202606201,0,203,0.0,0.0,0.0,0.0,0.0,0.0,0.0,0.0,0.0,XC924739,banana,SNR_-5dB,-5,R3
0.6324145793914795,0,203,0.0,0.0,0.0,0.2,0.0049261083743842365,0.06666666666666667,0.1,0.0049261083743842365,0.03333333333333333,XC541448,banana,SNR_-5dB,-5,R3
0.5565792322158813,1,203,1.0,0.0049261083743842365,1.0,0.2,0.0049261083743842365,0.2,0.1,0.0049261083743842365,0.1,XC215467,banana,SNR_-5dB,-5,R3
0.583877682685852,0,181,0.0,0.0,0.0,0.0,0.0,0.0,0.0,0.0,0.0,XC29087,baffal1,SNR_-5dB,-5,R3
0.5440409779548645,0,181,0.0,0.0,0.0,0.2,0.0055248618784530384,0.04,0.1,0.0055248618784530384,0.02,XC29088,baffal1,SNR_-5dB,-5,R3
0.47766125202178955,0,181,0.0,0.0,0.0,0.0,0.0,0.0,0.0,0.0,0.0,XC235886,baffal1,SNR_-5dB,-5,R3
0.6771124601364136,0,181,0.0,0.0,0.0,0.0,0.0,0.0,0.0,0.0,0.0,XC437953,baffal1,SNR_-5dB,-5,R3
0.5522604584693909,0,181,0.0,0.0,0.0,0.2,0.0055248618784530384,0.04,0.1,0.0055248618784530384,0.02,XC192816,baffal1,SNR_-5dB,-5,R3
0.5256381630897522,0,181,0.0,0.0,0.0,0.0,0.0,0.0,0.1,0.0055248618784530384,0.01111111111111111,XC666482,baffal1,SNR_-5dB,-5,R3
0.5118881464004517,0,181,0.0,0.0,0.0,0.0,0.0,0.0,0.1,0.0055248618784530384,0.016666666666666666,XC727672,baffal1,SNR_-5dB,-5,R3
0.5701876878738403,0,181,0.0,0.0,0.0,0.0,0.0,0.0,0.0,0.0,0.0,XC745799,baffal1,SNR_-5dB,-5,R3
0.549452006816864,0,181,0.0,0.0,0.0,0.0,0.0,0.0,0.0,0.0,0.0,XC546400,baffal1,SNR_-5dB,-5,R3
0.504082441329956,0,181,0.0,0.0,0.0,0.2,0.0055248618784530384,0.06666666666666667,0.1,0.0055248618784530384,0.03333333333333333,XC192815,baffal1,SNR_-5dB,-5,R3
0.6181355714797974,0,137,0.0,0.0,0.0,0.0,0.0,0.0,0.0,0.0,0.0,XC539586,soulap1,SNR_-5dB,-5,R3
0.4953261911869049,0,137,0.0,0.0,0.0,0.0,0.0,0.0,0.0,0.0,0.0,XC9046,soulap1,SNR_-5dB,-5,R3
0.5686044692993164,0,137,0.0,0.0,0.0,0.4,0.014598540145985401,0.16666666666666666,0.2,0.014598540145985401,0.08333333333333333,XC562682,soulap1,SNR_-5dB,-5,R3
0.5106414556503296,0,137,0.0,0.0,0.0,0.0,0.0,0.0,0.1,0.0072992700729927005,0.016666666666666666,XC51500,soulap1,SNR_-5dB,-5,R3
0.5441567301750183,0,137,0.0,0.0,0.0,0.0,0.0,0.0,0.0,0.0,0.0,XC428133,soulap1,SNR_-5dB,-5,R3
0.4699602723121643,0,137,0.0,0.0,0.0,0.2,0.0072992700729927005,0.06666666666666667,0.2,0.014598540145985401,0.06666666666666667,XC47141,soulap1,SNR_-5dB,-5,R3
0.4925992786884308,0,137,0.0,0.0,0.0,0.0,0.0,0.0,0.0,0.0,0.0,XC861228,soulap1,SNR_-5dB,-5,R3
0.547819197177887,0,137,0.0,0.0,0.0,0.0,0.0,0.0,0.2,0.014598540145985401,0.03888888888888888,XC549503,soulap1,SNR_-5dB,-5,R3
0.511691153049469,0,137,0.0,0.0,0.0,0.0,0.0,0.0,0.0,0.0,0.0,XC16003,soulap1,SNR_-5dB,-5,R3
0.5350015163421631,0,137,0.0,0.0,0.0,0.0,0.0,0.0,0.0,0.0,0.0,XC48574,soulap1,SNR_-5dB,-5,R3
0.5327063798904419,0,154,0.0,0.0,0.0,0.0,0.0,0.0,0.0,0.0,0.0,XC340516,strcuc1,SNR_-5dB,-5,R3
0.5357391834259033,0,154,0.0,0.0,0.0,0.0,0.0,0.0,0.0,0.0,0.0,XC340515,strcuc1,SNR_-5dB,-5,R3
0.4694586396217346,0,154,0.0,0.0,0.0,0.0,0.0,0.0,0.0,0.0,0.0,XC173304,strcuc1,SNR_-5dB,-5,R3
0.546887218952179,0,154,0.0,0.0,0.0,0.0,0.0,0.0,0.0,0.0,0.0,XC114965,strcuc1,SNR_-5dB,-5,R3
0.5312538743019104,0,154,0.0,0.0,0.0,0.0,0.0,0.0,0.0,0.0,0.0,XC349929,strcuc1,SNR_-5dB,-5,R3
0.5185217261314392,1,154,1.0,0.006493506493506494,1.0,0.2,0.006493506493506494,0.2,0.2,0.012987012987012988,0.13333333333333333,XC836228,strcuc1,SNR_-5dB,-5,R3
0.49823078513145447,0,154,0.0,0.0,0.0,0.0,0.0,0.0,0.0,0.0,0.0,XC508606,strcuc1,SNR_-5dB,-5,R3
0.553215503692627,0,154,0.0,0.0,0.0,0.0,0.0,0.0,0.0,0.0,0.0,XC593146,strcuc1,SNR_-5dB,-5,R3
0.48011425137519836,0,154,0.0,0.0,0.0,0.0,0.0,0.0,0.0,0.0,0.0,XC240034,strcuc1,SNR_-5dB,-5,R3
0.4974464178085327,0,154,0.0,0.0,0.0,0.0,0.0,0.0,0.0,0.0,0.0,XC114160,strcuc1,SNR_-5dB,-5,R3
0.5402189493179321,0,125,0.0,0.0,0.0,0.0,0.0,0.0,0.0,0.0,0.0,XC993685,pabspi1,SNR_-5dB,-5,R3
0.5299063920974731,0,125,0.0,0.0,0.0,0.0,0.0,0.0,0.0,0.0,0.0,XC506225,pabspi1,SNR_-5dB,-5,R3
0.5127493143081665,0,125,0.0,0.0,0.0,0.0,0.0,0.0,0.0,0.0,0.0,XC687712,pabspi1,SNR_-5dB,-5,R3
0.5858138799667358,0,125,0.0,0.0,0.0,0.0,0.0,0.0,0.0,0.0,0.0,XC506234,pabspi1,SNR_-5dB,-5,R3
0.474026620388031,0,125,0.0,0.0,0.0,0.0,0.0,0.0,0.1,0.008,0.01,XC452493,pabspi1,SNR_-5dB,-5,R3
0.5543989539146423,0,125,0.0,0.0,0.0,0.0,0.0,0.0,0.0,0.0,0.0,XC701947,pabspi1,SNR_-5dB,-5,R3
0.562992513179779,0,125,0.0,0.0,0.0,0.0,0.0,0.0,0.0,0.0,0.0,XC701948,pabspi1,SNR_-5dB,-5,R3
0.5298522114753723,0,125,0.0,0.0,0.0,0.0,0.0,0.0,0.0,0.0,0.0,XC236174,pabspi1,SNR_-5dB,-5,R3
0.5570693016052246,0,125,0.0,0.0,0.0,0.0,0.0,0.0,0.0,0.0,0.0,XC391585,pabspi1,SNR_-5dB,-5,R3
0.5306443572044373,0,125,0.0,0.0,0.0,0.0,0.0,0.0,0.1,0.008,0.01111111111111111,XC236176,pabspi1,SNR_-5dB,-5,R3
0.4900418817996979,0,266,0.0,0.0,0.0,0.4,0.007518796992481203,0.16666666666666666,0.3,0.011278195488721804,0.12083333333333332,XC268594,yeofly1,SNR_-5dB,-5,R3
0.5446968078613281,0,266,0.0,0.0,0.0,0.0,0.0,0.0,0.0,0.0,0.0,XC361117,yeofly1,SNR_-5dB,-5,R3
0.6291462182998657,0,266,0.0,0.0,0.0,0.0,0.0,0.0,0.0,0.0,0.0,XC250157,yeofly1,SNR_-5dB,-5,R3
0.5276554822921753,0,266,0.0,0.0,0.0,0.2,0.0037593984962406013,0.1,0.1,0.0037593984962406013,0.05,XC46766,yeofly1,SNR_-5dB,-5,R3
0.5075961947441101,0,266,0.0,0.0,0.0,0.0,0.0,0.0,0.0,0.0,0.0,XC1031972,yeofly1,SNR_-5dB,-5,R3
0.5037553310394287,1,266,1.0,0.0037593984962406013,1.0,0.4,0.007518796992481203,0.3,0.2,0.007518796992481203,0.15,XC187210,yeofly1,SNR_-5dB,-5,R3
0.48109087347984314,0,266,0.0,0.0,0.0,0.0,0.0,0.0,0.1,0.0037593984962406013,0.0125,XC512409,yeofly1,SNR_-5dB,-5,R3
0.4610799551010132,0,266,0.0,0.0,0.0,0.0,0.0,0.0,0.1,0.0037593984962406013,0.0125,XC611913,yeofly1,SNR_-5dB,-5,R3
0.5321102142333984,0,266,0.0,0.0,0.0,0.0,0.0,0.0,0.0,0.0,0.0,XC268592,yeofly1,SNR_-5dB,-5,R3
0.5164443254470825,0,266,0.0,0.0,0.0,0.0,0.0,0.0,0.0,0.0,0.0,XC583955,yeofly1,SNR_-5dB,-5,R3
0.5667650103569031,0,141,0.0,0.0,0.0,0.0,0.0,0.0,0.1,0.0070921985815602835,0.01111111111111111,XC192979,gycwor1,SNR_-5dB,-5,R3
0.5683406591415405,0,141,0.0,0.0,0.0,0.0,0.0,0.0,0.0,0.0,0.0,XC483682,gycwor1,SNR_-5dB,-5,R3
0.5460363626480103,0,141,0.0,0.0,0.0,0.2,0.0070921985815602835,0.1,0.1,0.0070921985815602835,0.05,XC772156,gycwor1,SNR_-5dB,-5,R3
0.5176727771759033,0,141,0.0,0.0,0.0,0.0,0.0,0.0,0.0,0.0,0.0,XC501765,gycwor1,SNR_-5dB,-5,R3
0.5295133590698242,0,141,0.0,0.0,0.0,0.0,0.0,0.0,0.0,0.0,0.0,XC1012395,gycwor1,SNR_-5dB,-5,R3
0.4827863574028015,0,141,0.0,0.0,0.0,0.2,0.0070921985815602835,0.04,0.1,0.0070921985815602835,0.02,XC843813,gycwor1,SNR_-5dB,-5,R3
0.5202656984329224,0,141,0.0,0.0,0.0,0.0,0.0,0.0,0.0,0.0,0.0,XC216181,gycwor1,SNR_-5dB,-5,R3
0.5363117456436157,0,141,0.0,0.0,0.0,0.0,0.0,0.0,0.0,0.0,0.0,XC352281,gycwor1,SNR_-5dB,-5,R3
0.5450428128242493,0,141,0.0,0.0,0.0,0.0,0.0,0.0,0.0,0.0,0.0,XC335167,gycwor1,SNR_-5dB,-5,R3
0.47556692361831665,0,141,0.0,0.0,0.0,0.2,0.0070921985815602835,0.05,0.1,0.0070921985815602835,0.025,XC197443,gycwor1,SNR_-5dB,-5,R3
0.5524938106536865,0,142,0.0,0.0,0.0,0.0,0.0,0.0,0.0,0.0,0.0,XC254120,compau,SNR_-5dB,-5,R3
0.5219677686691284,0,142,0.0,0.0,0.0,0.0,0.0,0.0,0.0,0.0,0.0,XC225326,compau,SNR_-5dB,-5,R3
0.4673086404800415,0,142,0.0,0.0,0.0,0.0,0.0,0.0,0.0,0.0,0.0,XC236447,compau,SNR_-5dB,-5,R3
0.5428581237792969,0,142,0.0,0.0,0.0,0.0,0.0,0.0,0.0,0.0,0.0,XC311012,compau,SNR_-5dB,-5,R3
0.538393497467041,0,142,0.0,0.0,0.0,0.0,0.0,0.0,0.1,0.007042253521126761,0.014285714285714285,XC285306,compau,SNR_-5dB,-5,R3
0.5148662328720093,0,142,0.0,0.0,0.0,0.0,0.0,0.0,0.0,0.0,0.0,XC592920,compau,SNR_-5dB,-5,R3
0.5270012617111206,0,142,0.0,0.0,0.0,0.0,0.0,0.0,0.0,0.0,0.0,XC221567,compau,SNR_-5dB,-5,R3
0.518936038017273,0,142,0.0,0.0,0.0,0.0,0.0,0.0,0.2,0.014084507042253521,0.0365079365079365,XC630102,compau,SNR_-5dB,-5,R3
0.5103293061256409,0,142,0.0,0.0,0.0,0.0,0.0,0.0,0.1,0.007042253521126761,0.016666666666666666,XC427477,compau,SNR_-5dB,-5,R3
0.5475015640258789,0,142,0.0,0.0,0.0,0.0,0.0,0.0,0.2,0.014084507042253521,0.041666666666666664,XC943093,compau,SNR_-5dB,-5,R3
0.5137767791748047,0,198,0.0,0.0,0.0,0.0,0.0,0.0,0.0,0.0,0.0,XC433820,barant1,SNR_-5dB,-5,R3
0.5672751665115356,0,198,0.0,0.0,0.0,0.0,0.0,0.0,0.0,0.0,0.0,XC459559,barant1,SNR_-5dB,-5,R3
0.49045971035957336,0,198,0.0,0.0,0.0,0.0,0.0,0.0,0.0,0.0,0.0,XC732448,barant1,SNR_-5dB,-5,R3
0.5545860528945923,0,198,0.0,0.0,0.0,0.4,0.010101010101010102,0.18,0.2,0.010101010101010102,0.09,XC716450,barant1,SNR_-5dB,-5,R3
0.5112033486366272,0,198,0.0,0.0,0.0,0.0,0.0,0.0,0.0,0.0,0.0,XC354908,barant1,SNR_-5dB,-5,R3
0.5001260042190552,0,198,0.0,0.0,0.0,0.0,0.0,0.0,0.0,0.0,0.0,XC428067,barant1,SNR_-5dB,-5,R3
0.4986133873462677,0,198,0.0,0.0,0.0,0.2,0.005050505050505051,0.06666666666666667,0.3,0.015151515151515152,0.09940476190476191,XC685458,barant1,SNR_-5dB,-5,R3
0.49504292011260986,0,198,0.0,0.0,0.0,0.0,0.0,0.0,0.0,0.0,0.0,XC676256,barant1,SNR_-5dB,-5,R3
0.5130103826522827,0,198,0.0,0.0,0.0,0.0,0.0,0.0,0.0,0.0,0.0,XC443189,barant1,SNR_-5dB,-5,R3
0.5597959756851196,0,198,0.0,0.0,0.0,0.0,0.0,0.0,0.1,0.005050505050505051,0.01,XC752776,barant1,SNR_-5dB,-5,R3
0.5222117900848389,1,201,1.0,0.004975124378109453,1.0,0.2,0.004975124378109453,0.2,0.2,0.009950248756218905,0.12,XC695270,pirfly1,SNR_-5dB,-5,R3
0.5263679027557373,0,201,0.0,0.0,0.0,0.0,0.0,0.0,0.0,0.0,0.0,XC199153,pirfly1,SNR_-5dB,-5,R3
0.5369921922683716,0,201,0.0,0.0,0.0,0.0,0.0,0.0,0.0,0.0,0.0,XC575453,pirfly1,SNR_-5dB,-5,R3
0.5696664452552795,0,201,0.0,0.0,0.0,0.0,0.0,0.0,0.1,0.004975124378109453,0.016666666666666666,XC199221,pirfly1,SNR_-5dB,-5,R3
0.5781353712081909,0,201,0.0,0.0,0.0,0.4,0.009950248756218905,0.16666666666666666,0.2,0.009950248756218905,0.08333333333333333,XC1050422,pirfly1,SNR_-5dB,-5,R3
0.5197489857673645,0,201,0.0,0.0,0.0,0.0,0.0,0.0,0.0,0.0,0.0,XC249521,pirfly1,SNR_-5dB,-5,R3
0.5132572650909424,0,201,0.0,0.0,0.0,0.0,0.0,0.0,0.1,0.004975124378109453,0.0125,XC249067,pirfly1,SNR_-5dB,-5,R3
0.5241937041282654,0,201,0.0,0.0,0.0,0.2,0.004975124378109453,0.06666666666666667,0.1,0.004975124378109453,0.03333333333333333,XC249418,pirfly1,SNR_-5dB,-5,R3
0.4631643295288086,0,201,0.0,0.0,0.0,0.0,0.0,0.0,0.1,0.004975124378109453,0.014285714285714285,XC249520,pirfly1,SNR_-5dB,-5,R3
0.5114332437515259,0,201,0.0,0.0,0.0,0.0,0.0,0.0,0.1,0.004975124378109453,0.014285714285714285,XC764117,pirfly1,SNR_-5dB,-5,R3
0.5270351767539978,0,184,0.0,0.0,0.0,0.0,0.0,0.0,0.0,0.0,0.0,XC174648,linwoo1,SNR_-5dB,-5,R3
0.6227004528045654,0,184,0.0,0.0,0.0,0.0,0.0,0.0,0.2,0.010869565217391304,0.039285714285714285,XC550450,linwoo1,SNR_-5dB,-5,R3
0.5722346901893616,1,184,1.0,0.005434782608695652,1.0,0.2,0.005434782608695652,0.2,0.1,0.005434782608695652,0.1,XC550448,linwoo1,SNR_-5dB,-5,R3
0.5054638981819153,0,184,0.0,0.0,0.0,0.0,0.0,0.0,0.0,0.0,0.0,XC379497,linwoo1,SNR_-5dB,-5,R3
0.5379811525344849,0,184,0.0,0.0,0.0,0.0,0.0,0.0,0.0,0.0,0.0,XC732161,linwoo1,SNR_-5dB,-5,R3
0.5199416875839233,0,184,0.0,0.0,0.0,0.0,0.0,0.0,0.1,0.005434782608695652,0.0125,XC261880,linwoo1,SNR_-5dB,-5,R3
0.5776796340942383,0,184,0.0,0.0,0.0,0.2,0.005434782608695652,0.04,0.1,0.005434782608695652,0.02,XC250796,linwoo1,SNR_-5dB,-5,R3
0.4806370437145233,0,184,0.0,0.0,0.0,0.0,0.0,0.0,0.0,0.0,0.0,XC542823,linwoo1,SNR_-5dB,-5,R3
0.536094069480896,0,184,0.0,0.0,0.0,0.2,0.005434782608695652,0.06666666666666667,0.1,0.005434782608695652,0.03333333333333333,XC688346,linwoo1,SNR_-5dB,-5,R3
0.497944176197052,0,184,0.0,0.0,0.0,0.0,0.0,0.0,0.0,0.0,0.0,XC197473,linwoo1,SNR_-5dB,-5,R3
0.5220698118209839,0,192,0.0,0.0,0.0,0.2,0.005208333333333333,0.1,0.2,0.010416666666666666,0.06999999999999999,XC238416,whtdov,SNR_-5dB,-5,R3
0.5269887447357178,0,192,0.0,0.0,0.0,0.0,0.0,0.0,0.0,0.0,0.0,XC235857,whtdov,SNR_-5dB,-5,R3
0.509429395198822,0,192,0.0,0.0,0.0,0.0,0.0,0.0,0.0,0.0,0.0,XC238417,whtdov,SNR_-5dB,-5,R3
0.4646381437778473,0,192,0.0,0.0,0.0,0.0,0.0,0.0,0.0,0.0,0.0,XC294701,whtdov,SNR_-5dB,-5,R3
0.4687419533729553,0,192,0.0,0.0,0.0,0.0,0.0,0.0,0.0,0.0,0.0,XC388552,whtdov,SNR_-5dB,-5,R3
0.5145158767700195,0,192,0.0,0.0,0.0,0.2,0.005208333333333333,0.04,0.1,0.005208333333333333,0.02,XC538235,whtdov,SNR_-5dB,-5,R3
0.5577129125595093,0,192,0.0,0.0,0.0,0.0,0.0,0.0,0.1,0.005208333333333333,0.01,XC716476,whtdov,SNR_-5dB,-5,R3
0.553192138671875,0,192,0.0,0.0,0.0,0.2,0.005208333333333333,0.1,0.1,0.005208333333333333,0.05,XC147509,whtdov,SNR_-5dB,-5,R3
0.5847794413566589,0,192,0.0,0.0,0.0,0.0,0.0,0.0,0.1,0.005208333333333333,0.01111111111111111,XC277692,whtdov,SNR_-5dB,-5,R3
0.5369161367416382,0,192,0.0,0.0,0.0,0.0,0.0,0.0,0.0,0.0,0.0,XC833664,whtdov,SNR_-5dB,-5,R3
0.4976240396499634,0,204,0.0,0.0,0.0,0.0,0.0,0.0,0.0,0.0,0.0,XC469159,bobfly1,SNR_-5dB,-5,R3
0.5505568981170654,0,204,0.0,0.0,0.0,0.0,0.0,0.0,0.0,0.0,0.0,XC578500,bobfly1,SNR_-5dB,-5,R3
0.5738990306854248,0,204,0.0,0.0,0.0,0.0,0.0,0.0,0.0,0.0,0.0,XC545844,bobfly1,SNR_-5dB,-5,R3
0.5410088300704956,0,204,0.0,0.0,0.0,0.0,0.0,0.0,0.0,0.0,0.0,XC427567,bobfly1,SNR_-5dB,-5,R3
0.495958536863327,0,204,0.0,0.0,0.0,0.2,0.004901960784313725,0.04,0.2,0.00980392156862745,0.045,XC583946,bobfly1,SNR_-5dB,-5,R3
0.5060992240905762,0,204,0.0,0.0,0.0,0.2,0.004901960784313725,0.04,0.1,0.004901960784313725,0.02,XC235872,bobfly1,SNR_-5dB,-5,R3
0.5472598075866699,0,204,0.0,0.0,0.0,0.2,0.004901960784313725,0.1,0.2,0.00980392156862745,0.06999999999999999,XC427566,bobfly1,SNR_-5dB,-5,R3
0.4851531982421875,0,204,0.0,0.0,0.0,0.0,0.0,0.0,0.0,0.0,0.0,XC356904,bobfly1,SNR_-5dB,-5,R3
0.534224808216095,0,204,0.0,0.0,0.0,0.0,0.0,0.0,0.1,0.004901960784313725,0.01,XC841763,bobfly1,SNR_-5dB,-5,R3
0.5738170146942139,0,204,0.0,0.0,0.0,0.0,0.0,0.0,0.0,0.0,0.0,XC666481,bobfly1,SNR_-5dB,-5,R3
0.5931696891784668,0,155,0.0,0.0,0.0,0.0,0.0,0.0,0.0,0.0,0.0,XC944466,trokin,SNR_-5dB,-5,R3
0.49970144033432007,0,155,0.0,0.0,0.0,0.0,0.0,0.0,0.1,0.0064516129032258064,0.014285714285714285,XC556661,trokin,SNR_-5dB,-5,R3
0.5705295205116272,0,155,0.0,0.0,0.0,0.2,0.0064516129032258064,0.1,0.1,0.0064516129032258064,0.05,XC131763,trokin,SNR_-5dB,-5,R3
0.4892885088920593,0,155,0.0,0.0,0.0,0.0,0.0,0.0,0.0,0.0,0.0,XC282322,trokin,SNR_-5dB,-5,R3
0.4836011528968811,0,155,0.0,0.0,0.0,0.2,0.0064516129032258064,0.06666666666666667,0.1,0.0064516129032258064,0.03333333333333333,XC287873,trokin,SNR_-5dB,-5,R3
0.5406022667884827,0,155,0.0,0.0,0.0,0.0,0.0,0.0,0.0,0.0,0.0,XC944467,trokin,SNR_-5dB,-5,R3
0.6302958726882935,0,155,0.0,0.0,0.0,0.0,0.0,0.0,0.0,0.0,0.0,XC690960,trokin,SNR_-5dB,-5,R3
0.5428647994995117,0,155,0.0,0.0,0.0,0.0,0.0,0.0,0.1,0.0064516129032258064,0.01111111111111111,XC960832,trokin,SNR_-5dB,-5,R3
0.5331935286521912,0,155,0.0,0.0,0.0,0.0,0.0,0.0,0.2,0.012903225806451613,0.041666666666666664,XC490064,trokin,SNR_-5dB,-5,R3
0.5366360545158386,0,155,0.0,0.0,0.0,0.2,0.0064516129032258064,0.04,0.1,0.0064516129032258064,0.02,XC282345,trokin,SNR_-5dB,-5,R3
