max_score,top1_match,total_relevant_in_gallery,P@1,R@1,AP@1,P@5,R@5,AP@5,P@10,R@10,AP@10,query_id,species_key,condition,snr_db,representation
0.992039680480957,0,171,0.0,0.0,0.0,0.0,0.0,0.0,0.2,0.011695906432748537,0.0325,XC1011212,coffal1,Clean,999,R0
0.9931313395500183,0,171,0.0,0.0,0.0,0.0,0.0,0.0,0.0,0.0,0.0,XC518849,coffal1,Clean,999,R0
0.9972985982894897,0,171,0.0,0.0,0.0,0.4,0.011695906432748537,0.2,0.4,0.023391812865497075,0.1775,XC640029,coffal1,Clean,999,R0
0.9960697889328003,0,171,0.0,0.0,0.0,0.0,0.0,0.0,0.0,0.0,0.0,XC238626,coffal1,Clean,999,R0
0.9922335147857666,0,171,0.0,0.0,0.0,0.0,0.0,0.0,0.0,0.0,0.0,XC580510,coffal1,Clean,999,R0
0.9944459795951843,0,171,0.0,0.0,0.0,0.2,0.005847953216374269,0.06666666666666667,0.1,0.005847953216374269,0.03333333333333333,XC841725,coffal1,Clean,999,R0
0.9956451654434204,0,171,0.0,0.0,0.0,0.6,0.017543859649122806,0.3833333333333333,0.3,0.017543859649122806,0.19166666666666665,XC909155,coffal1,Clean,999,R0
0.9939500093460083,0,171,0.0,0.0,0.0,0.2,0.005847953216374269,0.04,0.2,0.011695906432748537,0.042222222222222223,XC597587,coffal1,Clean,999,R0
0.9957820773124695,0,171,0.0,0.0,0.0,0.0,0.0,0.0,0.2,0.011695906432748537,0.041666666666666664,XC514068,coffal1,Clean,999,R0
1.0,1,171,1.0,0.005847953216374269,1.0,0.6,0.017543859649122806,0.42000000000000004,0.4,0.023391812865497075,0.26,XC915055,coffal1,Clean,999,R0
0.9949480891227722,0,221,0.0,0.0,0.0,0.2,0.004524886877828055,0.05,0.1,0.004524886877828055,0.025,XC504846,sobtyr1,Clean,999,R0
0.9960984587669373,0,221,0.0,0.0,0.0,0.0,0.0,0.0,0.1,0.004524886877828055,0.01111111111111111,XC764623,sobtyr1,Clean,999,R0
0.9976564645767212,0,221,0.0,0.0,0.0,0.0,0.0,0.0,0.0,0.0,0.0,XC653903,sobtyr1,Clean,999,R0
0.9959470629692078,1,221,1.0,0.004524886877828055,1.0,0.8,0.01809954751131222,0.76,0.5,0.02262443438914027,0.4425,XC176886,sobtyr1,Clean,999,R0
0.9966041445732117,0,221,0.0,0.0,0.0,0.0,0.0,0.0,0.0,0.0,0.0,XC580800,sobtyr1,Clean,999,R0
0.9964342713356018,0,221,0.0,0.0,0.0,0.2,0.004524886877828055,0.05,0.1,0.004524886877828055,0.025,XC763522,sobtyr1,Clean,999,R0
0.9938996434211731,0,221,0.0,0.0,0.0,0.0,0.0,0.0,0.0,0.0,0.0,XC612769,sobtyr1,Clean,999,R0
0.9958240389823914,0,221,0.0,0.0,0.0,0.0,0.0,0.0,0.0,0.0,0.0,XC135348,sobtyr1,Clean,999,R0
0.9922102093696594,0,221,0.0,0.0,0.0,0.0,0.0,0.0,0.0,0.0,0.0,XC1062368,sobtyr1,Clean,999,R0
0.9972037076950073,0,221,0.0,0.0,0.0,0.0,0.0,0.0,0.1,0.004524886877828055,0.01,XC653904,sobtyr1,Clean,999,R0
0.9860235452651978,0,223,0.0,0.0,0.0,0.0,0.0,0.0,0.0,0.0,0.0,XC348691,greant1,Clean,999,R0
0.9944773316383362,1,223,1.0,0.004484304932735426,1.0,0.8,0.017937219730941704,0.8,0.6,0.026905829596412557,0.5583333333333333,XC397818,greant1,Clean,999,R0
0.9933596253395081,1,223,1.0,0.004484304932735426,1.0,0.2,0.004484304932735426,0.2,0.2,0.008968609865470852,0.13333333333333333,XC50033,greant1,Clean,999,R0
0.9932295083999634,0,223,0.0,0.0,0.0,0.2,0.004484304932735426,0.1,0.2,0.008968609865470852,0.07857142857142857,XC388556,greant1,Clean,999,R0
0.9869853258132935,1,223,1.0,0.004484304932735426,1.0,0.6,0.013452914798206279,0.52,0.7,0.03139013452914798,0.5508730158730158,XC433819,greant1,Clean,999,R0
0.9878556728363037,1,223,1.0,0.004484304932735426,1.0,0.2,0.004484304932735426,0.2,0.1,0.004484304932735426,0.1,XC123928,greant1,Clean,999,R0
0.9945744872093201,0,223,0.0,0.0,0.0,0.4,0.008968609865470852,0.18,0.3,0.013452914798206279,0.12333333333333334,XC489684,greant1,Clean,999,R0
0.9908640384674072,1,223,1.0,0.004484304932735426,1.0,0.2,0.004484304932735426,0.2,0.3,0.013452914798206279,0.16190476190476188,XC452472,greant1,Clean,999,R0
0.9969466924667358,0,223,0.0,0.0,0.0,0.0,0.0,0.0,0.0,0.0,0.0,XC616309,greant1,Clean,999,R0
0.991569995880127,1,223,1.0,0.004484304932735426,1.0,0.4,0.008968609865470852,0.4,0.3,0.013452914798206279,0.24285714285714283,XC118887,greant1,Clean,999,R0
0.9900007247924805,0,231,0.0,0.0,0.0,0.2,0.004329004329004329,0.05,0.1,0.004329004329004329,0.025,XC294719,squcuc1,Clean,999,R0
0.9961316585540771,1,231,1.0,0.004329004329004329,1.0,0.4,0.008658008658008658,0.3,0.4,0.017316017316017316,0.24,XC294724,squcuc1,Clean,999,R0
0.9897462725639343,0,231,0.0,0.0,0.0,0.2,0.004329004329004329,0.05,0.3,0.012987012987012988,0.07722222222222222,XC940505,squcuc1,Clean,999,R0
0.9859379529953003,0,231,0.0,0.0,0.0,0.0,0.0,0.0,0.0,0.0,0.0,XC216157,squcuc1,Clean,999,R0
0.9920486807823181,0,231,0.0,0.0,0.0,0.0,0.0,0.0,0.2,0.008658008658008658,0.03666666666666667,XC549930,squcuc1,Clean,999,R0
0.9983451962471008,1,231,1.0,0.004329004329004329,1.0,0.2,0.004329004329004329,0.2,0.5,0.021645021645021644,0.28174603174603174,XC549933,squcuc1,Clean,999,R0
0.9960786700248718,0,231,0.0,0.0,0.0,0.2,0.004329004329004329,0.04,0.1,0.004329004329004329,0.02,XC549936,squcuc1,Clean,999,R0
0.9953689575195312,0,231,0.0,0.0,0.0,0.0,0.0,0.0,0.0,0.0,0.0,XC247099,squcuc1,Clean,999,R0
0.9984723329544067,0,231,0.0,0.0,0.0,0.0,0.0,0.0,0.0,0.0,0.0,XC246934,squcuc1,Clean,999,R0
0.9933472871780396,0,231,0.0,0.0,0.0,0.0,0.0,0.0,0.0,0.0,0.0,XC656889,squcuc1,Clean,999,R0
0.9966417551040649,0,159,0.0,0.0,0.0,0.4,0.012578616352201259,0.14666666666666667,0.3,0.018867924528301886,0.11619047619047618,XC299640,roahaw,Clean,999,R0
0.9928330779075623,0,159,0.0,0.0,0.0,0.2,0.006289308176100629,0.05,0.1,0.006289308176100629,0.025,XC372463,roahaw,Clean,999,R0
0.9965912103652954,0,159,0.0,0.0,0.0,0.2,0.006289308176100629,0.1,0.1,0.006289308176100629,0.05,XC288830,roahaw,Clean,999,R0
0.9974905252456665,1,159,1.0,0.006289308176100629,1.0,0.6,0.018867924528301886,0.52,0.4,0.025157232704402517,0.3,XC129438,roahaw,Clean,999,R0
0.9916707277297974,0,159,0.0,0.0,0.0,0.0,0.0,0.0,0.0,0.0,0.0,XC772769,roahaw,Clean,999,R0
0.9935098886489868,0,159,0.0,0.0,0.0,0.2,0.006289308176100629,0.1,0.2,0.012578616352201259,0.07857142857142857,XC716349,roahaw,Clean,999,R0
0.9955291152000427,0,159,0.0,0.0,0.0,0.0,0.0,0.0,0.2,0.012578616352201259,0.04523809523809523,XC340156,roahaw,Clean,999,R0
0.9980106949806213,0,159,0.0,0.0,0.0,0.0,0.0,0.0,0.1,0.006289308176100629,0.0125,XC680705,roahaw,Clean,999,R0
0.9971916675567627,0,159,0.0,0.0,0.0,0.0,0.0,0.0,0.0,0.0,0.0,XC235156,roahaw,Clean,999,R0
0.9933927059173584,0,159,0.0,0.0,0.0,0.0,0.0,0.0,0.1,0.006289308176100629,0.0125,XC19527,roahaw,Clean,999,R0
0.9925829172134399,0,165,0.0,0.0,0.0,0.0,0.0,0.0,0.0,0.0,0.0,XC738930,trsowl,Clean,999,R0
0.9922663569450378,0,165,0.0,0.0,0.0,0.2,0.006060606060606061,0.1,0.2,0.012121212121212121,0.075,XC428741,trsowl,Clean,999,R0
0.9895564913749695,0,165,0.0,0.0,0.0,0.2,0.006060606060606061,0.06666666666666667,0.1,0.006060606060606061,0.03333333333333333,XC597121,trsowl,Clean,999,R0
0.9952559471130371,0,165,0.0,0.0,0.0,0.0,0.0,0.0,0.1,0.006060606060606061,0.014285714285714285,XC549975,trsowl,Clean,999,R0
0.9934179186820984,0,165,0.0,0.0,0.0,0.0,0.0,0.0,0.1,0.006060606060606061,0.0125,XC135491,trsowl,Clean,999,R0
0.9808447360992432,0,165,0.0,0.0,0.0,0.2,0.006060606060606061,0.1,0.1,0.006060606060606061,0.05,XC572606,trsowl,Clean,999,R0
0.9899905323982239,0,165,0.0,0.0,0.0,0.2,0.006060606060606061,0.06666666666666667,0.1,0.006060606060606061,0.03333333333333333,XC236394,trsowl,Clean,999,R0
0.9959836006164551,0,165,0.0,0.0,0.0,0.2,0.006060606060606061,0.04,0.1,0.006060606060606061,0.02,XC447808,trsowl,Clean,999,R0
0.9879699945449829,0,165,0.0,0.0,0.0,0.2,0.006060606060606061,0.04,0.1,0.006060606060606061,0.02,XC619067,trsowl,Clean,999,R0
0.9903820753097534,1,165,1.0,0.006060606060606061,1.0,0.4,0.012121212121212121,0.27999999999999997,0.3,0.01818181818181818,0.1775,XC730130,trsowl,Clean,999,R0
0.9951556921005249,0,203,0.0,0.0,0.0,0.2,0.0049261083743842365,0.05,0.4,0.019704433497536946,0.13583333333333333,XC756928,banana,Clean,999,R0
0.9913075566291809,1,203,1.0,0.0049261083743842365,1.0,0.6,0.014778325123152709,0.55,0.7,0.034482758620689655,0.5313095238095238,XC190593,banana,Clean,999,R0
0.9960171580314636,0,203,0.0,0.0,0.0,0.0,0.0,0.0,0.0,0.0,0.0,XC247112,banana,Clean,999,R0
0.9946627020835876,0,203,0.0,0.0,0.0,0.0,0.0,0.0,0.1,0.0049261083743842365,0.01111111111111111,XC561261,banana,Clean,999,R0
0.9950942993164062,0,203,0.0,0.0,0.0,0.2,0.0049261083743842365,0.1,0.4,0.019704433497536946,0.16083333333333333,XC127164,banana,Clean,999,R0
0.9948195815086365,1,203,1.0,0.0049261083743842365,1.0,0.4,0.009852216748768473,0.27999999999999997,0.2,0.009852216748768473,0.13999999999999999,XC169559,banana,Clean,999,R0
0.9971752762794495,1,203,1.0,0.0049261083743842365,1.0,0.8,0.019704433497536946,0.76,0.6,0.029556650246305417,0.5233333333333332,XC241562,banana,Clean,999,R0
0.9926319718360901,0,203,0.0,0.0,0.0,0.6,0.014778325123152709,0.35333333333333333,0.6,0.029556650246305417,0.36583333333333334,XC924739,banana,Clean,999,R0
0.9952471852302551,0,203,0.0,0.0,0.0,0.0,0.0,0.0,0.1,0.0049261083743842365,0.0125,XC541448,banana,Clean,999,R0
0.9970096349716187,0,203,0.0,0.0,0.0,0.4,0.009852216748768473,0.2,0.2,0.009852216748768473,0.1,XC215467,banana,Clean,999,R0
0.9950116872787476,0,181,0.0,0.0,0.0,0.0,0.0,0.0,0.1,0.0055248618784530384,0.0125,XC29087,baffal1,Clean,999,R0
0.9937542676925659,0,181,0.0,0.0,0.0,0.2,0.0055248618784530384,0.06666666666666667,0.2,0.011049723756906077,0.05333333333333333,XC29088,baffal1,Clean,999,R0
0.9944847822189331,0,181,0.0,0.0,0.0,0.2,0.0055248618784530384,0.06666666666666667,0.3,0.016574585635359115,0.09666666666666665,XC235886,baffal1,Clean,999,R0
0.9942381381988525,0,181,0.0,0.0,0.0,0.2,0.0055248618784530384,0.06666666666666667,0.3,0.016574585635359115,0.08555555555555557,XC437953,baffal1,Clean,999,R0
0.9971919059753418,1,181,1.0,0.0055248618784530384,1.0,0.6,0.016574585635359115,0.4533333333333333,0.6,0.03314917127071823,0.40888888888888886,XC192816,baffal1,Clean,999,R0
0.9952949285507202,1,181,1.0,0.0055248618784530384,1.0,0.6,0.016574585635359115,0.6,0.4,0.022099447513812154,0.3571428571428571,XC666482,baffal1,Clean,999,R0
0.9955506324768066,1,181,1.0,0.0055248618784530384,1.0,0.4,0.011049723756906077,0.27999999999999997,0.4,0.022099447513812154,0.24,XC727672,baffal1,Clean,999,R0
0.996494472026825,0,181,0.0,0.0,0.0,0.0,0.0,0.0,0.1,0.0055248618784530384,0.0125,XC745799,baffal1,Clean,999,R0
0.9899025559425354,0,181,0.0,0.0,0.0,0.4,0.011049723756906077,0.13,0.3,0.016574585635359115,0.10785714285714285,XC546400,baffal1,Clean,999,R0
0.9975360035896301,1,181,1.0,0.0055248618784530384,1.0,0.6,0.016574585635359115,0.4833333333333333,0.7,0.03867403314917127,0.5075000000000001,XC192815,baffal1,Clean,999,R0
0.9945273399353027,1,137,1.0,0.0072992700729927005,1.0,0.8,0.029197080291970802,0.76,0.4,0.029197080291970802,0.38,XC539586,soulap1,Clean,999,R0
0.9953292012214661,1,137,1.0,0.0072992700729927005,1.0,0.8,0.029197080291970802,0.6433333333333333,0.7,0.051094890510948905,0.55,XC9046,soulap1,Clean,999,R0
0.989355742931366,0,137,0.0,0.0,0.0,0.0,0.0,0.0,0.0,0.0,0.0,XC562682,soulap1,Clean,999,R0
0.9936599135398865,1,137,1.0,0.0072992700729927005,1.0,0.2,0.0072992700729927005,0.2,0.4,0.029197080291970802,0.22063492063492066,XC51500,soulap1,Clean,999,R0
0.9937515258789062,1,137,1.0,0.0072992700729927005,1.0,0.8,0.029197080291970802,0.8,0.7,0.051094890510948905,0.6080952380952381,XC428133,soulap1,Clean,999,R0
0.9901878833770752,1,137,1.0,0.0072992700729927005,1.0,0.8,0.029197080291970802,0.8,0.7,0.051094890510948905,0.6361111111111112,XC47141,soulap1,Clean,999,R0
0.9887508749961853,0,137,0.0,0.0,0.0,0.0,0.0,0.0,0.1,0.0072992700729927005,0.0125,XC861228,soulap1,Clean,999,R0
0.993870735168457,1,137,1.0,0.0072992700729927005,1.0,0.6,0.021897810218978103,0.55,0.6,0.043795620437956206,0.45464285714285707,XC549503,soulap1,Clean,999,R0
0.9944748878479004,1,137,1.0,0.0072992700729927005,1.0,0.2,0.0072992700729927005,0.2,0.2,0.014598540145985401,0.13333333333333333,XC16003,soulap1,Clean,999,R0
0.9967309236526489,1,137,1.0,0.0072992700729927005,1.0,0.8,0.029197080291970802,0.8,0.6,0.043795620437956206,0.5314285714285714,XC48574,soulap1,Clean,999,R0
0.99750155210495,0,154,0.0,0.0,0.0,0.0,0.0,0.0,0.0,0.0,0.0,XC340516,strcuc1,Clean,999,R0
0.9959335923194885,0,154,0.0,0.0,0.0,0.0,0.0,0.0,0.0,0.0,0.0,XC340515,strcuc1,Clean,999,R0
0.9936115145683289,1,154,1.0,0.006493506493506494,1.0,0.6,0.01948051948051948,0.55,0.3,0.01948051948051948,0.275,XC173304,strcuc1,Clean,999,R0
0.9973350167274475,1,154,1.0,0.006493506493506494,1.0,0.4,0.012987012987012988,0.3333333333333333,0.4,0.025974025974025976,0.26666666666666666,XC114965,strcuc1,Clean,999,R0
0.9945276379585266,0,154,0.0,0.0,0.0,0.2,0.006493506493506494,0.1,0.2,0.012987012987012988,0.08333333333333333,XC349929,strcuc1,Clean,999,R0
0.9948074817657471,0,154,0.0,0.0,0.0,0.6,0.01948051948051948,0.3833333333333333,0.5,0.032467532467532464,0.3208333333333333,XC836228,strcuc1,Clean,999,R0
0.9975545406341553,0,154,0.0,0.0,0.0,0.2,0.006493506493506494,0.05,0.3,0.01948051948051948,0.09166666666666665,XC508606,strcuc1,Clean,999,R0
0.9957126975059509,0,154,0.0,0.0,0.0,0.0,0.0,0.0,0.0,0.0,0.0,XC593146,strcuc1,Clean,999,R0
0.9979565143585205,0,154,0.0,0.0,0.0,0.2,0.006493506493506494,0.05,0.1,0.006493506493506494,0.025,XC240034,strcuc1,Clean,999,R0
0.9952808022499084,0,154,0.0,0.0,0.0,0.0,0.0,0.0,0.0,0.0,0.0,XC114160,strcuc1,Clean,999,R0
0.9974424839019775,0,125,0.0,0.0,0.0,0.0,0.0,0.0,0.0,0.0,0.0,XC993685,pabspi1,Clean,999,R0
0.9963066577911377,1,125,1.0,0.008,1.0,0.6,0.024,0.42000000000000004,0.5,0.04,0.33916666666666667,XC506225,pabspi1,Clean,999,R0
0.9974536895751953,1,125,1.0,0.008,1.0,0.6,0.024,0.6,0.4,0.032,0.3571428571428571,XC687712,pabspi1,Clean,999,R0
0.9973713159561157,1,125,1.0,0.008,1.0,0.6,0.024,0.55,0.5,0.04,0.4041666666666666,XC506234,pabspi1,Clean,999,R0
0.9962501525878906,0,125,0.0,0.0,0.0,0.0,0.0,0.0,0.0,0.0,0.0,XC452493,pabspi1,Clean,999,R0
0.9971033930778503,0,125,0.0,0.0,0.0,0.0,0.0,0.0,0.0,0.0,0.0,XC701947,pabspi1,Clean,999,R0
0.9950315952301025,0,125,0.0,0.0,0.0,0.0,0.0,0.0,0.0,0.0,0.0,XC701948,pabspi1,Clean,999,R0
0.991402804851532,0,125,0.0,0.0,0.0,0.0,0.0,0.0,0.0,0.0,0.0,XC236174,pabspi1,Clean,999,R0
0.995252251625061,0,125,0.0,0.0,0.0,0.4,0.016,0.2,0.2,0.016,0.1,XC391585,pabspi1,Clean,999,R0
0.994128942489624,0,125,0.0,0.0,0.0,0.4,0.016,0.14666666666666667,0.3,0.024,0.11083333333333334,XC236176,pabspi1,Clean,999,R0
0.9971449375152588,0,266,0.0,0.0,0.0,0.4,0.007518796992481203,0.16666666666666666,0.4,0.015037593984962405,0.17619047619047618,XC268594,yeofly1,Clean,999,R0
0.9960548877716064,0,266,0.0,0.0,0.0,0.6,0.011278195488721804,0.3833333333333333,0.6,0.022556390977443608,0.38749999999999996,XC361117,yeofly1,Clean,999,R0
0.9980011582374573,0,266,0.0,0.0,0.0,0.4,0.007518796992481203,0.18,0.5,0.018796992481203006,0.23841269841269846,XC250157,yeofly1,Clean,999,R0
0.9964836835861206,0,266,0.0,0.0,0.0,0.0,0.0,0.0,0.0,0.0,0.0,XC46766,yeofly1,Clean,999,R0
0.9961937665939331,0,266,0.0,0.0,0.0,0.2,0.0037593984962406013,0.1,0.2,0.007518796992481203,0.06999999999999999,XC1031972,yeofly1,Clean,999,R0
0.997313916683197,1,266,1.0,0.0037593984962406013,1.0,0.4,0.007518796992481203,0.3333333333333333,0.4,0.015037593984962405,0.24,XC187210,yeofly1,Clean,999,R0
0.9946638941764832,0,266,0.0,0.0,0.0,0.0,0.0,0.0,0.0,0.0,0.0,XC512409,yeofly1,Clean,999,R0
0.9972481727600098,0,266,0.0,0.0,0.0,0.6,0.011278195488721804,0.35333333333333333,0.5,0.018796992481203006,0.3058333333333333,XC611913,yeofly1,Clean,999,R0
0.9969491958618164,0,266,0.0,0.0,0.0,0.2,0.0037593984962406013,0.06666666666666667,0.3,0.011278195488721804,0.08555555555555557,XC268592,yeofly1,Clean,999,R0
0.9971133470535278,1,266,1.0,0.0037593984962406013,1.0,0.2,0.0037593984962406013,0.2,0.1,0.0037593984962406013,0.1,XC583955,yeofly1,Clean,999,R0
0.9907388091087341,0,141,0.0,0.0,0.0,0.0,0.0,0.0,0.0,0.0,0.0,XC192979,gycwor1,Clean,999,R0
0.9949934482574463,0,141,0.0,0.0,0.0,0.0,0.0,0.0,0.1,0.0070921985815602835,0.016666666666666666,XC483682,gycwor1,Clean,999,R0
0.9946783781051636,0,141,0.0,0.0,0.0,0.2,0.0070921985815602835,0.05,0.1,0.0070921985815602835,0.025,XC772156,gycwor1,Clean,999,R0
0.9959100484848022,0,141,0.0,0.0,0.0,0.0,0.0,0.0,0.0,0.0,0.0,XC501765,gycwor1,Clean,999,R0
0.9871406555175781,1,141,1.0,0.0070921985815602835,1.0,0.8,0.028368794326241134,0.8,0.7,0.04964539007092199,0.6164285714285714,XC1012395,gycwor1,Clean,999,R0
0.9939873218536377,1,141,1.0,0.0070921985815602835,1.0,0.2,0.0070921985815602835,0.2,0.3,0.02127659574468085,0.16607142857142856,XC843813,gycwor1,Clean,999,R0
0.9950591325759888,1,141,1.0,0.0070921985815602835,1.0,1.0,0.03546099290780142,1.0,0.7,0.04964539007092199,0.6777777777777778,XC216181,gycwor1,Clean,999,R0
0.9944894313812256,0,141,0.0,0.0,0.0,0.4,0.014184397163120567,0.18,0.3,0.02127659574468085,0.12333333333333334,XC352281,gycwor1,Clean,999,R0
0.9930638670921326,0,141,0.0,0.0,0.0,0.0,0.0,0.0,0.1,0.0070921985815602835,0.0125,XC335167,gycwor1,Clean,999,R0
0.9956371784210205,0,141,0.0,0.0,0.0,0.0,0.0,0.0,0.1,0.0070921985815602835,0.01,XC197443,gycwor1,Clean,999,R0
0.9958785176277161,0,142,0.0,0.0,0.0,0.0,0.0,0.0,0.0,0.0,0.0,XC254120,compau,Clean,999,R0
0.982089102268219,1,142,1.0,0.007042253521126761,1.0,0.4,0.014084507042253521,0.3,0.2,0.014084507042253521,0.15,XC225326,compau,Clean,999,R0
0.9942787885665894,0,142,0.0,0.0,0.0,0.2,0.007042253521126761,0.04,0.1,0.007042253521126761,0.02,XC236447,compau,Clean,999,R0
0.9927716851234436,0,142,0.0,0.0,0.0,0.2,0.007042253521126761,0.1,0.1,0.007042253521126761,0.05,XC311012,compau,Clean,999,R0
0.9908416271209717,0,142,0.0,0.0,0.0,0.0,0.0,0.0,0.1,0.007042253521126761,0.014285714285714285,XC285306,compau,Clean,999,R0
0.9919252395629883,0,142,0.0,0.0,0.0,0.0,0.0,0.0,0.2,0.014084507042253521,0.03888888888888888,XC592920,compau,Clean,999,R0
0.9879576563835144,0,142,0.0,0.0,0.0,0.0,0.0,0.0,0.0,0.0,0.0,XC221567,compau,Clean,999,R0
0.9931262135505676,0,142,0.0,0.0,0.0,0.0,0.0,0.0,0.0,0.0,0.0,XC630102,compau,Clean,999,R0
0.9960352778434753,0,142,0.0,0.0,0.0,0.0,0.0,0.0,0.0,0.0,0.0,XC427477,compau,Clean,999,R0
0.9885997772216797,0,142,0.0,0.0,0.0,0.0,0.0,0.0,0.0,0.0,0.0,XC943093,compau,Clean,999,R0
0.9939659237861633,1,198,1.0,0.005050505050505051,1.0,0.6,0.015151515151515152,0.55,0.3,0.015151515151515152,0.275,XC433820,barant1,Clean,999,R0
0.99046391248703,0,198,0.0,0.0,0.0,0.2,0.005050505050505051,0.06666666666666667,0.4,0.020202020202020204,0.14384920634920634,XC459559,barant1,Clean,999,R0
0.9965877532958984,0,198,0.0,0.0,0.0,0.2,0.005050505050505051,0.1,0.2,0.010101010101010102,0.075,XC732448,barant1,Clean,999,R0
0.9933730959892273,1,198,1.0,0.005050505050505051,1.0,0.6,0.015151515151515152,0.4833333333333333,0.4,0.020202020202020204,0.2816666666666666,XC716450,barant1,Clean,999,R0
0.9937558770179749,1,198,1.0,0.005050505050505051,1.0,0.4,0.010101010101010102,0.4,0.4,0.020202020202020204,0.28194444444444444,XC354908,barant1,Clean,999,R0
0.9973946213722229,0,198,0.0,0.0,0.0,0.0,0.0,0.0,0.1,0.005050505050505051,0.014285714285714285,XC428067,barant1,Clean,999,R0
0.9892303347587585,0,198,0.0,0.0,0.0,0.0,0.0,0.0,0.0,0.0,0.0,XC685458,barant1,Clean,999,R0
0.9971277117729187,1,198,1.0,0.005050505050505051,1.0,0.6,0.015151515151515152,0.4533333333333333,0.4,0.020202020202020204,0.27666666666666667,XC676256,barant1,Clean,999,R0
0.9954114556312561,0,198,0.0,0.0,0.0,0.2,0.005050505050505051,0.06666666666666667,0.2,0.010101010101010102,0.06666666666666667,XC443189,barant1,Clean,999,R0
0.996967077255249,1,198,1.0,0.005050505050505051,1.0,0.6,0.015151515151515152,0.42000000000000004,0.5,0.025252525252525252,0.3296428571428571,XC752776,barant1,Clean,999,R0
0.9973966479301453,0,201,0.0,0.0,0.0,0.0,0.0,0.0,0.0,0.0,0.0,XC695270,pirfly1,Clean,999,R0
0.9946256875991821,0,201,0.0,0.0,0.0,0.0,0.0,0.0,0.0,0.0,0.0,XC199153,pirfly1,Clean,999,R0
0.9939122200012207,0,201,0.0,0.0,0.0,0.2,0.004975124378109453,0.06666666666666667,0.1,0.004975124378109453,0.03333333333333333,XC575453,pirfly1,Clean,999,R0
0.9973708987236023,0,201,0.0,0.0,0.0,0.0,0.0,0.0,0.1,0.004975124378109453,0.014285714285714285,XC199221,pirfly1,Clean,999,R0
0.996658444404602,0,201,0.0,0.0,0.0,0.0,0.0,0.0,0.0,0.0,0.0,XC1050422,pirfly1,Clean,999,R0
0.9957540035247803,1,201,1.0,0.004975124378109453,1.0,0.4,0.009950248756218905,0.4,0.3,0.014925373134328358,0.24285714285714283,XC249521,pirfly1,Clean,999,R0
0.9906105995178223,0,201,0.0,0.0,0.0,0.2,0.004975124378109453,0.06666666666666667,0.2,0.009950248756218905,0.06190476190476191,XC249067,pirfly1,Clean,999,R0
0.9856588244438171,1,201,1.0,0.004975124378109453,1.0,0.2,0.004975124378109453,0.2,0.1,0.004975124378109453,0.1,XC249418,pirfly1,Clean,999,R0
0.995115339756012,0,201,0.0,0.0,0.0,0.4,0.009950248756218905,0.18,0.2,0.009950248756218905,0.09,XC249520,pirfly1,Clean,999,R0
0.9981065392494202,1,201,1.0,0.004975124378109453,1.0,0.2,0.004975124378109453,0.2,0.3,0.014925373134328358,0.15833333333333333,XC764117,pirfly1,Clean,999,R0
0.9908677339553833,0,184,0.0,0.0,0.0,0.0,0.0,0.0,0.0,0.0,0.0,XC174648,linwoo1,Clean,999,R0
0.9959008097648621,0,184,0.0,0.0,0.0,0.0,0.0,0.0,0.0,0.0,0.0,XC550450,linwoo1,Clean,999,R0
0.9933556318283081,0,184,0.0,0.0,0.0,0.0,0.0,0.0,0.0,0.0,0.0,XC550448,linwoo1,Clean,999,R0
0.9956672191619873,0,184,0.0,0.0,0.0,0.0,0.0,0.0,0.0,0.0,0.0,XC379497,linwoo1,Clean,999,R0
0.9939383864402771,0,184,0.0,0.0,0.0,0.0,0.0,0.0,0.0,0.0,0.0,XC732161,linwoo1,Clean,999,R0
0.994905948638916,0,184,0.0,0.0,0.0,0.0,0.0,0.0,0.0,0.0,0.0,XC261880,linwoo1,Clean,999,R0
0.9960720539093018,0,184,0.0,0.0,0.0,0.0,0.0,0.0,0.1,0.005434782608695652,0.01,XC250796,linwoo1,Clean,999,R0
0.9968509078025818,0,184,0.0,0.0,0.0,0.0,0.0,0.0,0.0,0.0,0.0,XC542823,linwoo1,Clean,999,R0
0.9919368028640747,0,184,0.0,0.0,0.0,0.0,0.0,0.0,0.2,0.010869565217391304,0.03888888888888888,XC688346,linwoo1,Clean,999,R0
0.9857898950576782,1,184,1.0,0.005434782608695652,1.0,0.4,0.010869565217391304,0.27999999999999997,0.3,0.016304347826086956,0.16999999999999998,XC197473,linwoo1,Clean,999,R0
0.9945659041404724,0,192,0.0,0.0,0.0,0.2,0.005208333333333333,0.06666666666666667,0.1,0.005208333333333333,0.03333333333333333,XC238416,whtdov,Clean,999,R0
0.9935684204101562,0,192,0.0,0.0,0.0,0.0,0.0,0.0,0.0,0.0,0.0,XC235857,whtdov,Clean,999,R0
0.9975759983062744,1,192,1.0,0.005208333333333333,1.0,0.4,0.010416666666666666,0.3,0.4,0.020833333333333332,0.24285714285714288,XC238417,whtdov,Clean,999,R0
0.9976070523262024,1,192,1.0,0.005208333333333333,1.0,0.8,0.020833333333333332,0.8,0.8,0.041666666666666664,0.7042063492063492,XC294701,whtdov,Clean,999,R0
0.9986544251441956,0,192,0.0,0.0,0.0,0.2,0.005208333333333333,0.1,0.4,0.020833333333333332,0.17063492063492064,XC388552,whtdov,Clean,999,R0
0.9879776239395142,1,192,1.0,0.005208333333333333,1.0,0.4,0.010416666666666666,0.3,0.3,0.015625,0.1875,XC538235,whtdov,Clean,999,R0
0.9965202212333679,0,192,0.0,0.0,0.0,0.0,0.0,0.0,0.0,0.0,0.0,XC716476,whtdov,Clean,999,R0
0.9965078234672546,1,192,1.0,0.005208333333333333,1.0,0.6,0.015625,0.6,0.5,0.026041666666666668,0.4,XC147509,whtdov,Clean,999,R0
0.9982885122299194,1,192,1.0,0.005208333333333333,1.0,1.0,0.026041666666666668,1.0,1.0,0.052083333333333336,1.0,XC277692,whtdov,Clean,999,R0
0.9966949224472046,0,192,0.0,0.0,0.0,0.2,0.005208333333333333,0.06666666666666667,0.4,0.020833333333333332,0.1595238095238095,XC833664,whtdov,Clean,999,R0
0.9957000017166138,0,204,0.0,0.0,0.0,0.2,0.004901960784313725,0.1,0.1,0.004901960784313725,0.05,XC469159,bobfly1,Clean,999,R0
0.9928931593894958,0,204,0.0,0.0,0.0,0.6,0.014705882352941176,0.35333333333333333,0.3,0.014705882352941176,0.17666666666666667,XC578500,bobfly1,Clean,999,R0
0.9906676411628723,0,204,0.0,0.0,0.0,0.6,0.014705882352941176,0.35333333333333333,0.6,0.029411764705882353,0.3493650793650793,XC545844,bobfly1,Clean,999,R0
0.9952542185783386,0,204,0.0,0.0,0.0,0.4,0.00980392156862745,0.13,0.4,0.0196078431372549,0.16499999999999998,XC427567,bobfly1,Clean,999,R0
0.9930046796798706,0,204,0.0,0.0,0.0,0.4,0.00980392156862745,0.16666666666666666,0.4,0.0196078431372549,0.18333333333333332,XC583946,bobfly1,Clean,999,R0
0.9936135411262512,0,204,0.0,0.0,0.0,0.6,0.014705882352941176,0.32,0.5,0.024509803921568627,0.2980952380952381,XC235872,bobfly1,Clean,999,R0
0.9949171543121338,0,204,0.0,0.0,0.0,0.4,0.00980392156862745,0.14666666666666667,0.4,0.0196078431372549,0.16333333333333333,XC427566,bobfly1,Clean,999,R0
0.9942110180854797,0,204,0.0,0.0,0.0,0.0,0.0,0.0,0.0,0.0,0.0,XC356904,bobfly1,Clean,999,R0
0.9952513575553894,0,204,0.0,0.0,0.0,0.0,0.0,0.0,0.0,0.0,0.0,XC841763,bobfly1,Clean,999,R0
0.9952043294906616,0,204,0.0,0.0,0.0,0.0,0.0,0.0,0.0,0.0,0.0,XC666481,bobfly1,Clean,999,R0
0.9983714818954468,1,155,1.0,0.0064516129032258064,1.0,0.4,0.012903225806451613,0.4,0.4,0.025806451612903226,0.27749999999999997,XC944466,trokin,Clean,999,R0
0.9930927753448486,0,155,0.0,0.0,0.0,0.0,0.0,0.0,0.0,0.0,0.0,XC556661,trokin,Clean,999,R0
0.9975676536560059,0,155,0.0,0.0,0.0,0.0,0.0,0.0,0.0,0.0,0.0,XC131763,trokin,Clean,999,R0
0.9974727630615234,1,155,1.0,0.0064516129032258064,1.0,0.6,0.01935483870967742,0.4833333333333333,0.5,0.03225806451612903,0.37976190476190474,XC282322,trokin,Clean,999,R0
0.9961612820625305,0,155,0.0,0.0,0.0,0.0,0.0,0.0,0.0,0.0,0.0,XC287873,trokin,Clean,999,R0
0.9984773993492126,1,155,1.0,0.0064516129032258064,1.0,0.8,0.025806451612903226,0.71,0.6,0.03870967741935484,0.49833333333333324,XC944467,trokin,Clean,999,R0
0.9971648454666138,0,155,0.0,0.0,0.0,0.0,0.0,0.0,0.0,0.0,0.0,XC690960,trokin,Clean,999,R0
0.9969278573989868,0,155,0.0,0.0,0.0,0.0,0.0,0.0,0.0,0.0,0.0,XC960832,trokin,Clean,999,R0
0.9937971234321594,0,155,0.0,0.0,0.0,0.0,0.0,0.0,0.0,0.0,0.0,XC490064,trokin,Clean,999,R0
0.9948807954788208,0,155,0.0,0.0,0.0,0.0,0.0,0.0,0.0,0.0,0.0,XC282345,trokin,Clean,999,R0
0.988196074962616,0,171,0.0,0.0,0.0,0.0,0.0,0.0,0.1,0.005847953216374269,0.01,XC1011212,coffal1,SNR_20dB,20,R0
0.9938042759895325,0,171,0.0,0.0,0.0,0.0,0.0,0.0,0.0,0.0,0.0,XC518849,coffal1,SNR_20dB,20,R0
0.9967772364616394,0,171,0.0,0.0,0.0,0.2,0.005847953216374269,0.05,0.2,0.011695906432748537,0.05357142857142857,XC640029,coffal1,SNR_20dB,20,R0
0.9946112036705017,0,171,0.0,0.0,0.0,0.2,0.005847953216374269,0.05,0.1,0.005847953216374269,0.025,XC238626,coffal1,SNR_20dB,20,R0
0.9912516474723816,0,171,0.0,0.0,0.0,0.0,0.0,0.0,0.0,0.0,0.0,XC580510,coffal1,SNR_20dB,20,R0
0.9941829442977905,0,171,0.0,0.0,0.0,0.2,0.005847953216374269,0.06666666666666667,0.1,0.005847953216374269,0.03333333333333333,XC841725,coffal1,SNR_20dB,20,R0
0.9958651065826416,1,171,1.0,0.005847953216374269,1.0,0.4,0.011695906432748537,0.3333333333333333,0.2,0.011695906432748537,0.16666666666666666,XC909155,coffal1,SNR_20dB,20,R0
0.9936785101890564,0,171,0.0,0.0,0.0,0.0,0.0,0.0,0.0,0.0,0.0,XC597587,coffal1,SNR_20dB,20,R0
0.9957550764083862,0,171,0.0,0.0,0.0,0.4,0.011695906432748537,0.16666666666666666,0.2,0.011695906432748537,0.08333333333333333,XC514068,coffal1,SNR_20dB,20,R0
0.9971902370452881,1,171,1.0,0.005847953216374269,1.0,0.8,0.023391812865497075,0.8,0.5,0.029239766081871343,0.45555555555555555,XC915055,coffal1,SNR_20dB,20,R0
0.9947981238365173,0,221,0.0,0.0,0.0,0.2,0.004524886877828055,0.05,0.1,0.004524886877828055,0.025,XC504846,sobtyr1,SNR_20dB,20,R0
0.9967924356460571,0,221,0.0,0.0,0.0,0.0,0.0,0.0,0.0,0.0,0.0,XC764623,sobtyr1,SNR_20dB,20,R0
0.9958651661872864,0,221,0.0,0.0,0.0,0.0,0.0,0.0,0.1,0.004524886877828055,0.0125,XC653903,sobtyr1,SNR_20dB,20,R0
0.9947842955589294,0,221,0.0,0.0,0.0,0.0,0.0,0.0,0.0,0.0,0.0,XC176886,sobtyr1,SNR_20dB,20,R0
0.9966922402381897,0,221,0.0,0.0,0.0,0.0,0.0,0.0,0.0,0.0,0.0,XC580800,sobtyr1,SNR_20dB,20,R0
0.9930099844932556,0,221,0.0,0.0,0.0,0.0,0.0,0.0,0.1,0.004524886877828055,0.016666666666666666,XC763522,sobtyr1,SNR_20dB,20,R0
0.9939813613891602,0,221,0.0,0.0,0.0,0.0,0.0,0.0,0.0,0.0,0.0,XC612769,sobtyr1,SNR_20dB,20,R0
0.9943612217903137,0,221,0.0,0.0,0.0,0.0,0.0,0.0,0.0,0.0,0.0,XC135348,sobtyr1,SNR_20dB,20,R0
0.9896950721740723,0,221,0.0,0.0,0.0,0.0,0.0,0.0,0.0,0.0,0.0,XC1062368,sobtyr1,SNR_20dB,20,R0
0.9974117875099182,0,221,0.0,0.0,0.0,0.2,0.004524886877828055,0.06666666666666667,0.2,0.00904977375565611,0.05555555555555556,XC653904,sobtyr1,SNR_20dB,20,R0
0.9848003387451172,0,223,0.0,0.0,0.0,0.0,0.0,0.0,0.0,0.0,0.0,XC348691,greant1,SNR_20dB,20,R0
0.9956990480422974,1,223,1.0,0.004484304932735426,1.0,0.6,0.013452914798206279,0.6,0.5,0.02242152466367713,0.4291666666666666,XC397818,greant1,SNR_20dB,20,R0
0.9830613732337952,1,223,1.0,0.004484304932735426,1.0,0.6,0.013452914798206279,0.4833333333333333,0.6,0.026905829596412557,0.4072222222222222,XC50033,greant1,SNR_20dB,20,R0
0.9923520088195801,0,223,0.0,0.0,0.0,0.4,0.008968609865470852,0.18,0.3,0.013452914798206279,0.13285714285714284,XC388556,greant1,SNR_20dB,20,R0
0.9886365532875061,1,223,1.0,0.004484304932735426,1.0,0.8,0.017937219730941704,0.71,0.9,0.04035874439461883,0.790436507936508,XC433819,greant1,SNR_20dB,20,R0
0.9896517992019653,1,223,1.0,0.004484304932735426,1.0,0.2,0.004484304932735426,0.2,0.1,0.004484304932735426,0.1,XC123928,greant1,SNR_20dB,20,R0
0.9939976334571838,0,223,0.0,0.0,0.0,0.2,0.004484304932735426,0.06666666666666667,0.2,0.008968609865470852,0.05555555555555556,XC489684,greant1,SNR_20dB,20,R0
0.9911908507347107,0,223,0.0,0.0,0.0,0.2,0.004484304932735426,0.05,0.4,0.017937219730941704,0.1269047619047619,XC452472,greant1,SNR_20dB,20,R0
0.9962113499641418,0,223,0.0,0.0,0.0,0.0,0.0,0.0,0.0,0.0,0.0,XC616309,greant1,SNR_20dB,20,R0
0.9917596578598022,1,223,1.0,0.004484304932735426,1.0,0.4,0.008968609865470852,0.4,0.3,0.013452914798206279,0.25,XC118887,greant1,SNR_20dB,20,R0
0.9908548593521118,0,231,0.0,0.0,0.0,0.2,0.004329004329004329,0.1,0.1,0.004329004329004329,0.05,XC294719,squcuc1,SNR_20dB,20,R0
0.9941568970680237,1,231,1.0,0.004329004329004329,1.0,0.6,0.012987012987012988,0.4533333333333333,0.4,0.017316017316017316,0.27666666666666667,XC294724,squcuc1,SNR_20dB,20,R0
0.9837834239006042,1,231,1.0,0.004329004329004329,1.0,0.4,0.008658008658008658,0.3,0.2,0.008658008658008658,0.15,XC940505,squcuc1,SNR_20dB,20,R0
0.9872795343399048,0,231,0.0,0.0,0.0,0.0,0.0,0.0,0.0,0.0,0.0,XC216157,squcuc1,SNR_20dB,20,R0
0.9920969009399414,1,231,1.0,0.004329004329004329,1.0,0.4,0.008658008658008658,0.3333333333333333,0.3,0.012987012987012988,0.19999999999999998,XC549930,squcuc1,SNR_20dB,20,R0
0.9975370168685913,0,231,0.0,0.0,0.0,0.4,0.008658008658008658,0.2333333333333333,0.2,0.008658008658008658,0.11666666666666665,XC549933,squcuc1,SNR_20dB,20,R0
0.9959883689880371,0,231,0.0,0.0,0.0,0.0,0.0,0.0,0.1,0.004329004329004329,0.01111111111111111,XC549936,squcuc1,SNR_20dB,20,R0
0.9946590662002563,0,231,0.0,0.0,0.0,0.0,0.0,0.0,0.0,0.0,0.0,XC247099,squcuc1,SNR_20dB,20,R0
0.998511791229248,0,231,0.0,0.0,0.0,0.0,0.0,0.0,0.0,0.0,0.0,XC246934,squcuc1,SNR_20dB,20,R0
0.9925560355186462,0,231,0.0,0.0,0.0,0.0,0.0,0.0,0.0,0.0,0.0,XC656889,squcuc1,SNR_20dB,20,R0
0.9945619702339172,0,159,0.0,0.0,0.0,0.2,0.006289308176100629,0.05,0.1,0.006289308176100629,0.025,XC299640,roahaw,SNR_20dB,20,R0
0.9927201271057129,0,159,0.0,0.0,0.0,0.0,0.0,0.0,0.1,0.006289308176100629,0.01111111111111111,XC372463,roahaw,SNR_20dB,20,R0
0.9963672161102295,0,159,0.0,0.0,0.0,0.2,0.006289308176100629,0.05,0.1,0.006289308176100629,0.025,XC288830,roahaw,SNR_20dB,20,R0
0.9953703880310059,0,159,0.0,0.0,0.0,0.4,0.012578616352201259,0.13,0.4,0.025157232704402517,0.13833333333333334,XC129438,roahaw,SNR_20dB,20,R0
0.9930065870285034,0,159,0.0,0.0,0.0,0.4,0.012578616352201259,0.16666666666666666,0.3,0.018867924528301886,0.11333333333333333,XC772769,roahaw,SNR_20dB,20,R0
0.9936158657073975,1,159,1.0,0.006289308176100629,1.0,0.4,0.012578616352201259,0.4,0.3,0.018867924528301886,0.23333333333333334,XC716349,roahaw,SNR_20dB,20,R0
0.9949639439582825,0,159,0.0,0.0,0.0,0.0,0.0,0.0,0.0,0.0,0.0,XC340156,roahaw,SNR_20dB,20,R0
0.9964008331298828,0,159,0.0,0.0,0.0,0.0,0.0,0.0,0.1,0.006289308176100629,0.0125,XC680705,roahaw,SNR_20dB,20,R0
0.9961586594581604,0,159,0.0,0.0,0.0,0.0,0.0,0.0,0.0,0.0,0.0,XC235156,roahaw,SNR_20dB,20,R0
0.9910245537757874,0,159,0.0,0.0,0.0,0.0,0.0,0.0,0.0,0.0,0.0,XC19527,roahaw,SNR_20dB,20,R0
0.9948213696479797,0,165,0.0,0.0,0.0,0.0,0.0,0.0,0.0,0.0,0.0,XC738930,trsowl,SNR_20dB,20,R0
0.9919875264167786,1,165,1.0,0.006060606060606061,1.0,0.4,0.012121212121212121,0.27999999999999997,0.3,0.01818181818181818,0.1775,XC428741,trsowl,SNR_20dB,20,R0
0.9903589487075806,0,165,0.0,0.0,0.0,0.2,0.006060606060606061,0.1,0.1,0.006060606060606061,0.05,XC597121,trsowl,SNR_20dB,20,R0
0.9947505593299866,0,165,0.0,0.0,0.0,0.0,0.0,0.0,0.0,0.0,0.0,XC549975,trsowl,SNR_20dB,20,R0
0.9920341372489929,0,165,0.0,0.0,0.0,0.2,0.006060606060606061,0.06666666666666667,0.1,0.006060606060606061,0.03333333333333333,XC135491,trsowl,SNR_20dB,20,R0
0.9853781461715698,0,165,0.0,0.0,0.0,0.0,0.0,0.0,0.0,0.0,0.0,XC572606,trsowl,SNR_20dB,20,R0
0.9838178157806396,1,165,1.0,0.006060606060606061,1.0,0.2,0.006060606060606061,0.2,0.1,0.006060606060606061,0.1,XC236394,trsowl,SNR_20dB,20,R0
0.9932300448417664,0,165,0.0,0.0,0.0,0.2,0.006060606060606061,0.06666666666666667,0.2,0.012121212121212121,0.05333333333333333,XC447808,trsowl,SNR_20dB,20,R0
0.9920536875724792,0,165,0.0,0.0,0.0,0.0,0.0,0.0,0.0,0.0,0.0,XC619067,trsowl,SNR_20dB,20,R0
0.9854698777198792,1,165,1.0,0.006060606060606061,1.0,0.6,0.01818181818181818,0.55,0.3,0.01818181818181818,0.275,XC730130,trsowl,SNR_20dB,20,R0
0.9941490292549133,0,203,0.0,0.0,0.0,0.6,0.014778325123152709,0.35333333333333333,0.4,0.019704433497536946,0.22666666666666666,XC756928,banana,SNR_20dB,20,R0
0.9932246208190918,0,203,0.0,0.0,0.0,0.6,0.014778325123152709,0.2866666666666666,0.7,0.034482758620689655,0.42642857142857143,XC190593,banana,SNR_20dB,20,R0
0.9960514307022095,0,203,0.0,0.0,0.0,0.0,0.0,0.0,0.0,0.0,0.0,XC247112,banana,SNR_20dB,20,R0
0.9927850961685181,0,203,0.0,0.0,0.0,0.2,0.0049261083743842365,0.05,0.2,0.009852216748768473,0.05,XC561261,banana,SNR_20dB,20,R0
0.995391845703125,1,203,1.0,0.0049261083743842365,1.0,0.6,0.014778325123152709,0.4533333333333333,0.4,0.019704433497536946,0.27111111111111114,XC127164,banana,SNR_20dB,20,R0
0.994757890701294,1,203,1.0,0.0049261083743842365,1.0,0.4,0.009852216748768473,0.4,0.2,0.009852216748768473,0.2,XC169559,banana,SNR_20dB,20,R0
0.99688321352005,0,203,0.0,0.0,0.0,0.4,0.009852216748768473,0.2333333333333333,0.5,0.024630541871921183,0.26111111111111107,XC241562,banana,SNR_20dB,20,R0
0.9928815960884094,0,203,0.0,0.0,0.0,0.6,0.014778325123152709,0.35333333333333333,0.5,0.024630541871921183,0.31476190476190474,XC924739,banana,SNR_20dB,20,R0
0.9938228726387024,0,203,0.0,0.0,0.0,0.0,0.0,0.0,0.1,0.0049261083743842365,0.016666666666666666,XC541448,banana,SNR_20dB,20,R0
0.9958357810974121,0,203,0.0,0.0,0.0,0.2,0.0049261083743842365,0.1,0.2,0.009852216748768473,0.06999999999999999,XC215467,banana,SNR_20dB,20,R0
0.9947262406349182,0,181,0.0,0.0,0.0,0.0,0.0,0.0,0.0,0.0,0.0,XC29087,baffal1,SNR_20dB,20,R0
0.9950955510139465,0,181,0.0,0.0,0.0,0.2,0.0055248618784530384,0.04,0.1,0.0055248618784530384,0.02,XC29088,baffal1,SNR_20dB,20,R0
0.9940390586853027,0,181,0.0,0.0,0.0,0.0,0.0,0.0,0.1,0.0055248618784530384,0.01111111111111111,XC235886,baffal1,SNR_20dB,20,R0
0.9932922124862671,0,181,0.0,0.0,0.0,0.2,0.0055248618784530384,0.04,0.2,0.011049723756906077,0.05333333333333333,XC437953,baffal1,SNR_20dB,20,R0
0.995764970779419,1,181,1.0,0.0055248618784530384,1.0,0.4,0.011049723756906077,0.3,0.3,0.016574585635359115,0.1875,XC192816,baffal1,SNR_20dB,20,R0
0.9970623850822449,0,181,0.0,0.0,0.0,0.4,0.011049723756906077,0.2,0.4,0.022099447513812154,0.19285714285714287,XC666482,baffal1,SNR_20dB,20,R0
0.9950618147850037,0,181,0.0,0.0,0.0,0.4,0.011049723756906077,0.2333333333333333,0.3,0.016574585635359115,0.14999999999999997,XC727672,baffal1,SNR_20dB,20,R0
0.9964416027069092,0,181,0.0,0.0,0.0,0.2,0.0055248618784530384,0.06666666666666667,0.3,0.016574585635359115,0.1,XC745799,baffal1,SNR_20dB,20,R0
0.9903095960617065,0,181,0.0,0.0,0.0,0.0,0.0,0.0,0.2,0.011049723756906077,0.03888888888888888,XC546400,baffal1,SNR_20dB,20,R0
0.9955458641052246,1,181,1.0,0.0055248618784530384,1.0,0.8,0.022099447513812154,0.76,0.6,0.03314917127071823,0.5025,XC192815,baffal1,SNR_20dB,20,R0
0.9937375783920288,1,137,1.0,0.0072992700729927005,1.0,0.6,0.021897810218978103,0.6,0.7,0.051094890510948905,0.5747619047619048,XC539586,soulap1,SNR_20dB,20,R0
0.9951018691062927,1,137,1.0,0.0072992700729927005,1.0,0.6,0.021897810218978103,0.42000000000000004,0.5,0.0364963503649635,0.3480952380952381,XC9046,soulap1,SNR_20dB,20,R0
0.9883708953857422,0,137,0.0,0.0,0.0,0.0,0.0,0.0,0.0,0.0,0.0,XC562682,soulap1,SNR_20dB,20,R0
0.9893525242805481,1,137,1.0,0.0072992700729927005,1.0,0.8,0.029197080291970802,0.76,0.9,0.06569343065693431,0.815436507936508,XC51500,soulap1,SNR_20dB,20,R0
0.9936136603355408,1,137,1.0,0.0072992700729927005,1.0,0.8,0.029197080291970802,0.8,0.6,0.043795620437956206,0.5155555555555555,XC428133,soulap1,SNR_20dB,20,R0
0.9874342083930969,1,137,1.0,0.0072992700729927005,1.0,0.8,0.029197080291970802,0.8,0.6,0.043795620437956206,0.5433333333333332,XC47141,soulap1,SNR_20dB,20,R0
0.9819204211235046,0,137,0.0,0.0,0.0,0.0,0.0,0.0,0.0,0.0,0.0,XC861228,soulap1,SNR_20dB,20,R0
0.9931902289390564,1,137,1.0,0.0072992700729927005,1.0,0.6,0.021897810218978103,0.52,0.6,0.043795620437956206,0.45809523809523806,XC549503,soulap1,SNR_20dB,20,R0
0.995542049407959,0,137,0.0,0.0,0.0,0.4,0.014598540145985401,0.13,0.3,0.021897810218978103,0.10785714285714285,XC16003,soulap1,SNR_20dB,20,R0
0.9931885004043579,1,137,1.0,0.0072992700729927005,1.0,1.0,0.0364963503649635,1.0,0.7,0.051094890510948905,0.6366666666666667,XC48574,soulap1,SNR_20dB,20,R0
0.994884192943573,0,154,0.0,0.0,0.0,0.4,0.012987012987012988,0.18,0.3,0.01948051948051948,0.13999999999999999,XC340516,strcuc1,SNR_20dB,20,R0
0.99322909116745,0,154,0.0,0.0,0.0,0.0,0.0,0.0,0.1,0.006493506493506494,0.01111111111111111,XC340515,strcuc1,SNR_20dB,20,R0
0.9931850433349609,0,154,0.0,0.0,0.0,0.2,0.006493506493506494,0.06666666666666667,0.1,0.006493506493506494,0.03333333333333333,XC173304,strcuc1,SNR_20dB,20,R0
0.9969832301139832,0,154,0.0,0.0,0.0,0.0,0.0,0.0,0.2,0.012987012987012988,0.03888888888888888,XC114965,strcuc1,SNR_20dB,20,R0
0.9949072003364563,1,154,1.0,0.006493506493506494,1.0,0.2,0.006493506493506494,0.2,0.2,0.012987012987012988,0.12,XC349929,strcuc1,SNR_20dB,20,R0
0.9934162497520447,1,154,1.0,0.006493506493506494,1.0,0.4,0.012987012987012988,0.3,0.2,0.012987012987012988,0.15,XC836228,strcuc1,SNR_20dB,20,R0
0.9958470463752747,1,154,1.0,0.006493506493506494,1.0,0.2,0.006493506493506494,0.2,0.2,0.012987012987012988,0.125,XC508606,strcuc1,SNR_20dB,20,R0
0.9940292239189148,0,154,0.0,0.0,0.0,0.2,0.006493506493506494,0.1,0.1,0.006493506493506494,0.05,XC593146,strcuc1,SNR_20dB,20,R0
0.994381844997406,0,154,0.0,0.0,0.0,0.0,0.0,0.0,0.1,0.006493506493506494,0.0125,XC240034,strcuc1,SNR_20dB,20,R0
0.9952448010444641,0,154,0.0,0.0,0.0,0.0,0.0,0.0,0.0,0.0,0.0,XC114160,strcuc1,SNR_20dB,20,R0
0.9967742562294006,0,125,0.0,0.0,0.0,0.0,0.0,0.0,0.1,0.008,0.0125,XC993685,pabspi1,SNR_20dB,20,R0
0.9948413372039795,0,125,0.0,0.0,0.0,0.4,0.016,0.13,0.2,0.016,0.065,XC506225,pabspi1,SNR_20dB,20,R0
0.9962344169616699,1,125,1.0,0.008,1.0,1.0,0.04,1.0,0.5,0.04,0.5,XC687712,pabspi1,SNR_20dB,20,R0
0.9952092170715332,0,125,0.0,0.0,0.0,0.4,0.016,0.2333333333333333,0.4,0.032,0.22380952380952382,XC506234,pabspi1,SNR_20dB,20,R0
0.9949709177017212,0,125,0.0,0.0,0.0,0.0,0.0,0.0,0.0,0.0,0.0,XC452493,pabspi1,SNR_20dB,20,R0
0.9975674748420715,0,125,0.0,0.0,0.0,0.0,0.0,0.0,0.0,0.0,0.0,XC701947,pabspi1,SNR_20dB,20,R0
0.9938486218452454,1,125,1.0,0.008,1.0,0.2,0.008,0.2,0.1,0.008,0.1,XC701948,pabspi1,SNR_20dB,20,R0
0.9909970760345459,0,125,0.0,0.0,0.0,0.0,0.0,0.0,0.0,0.0,0.0,XC236174,pabspi1,SNR_20dB,20,R0
0.9932154417037964,0,125,0.0,0.0,0.0,0.2,0.008,0.06666666666666667,0.1,0.008,0.03333333333333333,XC391585,pabspi1,SNR_20dB,20,R0
0.994032621383667,0,125,0.0,0.0,0.0,0.0,0.0,0.0,0.0,0.0,0.0,XC236176,pabspi1,SNR_20dB,20,R0
0.9963812232017517,0,266,0.0,0.0,0.0,0.0,0.0,0.0,0.1,0.0037593984962406013,0.014285714285714285,XC268594,yeofly1,SNR_20dB,20,R0
0.9922352433204651,1,266,1.0,0.0037593984962406013,1.0,0.6,0.011278195488721804,0.6,0.3,0.011278195488721804,0.3,XC361117,yeofly1,SNR_20dB,20,R0
0.9979591369628906,0,266,0.0,0.0,0.0,0.2,0.0037593984962406013,0.05,0.4,0.015037593984962405,0.13583333333333333,XC250157,yeofly1,SNR_20dB,20,R0
0.9939180612564087,1,266,1.0,0.0037593984962406013,1.0,0.6,0.011278195488721804,0.4833333333333333,0.3,0.011278195488721804,0.24166666666666664,XC46766,yeofly1,SNR_20dB,20,R0
0.995490550994873,0,266,0.0,0.0,0.0,0.2,0.0037593984962406013,0.04,0.2,0.007518796992481203,0.045,XC1031972,yeofly1,SNR_20dB,20,R0
0.9955787658691406,1,266,1.0,0.0037593984962406013,1.0,0.6,0.011278195488721804,0.6,0.3,0.011278195488721804,0.3,XC187210,yeofly1,SNR_20dB,20,R0
0.9930066466331482,0,266,0.0,0.0,0.0,0.0,0.0,0.0,0.0,0.0,0.0,XC512409,yeofly1,SNR_20dB,20,R0
0.996588945388794,1,266,1.0,0.0037593984962406013,1.0,0.4,0.007518796992481203,0.3333333333333333,0.4,0.015037593984962405,0.26111111111111107,XC611913,yeofly1,SNR_20dB,20,R0
0.9968506097793579,0,266,0.0,0.0,0.0,0.4,0.007518796992481203,0.14666666666666667,0.4,0.015037593984962405,0.15083333333333332,XC268592,yeofly1,SNR_20dB,20,R0
0.9978437423706055,0,266,0.0,0.0,0.0,0.4,0.007518796992481203,0.2333333333333333,0.2,0.007518796992481203,0.11666666666666665,XC583955,yeofly1,SNR_20dB,20,R0
0.9906818866729736,0,141,0.0,0.0,0.0,0.0,0.0,0.0,0.0,0.0,0.0,XC192979,gycwor1,SNR_20dB,20,R0
0.9942458868026733,0,141,0.0,0.0,0.0,0.0,0.0,0.0,0.1,0.0070921985815602835,0.016666666666666666,XC483682,gycwor1,SNR_20dB,20,R0
0.9951826930046082,0,141,0.0,0.0,0.0,0.0,0.0,0.0,0.0,0.0,0.0,XC772156,gycwor1,SNR_20dB,20,R0
0.9932180643081665,0,141,0.0,0.0,0.0,0.0,0.0,0.0,0.1,0.0070921985815602835,0.014285714285714285,XC501765,gycwor1,SNR_20dB,20,R0
0.9857879877090454,1,141,1.0,0.0070921985815602835,1.0,0.4,0.014184397163120567,0.3333333333333333,0.5,0.03546099290780142,0.3095238095238095,XC1012395,gycwor1,SNR_20dB,20,R0
0.9913799166679382,1,141,1.0,0.0070921985815602835,1.0,0.2,0.0070921985815602835,0.2,0.3,0.02127659574468085,0.17083333333333334,XC843813,gycwor1,SNR_20dB,20,R0
0.9932080507278442,1,141,1.0,0.0070921985815602835,1.0,1.0,0.03546099290780142,1.0,0.8,0.05673758865248227,0.7675,XC216181,gycwor1,SNR_20dB,20,R0
0.9917752146720886,0,141,0.0,0.0,0.0,0.2,0.0070921985815602835,0.04,0.1,0.0070921985815602835,0.02,XC352281,gycwor1,SNR_20dB,20,R0
0.9935969114303589,0,141,0.0,0.0,0.0,0.0,0.0,0.0,0.1,0.0070921985815602835,0.014285714285714285,XC335167,gycwor1,SNR_20dB,20,R0
0.9937211275100708,0,141,0.0,0.0,0.0,0.0,0.0,0.0,0.0,0.0,0.0,XC197443,gycwor1,SNR_20dB,20,R0
0.9953708648681641,0,142,0.0,0.0,0.0,0.2,0.007042253521126761,0.05,0.1,0.007042253521126761,0.025,XC254120,compau,SNR_20dB,20,R0
0.9847617149353027,0,142,0.0,0.0,0.0,0.2,0.007042253521126761,0.04,0.1,0.007042253521126761,0.02,XC225326,compau,SNR_20dB,20,R0
0.9944891929626465,0,142,0.0,0.0,0.0,0.2,0.007042253521126761,0.1,0.3,0.02112676056338028,0.10500000000000001,XC236447,compau,SNR_20dB,20,R0
0.9935054779052734,0,142,0.0,0.0,0.0,0.2,0.007042253521126761,0.06666666666666667,0.1,0.007042253521126761,0.03333333333333333,XC311012,compau,SNR_20dB,20,R0
0.9898096323013306,1,142,1.0,0.007042253521126761,1.0,0.6,0.02112676056338028,0.6,0.4,0.028169014084507043,0.33999999999999997,XC285306,compau,SNR_20dB,20,R0
0.9922258257865906,0,142,0.0,0.0,0.0,0.4,0.014084507042253521,0.18,0.2,0.014084507042253521,0.09,XC592920,compau,SNR_20dB,20,R0
0.9908316135406494,1,142,1.0,0.007042253521126761,1.0,0.2,0.007042253521126761,0.2,0.1,0.007042253521126761,0.1,XC221567,compau,SNR_20dB,20,R0
0.9910064935684204,0,142,0.0,0.0,0.0,0.2,0.007042253521126761,0.1,0.1,0.007042253521126761,0.05,XC630102,compau,SNR_20dB,20,R0
0.994114875793457,0,142,0.0,0.0,0.0,0.2,0.007042253521126761,0.06666666666666667,0.1,0.007042253521126761,0.03333333333333333,XC427477,compau,SNR_20dB,20,R0
0.9886269569396973,0,142,0.0,0.0,0.0,0.0,0.0,0.0,0.0,0.0,0.0,XC943093,compau,SNR_20dB,20,R0
0.9917786717414856,1,198,1.0,0.005050505050505051,1.0,0.6,0.015151515151515152,0.4833333333333333,0.4,0.020202020202020204,0.2988095238095238,XC433820,barant1,SNR_20dB,20,R0
0.9900376200675964,0,198,0.0,0.0,0.0,0.4,0.010101010101010102,0.16666666666666666,0.5,0.025252525252525252,0.23888888888888887,XC459559,barant1,SNR_20dB,20,R0
0.9969345331192017,0,198,0.0,0.0,0.0,0.4,0.010101010101010102,0.2,0.3,0.015151515151515152,0.14285714285714285,XC732448,barant1,SNR_20dB,20,R0
0.9900804162025452,1,198,1.0,0.005050505050505051,1.0,0.6,0.015151515151515152,0.42000000000000004,0.5,0.025252525252525252,0.3155555555555556,XC716450,barant1,SNR_20dB,20,R0
0.9922593832015991,1,198,1.0,0.005050505050505051,1.0,0.4,0.010101010101010102,0.3333333333333333,0.3,0.015151515151515152,0.20416666666666666,XC354908,barant1,SNR_20dB,20,R0
0.9955729246139526,0,198,0.0,0.0,0.0,0.0,0.0,0.0,0.0,0.0,0.0,XC428067,barant1,SNR_20dB,20,R0
0.9911404252052307,0,198,0.0,0.0,0.0,0.0,0.0,0.0,0.0,0.0,0.0,XC685458,barant1,SNR_20dB,20,R0
0.9955624938011169,0,198,0.0,0.0,0.0,0.4,0.010101010101010102,0.14666666666666667,0.2,0.010101010101010102,0.07333333333333333,XC676256,barant1,SNR_20dB,20,R0
0.9944815635681152,0,198,0.0,0.0,0.0,0.4,0.010101010101010102,0.2,0.5,0.025252525252525252,0.2373015873015873,XC443189,barant1,SNR_20dB,20,R0
0.996694028377533,1,198,1.0,0.005050505050505051,1.0,0.4,0.010101010101010102,0.4,0.5,0.025252525252525252,0.34444444444444444,XC752776,barant1,SNR_20dB,20,R0
0.9963834881782532,0,201,0.0,0.0,0.0,0.0,0.0,0.0,0.1,0.004975124378109453,0.01111111111111111,XC695270,pirfly1,SNR_20dB,20,R0
0.9952532649040222,0,201,0.0,0.0,0.0,0.0,0.0,0.0,0.0,0.0,0.0,XC199153,pirfly1,SNR_20dB,20,R0
0.9934039115905762,0,201,0.0,0.0,0.0,0.2,0.004975124378109453,0.1,0.1,0.004975124378109453,0.05,XC575453,pirfly1,SNR_20dB,20,R0
0.996163547039032,0,201,0.0,0.0,0.0,0.0,0.0,0.0,0.2,0.009950248756218905,0.0325,XC199221,pirfly1,SNR_20dB,20,R0
0.9948350191116333,1,201,1.0,0.004975124378109453,1.0,0.4,0.009950248756218905,0.3,0.2,0.009950248756218905,0.15,XC1050422,pirfly1,SNR_20dB,20,R0
0.9955247640609741,1,201,1.0,0.004975124378109453,1.0,0.4,0.009950248756218905,0.4,0.2,0.009950248756218905,0.2,XC249521,pirfly1,SNR_20dB,20,R0
0.9917783737182617,1,201,1.0,0.004975124378109453,1.0,0.2,0.004975124378109453,0.2,0.1,0.004975124378109453,0.1,XC249067,pirfly1,SNR_20dB,20,R0
0.9855141639709473,1,201,1.0,0.004975124378109453,1.0,0.2,0.004975124378109453,0.2,0.2,0.009950248756218905,0.12,XC249418,pirfly1,SNR_20dB,20,R0
0.9950653314590454,0,201,0.0,0.0,0.0,0.0,0.0,0.0,0.0,0.0,0.0,XC249520,pirfly1,SNR_20dB,20,R0
0.9958243370056152,0,201,0.0,0.0,0.0,0.4,0.009950248756218905,0.2333333333333333,0.2,0.009950248756218905,0.11666666666666665,XC764117,pirfly1,SNR_20dB,20,R0
0.9902284741401672,0,184,0.0,0.0,0.0,0.0,0.0,0.0,0.1,0.005434782608695652,0.0125,XC174648,linwoo1,SNR_20dB,20,R0
0.9952743649482727,0,184,0.0,0.0,0.0,0.2,0.005434782608695652,0.05,0.1,0.005434782608695652,0.025,XC550450,linwoo1,SNR_20dB,20,R0
0.9927127361297607,0,184,0.0,0.0,0.0,0.0,0.0,0.0,0.0,0.0,0.0,XC550448,linwoo1,SNR_20dB,20,R0
0.9918954372406006,0,184,0.0,0.0,0.0,0.2,0.005434782608695652,0.05,0.1,0.005434782608695652,0.025,XC379497,linwoo1,SNR_20dB,20,R0
0.9920196533203125,0,184,0.0,0.0,0.0,0.6,0.016304347826086956,0.32,0.4,0.021739130434782608,0.21714285714285714,XC732161,linwoo1,SNR_20dB,20,R0
0.9950065016746521,0,184,0.0,0.0,0.0,0.0,0.0,0.0,0.0,0.0,0.0,XC261880,linwoo1,SNR_20dB,20,R0
0.9952830672264099,0,184,0.0,0.0,0.0,0.0,0.0,0.0,0.0,0.0,0.0,XC250796,linwoo1,SNR_20dB,20,R0
0.9963659048080444,0,184,0.0,0.0,0.0,0.0,0.0,0.0,0.0,0.0,0.0,XC542823,linwoo1,SNR_20dB,20,R0
0.9920104742050171,0,184,0.0,0.0,0.0,0.2,0.005434782608695652,0.04,0.2,0.010869565217391304,0.05333333333333333,XC688346,linwoo1,SNR_20dB,20,R0
0.988207221031189,0,184,0.0,0.0,0.0,0.2,0.005434782608695652,0.05,0.2,0.010869565217391304,0.05357142857142857,XC197473,linwoo1,SNR_20dB,20,R0
0.9946146011352539,0,192,0.0,0.0,0.0,0.2,0.005208333333333333,0.06666666666666667,0.1,0.005208333333333333,0.03333333333333333,XC238416,whtdov,SNR_20dB,20,R0
0.9931395053863525,0,192,0.0,0.0,0.0,0.0,0.0,0.0,0.0,0.0,0.0,XC235857,whtdov,SNR_20dB,20,R0
0.9952875971794128,0,192,0.0,0.0,0.0,0.4,0.010416666666666666,0.2333333333333333,0.4,0.020833333333333332,0.20396825396825397,XC238417,whtdov,SNR_20dB,20,R0
0.9969603419303894,1,192,1.0,0.005208333333333333,1.0,0.4,0.010416666666666666,0.4,0.5,0.026041666666666668,0.3484126984126984,XC294701,whtdov,SNR_20dB,20,R0
0.9984296560287476,0,192,0.0,0.0,0.0,0.4,0.010416666666666666,0.14666666666666667,0.3,0.015625,0.10666666666666666,XC388552,whtdov,SNR_20dB,20,R0
0.9896219372749329,0,192,0.0,0.0,0.0,0.2,0.005208333333333333,0.06666666666666667,0.4,0.020833333333333332,0.14384920634920634,XC538235,whtdov,SNR_20dB,20,R0
0.9957082271575928,0,192,0.0,0.0,0.0,0.0,0.0,0.0,0.0,0.0,0.0,XC716476,whtdov,SNR_20dB,20,R0
0.9946487545967102,0,192,0.0,0.0,0.0,0.2,0.005208333333333333,0.06666666666666667,0.2,0.010416666666666666,0.06666666666666667,XC147509,whtdov,SNR_20dB,20,R0
0.9899949431419373,0,192,0.0,0.0,0.0,0.6,0.015625,0.2866666666666666,0.5,0.026041666666666668,0.25999999999999995,XC277692,whtdov,SNR_20dB,20,R0
0.9958531856536865,0,192,0.0,0.0,0.0,0.4,0.010416666666666666,0.14666666666666667,0.5,0.026041666666666668,0.23603174603174604,XC833664,whtdov,SNR_20dB,20,R0
0.9945709109306335,0,204,0.0,0.0,0.0,0.2,0.004901960784313725,0.04,0.1,0.004901960784313725,0.02,XC469159,bobfly1,SNR_20dB,20,R0
0.9925876259803772,1,204,1.0,0.004901960784313725,1.0,0.6,0.014705882352941176,0.55,0.3,0.014705882352941176,0.275,XC578500,bobfly1,SNR_20dB,20,R0
0.9916301965713501,1,204,1.0,0.004901960784313725,1.0,0.6,0.014705882352941176,0.4833333333333333,0.5,0.024509803921568627,0.3613095238095238,XC545844,bobfly1,SNR_20dB,20,R0
0.9963927268981934,0,204,0.0,0.0,0.0,0.2,0.004901960784313725,0.1,0.3,0.014705882352941176,0.10222222222222221,XC427567,bobfly1,SNR_20dB,20,R0
0.9922435283660889,1,204,1.0,0.004901960784313725,1.0,0.6,0.014705882352941176,0.42000000000000004,0.4,0.0196078431372549,0.25,XC583946,bobfly1,SNR_20dB,20,R0
0.9938273429870605,0,204,0.0,0.0,0.0,0.4,0.00980392156862745,0.2,0.5,0.024509803921568627,0.23194444444444445,XC235872,bobfly1,SNR_20dB,20,R0
0.994268000125885,1,204,1.0,0.004901960784313725,1.0,0.6,0.014705882352941176,0.55,0.4,0.0196078431372549,0.3194444444444445,XC427566,bobfly1,SNR_20dB,20,R0
0.993996798992157,0,204,0.0,0.0,0.0,0.2,0.004901960784313725,0.05,0.3,0.014705882352941176,0.08,XC356904,bobfly1,SNR_20dB,20,R0
0.9953441023826599,0,204,0.0,0.0,0.0,0.0,0.0,0.0,0.1,0.004901960784313725,0.01,XC841763,bobfly1,SNR_20dB,20,R0
0.9970571398735046,0,204,0.0,0.0,0.0,0.0,0.0,0.0,0.0,0.0,0.0,XC666481,bobfly1,SNR_20dB,20,R0
0.9965536594390869,0,155,0.0,0.0,0.0,0.0,0.0,0.0,0.0,0.0,0.0,XC944466,trokin,SNR_20dB,20,R0
0.9939131140708923,1,155,1.0,0.0064516129032258064,1.0,0.4,0.012903225806451613,0.3,0.2,0.012903225806451613,0.15,XC556661,trokin,SNR_20dB,20,R0
0.9959107041358948,0,155,0.0,0.0,0.0,0.0,0.0,0.0,0.0,0.0,0.0,XC131763,trokin,SNR_20dB,20,R0
0.9951378703117371,1,155,1.0,0.0064516129032258064,1.0,1.0,0.03225806451612903,1.0,0.6,0.03870967741935484,0.5666666666666667,XC282322,trokin,SNR_20dB,20,R0
0.9943355321884155,0,155,0.0,0.0,0.0,0.0,0.0,0.0,0.0,0.0,0.0,XC287873,trokin,SNR_20dB,20,R0
0.9986717700958252,1,155,1.0,0.0064516129032258064,1.0,0.8,0.025806451612903226,0.71,0.5,0.03225806451612903,0.42642857142857143,XC944467,trokin,SNR_20dB,20,R0
0.9973104000091553,0,155,0.0,0.0,0.0,0.0,0.0,0.0,0.0,0.0,0.0,XC690960,trokin,SNR_20dB,20,R0
0.9889322519302368,0,155,0.0,0.0,0.0,0.0,0.0,0.0,0.0,0.0,0.0,XC960832,trokin,SNR_20dB,20,R0
0.992569625377655,0,155,0.0,0.0,0.0,0.0,0.0,0.0,0.0,0.0,0.0,XC490064,trokin,SNR_20dB,20,R0
0.994358241558075,0,155,0.0,0.0,0.0,0.0,0.0,0.0,0.0,0.0,0.0,XC282345,trokin,SNR_20dB,20,R0
0.9872090220451355,0,171,0.0,0.0,0.0,0.0,0.0,0.0,0.1,0.005847953216374269,0.014285714285714285,XC1011212,coffal1,SNR_10dB,10,R0
0.9918291568756104,0,171,0.0,0.0,0.0,0.0,0.0,0.0,0.0,0.0,0.0,XC518849,coffal1,SNR_10dB,10,R0
0.9933099150657654,0,171,0.0,0.0,0.0,0.0,0.0,0.0,0.3,0.017543859649122806,0.07166666666666666,XC640029,coffal1,SNR_10dB,10,R0
0.9919038414955139,0,171,0.0,0.0,0.0,0.0,0.0,0.0,0.1,0.005847953216374269,0.01111111111111111,XC238626,coffal1,SNR_10dB,10,R0
0.9932612180709839,0,171,0.0,0.0,0.0,0.0,0.0,0.0,0.0,0.0,0.0,XC580510,coffal1,SNR_10dB,10,R0
0.98973548412323,0,171,0.0,0.0,0.0,0.0,0.0,0.0,0.0,0.0,0.0,XC841725,coffal1,SNR_10dB,10,R0
0.9935098886489868,0,171,0.0,0.0,0.0,0.2,0.005847953216374269,0.1,0.2,0.011695906432748537,0.075,XC909155,coffal1,SNR_10dB,10,R0
0.9915240406990051,0,171,0.0,0.0,0.0,0.2,0.005847953216374269,0.1,0.2,0.011695906432748537,0.08333333333333333,XC597587,coffal1,SNR_10dB,10,R0
0.9932692050933838,1,171,1.0,0.005847953216374269,1.0,0.2,0.005847953216374269,0.2,0.1,0.005847953216374269,0.1,XC514068,coffal1,SNR_10dB,10,R0
0.9955659508705139,1,171,1.0,0.005847953216374269,1.0,0.6,0.017543859649122806,0.6,0.5,0.029239766081871343,0.4291666666666666,XC915055,coffal1,SNR_10dB,10,R0
0.9940316677093506,0,221,0.0,0.0,0.0,0.0,0.0,0.0,0.1,0.004524886877828055,0.016666666666666666,XC504846,sobtyr1,SNR_10dB,10,R0
0.9946303963661194,0,221,0.0,0.0,0.0,0.2,0.004524886877828055,0.04,0.1,0.004524886877828055,0.02,XC764623,sobtyr1,SNR_10dB,10,R0
0.9955459237098694,0,221,0.0,0.0,0.0,0.0,0.0,0.0,0.0,0.0,0.0,XC653903,sobtyr1,SNR_10dB,10,R0
0.9925961494445801,0,221,0.0,0.0,0.0,0.0,0.0,0.0,0.0,0.0,0.0,XC176886,sobtyr1,SNR_10dB,10,R0
0.995147705078125,0,221,0.0,0.0,0.0,0.0,0.0,0.0,0.0,0.0,0.0,XC580800,sobtyr1,SNR_10dB,10,R0
0.9869486093521118,0,221,0.0,0.0,0.0,0.0,0.0,0.0,0.1,0.004524886877828055,0.0125,XC763522,sobtyr1,SNR_10dB,10,R0
0.9935905337333679,0,221,0.0,0.0,0.0,0.0,0.0,0.0,0.0,0.0,0.0,XC612769,sobtyr1,SNR_10dB,10,R0
0.9914483428001404,0,221,0.0,0.0,0.0,0.0,0.0,0.0,0.0,0.0,0.0,XC135348,sobtyr1,SNR_10dB,10,R0
0.9893790483474731,0,221,0.0,0.0,0.0,0.0,0.0,0.0,0.0,0.0,0.0,XC1062368,sobtyr1,SNR_10dB,10,R0
0.9956462383270264,0,221,0.0,0.0,0.0,0.2,0.004524886877828055,0.05,0.1,0.004524886877828055,0.025,XC653904,sobtyr1,SNR_10dB,10,R0
0.9805034399032593,0,223,0.0,0.0,0.0,0.2,0.004484304932735426,0.04,0.1,0.004484304932735426,0.02,XC348691,greant1,SNR_10dB,10,R0
0.9931222200393677,1,223,1.0,0.004484304932735426,1.0,0.4,0.008968609865470852,0.3333333333333333,0.2,0.008968609865470852,0.16666666666666666,XC397818,greant1,SNR_10dB,10,R0
0.9747083783149719,0,223,0.0,0.0,0.0,0.4,0.008968609865470852,0.18,0.3,0.013452914798206279,0.12333333333333334,XC50033,greant1,SNR_10dB,10,R0
0.9939223527908325,0,223,0.0,0.0,0.0,0.0,0.0,0.0,0.0,0.0,0.0,XC388556,greant1,SNR_10dB,10,R0
0.984941303730011,1,223,1.0,0.004484304932735426,1.0,0.8,0.017937219730941704,0.76,0.7,0.03139013452914798,0.6190476190476191,XC433819,greant1,SNR_10dB,10,R0
0.9871742129325867,1,223,1.0,0.004484304932735426,1.0,0.2,0.004484304932735426,0.2,0.2,0.008968609865470852,0.13333333333333333,XC123928,greant1,SNR_10dB,10,R0
0.9907683730125427,0,223,0.0,0.0,0.0,0.2,0.004484304932735426,0.05,0.1,0.004484304932735426,0.025,XC489684,greant1,SNR_10dB,10,R0
0.9910292625427246,1,223,1.0,0.004484304932735426,1.0,0.4,0.008968609865470852,0.3333333333333333,0.3,0.013452914798206279,0.2095238095238095,XC452472,greant1,SNR_10dB,10,R0
0.9955231547355652,0,223,0.0,0.0,0.0,0.0,0.0,0.0,0.0,0.0,0.0,XC616309,greant1,SNR_10dB,10,R0
0.9904555678367615,1,223,1.0,0.004484304932735426,1.0,0.6,0.013452914798206279,0.6,0.4,0.017937219730941704,0.35,XC118887,greant1,SNR_10dB,10,R0
0.9918171167373657,0,231,0.0,0.0,0.0,0.2,0.004329004329004329,0.1,0.1,0.004329004329004329,0.05,XC294719,squcuc1,SNR_10dB,10,R0
0.9912272691726685,0,231,0.0,0.0,0.0,0.0,0.0,0.0,0.1,0.004329004329004329,0.01,XC294724,squcuc1,SNR_10dB,10,R0
0.9811165928840637,0,231,0.0,0.0,0.0,0.0,0.0,0.0,0.1,0.004329004329004329,0.0125,XC940505,squcuc1,SNR_10dB,10,R0
0.9887032508850098,0,231,0.0,0.0,0.0,0.0,0.0,0.0,0.0,0.0,0.0,XC216157,squcuc1,SNR_10dB,10,R0
0.9903432130813599,0,231,0.0,0.0,0.0,0.4,0.008658008658008658,0.16666666666666666,0.2,0.008658008658008658,0.08333333333333333,XC549930,squcuc1,SNR_10dB,10,R0
0.9962197542190552,1,231,1.0,0.004329004329004329,1.0,0.2,0.004329004329004329,0.2,0.2,0.008658008658008658,0.12,XC549933,squcuc1,SNR_10dB,10,R0
0.9909728765487671,0,231,0.0,0.0,0.0,0.2,0.004329004329004329,0.05,0.3,0.012987012987012988,0.08833333333333333,XC549936,squcuc1,SNR_10dB,10,R0
0.9924536943435669,0,231,0.0,0.0,0.0,0.0,0.0,0.0,0.0,0.0,0.0,XC247099,squcuc1,SNR_10dB,10,R0
0.9975868463516235,0,231,0.0,0.0,0.0,0.0,0.0,0.0,0.0,0.0,0.0,XC246934,squcuc1,SNR_10dB,10,R0
0.9916684031486511,0,231,0.0,0.0,0.0,0.0,0.0,0.0,0.1,0.004329004329004329,0.0125,XC656889,squcuc1,SNR_10dB,10,R0
0.9905601739883423,0,159,0.0,0.0,0.0,0.0,0.0,0.0,0.0,0.0,0.0,XC299640,roahaw,SNR_10dB,10,R0
0.9910826683044434,0,159,0.0,0.0,0.0,0.0,0.0,0.0,0.0,0.0,0.0,XC372463,roahaw,SNR_10dB,10,R0
0.99668949842453,0,159,0.0,0.0,0.0,0.0,0.0,0.0,0.0,0.0,0.0,XC288830,roahaw,SNR_10dB,10,R0
0.9907397031784058,0,159,0.0,0.0,0.0,0.2,0.006289308176100629,0.05,0.1,0.006289308176100629,0.025,XC129438,roahaw,SNR_10dB,10,R0
0.9904552698135376,0,159,0.0,0.0,0.0,0.2,0.006289308176100629,0.1,0.2,0.012578616352201259,0.075,XC772769,roahaw,SNR_10dB,10,R0
0.9938094019889832,0,159,0.0,0.0,0.0,0.2,0.006289308176100629,0.1,0.2,0.012578616352201259,0.07857142857142857,XC716349,roahaw,SNR_10dB,10,R0
0.9930045008659363,0,159,0.0,0.0,0.0,0.0,0.0,0.0,0.0,0.0,0.0,XC340156,roahaw,SNR_10dB,10,R0
0.9943925738334656,0,159,0.0,0.0,0.0,0.0,0.0,0.0,0.1,0.006289308176100629,0.016666666666666666,XC680705,roahaw,SNR_10dB,10,R0
0.9930406212806702,0,159,0.0,0.0,0.0,0.0,0.0,0.0,0.0,0.0,0.0,XC235156,roahaw,SNR_10dB,10,R0
0.9883352518081665,0,159,0.0,0.0,0.0,0.0,0.0,0.0,0.0,0.0,0.0,XC19527,roahaw,SNR_10dB,10,R0
0.9946123361587524,0,165,0.0,0.0,0.0,0.0,0.0,0.0,0.0,0.0,0.0,XC738930,trsowl,SNR_10dB,10,R0
0.9872305393218994,0,165,0.0,0.0,0.0,0.4,0.012121212121212121,0.16666666666666666,0.2,0.012121212121212121,0.08333333333333333,XC428741,trsowl,SNR_10dB,10,R0
0.9859848618507385,0,165,0.0,0.0,0.0,0.0,0.0,0.0,0.1,0.006060606060606061,0.0125,XC597121,trsowl,SNR_10dB,10,R0
0.9909813404083252,0,165,0.0,0.0,0.0,0.0,0.0,0.0,0.0,0.0,0.0,XC549975,trsowl,SNR_10dB,10,R0
0.9931925535202026,0,165,0.0,0.0,0.0,0.0,0.0,0.0,0.0,0.0,0.0,XC135491,trsowl,SNR_10dB,10,R0
0.9835365414619446,0,165,0.0,0.0,0.0,0.0,0.0,0.0,0.0,0.0,0.0,XC572606,trsowl,SNR_10dB,10,R0
0.984905481338501,1,165,1.0,0.006060606060606061,1.0,0.2,0.006060606060606061,0.2,0.1,0.006060606060606061,0.1,XC236394,trsowl,SNR_10dB,10,R0
0.988086998462677,1,165,1.0,0.006060606060606061,1.0,0.2,0.006060606060606061,0.2,0.2,0.012121212121212121,0.12222222222222223,XC447808,trsowl,SNR_10dB,10,R0
0.9909076690673828,0,165,0.0,0.0,0.0,0.0,0.0,0.0,0.1,0.006060606060606061,0.016666666666666666,XC619067,trsowl,SNR_10dB,10,R0
0.9770100116729736,0,165,0.0,0.0,0.0,0.0,0.0,0.0,0.1,0.006060606060606061,0.016666666666666666,XC730130,trsowl,SNR_10dB,10,R0
0.9908183813095093,0,203,0.0,0.0,0.0,0.0,0.0,0.0,0.2,0.009852216748768473,0.0325,XC756928,banana,SNR_10dB,10,R0
0.9896127581596375,0,203,0.0,0.0,0.0,0.2,0.0049261083743842365,0.1,0.2,0.009852216748768473,0.07222222222222222,XC190593,banana,SNR_10dB,10,R0
0.9953798055648804,0,203,0.0,0.0,0.0,0.0,0.0,0.0,0.1,0.0049261083743842365,0.016666666666666666,XC247112,banana,SNR_10dB,10,R0
0.9951906204223633,1,203,1.0,0.0049261083743842365,1.0,0.6,0.014778325123152709,0.4833333333333333,0.5,0.024630541871921183,0.3613095238095238,XC561261,banana,SNR_10dB,10,R0
0.9945196509361267,1,203,1.0,0.0049261083743842365,1.0,0.4,0.009852216748768473,0.4,0.3,0.014778325123152709,0.2375,XC127164,banana,SNR_10dB,10,R0
0.9943572282791138,1,203,1.0,0.0049261083743842365,1.0,0.4,0.009852216748768473,0.3333333333333333,0.3,0.014778325123152709,0.2095238095238095,XC169559,banana,SNR_10dB,10,R0
0.9927533268928528,0,203,0.0,0.0,0.0,0.2,0.0049261083743842365,0.05,0.2,0.009852216748768473,0.04722222222222222,XC241562,banana,SNR_10dB,10,R0
0.990102231502533,0,203,0.0,0.0,0.0,0.0,0.0,0.0,0.1,0.0049261083743842365,0.014285714285714285,XC924739,banana,SNR_10dB,10,R0
0.9950829744338989,0,203,0.0,0.0,0.0,0.4,0.009852216748768473,0.16666666666666666,0.3,0.014778325123152709,0.11333333333333333,XC541448,banana,SNR_10dB,10,R0
0.9910359382629395,0,203,0.0,0.0,0.0,0.0,0.0,0.0,0.0,0.0,0.0,XC215467,banana,SNR_10dB,10,R0
0.9938873648643494,0,181,0.0,0.0,0.0,0.0,0.0,0.0,0.0,0.0,0.0,XC29087,baffal1,SNR_10dB,10,R0
0.9926923513412476,0,181,0.0,0.0,0.0,0.0,0.0,0.0,0.0,0.0,0.0,XC29088,baffal1,SNR_10dB,10,R0
0.9932267069816589,0,181,0.0,0.0,0.0,0.0,0.0,0.0,0.0,0.0,0.0,XC235886,baffal1,SNR_10dB,10,R0
0.9920687675476074,0,181,0.0,0.0,0.0,0.0,0.0,0.0,0.0,0.0,0.0,XC437953,baffal1,SNR_10dB,10,R0
0.9924014210700989,0,181,0.0,0.0,0.0,0.0,0.0,0.0,0.0,0.0,0.0,XC192816,baffal1,SNR_10dB,10,R0
0.9949879050254822,1,181,1.0,0.0055248618784530384,1.0,0.4,0.011049723756906077,0.27999999999999997,0.3,0.016574585635359115,0.19,XC666482,baffal1,SNR_10dB,10,R0
0.9908943176269531,0,181,0.0,0.0,0.0,0.0,0.0,0.0,0.0,0.0,0.0,XC727672,baffal1,SNR_10dB,10,R0
0.9929186701774597,0,181,0.0,0.0,0.0,0.0,0.0,0.0,0.0,0.0,0.0,XC745799,baffal1,SNR_10dB,10,R0
0.9893275499343872,0,181,0.0,0.0,0.0,0.0,0.0,0.0,0.0,0.0,0.0,XC546400,baffal1,SNR_10dB,10,R0
0.9901728630065918,0,181,0.0,0.0,0.0,0.4,0.011049723756906077,0.18,0.4,0.022099447513812154,0.1773015873015873,XC192815,baffal1,SNR_10dB,10,R0
0.9926749467849731,1,137,1.0,0.0072992700729927005,1.0,0.6,0.021897810218978103,0.6,0.5,0.0364963503649635,0.4196428571428571,XC539586,soulap1,SNR_10dB,10,R0
0.9930561184883118,0,137,0.0,0.0,0.0,0.6,0.021897810218978103,0.2866666666666666,0.4,0.029197080291970802,0.1833333333333333,XC9046,soulap1,SNR_10dB,10,R0
0.9883639812469482,0,137,0.0,0.0,0.0,0.0,0.0,0.0,0.0,0.0,0.0,XC562682,soulap1,SNR_10dB,10,R0
0.9911539554595947,0,137,0.0,0.0,0.0,0.2,0.0072992700729927005,0.05,0.4,0.029197080291970802,0.13166666666666665,XC51500,soulap1,SNR_10dB,10,R0
0.9907060861587524,1,137,1.0,0.0072992700729927005,1.0,0.4,0.014598540145985401,0.3,0.4,0.029197080291970802,0.25,XC428133,soulap1,SNR_10dB,10,R0
0.9863220453262329,0,137,0.0,0.0,0.0,0.2,0.0072992700729927005,0.04,0.4,0.029197080291970802,0.11833333333333333,XC47141,soulap1,SNR_10dB,10,R0
0.9839962720870972,0,137,0.0,0.0,0.0,0.2,0.0072992700729927005,0.04,0.1,0.0072992700729927005,0.02,XC861228,soulap1,SNR_10dB,10,R0
0.9909858703613281,1,137,1.0,0.0072992700729927005,1.0,0.6,0.021897810218978103,0.42000000000000004,0.5,0.0364963503649635,0.3171428571428571,XC549503,soulap1,SNR_10dB,10,R0
0.9937505125999451,0,137,0.0,0.0,0.0,0.2,0.0072992700729927005,0.05,0.2,0.014598540145985401,0.05357142857142857,XC16003,soulap1,SNR_10dB,10,R0
0.9813970923423767,0,137,0.0,0.0,0.0,0.2,0.0072992700729927005,0.06666666666666667,0.4,0.029197080291970802,0.13523809523809524,XC48574,soulap1,SNR_10dB,10,R0
0.9957984089851379,0,154,0.0,0.0,0.0,0.2,0.006493506493506494,0.05,0.2,0.012987012987012988,0.045,XC340516,strcuc1,SNR_10dB,10,R0
0.9892423152923584,0,154,0.0,0.0,0.0,0.0,0.0,0.0,0.0,0.0,0.0,XC340515,strcuc1,SNR_10dB,10,R0
0.9921802282333374,0,154,0.0,0.0,0.0,0.0,0.0,0.0,0.1,0.006493506493506494,0.01,XC173304,strcuc1,SNR_10dB,10,R0
0.9958576560020447,0,154,0.0,0.0,0.0,0.0,0.0,0.0,0.0,0.0,0.0,XC114965,strcuc1,SNR_10dB,10,R0
0.9919247627258301,1,154,1.0,0.006493506493506494,1.0,0.2,0.006493506493506494,0.2,0.1,0.006493506493506494,0.1,XC349929,strcuc1,SNR_10dB,10,R0
0.9905513525009155,0,154,0.0,0.0,0.0,0.0,0.0,0.0,0.1,0.006493506493506494,0.016666666666666666,XC836228,strcuc1,SNR_10dB,10,R0
0.9918572306632996,0,154,0.0,0.0,0.0,0.0,0.0,0.0,0.2,0.012987012987012988,0.039285714285714285,XC508606,strcuc1,SNR_10dB,10,R0
0.993570864200592,0,154,0.0,0.0,0.0,0.2,0.006493506493506494,0.1,0.1,0.006493506493506494,0.05,XC593146,strcuc1,SNR_10dB,10,R0
0.9904798865318298,0,154,0.0,0.0,0.0,0.0,0.0,0.0,0.0,0.0,0.0,XC240034,strcuc1,SNR_10dB,10,R0
0.9942314624786377,0,154,0.0,0.0,0.0,0.0,0.0,0.0,0.0,0.0,0.0,XC114160,strcuc1,SNR_10dB,10,R0
0.9941590428352356,0,125,0.0,0.0,0.0,0.0,0.0,0.0,0.0,0.0,0.0,XC993685,pabspi1,SNR_10dB,10,R0
0.9906229972839355,0,125,0.0,0.0,0.0,0.2,0.008,0.1,0.1,0.008,0.05,XC506225,pabspi1,SNR_10dB,10,R0
0.9922825694084167,1,125,1.0,0.008,1.0,0.4,0.016,0.27999999999999997,0.2,0.016,0.13999999999999999,XC687712,pabspi1,SNR_10dB,10,R0
0.9935268759727478,0,125,0.0,0.0,0.0,0.0,0.0,0.0,0.0,0.0,0.0,XC506234,pabspi1,SNR_10dB,10,R0
0.9908088445663452,0,125,0.0,0.0,0.0,0.0,0.0,0.0,0.1,0.008,0.016666666666666666,XC452493,pabspi1,SNR_10dB,10,R0
0.9936262369155884,0,125,0.0,0.0,0.0,0.0,0.0,0.0,0.0,0.0,0.0,XC701947,pabspi1,SNR_10dB,10,R0
0.9951730966567993,1,125,1.0,0.008,1.0,0.2,0.008,0.2,0.1,0.008,0.1,XC701948,pabspi1,SNR_10dB,10,R0
0.9896664023399353,0,125,0.0,0.0,0.0,0.0,0.0,0.0,0.0,0.0,0.0,XC236174,pabspi1,SNR_10dB,10,R0
0.9839054346084595,0,125,0.0,0.0,0.0,0.0,0.0,0.0,0.0,0.0,0.0,XC391585,pabspi1,SNR_10dB,10,R0
0.9922918081283569,0,125,0.0,0.0,0.0,0.0,0.0,0.0,0.0,0.0,0.0,XC236176,pabspi1,SNR_10dB,10,R0
0.9932982921600342,0,266,0.0,0.0,0.0,0.0,0.0,0.0,0.2,0.007518796992481203,0.034722222222222224,XC268594,yeofly1,SNR_10dB,10,R0
0.984685480594635,0,266,0.0,0.0,0.0,0.2,0.0037593984962406013,0.1,0.1,0.0037593984962406013,0.05,XC361117,yeofly1,SNR_10dB,10,R0
0.9968647360801697,0,266,0.0,0.0,0.0,0.2,0.0037593984962406013,0.04,0.2,0.007518796992481203,0.045,XC250157,yeofly1,SNR_10dB,10,R0
0.9898543357849121,1,266,1.0,0.0037593984962406013,1.0,0.4,0.007518796992481203,0.3333333333333333,0.3,0.011278195488721804,0.20416666666666666,XC46766,yeofly1,SNR_10dB,10,R0
0.9947044253349304,0,266,0.0,0.0,0.0,0.0,0.0,0.0,0.2,0.007518796992481203,0.0325,XC1031972,yeofly1,SNR_10dB,10,R0
0.9925089478492737,0,266,0.0,0.0,0.0,0.2,0.0037593984962406013,0.04,0.1,0.0037593984962406013,0.02,XC187210,yeofly1,SNR_10dB,10,R0
0.9929158687591553,0,266,0.0,0.0,0.0,0.0,0.0,0.0,0.1,0.0037593984962406013,0.0125,XC512409,yeofly1,SNR_10dB,10,R0
0.9961570501327515,0,266,0.0,0.0,0.0,0.4,0.007518796992481203,0.13,0.4,0.015037593984962405,0.14785714285714285,XC611913,yeofly1,SNR_10dB,10,R0
0.9957281947135925,1,266,1.0,0.0037593984962406013,1.0,0.6,0.011278195488721804,0.42000000000000004,0.4,0.015037593984962405,0.26,XC268592,yeofly1,SNR_10dB,10,R0
0.9939997792243958,0,266,0.0,0.0,0.0,0.2,0.0037593984962406013,0.06666666666666667,0.1,0.0037593984962406013,0.03333333333333333,XC583955,yeofly1,SNR_10dB,10,R0
0.9897278547286987,0,141,0.0,0.0,0.0,0.0,0.0,0.0,0.0,0.0,0.0,XC192979,gycwor1,SNR_10dB,10,R0
0.9921914935112,0,141,0.0,0.0,0.0,0.0,0.0,0.0,0.2,0.014184397163120567,0.041666666666666664,XC483682,gycwor1,SNR_10dB,10,R0
0.9912634491920471,0,141,0.0,0.0,0.0,0.2,0.0070921985815602835,0.1,0.2,0.014184397163120567,0.06999999999999999,XC772156,gycwor1,SNR_10dB,10,R0
0.9906882047653198,0,141,0.0,0.0,0.0,0.0,0.0,0.0,0.0,0.0,0.0,XC501765,gycwor1,SNR_10dB,10,R0
0.9870060086250305,1,141,1.0,0.0070921985815602835,1.0,0.4,0.014184397163120567,0.3333333333333333,0.4,0.028368794326241134,0.26666666666666666,XC1012395,gycwor1,SNR_10dB,10,R0
0.9892086386680603,0,141,0.0,0.0,0.0,0.2,0.0070921985815602835,0.04,0.1,0.0070921985815602835,0.02,XC843813,gycwor1,SNR_10dB,10,R0
0.9909526109695435,1,141,1.0,0.0070921985815602835,1.0,0.6,0.02127659574468085,0.52,0.5,0.03546099290780142,0.3726984126984127,XC216181,gycwor1,SNR_10dB,10,R0
0.9893325567245483,0,141,0.0,0.0,0.0,0.0,0.0,0.0,0.0,0.0,0.0,XC352281,gycwor1,SNR_10dB,10,R0
0.9916538000106812,0,141,0.0,0.0,0.0,0.0,0.0,0.0,0.0,0.0,0.0,XC335167,gycwor1,SNR_10dB,10,R0
0.9917230606079102,1,141,1.0,0.0070921985815602835,1.0,0.4,0.014184397163120567,0.4,0.3,0.02127659574468085,0.2375,XC197443,gycwor1,SNR_10dB,10,R0
0.9925767183303833,1,142,1.0,0.007042253521126761,1.0,0.4,0.014084507042253521,0.4,0.2,0.014084507042253521,0.2,XC254120,compau,SNR_10dB,10,R0
0.9873629212379456,0,142,0.0,0.0,0.0,0.0,0.0,0.0,0.0,0.0,0.0,XC225326,compau,SNR_10dB,10,R0
0.9934003949165344,0,142,0.0,0.0,0.0,0.0,0.0,0.0,0.1,0.007042253521126761,0.016666666666666666,XC236447,compau,SNR_10dB,10,R0
0.9936191439628601,0,142,0.0,0.0,0.0,0.0,0.0,0.0,0.0,0.0,0.0,XC311012,compau,SNR_10dB,10,R0
0.9881013035774231,0,142,0.0,0.0,0.0,0.0,0.0,0.0,0.2,0.014084507042253521,0.03428571428571429,XC285306,compau,SNR_10dB,10,R0
0.9879119992256165,0,142,0.0,0.0,0.0,0.2,0.007042253521126761,0.05,0.2,0.014084507042253521,0.05357142857142857,XC592920,compau,SNR_10dB,10,R0
0.9915494322776794,1,142,1.0,0.007042253521126761,1.0,0.2,0.007042253521126761,0.2,0.1,0.007042253521126761,0.1,XC221567,compau,SNR_10dB,10,R0
0.987705409526825,0,142,0.0,0.0,0.0,0.0,0.0,0.0,0.0,0.0,0.0,XC630102,compau,SNR_10dB,10,R0
0.9888109564781189,0,142,0.0,0.0,0.0,0.0,0.0,0.0,0.1,0.007042253521126761,0.01111111111111111,XC427477,compau,SNR_10dB,10,R0
0.9886403679847717,0,142,0.0,0.0,0.0,0.0,0.0,0.0,0.0,0.0,0.0,XC943093,compau,SNR_10dB,10,R0
0.9852390885353088,0,198,0.0,0.0,0.0,0.2,0.005050505050505051,0.06666666666666667,0.2,0.010101010101010102,0.05333333333333333,XC433820,barant1,SNR_10dB,10,R0
0.9890196323394775,0,198,0.0,0.0,0.0,0.2,0.005050505050505051,0.06666666666666667,0.2,0.010101010101010102,0.06190476190476191,XC459559,barant1,SNR_10dB,10,R0
0.9953469634056091,0,198,0.0,0.0,0.0,0.2,0.005050505050505051,0.1,0.2,0.010101010101010102,0.07222222222222222,XC732448,barant1,SNR_10dB,10,R0
0.9875344634056091,0,198,0.0,0.0,0.0,0.0,0.0,0.0,0.1,0.005050505050505051,0.016666666666666666,XC716450,barant1,SNR_10dB,10,R0
0.9913095235824585,0,198,0.0,0.0,0.0,0.4,0.010101010101010102,0.13,0.3,0.015151515151515152,0.10785714285714285,XC354908,barant1,SNR_10dB,10,R0
0.9944964051246643,0,198,0.0,0.0,0.0,0.0,0.0,0.0,0.0,0.0,0.0,XC428067,barant1,SNR_10dB,10,R0
0.9910022616386414,0,198,0.0,0.0,0.0,0.0,0.0,0.0,0.0,0.0,0.0,XC685458,barant1,SNR_10dB,10,R0
0.9911976456642151,1,198,1.0,0.005050505050505051,1.0,0.2,0.005050505050505051,0.2,0.1,0.005050505050505051,0.1,XC676256,barant1,SNR_10dB,10,R0
0.99005526304245,1,198,1.0,0.005050505050505051,1.0,0.2,0.005050505050505051,0.2,0.4,0.020202020202020204,0.21527777777777776,XC443189,barant1,SNR_10dB,10,R0
0.9919252991676331,0,198,0.0,0.0,0.0,0.4,0.010101010101010102,0.2333333333333333,0.4,0.020202020202020204,0.20396825396825397,XC752776,barant1,SNR_10dB,10,R0
0.995041012763977,0,201,0.0,0.0,0.0,0.4,0.009950248756218905,0.18,0.3,0.014925373134328358,0.12,XC695270,pirfly1,SNR_10dB,10,R0
0.9927275776863098,0,201,0.0,0.0,0.0,0.0,0.0,0.0,0.0,0.0,0.0,XC199153,pirfly1,SNR_10dB,10,R0
0.992864191532135,0,201,0.0,0.0,0.0,0.0,0.0,0.0,0.1,0.004975124378109453,0.014285714285714285,XC575453,pirfly1,SNR_10dB,10,R0
0.9924750924110413,0,201,0.0,0.0,0.0,0.0,0.0,0.0,0.1,0.004975124378109453,0.0125,XC199221,pirfly1,SNR_10dB,10,R0
0.9934651851654053,0,201,0.0,0.0,0.0,0.0,0.0,0.0,0.2,0.009950248756218905,0.03888888888888888,XC1050422,pirfly1,SNR_10dB,10,R0
0.9948393106460571,0,201,0.0,0.0,0.0,0.0,0.0,0.0,0.0,0.0,0.0,XC249521,pirfly1,SNR_10dB,10,R0
0.9931001663208008,1,201,1.0,0.004975124378109453,1.0,0.2,0.004975124378109453,0.2,0.1,0.004975124378109453,0.1,XC249067,pirfly1,SNR_10dB,10,R0
0.9843883514404297,1,201,1.0,0.004975124378109453,1.0,0.2,0.004975124378109453,0.2,0.2,0.009950248756218905,0.125,XC249418,pirfly1,SNR_10dB,10,R0
0.9934747219085693,0,201,0.0,0.0,0.0,0.4,0.009950248756218905,0.16666666666666666,0.3,0.014925373134328358,0.11333333333333333,XC249520,pirfly1,SNR_10dB,10,R0
0.9947824478149414,0,201,0.0,0.0,0.0,0.0,0.0,0.0,0.0,0.0,0.0,XC764117,pirfly1,SNR_10dB,10,R0
0.9928469061851501,0,184,0.0,0.0,0.0,0.2,0.005434782608695652,0.04,0.2,0.010869565217391304,0.045,XC174648,linwoo1,SNR_10dB,10,R0
0.9923102259635925,0,184,0.0,0.0,0.0,0.0,0.0,0.0,0.0,0.0,0.0,XC550450,linwoo1,SNR_10dB,10,R0
0.9880057573318481,1,184,1.0,0.005434782608695652,1.0,0.2,0.005434782608695652,0.2,0.1,0.005434782608695652,0.1,XC550448,linwoo1,SNR_10dB,10,R0
0.9895724654197693,0,184,0.0,0.0,0.0,0.4,0.010869565217391304,0.14666666666666667,0.3,0.016304347826086956,0.12333333333333334,XC379497,linwoo1,SNR_10dB,10,R0
0.9865102171897888,1,184,1.0,0.005434782608695652,1.0,1.0,0.02717391304347826,1.0,0.7,0.03804347826086957,0.67,XC732161,linwoo1,SNR_10dB,10,R0
0.9942886233329773,0,184,0.0,0.0,0.0,0.0,0.0,0.0,0.0,0.0,0.0,XC261880,linwoo1,SNR_10dB,10,R0
0.9938777089118958,0,184,0.0,0.0,0.0,0.0,0.0,0.0,0.0,0.0,0.0,XC250796,linwoo1,SNR_10dB,10,R0
0.9949408769607544,0,184,0.0,0.0,0.0,0.0,0.0,0.0,0.1,0.005434782608695652,0.01111111111111111,XC542823,linwoo1,SNR_10dB,10,R0
0.9917038679122925,1,184,1.0,0.005434782608695652,1.0,0.2,0.005434782608695652,0.2,0.1,0.005434782608695652,0.1,XC688346,linwoo1,SNR_10dB,10,R0
0.9919435977935791,0,184,0.0,0.0,0.0,0.0,0.0,0.0,0.1,0.005434782608695652,0.016666666666666666,XC197473,linwoo1,SNR_10dB,10,R0
0.9942792654037476,0,192,0.0,0.0,0.0,0.2,0.005208333333333333,0.06666666666666667,0.2,0.010416666666666666,0.05333333333333333,XC238416,whtdov,SNR_10dB,10,R0
0.9909864664077759,0,192,0.0,0.0,0.0,0.0,0.0,0.0,0.0,0.0,0.0,XC235857,whtdov,SNR_10dB,10,R0
0.9943385124206543,0,192,0.0,0.0,0.0,0.0,0.0,0.0,0.0,0.0,0.0,XC238417,whtdov,SNR_10dB,10,R0
0.9966002702713013,0,192,0.0,0.0,0.0,0.2,0.005208333333333333,0.04,0.2,0.010416666666666666,0.045,XC294701,whtdov,SNR_10dB,10,R0
0.9970703721046448,0,192,0.0,0.0,0.0,0.4,0.010416666666666666,0.2,0.4,0.020833333333333332,0.19444444444444445,XC388552,whtdov,SNR_10dB,10,R0
0.9873542785644531,0,192,0.0,0.0,0.0,0.2,0.005208333333333333,0.06666666666666667,0.1,0.005208333333333333,0.03333333333333333,XC538235,whtdov,SNR_10dB,10,R0
0.995451033115387,0,192,0.0,0.0,0.0,0.0,0.0,0.0,0.0,0.0,0.0,XC716476,whtdov,SNR_10dB,10,R0
0.9901623725891113,0,192,0.0,0.0,0.0,0.2,0.005208333333333333,0.04,0.1,0.005208333333333333,0.02,XC147509,whtdov,SNR_10dB,10,R0
0.988805890083313,1,192,1.0,0.005208333333333333,1.0,0.4,0.010416666666666666,0.3,0.3,0.015625,0.2,XC277692,whtdov,SNR_10dB,10,R0
0.9943679571151733,0,192,0.0,0.0,0.0,0.2,0.005208333333333333,0.06666666666666667,0.2,0.010416666666666666,0.05333333333333333,XC833664,whtdov,SNR_10dB,10,R0
0.994320273399353,0,204,0.0,0.0,0.0,0.2,0.004901960784313725,0.05,0.1,0.004901960784313725,0.025,XC469159,bobfly1,SNR_10dB,10,R0
0.9922190308570862,1,204,1.0,0.004901960784313725,1.0,0.4,0.00980392156862745,0.3,0.3,0.014705882352941176,0.19285714285714287,XC578500,bobfly1,SNR_10dB,10,R0
0.9881346225738525,1,204,1.0,0.004901960784313725,1.0,0.8,0.0196078431372549,0.6433333333333333,0.4,0.0196078431372549,0.32166666666666666,XC545844,bobfly1,SNR_10dB,10,R0
0.99248206615448,1,204,1.0,0.004901960784313725,1.0,0.6,0.014705882352941176,0.42000000000000004,0.6,0.029411764705882353,0.4147619047619048,XC427567,bobfly1,SNR_10dB,10,R0
0.9905402660369873,1,204,1.0,0.004901960784313725,1.0,0.4,0.00980392156862745,0.3333333333333333,0.3,0.014705882352941176,0.20416666666666666,XC583946,bobfly1,SNR_10dB,10,R0
0.9931812882423401,0,204,0.0,0.0,0.0,0.2,0.004901960784313725,0.05,0.4,0.0196078431372549,0.1269047619047619,XC235872,bobfly1,SNR_10dB,10,R0
0.993853747844696,1,204,1.0,0.004901960784313725,1.0,0.6,0.014705882352941176,0.4833333333333333,0.4,0.0196078431372549,0.2816666666666666,XC427566,bobfly1,SNR_10dB,10,R0
0.9922435283660889,0,204,0.0,0.0,0.0,0.4,0.00980392156862745,0.2,0.3,0.014705882352941176,0.1375,XC356904,bobfly1,SNR_10dB,10,R0
0.9954032897949219,0,204,0.0,0.0,0.0,0.2,0.004901960784313725,0.05,0.3,0.014705882352941176,0.0869047619047619,XC841763,bobfly1,SNR_10dB,10,R0
0.9970358610153198,0,204,0.0,0.0,0.0,0.0,0.0,0.0,0.1,0.004901960784313725,0.01111111111111111,XC666481,bobfly1,SNR_10dB,10,R0
0.9957512021064758,0,155,0.0,0.0,0.0,0.0,0.0,0.0,0.2,0.012903225806451613,0.03666666666666667,XC944466,trokin,SNR_10dB,10,R0
0.9931506514549255,1,155,1.0,0.0064516129032258064,1.0,0.8,0.025806451612903226,0.71,0.5,0.03225806451612903,0.4105555555555555,XC556661,trokin,SNR_10dB,10,R0
0.9951987862586975,0,155,0.0,0.0,0.0,0.0,0.0,0.0,0.1,0.0064516129032258064,0.0125,XC131763,trokin,SNR_10dB,10,R0
0.9924017190933228,0,155,0.0,0.0,0.0,0.6,0.01935483870967742,0.35333333333333333,0.5,0.03225806451612903,0.27666666666666667,XC282322,trokin,SNR_10dB,10,R0
0.9918964505195618,0,155,0.0,0.0,0.0,0.0,0.0,0.0,0.0,0.0,0.0,XC287873,trokin,SNR_10dB,10,R0
0.9979871511459351,1,155,1.0,0.0064516129032258064,1.0,0.6,0.01935483870967742,0.6,0.4,0.025806451612903226,0.36666666666666664,XC944467,trokin,SNR_10dB,10,R0
0.9943073391914368,0,155,0.0,0.0,0.0,0.0,0.0,0.0,0.1,0.0064516129032258064,0.01111111111111111,XC690960,trokin,SNR_10dB,10,R0
0.9827325344085693,0,155,0.0,0.0,0.0,0.0,0.0,0.0,0.0,0.0,0.0,XC960832,trokin,SNR_10dB,10,R0
0.9901371598243713,0,155,0.0,0.0,0.0,0.0,0.0,0.0,0.0,0.0,0.0,XC490064,trokin,SNR_10dB,10,R0
0.9939547777175903,0,155,0.0,0.0,0.0,0.0,0.0,0.0,0.0,0.0,0.0,XC282345,trokin,SNR_10dB,10,R0
0.9769154191017151,0,171,0.0,0.0,0.0,0.0,0.0,0.0,0.0,0.0,0.0,XC1011212,coffal1,SNR_0dB,0,R0
0.9877063035964966,0,171,0.0,0.0,0.0,0.0,0.0,0.0,0.0,0.0,0.0,XC518849,coffal1,SNR_0dB,0,R0
0.9872020483016968,0,171,0.0,0.0,0.0,0.0,0.0,0.0,0.1,0.005847953216374269,0.0125,XC640029,coffal1,SNR_0dB,0,R0
0.9806565642356873,0,171,0.0,0.0,0.0,0.0,0.0,0.0,0.0,0.0,0.0,XC238626,coffal1,SNR_0dB,0,R0
0.9914807081222534,0,171,0.0,0.0,0.0,0.0,0.0,0.0,0.0,0.0,0.0,XC580510,coffal1,SNR_0dB,0,R0
0.9727555513381958,1,171,1.0,0.005847953216374269,1.0,0.2,0.005847953216374269,0.2,0.1,0.005847953216374269,0.1,XC841725,coffal1,SNR_0dB,0,R0
0.9928175806999207,0,171,0.0,0.0,0.0,0.0,0.0,0.0,0.0,0.0,0.0,XC909155,coffal1,SNR_0dB,0,R0
0.9875351190567017,0,171,0.0,0.0,0.0,0.0,0.0,0.0,0.1,0.005847953216374269,0.01,XC597587,coffal1,SNR_0dB,0,R0
0.9869979023933411,0,171,0.0,0.0,0.0,0.0,0.0,0.0,0.0,0.0,0.0,XC514068,coffal1,SNR_0dB,0,R0
0.9882237911224365,0,171,0.0,0.0,0.0,0.2,0.005847953216374269,0.1,0.1,0.005847953216374269,0.05,XC915055,coffal1,SNR_0dB,0,R0
0.9943706393241882,0,221,0.0,0.0,0.0,0.0,0.0,0.0,0.2,0.00904977375565611,0.04523809523809523,XC504846,sobtyr1,SNR_0dB,0,R0
0.992717981338501,0,221,0.0,0.0,0.0,0.0,0.0,0.0,0.0,0.0,0.0,XC764623,sobtyr1,SNR_0dB,0,R0
0.990909218788147,0,221,0.0,0.0,0.0,0.0,0.0,0.0,0.0,0.0,0.0,XC653903,sobtyr1,SNR_0dB,0,R0
0.9903252124786377,0,221,0.0,0.0,0.0,0.0,0.0,0.0,0.0,0.0,0.0,XC176886,sobtyr1,SNR_0dB,0,R0
0.9898567795753479,0,221,0.0,0.0,0.0,0.0,0.0,0.0,0.0,0.0,0.0,XC580800,sobtyr1,SNR_0dB,0,R0
0.9818984270095825,0,221,0.0,0.0,0.0,0.2,0.004524886877828055,0.1,0.1,0.004524886877828055,0.05,XC763522,sobtyr1,SNR_0dB,0,R0
0.9935200810432434,0,221,0.0,0.0,0.0,0.0,0.0,0.0,0.0,0.0,0.0,XC612769,sobtyr1,SNR_0dB,0,R0
0.982124388217926,0,221,0.0,0.0,0.0,0.2,0.004524886877828055,0.1,0.2,0.00904977375565611,0.075,XC135348,sobtyr1,SNR_0dB,0,R0
0.9914474487304688,0,221,0.0,0.0,0.0,0.0,0.0,0.0,0.0,0.0,0.0,XC1062368,sobtyr1,SNR_0dB,0,R0
0.988801896572113,0,221,0.0,0.0,0.0,0.0,0.0,0.0,0.0,0.0,0.0,XC653904,sobtyr1,SNR_0dB,0,R0
0.9742931723594666,0,223,0.0,0.0,0.0,0.2,0.004484304932735426,0.05,0.1,0.004484304932735426,0.025,XC348691,greant1,SNR_0dB,0,R0
0.9852170348167419,0,223,0.0,0.0,0.0,0.2,0.004484304932735426,0.05,0.1,0.004484304932735426,0.025,XC397818,greant1,SNR_0dB,0,R0
0.9671529531478882,0,223,0.0,0.0,0.0,0.0,0.0,0.0,0.1,0.004484304932735426,0.01111111111111111,XC50033,greant1,SNR_0dB,0,R0
0.9878748655319214,0,223,0.0,0.0,0.0,0.0,0.0,0.0,0.0,0.0,0.0,XC388556,greant1,SNR_0dB,0,R0
0.9758108854293823,0,223,0.0,0.0,0.0,0.8,0.017937219730941704,0.5433333333333333,0.7,0.03139013452914798,0.4958730158730158,XC433819,greant1,SNR_0dB,0,R0
0.9792108535766602,0,223,0.0,0.0,0.0,0.2,0.004484304932735426,0.1,0.3,0.013452914798206279,0.10222222222222221,XC123928,greant1,SNR_0dB,0,R0
0.9792712926864624,0,223,0.0,0.0,0.0,0.0,0.0,0.0,0.1,0.004484304932735426,0.0125,XC489684,greant1,SNR_0dB,0,R0
0.9935982823371887,0,223,0.0,0.0,0.0,0.2,0.004484304932735426,0.1,0.2,0.008968609865470852,0.07222222222222222,XC452472,greant1,SNR_0dB,0,R0
0.9905737638473511,0,223,0.0,0.0,0.0,0.0,0.0,0.0,0.1,0.004484304932735426,0.014285714285714285,XC616309,greant1,SNR_0dB,0,R0
0.9853969812393188,0,223,0.0,0.0,0.0,0.4,0.008968609865470852,0.14666666666666667,0.3,0.013452914798206279,0.12333333333333334,XC118887,greant1,SNR_0dB,0,R0
0.9922566413879395,0,231,0.0,0.0,0.0,0.4,0.008658008658008658,0.2,0.2,0.008658008658008658,0.1,XC294719,squcuc1,SNR_0dB,0,R0
0.9815216660499573,0,231,0.0,0.0,0.0,0.0,0.0,0.0,0.0,0.0,0.0,XC294724,squcuc1,SNR_0dB,0,R0
0.9792969226837158,0,231,0.0,0.0,0.0,0.2,0.004329004329004329,0.04,0.1,0.004329004329004329,0.02,XC940505,squcuc1,SNR_0dB,0,R0
0.9882075190544128,0,231,0.0,0.0,0.0,0.0,0.0,0.0,0.0,0.0,0.0,XC216157,squcuc1,SNR_0dB,0,R0
0.9813283085823059,1,231,1.0,0.004329004329004329,1.0,0.8,0.017316017316017316,0.76,0.4,0.017316017316017316,0.38,XC549930,squcuc1,SNR_0dB,0,R0
0.9871205687522888,1,231,1.0,0.004329004329004329,1.0,0.2,0.004329004329004329,0.2,0.2,0.008658008658008658,0.12,XC549933,squcuc1,SNR_0dB,0,R0
0.9765703678131104,0,231,0.0,0.0,0.0,0.0,0.0,0.0,0.2,0.008658008658008658,0.041666666666666664,XC549936,squcuc1,SNR_0dB,0,R0
0.9868460893630981,0,231,0.0,0.0,0.0,0.2,0.004329004329004329,0.05,0.1,0.004329004329004329,0.025,XC247099,squcuc1,SNR_0dB,0,R0
0.9906413555145264,0,231,0.0,0.0,0.0,0.0,0.0,0.0,0.0,0.0,0.0,XC246934,squcuc1,SNR_0dB,0,R0
0.9859113693237305,0,231,0.0,0.0,0.0,0.0,0.0,0.0,0.0,0.0,0.0,XC656889,squcuc1,SNR_0dB,0,R0
0.9833316206932068,0,159,0.0,0.0,0.0,0.0,0.0,0.0,0.0,0.0,0.0,XC299640,roahaw,SNR_0dB,0,R0
0.9923162460327148,0,159,0.0,0.0,0.0,0.0,0.0,0.0,0.0,0.0,0.0,XC372463,roahaw,SNR_0dB,0,R0
0.9904924035072327,0,159,0.0,0.0,0.0,0.0,0.0,0.0,0.0,0.0,0.0,XC288830,roahaw,SNR_0dB,0,R0
0.9856917262077332,0,159,0.0,0.0,0.0,0.0,0.0,0.0,0.0,0.0,0.0,XC129438,roahaw,SNR_0dB,0,R0
0.9860460758209229,0,159,0.0,0.0,0.0,0.0,0.0,0.0,0.0,0.0,0.0,XC772769,roahaw,SNR_0dB,0,R0
0.9868050813674927,0,159,0.0,0.0,0.0,0.0,0.0,0.0,0.0,0.0,0.0,XC716349,roahaw,SNR_0dB,0,R0
0.9876858592033386,0,159,0.0,0.0,0.0,0.0,0.0,0.0,0.0,0.0,0.0,XC340156,roahaw,SNR_0dB,0,R0
0.9911131858825684,0,159,0.0,0.0,0.0,0.0,0.0,0.0,0.0,0.0,0.0,XC680705,roahaw,SNR_0dB,0,R0
0.9841618537902832,0,159,0.0,0.0,0.0,0.0,0.0,0.0,0.0,0.0,0.0,XC235156,roahaw,SNR_0dB,0,R0
0.9868700504302979,0,159,0.0,0.0,0.0,0.0,0.0,0.0,0.0,0.0,0.0,XC19527,roahaw,SNR_0dB,0,R0
0.9902811646461487,0,165,0.0,0.0,0.0,0.0,0.0,0.0,0.0,0.0,0.0,XC738930,trsowl,SNR_0dB,0,R0
0.9827079176902771,0,165,0.0,0.0,0.0,0.2,0.006060606060606061,0.04,0.2,0.012121212121212121,0.04857142857142857,XC428741,trsowl,SNR_0dB,0,R0
0.9831174612045288,0,165,0.0,0.0,0.0,0.0,0.0,0.0,0.0,0.0,0.0,XC597121,trsowl,SNR_0dB,0,R0
0.9811655282974243,0,165,0.0,0.0,0.0,0.0,0.0,0.0,0.0,0.0,0.0,XC549975,trsowl,SNR_0dB,0,R0
0.989356279373169,0,165,0.0,0.0,0.0,0.2,0.006060606060606061,0.04,0.2,0.012121212121212121,0.04,XC135491,trsowl,SNR_0dB,0,R0
0.984027087688446,0,165,0.0,0.0,0.0,0.0,0.0,0.0,0.1,0.006060606060606061,0.016666666666666666,XC572606,trsowl,SNR_0dB,0,R0
0.9834613800048828,0,165,0.0,0.0,0.0,0.0,0.0,0.0,0.4,0.024242424242424242,0.11857142857142855,XC236394,trsowl,SNR_0dB,0,R0
0.9806877970695496,1,165,1.0,0.006060606060606061,1.0,0.2,0.006060606060606061,0.2,0.1,0.006060606060606061,0.1,XC447808,trsowl,SNR_0dB,0,R0
0.9879055023193359,0,165,0.0,0.0,0.0,0.0,0.0,0.0,0.0,0.0,0.0,XC619067,trsowl,SNR_0dB,0,R0
0.9682133793830872,0,165,0.0,0.0,0.0,0.0,0.0,0.0,0.1,0.006060606060606061,0.01111111111111111,XC730130,trsowl,SNR_0dB,0,R0
0.9859251379966736,0,203,0.0,0.0,0.0,0.2,0.0049261083743842365,0.04,0.1,0.0049261083743842365,0.02,XC756928,banana,SNR_0dB,0,R0
0.9866390824317932,0,203,0.0,0.0,0.0,0.0,0.0,0.0,0.0,0.0,0.0,XC190593,banana,SNR_0dB,0,R0
0.9912484884262085,0,203,0.0,0.0,0.0,0.0,0.0,0.0,0.1,0.0049261083743842365,0.014285714285714285,XC247112,banana,SNR_0dB,0,R0
0.9957314729690552,1,203,1.0,0.0049261083743842365,1.0,0.6,0.014778325123152709,0.4533333333333333,0.7,0.034482758620689655,0.5097619047619047,XC561261,banana,SNR_0dB,0,R0
0.9912393093109131,0,203,0.0,0.0,0.0,0.0,0.0,0.0,0.2,0.009852216748768473,0.0365079365079365,XC127164,banana,SNR_0dB,0,R0
0.9927835464477539,0,203,0.0,0.0,0.0,0.0,0.0,0.0,0.0,0.0,0.0,XC169559,banana,SNR_0dB,0,R0
0.9869131445884705,0,203,0.0,0.0,0.0,0.0,0.0,0.0,0.1,0.0049261083743842365,0.01,XC241562,banana,SNR_0dB,0,R0
0.9844182133674622,0,203,0.0,0.0,0.0,0.0,0.0,0.0,0.0,0.0,0.0,XC924739,banana,SNR_0dB,0,R0
0.9898796081542969,0,203,0.0,0.0,0.0,0.0,0.0,0.0,0.1,0.0049261083743842365,0.0125,XC541448,banana,SNR_0dB,0,R0
0.98024582862854,0,203,0.0,0.0,0.0,0.0,0.0,0.0,0.0,0.0,0.0,XC215467,banana,SNR_0dB,0,R0
0.9861697554588318,0,181,0.0,0.0,0.0,0.0,0.0,0.0,0.0,0.0,0.0,XC29087,baffal1,SNR_0dB,0,R0
0.9887237548828125,0,181,0.0,0.0,0.0,0.0,0.0,0.0,0.0,0.0,0.0,XC29088,baffal1,SNR_0dB,0,R0
0.987339437007904,0,181,0.0,0.0,0.0,0.0,0.0,0.0,0.0,0.0,0.0,XC235886,baffal1,SNR_0dB,0,R0
0.9851350784301758,0,181,0.0,0.0,0.0,0.0,0.0,0.0,0.0,0.0,0.0,XC437953,baffal1,SNR_0dB,0,R0
0.9859083890914917,0,181,0.0,0.0,0.0,0.0,0.0,0.0,0.0,0.0,0.0,XC192816,baffal1,SNR_0dB,0,R0
0.9913124442100525,0,181,0.0,0.0,0.0,0.0,0.0,0.0,0.0,0.0,0.0,XC666482,baffal1,SNR_0dB,0,R0
0.985651969909668,0,181,0.0,0.0,0.0,0.0,0.0,0.0,0.0,0.0,0.0,XC727672,baffal1,SNR_0dB,0,R0
0.9895875453948975,0,181,0.0,0.0,0.0,0.2,0.0055248618784530384,0.1,0.2,0.011049723756906077,0.08333333333333333,XC745799,baffal1,SNR_0dB,0,R0
0.9853392243385315,0,181,0.0,0.0,0.0,0.0,0.0,0.0,0.0,0.0,0.0,XC546400,baffal1,SNR_0dB,0,R0
0.9823091626167297,0,181,0.0,0.0,0.0,0.0,0.0,0.0,0.0,0.0,0.0,XC192815,baffal1,SNR_0dB,0,R0
0.9868846535682678,0,137,0.0,0.0,0.0,0.6,0.021897810218978103,0.35333333333333333,0.4,0.029197080291970802,0.24333333333333332,XC539586,soulap1,SNR_0dB,0,R0
0.9836761355400085,0,137,0.0,0.0,0.0,0.4,0.014598540145985401,0.16666666666666666,0.4,0.029197080291970802,0.15666666666666665,XC9046,soulap1,SNR_0dB,0,R0
0.9789942502975464,0,137,0.0,0.0,0.0,0.0,0.0,0.0,0.0,0.0,0.0,XC562682,soulap1,SNR_0dB,0,R0
0.9894607067108154,0,137,0.0,0.0,0.0,0.0,0.0,0.0,0.4,0.029197080291970802,0.11499999999999999,XC51500,soulap1,SNR_0dB,0,R0
0.9886000752449036,0,137,0.0,0.0,0.0,0.0,0.0,0.0,0.2,0.014598540145985401,0.041666666666666664,XC428133,soulap1,SNR_0dB,0,R0
0.9820464253425598,0,137,0.0,0.0,0.0,0.2,0.0072992700729927005,0.05,0.1,0.0072992700729927005,0.025,XC47141,soulap1,SNR_0dB,0,R0
0.983119010925293,0,137,0.0,0.0,0.0,0.0,0.0,0.0,0.0,0.0,0.0,XC861228,soulap1,SNR_0dB,0,R0
0.9843023419380188,1,137,1.0,0.0072992700729927005,1.0,0.6,0.021897810218978103,0.4533333333333333,0.6,0.043795620437956206,0.4129761904761905,XC549503,soulap1,SNR_0dB,0,R0
0.9849881529808044,0,137,0.0,0.0,0.0,0.0,0.0,0.0,0.0,0.0,0.0,XC16003,soulap1,SNR_0dB,0,R0
0.9684991240501404,0,137,0.0,0.0,0.0,0.0,0.0,0.0,0.1,0.0072992700729927005,0.016666666666666666,XC48574,soulap1,SNR_0dB,0,R0
0.9877074360847473,1,154,1.0,0.006493506493506494,1.0,0.2,0.006493506493506494,0.2,0.1,0.006493506493506494,0.1,XC340516,strcuc1,SNR_0dB,0,R0
0.9833959937095642,0,154,0.0,0.0,0.0,0.0,0.0,0.0,0.0,0.0,0.0,XC340515,strcuc1,SNR_0dB,0,R0
0.9911202788352966,0,154,0.0,0.0,0.0,0.0,0.0,0.0,0.0,0.0,0.0,XC173304,strcuc1,SNR_0dB,0,R0
0.9944525957107544,0,154,0.0,0.0,0.0,0.0,0.0,0.0,0.0,0.0,0.0,XC114965,strcuc1,SNR_0dB,0,R0
0.9844998121261597,0,154,0.0,0.0,0.0,0.0,0.0,0.0,0.1,0.006493506493506494,0.01111111111111111,XC349929,strcuc1,SNR_0dB,0,R0
0.9874221086502075,0,154,0.0,0.0,0.0,0.0,0.0,0.0,0.0,0.0,0.0,XC836228,strcuc1,SNR_0dB,0,R0
0.985217273235321,0,154,0.0,0.0,0.0,0.0,0.0,0.0,0.0,0.0,0.0,XC508606,strcuc1,SNR_0dB,0,R0
0.9898776412010193,0,154,0.0,0.0,0.0,0.2,0.006493506493506494,0.1,0.2,0.012987012987012988,0.075,XC593146,strcuc1,SNR_0dB,0,R0
0.9797874689102173,0,154,0.0,0.0,0.0,0.0,0.0,0.0,0.0,0.0,0.0,XC240034,strcuc1,SNR_0dB,0,R0
0.9895752668380737,0,154,0.0,0.0,0.0,0.2,0.006493506493506494,0.1,0.1,0.006493506493506494,0.05,XC114160,strcuc1,SNR_0dB,0,R0
0.9907218813896179,0,125,0.0,0.0,0.0,0.0,0.0,0.0,0.0,0.0,0.0,XC993685,pabspi1,SNR_0dB,0,R0
0.9902742505073547,0,125,0.0,0.0,0.0,0.0,0.0,0.0,0.0,0.0,0.0,XC506225,pabspi1,SNR_0dB,0,R0
0.9896765351295471,0,125,0.0,0.0,0.0,0.2,0.008,0.05,0.1,0.008,0.025,XC687712,pabspi1,SNR_0dB,0,R0
0.9946743845939636,0,125,0.0,0.0,0.0,0.0,0.0,0.0,0.0,0.0,0.0,XC506234,pabspi1,SNR_0dB,0,R0
0.9865716695785522,1,125,1.0,0.008,1.0,0.2,0.008,0.2,0.1,0.008,0.1,XC452493,pabspi1,SNR_0dB,0,R0
0.9903168678283691,1,125,1.0,0.008,1.0,0.2,0.008,0.2,0.1,0.008,0.1,XC701947,pabspi1,SNR_0dB,0,R0
0.991162121295929,0,125,0.0,0.0,0.0,0.2,0.008,0.04,0.1,0.008,0.02,XC701948,pabspi1,SNR_0dB,0,R0
0.9853945970535278,0,125,0.0,0.0,0.0,0.0,0.0,0.0,0.0,0.0,0.0,XC236174,pabspi1,SNR_0dB,0,R0
0.9772308468818665,0,125,0.0,0.0,0.0,0.0,0.0,0.0,0.0,0.0,0.0,XC391585,pabspi1,SNR_0dB,0,R0
0.9841905832290649,0,125,0.0,0.0,0.0,0.0,0.0,0.0,0.0,0.0,0.0,XC236176,pabspi1,SNR_0dB,0,R0
0.9901540875434875,0,266,0.0,0.0,0.0,0.0,0.0,0.0,0.0,0.0,0.0,XC268594,yeofly1,SNR_0dB,0,R0
0.9816097617149353,0,266,0.0,0.0,0.0,0.0,0.0,0.0,0.1,0.0037593984962406013,0.014285714285714285,XC361117,yeofly1,SNR_0dB,0,R0
0.9982674717903137,0,266,0.0,0.0,0.0,0.0,0.0,0.0,0.1,0.0037593984962406013,0.01111111111111111,XC250157,yeofly1,SNR_0dB,0,R0
0.9771538376808167,0,266,0.0,0.0,0.0,0.0,0.0,0.0,0.1,0.0037593984962406013,0.016666666666666666,XC46766,yeofly1,SNR_0dB,0,R0
0.9925124049186707,0,266,0.0,0.0,0.0,0.2,0.0037593984962406013,0.05,0.2,0.007518796992481203,0.05833333333333333,XC1031972,yeofly1,SNR_0dB,0,R0
0.9845812916755676,0,266,0.0,0.0,0.0,0.0,0.0,0.0,0.0,0.0,0.0,XC187210,yeofly1,SNR_0dB,0,R0
0.9904000759124756,0,266,0.0,0.0,0.0,0.0,0.0,0.0,0.0,0.0,0.0,XC512409,yeofly1,SNR_0dB,0,R0
0.9945834875106812,0,266,0.0,0.0,0.0,0.2,0.0037593984962406013,0.04,0.2,0.007518796992481203,0.04857142857142857,XC611913,yeofly1,SNR_0dB,0,R0
0.9951634407043457,0,266,0.0,0.0,0.0,0.0,0.0,0.0,0.1,0.0037593984962406013,0.0125,XC268592,yeofly1,SNR_0dB,0,R0
0.9866898655891418,0,266,0.0,0.0,0.0,0.2,0.0037593984962406013,0.04,0.1,0.0037593984962406013,0.02,XC583955,yeofly1,SNR_0dB,0,R0
0.9833934903144836,0,141,0.0,0.0,0.0,0.0,0.0,0.0,0.0,0.0,0.0,XC192979,gycwor1,SNR_0dB,0,R0
0.9915720224380493,0,141,0.0,0.0,0.0,0.2,0.0070921985815602835,0.1,0.2,0.014184397163120567,0.07857142857142857,XC483682,gycwor1,SNR_0dB,0,R0
0.988727867603302,0,141,0.0,0.0,0.0,0.0,0.0,0.0,0.1,0.0070921985815602835,0.0125,XC772156,gycwor1,SNR_0dB,0,R0
0.9795395135879517,0,141,0.0,0.0,0.0,0.0,0.0,0.0,0.0,0.0,0.0,XC501765,gycwor1,SNR_0dB,0,R0
0.9823601245880127,1,141,1.0,0.0070921985815602835,1.0,0.6,0.02127659574468085,0.55,0.4,0.028368794326241134,0.325,XC1012395,gycwor1,SNR_0dB,0,R0
0.986055314540863,0,141,0.0,0.0,0.0,0.0,0.0,0.0,0.1,0.0070921985815602835,0.016666666666666666,XC843813,gycwor1,SNR_0dB,0,R0
0.9827929735183716,0,141,0.0,0.0,0.0,0.2,0.0070921985815602835,0.05,0.3,0.02127659574468085,0.08333333333333333,XC216181,gycwor1,SNR_0dB,0,R0
0.9819814562797546,0,141,0.0,0.0,0.0,0.0,0.0,0.0,0.0,0.0,0.0,XC352281,gycwor1,SNR_0dB,0,R0
0.9887632727622986,0,141,0.0,0.0,0.0,0.0,0.0,0.0,0.0,0.0,0.0,XC335167,gycwor1,SNR_0dB,0,R0
0.9867838025093079,0,141,0.0,0.0,0.0,0.6,0.02127659574468085,0.35333333333333333,0.3,0.02127659574468085,0.17666666666666667,XC197443,gycwor1,SNR_0dB,0,R0
0.9908499121665955,0,142,0.0,0.0,0.0,0.2,0.007042253521126761,0.05,0.1,0.007042253521126761,0.025,XC254120,compau,SNR_0dB,0,R0
0.9846845269203186,0,142,0.0,0.0,0.0,0.0,0.0,0.0,0.0,0.0,0.0,XC225326,compau,SNR_0dB,0,R0
0.9863099455833435,0,142,0.0,0.0,0.0,0.0,0.0,0.0,0.0,0.0,0.0,XC236447,compau,SNR_0dB,0,R0
0.9855175018310547,0,142,0.0,0.0,0.0,0.2,0.007042253521126761,0.1,0.1,0.007042253521126761,0.05,XC311012,compau,SNR_0dB,0,R0
0.9837926030158997,0,142,0.0,0.0,0.0,0.6,0.02112676056338028,0.32,0.4,0.028169014084507043,0.22666666666666666,XC285306,compau,SNR_0dB,0,R0
0.9850907325744629,0,142,0.0,0.0,0.0,0.0,0.0,0.0,0.0,0.0,0.0,XC592920,compau,SNR_0dB,0,R0
0.9815128445625305,1,142,1.0,0.007042253521126761,1.0,0.2,0.007042253521126761,0.2,0.1,0.007042253521126761,0.1,XC221567,compau,SNR_0dB,0,R0
0.981800377368927,0,142,0.0,0.0,0.0,0.2,0.007042253521126761,0.06666666666666667,0.1,0.007042253521126761,0.03333333333333333,XC630102,compau,SNR_0dB,0,R0
0.9817436933517456,0,142,0.0,0.0,0.0,0.0,0.0,0.0,0.0,0.0,0.0,XC427477,compau,SNR_0dB,0,R0
0.9883533716201782,0,142,0.0,0.0,0.0,0.0,0.0,0.0,0.0,0.0,0.0,XC943093,compau,SNR_0dB,0,R0
0.9728115200996399,0,198,0.0,0.0,0.0,0.0,0.0,0.0,0.1,0.005050505050505051,0.0125,XC433820,barant1,SNR_0dB,0,R0
0.9781568050384521,1,198,1.0,0.005050505050505051,1.0,0.2,0.005050505050505051,0.2,0.3,0.015151515151515152,0.16190476190476188,XC459559,barant1,SNR_0dB,0,R0
0.9928629994392395,0,198,0.0,0.0,0.0,0.2,0.005050505050505051,0.1,0.3,0.015151515151515152,0.11666666666666665,XC732448,barant1,SNR_0dB,0,R0
0.9798667430877686,0,198,0.0,0.0,0.0,0.0,0.0,0.0,0.0,0.0,0.0,XC716450,barant1,SNR_0dB,0,R0
0.984062910079956,0,198,0.0,0.0,0.0,0.2,0.005050505050505051,0.05,0.1,0.005050505050505051,0.025,XC354908,barant1,SNR_0dB,0,R0
0.9891300797462463,0,198,0.0,0.0,0.0,0.0,0.0,0.0,0.1,0.005050505050505051,0.014285714285714285,XC428067,barant1,SNR_0dB,0,R0
0.987449586391449,0,198,0.0,0.0,0.0,0.2,0.005050505050505051,0.06666666666666667,0.1,0.005050505050505051,0.03333333333333333,XC685458,barant1,SNR_0dB,0,R0
0.9841127395629883,0,198,0.0,0.0,0.0,0.0,0.0,0.0,0.0,0.0,0.0,XC676256,barant1,SNR_0dB,0,R0
0.9912287592887878,1,198,1.0,0.005050505050505051,1.0,0.4,0.010101010101010102,0.4,0.3,0.015151515151515152,0.22999999999999998,XC443189,barant1,SNR_0dB,0,R0
0.9802813529968262,0,198,0.0,0.0,0.0,0.0,0.0,0.0,0.0,0.0,0.0,XC752776,barant1,SNR_0dB,0,R0
0.9905630350112915,0,201,0.0,0.0,0.0,0.0,0.0,0.0,0.3,0.014925373134328358,0.07166666666666666,XC695270,pirfly1,SNR_0dB,0,R0
0.9860249161720276,0,201,0.0,0.0,0.0,0.0,0.0,0.0,0.0,0.0,0.0,XC199153,pirfly1,SNR_0dB,0,R0
0.9877347350120544,0,201,0.0,0.0,0.0,0.2,0.004975124378109453,0.1,0.1,0.004975124378109453,0.05,XC575453,pirfly1,SNR_0dB,0,R0
0.9852795004844666,0,201,0.0,0.0,0.0,0.0,0.0,0.0,0.0,0.0,0.0,XC199221,pirfly1,SNR_0dB,0,R0
0.9871305823326111,0,201,0.0,0.0,0.0,0.0,0.0,0.0,0.2,0.009950248756218905,0.034722222222222224,XC1050422,pirfly1,SNR_0dB,0,R0
0.9880472421646118,0,201,0.0,0.0,0.0,0.2,0.004975124378109453,0.1,0.1,0.004975124378109453,0.05,XC249521,pirfly1,SNR_0dB,0,R0
0.9888761639595032,0,201,0.0,0.0,0.0,0.0,0.0,0.0,0.1,0.004975124378109453,0.01,XC249067,pirfly1,SNR_0dB,0,R0
0.9844659566879272,0,201,0.0,0.0,0.0,0.2,0.004975124378109453,0.04,0.2,0.009950248756218905,0.05333333333333333,XC249418,pirfly1,SNR_0dB,0,R0
0.9917321801185608,0,201,0.0,0.0,0.0,0.0,0.0,0.0,0.0,0.0,0.0,XC249520,pirfly1,SNR_0dB,0,R0
0.9921989440917969,0,201,0.0,0.0,0.0,0.2,0.004975124378109453,0.04,0.1,0.004975124378109453,0.02,XC764117,pirfly1,SNR_0dB,0,R0
0.9932079315185547,0,184,0.0,0.0,0.0,0.0,0.0,0.0,0.0,0.0,0.0,XC174648,linwoo1,SNR_0dB,0,R0
0.9808860421180725,0,184,0.0,0.0,0.0,0.0,0.0,0.0,0.1,0.005434782608695652,0.014285714285714285,XC550450,linwoo1,SNR_0dB,0,R0
0.988619327545166,0,184,0.0,0.0,0.0,0.0,0.0,0.0,0.0,0.0,0.0,XC550448,linwoo1,SNR_0dB,0,R0
0.9827635288238525,1,184,1.0,0.005434782608695652,1.0,0.4,0.010869565217391304,0.3,0.3,0.016304347826086956,0.1875,XC379497,linwoo1,SNR_0dB,0,R0
0.9771080613136292,1,184,1.0,0.005434782608695652,1.0,0.8,0.021739130434782608,0.8,0.6,0.03260869565217391,0.55,XC732161,linwoo1,SNR_0dB,0,R0
0.9889582395553589,0,184,0.0,0.0,0.0,0.0,0.0,0.0,0.0,0.0,0.0,XC261880,linwoo1,SNR_0dB,0,R0
0.9900566935539246,0,184,0.0,0.0,0.0,0.2,0.005434782608695652,0.06666666666666667,0.2,0.010869565217391304,0.05333333333333333,XC250796,linwoo1,SNR_0dB,0,R0
0.9911709427833557,0,184,0.0,0.0,0.0,0.4,0.010869565217391304,0.16666666666666666,0.3,0.016304347826086956,0.11333333333333333,XC542823,linwoo1,SNR_0dB,0,R0
0.9887915849685669,0,184,0.0,0.0,0.0,0.2,0.005434782608695652,0.04,0.1,0.005434782608695652,0.02,XC688346,linwoo1,SNR_0dB,0,R0
0.9899595975875854,0,184,0.0,0.0,0.0,0.0,0.0,0.0,0.0,0.0,0.0,XC197473,linwoo1,SNR_0dB,0,R0
0.9932684302330017,0,192,0.0,0.0,0.0,0.2,0.005208333333333333,0.05,0.3,0.015625,0.0869047619047619,XC238416,whtdov,SNR_0dB,0,R0
0.9862666726112366,0,192,0.0,0.0,0.0,0.0,0.0,0.0,0.0,0.0,0.0,XC235857,whtdov,SNR_0dB,0,R0
0.9899896383285522,0,192,0.0,0.0,0.0,0.0,0.0,0.0,0.0,0.0,0.0,XC238417,whtdov,SNR_0dB,0,R0
0.9955989122390747,0,192,0.0,0.0,0.0,0.0,0.0,0.0,0.3,0.015625,0.08273809523809524,XC294701,whtdov,SNR_0dB,0,R0
0.9943039417266846,0,192,0.0,0.0,0.0,0.0,0.0,0.0,0.1,0.005208333333333333,0.0125,XC388552,whtdov,SNR_0dB,0,R0
0.9783342480659485,0,192,0.0,0.0,0.0,0.0,0.0,0.0,0.0,0.0,0.0,XC538235,whtdov,SNR_0dB,0,R0
0.9907025694847107,0,192,0.0,0.0,0.0,0.0,0.0,0.0,0.0,0.0,0.0,XC716476,whtdov,SNR_0dB,0,R0
0.9822337627410889,1,192,1.0,0.005208333333333333,1.0,0.2,0.005208333333333333,0.2,0.3,0.015625,0.15222222222222223,XC147509,whtdov,SNR_0dB,0,R0
0.9847165942192078,0,192,0.0,0.0,0.0,0.4,0.010416666666666666,0.16666666666666666,0.2,0.010416666666666666,0.08333333333333333,XC277692,whtdov,SNR_0dB,0,R0
0.9916276931762695,0,192,0.0,0.0,0.0,0.0,0.0,0.0,0.0,0.0,0.0,XC833664,whtdov,SNR_0dB,0,R0
0.9930594563484192,0,204,0.0,0.0,0.0,0.0,0.0,0.0,0.0,0.0,0.0,XC469159,bobfly1,SNR_0dB,0,R0
0.9858658313751221,0,204,0.0,0.0,0.0,0.0,0.0,0.0,0.1,0.004901960784313725,0.016666666666666666,XC578500,bobfly1,SNR_0dB,0,R0
0.9775626063346863,0,204,0.0,0.0,0.0,0.2,0.004901960784313725,0.1,0.1,0.004901960784313725,0.05,XC545844,bobfly1,SNR_0dB,0,R0
0.9889727830886841,1,204,1.0,0.004901960784313725,1.0,0.6,0.014705882352941176,0.55,0.5,0.024509803921568627,0.3821428571428571,XC427567,bobfly1,SNR_0dB,0,R0
0.9799531698226929,1,204,1.0,0.004901960784313725,1.0,0.4,0.00980392156862745,0.3,0.5,0.024509803921568627,0.2984126984126984,XC583946,bobfly1,SNR_0dB,0,R0
0.9932916164398193,0,204,0.0,0.0,0.0,0.0,0.0,0.0,0.1,0.004901960784313725,0.014285714285714285,XC235872,bobfly1,SNR_0dB,0,R0
0.9916773438453674,0,204,0.0,0.0,0.0,0.0,0.0,0.0,0.2,0.00980392156862745,0.03111111111111111,XC427566,bobfly1,SNR_0dB,0,R0
0.9853003621101379,0,204,0.0,0.0,0.0,0.2,0.004901960784313725,0.05,0.3,0.014705882352941176,0.08,XC356904,bobfly1,SNR_0dB,0,R0
0.994256317615509,0,204,0.0,0.0,0.0,0.6,0.014705882352941176,0.2866666666666666,0.5,0.024509803921568627,0.25999999999999995,XC841763,bobfly1,SNR_0dB,0,R0
0.9932138919830322,0,204,0.0,0.0,0.0,0.4,0.00980392156862745,0.18,0.3,0.014705882352941176,0.13999999999999999,XC666481,bobfly1,SNR_0dB,0,R0
0.9862838983535767,0,155,0.0,0.0,0.0,0.4,0.012903225806451613,0.2333333333333333,0.2,0.012903225806451613,0.11666666666666665,XC944466,trokin,SNR_0dB,0,R0
0.9886754751205444,1,155,1.0,0.0064516129032258064,1.0,0.8,0.025806451612903226,0.76,0.5,0.03225806451612903,0.4514285714285714,XC556661,trokin,SNR_0dB,0,R0
0.9884067177772522,0,155,0.0,0.0,0.0,0.0,0.0,0.0,0.1,0.0064516129032258064,0.014285714285714285,XC131763,trokin,SNR_0dB,0,R0
0.9853062033653259,1,155,1.0,0.0064516129032258064,1.0,0.2,0.0064516129032258064,0.2,0.3,0.01935483870967742,0.15857142857142856,XC282322,trokin,SNR_0dB,0,R0
0.9874590039253235,0,155,0.0,0.0,0.0,0.0,0.0,0.0,0.0,0.0,0.0,XC287873,trokin,SNR_0dB,0,R0
0.9951179623603821,0,155,0.0,0.0,0.0,0.0,0.0,0.0,0.2,0.012903225806451613,0.0325,XC944467,trokin,SNR_0dB,0,R0
0.9930728673934937,0,155,0.0,0.0,0.0,0.0,0.0,0.0,0.0,0.0,0.0,XC690960,trokin,SNR_0dB,0,R0
0.9707571268081665,0,155,0.0,0.0,0.0,0.0,0.0,0.0,0.1,0.0064516129032258064,0.016666666666666666,XC960832,trokin,SNR_0dB,0,R0
0.9840426445007324,0,155,0.0,0.0,0.0,0.0,0.0,0.0,0.0,0.0,0.0,XC490064,trokin,SNR_0dB,0,R0
0.995235025882721,0,155,0.0,0.0,0.0,0.0,0.0,0.0,0.1,0.0064516129032258064,0.01,XC282345,trokin,SNR_0dB,0,R0
0.9594297409057617,0,171,0.0,0.0,0.0,0.0,0.0,0.0,0.0,0.0,0.0,XC1011212,coffal1,SNR_-5dB,-5,R0
0.9848954677581787,0,171,0.0,0.0,0.0,0.0,0.0,0.0,0.1,0.005847953216374269,0.01,XC518849,coffal1,SNR_-5dB,-5,R0
0.9783302545547485,0,171,0.0,0.0,0.0,0.2,0.005847953216374269,0.06666666666666667,0.1,0.005847953216374269,0.03333333333333333,XC640029,coffal1,SNR_-5dB,-5,R0
0.9762825965881348,0,171,0.0,0.0,0.0,0.0,0.0,0.0,0.0,0.0,0.0,XC238626,coffal1,SNR_-5dB,-5,R0
0.9892139434814453,0,171,0.0,0.0,0.0,0.0,0.0,0.0,0.0,0.0,0.0,XC580510,coffal1,SNR_-5dB,-5,R0
0.9503125548362732,0,171,0.0,0.0,0.0,0.0,0.0,0.0,0.0,0.0,0.0,XC841725,coffal1,SNR_-5dB,-5,R0
0.9915083646774292,0,171,0.0,0.0,0.0,0.0,0.0,0.0,0.0,0.0,0.0,XC909155,coffal1,SNR_-5dB,-5,R0
0.9845519065856934,0,171,0.0,0.0,0.0,0.0,0.0,0.0,0.0,0.0,0.0,XC597587,coffal1,SNR_-5dB,-5,R0
0.9759820103645325,0,171,0.0,0.0,0.0,0.0,0.0,0.0,0.0,0.0,0.0,XC514068,coffal1,SNR_-5dB,-5,R0
0.984236478805542,0,171,0.0,0.0,0.0,0.0,0.0,0.0,0.0,0.0,0.0,XC915055,coffal1,SNR_-5dB,-5,R0
0.995126485824585,0,221,0.0,0.0,0.0,0.2,0.004524886877828055,0.06666666666666667,0.2,0.00904977375565611,0.06666666666666667,XC504846,sobtyr1,SNR_-5dB,-5,R0
0.9898649454116821,0,221,0.0,0.0,0.0,0.0,0.0,0.0,0.0,0.0,0.0,XC764623,sobtyr1,SNR_-5dB,-5,R0
0.9820237755775452,0,221,0.0,0.0,0.0,0.0,0.0,0.0,0.0,0.0,0.0,XC653903,sobtyr1,SNR_-5dB,-5,R0
0.9898597598075867,0,221,0.0,0.0,0.0,0.0,0.0,0.0,0.0,0.0,0.0,XC176886,sobtyr1,SNR_-5dB,-5,R0
0.9824544191360474,0,221,0.0,0.0,0.0,0.0,0.0,0.0,0.0,0.0,0.0,XC580800,sobtyr1,SNR_-5dB,-5,R0
0.9761704206466675,1,221,1.0,0.004524886877828055,1.0,0.2,0.004524886877828055,0.2,0.1,0.004524886877828055,0.1,XC763522,sobtyr1,SNR_-5dB,-5,R0
0.9925935864448547,0,221,0.0,0.0,0.0,0.0,0.0,0.0,0.0,0.0,0.0,XC612769,sobtyr1,SNR_-5dB,-5,R0
0.970976710319519,0,221,0.0,0.0,0.0,0.2,0.004524886877828055,0.1,0.2,0.00904977375565611,0.075,XC135348,sobtyr1,SNR_-5dB,-5,R0
0.9919452667236328,0,221,0.0,0.0,0.0,0.0,0.0,0.0,0.0,0.0,0.0,XC1062368,sobtyr1,SNR_-5dB,-5,R0
0.9801432490348816,0,221,0.0,0.0,0.0,0.0,0.0,0.0,0.0,0.0,0.0,XC653904,sobtyr1,SNR_-5dB,-5,R0
0.9693896174430847,0,223,0.0,0.0,0.0,0.0,0.0,0.0,0.0,0.0,0.0,XC348691,greant1,SNR_-5dB,-5,R0
0.9765931367874146,0,223,0.0,0.0,0.0,0.0,0.0,0.0,0.0,0.0,0.0,XC397818,greant1,SNR_-5dB,-5,R0
0.9576457142829895,0,223,0.0,0.0,0.0,0.0,0.0,0.0,0.1,0.004484304932735426,0.0125,XC50033,greant1,SNR_-5dB,-5,R0
0.9824062585830688,0,223,0.0,0.0,0.0,0.0,0.0,0.0,0.0,0.0,0.0,XC388556,greant1,SNR_-5dB,-5,R0
0.9652175307273865,0,223,0.0,0.0,0.0,0.2,0.004484304932735426,0.06666666666666667,0.2,0.008968609865470852,0.05555555555555556,XC433819,greant1,SNR_-5dB,-5,R0
0.9733842015266418,1,223,1.0,0.004484304932735426,1.0,0.4,0.008968609865470852,0.3333333333333333,0.3,0.013452914798206279,0.19999999999999998,XC123928,greant1,SNR_-5dB,-5,R0
0.977192223072052,0,223,0.0,0.0,0.0,0.0,0.0,0.0,0.0,0.0,0.0,XC489684,greant1,SNR_-5dB,-5,R0
0.9924686551094055,0,223,0.0,0.0,0.0,0.2,0.004484304932735426,0.1,0.1,0.004484304932735426,0.05,XC452472,greant1,SNR_-5dB,-5,R0
0.9818214178085327,0,223,0.0,0.0,0.0,0.4,0.008968609865470852,0.14666666666666667,0.2,0.008968609865470852,0.07333333333333333,XC616309,greant1,SNR_-5dB,-5,R0
0.9855826497077942,0,223,0.0,0.0,0.0,0.2,0.004484304932735426,0.05,0.1,0.004484304932735426,0.025,XC118887,greant1,SNR_-5dB,-5,R0
0.9925308227539062,1,231,1.0,0.004329004329004329,1.0,0.4,0.008658008658008658,0.3,0.2,0.008658008658008658,0.15,XC294719,squcuc1,SNR_-5dB,-5,R0
0.9704522490501404,0,231,0.0,0.0,0.0,0.0,0.0,0.0,0.0,0.0,0.0,XC294724,squcuc1,SNR_-5dB,-5,R0
0.9794828295707703,0,231,0.0,0.0,0.0,0.0,0.0,0.0,0.1,0.004329004329004329,0.016666666666666666,XC940505,squcuc1,SNR_-5dB,-5,R0
0.9840187430381775,0,231,0.0,0.0,0.0,0.0,0.0,0.0,0.1,0.004329004329004329,0.0125,XC216157,squcuc1,SNR_-5dB,-5,R0
0.9693345427513123,1,231,1.0,0.004329004329004329,1.0,0.8,0.017316017316017316,0.8,0.4,0.017316017316017316,0.4,XC549930,squcuc1,SNR_-5dB,-5,R0
0.9764310717582703,0,231,0.0,0.0,0.0,0.2,0.004329004329004329,0.05,0.3,0.012987012987012988,0.09107142857142857,XC549933,squcuc1,SNR_-5dB,-5,R0
0.9676454067230225,0,231,0.0,0.0,0.0,0.2,0.004329004329004329,0.05,0.1,0.004329004329004329,0.025,XC549936,squcuc1,SNR_-5dB,-5,R0
0.9810290336608887,0,231,0.0,0.0,0.0,0.0,0.0,0.0,0.1,0.004329004329004329,0.016666666666666666,XC247099,squcuc1,SNR_-5dB,-5,R0
0.9806655645370483,0,231,0.0,0.0,0.0,0.2,0.004329004329004329,0.06666666666666667,0.2,0.008658008658008658,0.05333333333333333,XC246934,squcuc1,SNR_-5dB,-5,R0
0.976214587688446,0,231,0.0,0.0,0.0,0.0,0.0,0.0,0.0,0.0,0.0,XC656889,squcuc1,SNR_-5dB,-5,R0
0.9683326482772827,0,159,0.0,0.0,0.0,0.0,0.0,0.0,0.0,0.0,0.0,XC299640,roahaw,SNR_-5dB,-5,R0
0.9897769689559937,0,159,0.0,0.0,0.0,0.0,0.0,0.0,0.0,0.0,0.0,XC372463,roahaw,SNR_-5dB,-5,R0
0.9875100255012512,0,159,0.0,0.0,0.0,0.0,0.0,0.0,0.0,0.0,0.0,XC288830,roahaw,SNR_-5dB,-5,R0
0.9779934883117676,0,159,0.0,0.0,0.0,0.0,0.0,0.0,0.0,0.0,0.0,XC129438,roahaw,SNR_-5dB,-5,R0
0.9814733266830444,0,159,0.0,0.0,0.0,0.0,0.0,0.0,0.0,0.0,0.0,XC772769,roahaw,SNR_-5dB,-5,R0
0.9846134781837463,0,159,0.0,0.0,0.0,0.0,0.0,0.0,0.0,0.0,0.0,XC716349,roahaw,SNR_-5dB,-5,R0
0.9853076338768005,0,159,0.0,0.0,0.0,0.0,0.0,0.0,0.0,0.0,0.0,XC340156,roahaw,SNR_-5dB,-5,R0
0.9826111793518066,0,159,0.0,0.0,0.0,0.0,0.0,0.0,0.0,0.0,0.0,XC680705,roahaw,SNR_-5dB,-5,R0
0.9782153964042664,0,159,0.0,0.0,0.0,0.0,0.0,0.0,0.0,0.0,0.0,XC235156,roahaw,SNR_-5dB,-5,R0
0.9811818599700928,0,159,0.0,0.0,0.0,0.0,0.0,0.0,0.0,0.0,0.0,XC19527,roahaw,SNR_-5dB,-5,R0
0.9875041246414185,0,165,0.0,0.0,0.0,0.0,0.0,0.0,0.0,0.0,0.0,XC738930,trsowl,SNR_-5dB,-5,R0
0.9788205027580261,0,165,0.0,0.0,0.0,0.2,0.006060606060606061,0.06666666666666667,0.4,0.024242424242424242,0.1394047619047619,XC428741,trsowl,SNR_-5dB,-5,R0
0.9781754016876221,0,165,0.0,0.0,0.0,0.0,0.0,0.0,0.0,0.0,0.0,XC597121,trsowl,SNR_-5dB,-5,R0
0.9765171408653259,0,165,0.0,0.0,0.0,0.0,0.0,0.0,0.0,0.0,0.0,XC549975,trsowl,SNR_-5dB,-5,R0
0.9901861548423767,0,165,0.0,0.0,0.0,0.2,0.006060606060606061,0.05,0.1,0.006060606060606061,0.025,XC135491,trsowl,SNR_-5dB,-5,R0
0.980928361415863,0,165,0.0,0.0,0.0,0.0,0.0,0.0,0.1,0.006060606060606061,0.0125,XC572606,trsowl,SNR_-5dB,-5,R0
0.9839716553688049,0,165,0.0,0.0,0.0,0.2,0.006060606060606061,0.05,0.1,0.006060606060606061,0.025,XC236394,trsowl,SNR_-5dB,-5,R0
0.972855806350708,0,165,0.0,0.0,0.0,0.2,0.006060606060606061,0.1,0.2,0.012121212121212121,0.06999999999999999,XC447808,trsowl,SNR_-5dB,-5,R0
0.98127281665802,0,165,0.0,0.0,0.0,0.0,0.0,0.0,0.0,0.0,0.0,XC619067,trsowl,SNR_-5dB,-5,R0
0.9656139612197876,0,165,0.0,0.0,0.0,0.0,0.0,0.0,0.0,0.0,0.0,XC730130,trsowl,SNR_-5dB,-5,R0
0.9793760776519775,0,203,0.0,0.0,0.0,0.0,0.0,0.0,0.1,0.0049261083743842365,0.01,XC756928,banana,SNR_-5dB,-5,R0
0.9774490594863892,0,203,0.0,0.0,0.0,0.0,0.0,0.0,0.0,0.0,0.0,XC190593,banana,SNR_-5dB,-5,R0
0.9867426156997681,1,203,1.0,0.0049261083743842365,1.0,0.2,0.0049261083743842365,0.2,0.1,0.0049261083743842365,0.1,XC247112,banana,SNR_-5dB,-5,R0
0.9951580762863159,1,203,1.0,0.0049261083743842365,1.0,0.8,0.019704433497536946,0.6433333333333333,0.7,0.034482758620689655,0.55,XC561261,banana,SNR_-5dB,-5,R0
0.9891903400421143,0,203,0.0,0.0,0.0,0.0,0.0,0.0,0.0,0.0,0.0,XC127164,banana,SNR_-5dB,-5,R0
0.9895359873771667,0,203,0.0,0.0,0.0,0.0,0.0,0.0,0.0,0.0,0.0,XC169559,banana,SNR_-5dB,-5,R0
0.9787399768829346,0,203,0.0,0.0,0.0,0.0,0.0,0.0,0.1,0.0049261083743842365,0.01111111111111111,XC241562,banana,SNR_-5dB,-5,R0
0.9685838222503662,0,203,0.0,0.0,0.0,0.0,0.0,0.0,0.0,0.0,0.0,XC924739,banana,SNR_-5dB,-5,R0
0.9878867268562317,0,203,0.0,0.0,0.0,0.0,0.0,0.0,0.0,0.0,0.0,XC541448,banana,SNR_-5dB,-5,R0
0.9725430011749268,0,203,0.0,0.0,0.0,0.0,0.0,0.0,0.0,0.0,0.0,XC215467,banana,SNR_-5dB,-5,R0
0.9712488651275635,0,181,0.0,0.0,0.0,0.0,0.0,0.0,0.1,0.0055248618784530384,0.01,XC29087,baffal1,SNR_-5dB,-5,R0
0.9827536344528198,0,181,0.0,0.0,0.0,0.0,0.0,0.0,0.0,0.0,0.0,XC29088,baffal1,SNR_-5dB,-5,R0
0.9761463403701782,0,181,0.0,0.0,0.0,0.0,0.0,0.0,0.0,0.0,0.0,XC235886,baffal1,SNR_-5dB,-5,R0
0.9770004749298096,0,181,0.0,0.0,0.0,0.0,0.0,0.0,0.0,0.0,0.0,XC437953,baffal1,SNR_-5dB,-5,R0
0.986396849155426,0,181,0.0,0.0,0.0,0.0,0.0,0.0,0.0,0.0,0.0,XC192816,baffal1,SNR_-5dB,-5,R0
0.9892061948776245,0,181,0.0,0.0,0.0,0.0,0.0,0.0,0.1,0.0055248618784530384,0.014285714285714285,XC666482,baffal1,SNR_-5dB,-5,R0
0.9760985374450684,0,181,0.0,0.0,0.0,0.0,0.0,0.0,0.0,0.0,0.0,XC727672,baffal1,SNR_-5dB,-5,R0
0.9817424416542053,0,181,0.0,0.0,0.0,0.0,0.0,0.0,0.2,0.011049723756906077,0.03111111111111111,XC745799,baffal1,SNR_-5dB,-5,R0
0.9834545254707336,0,181,0.0,0.0,0.0,0.0,0.0,0.0,0.2,0.011049723756906077,0.03428571428571429,XC546400,baffal1,SNR_-5dB,-5,R0
0.9689964056015015,0,181,0.0,0.0,0.0,0.0,0.0,0.0,0.0,0.0,0.0,XC192815,baffal1,SNR_-5dB,-5,R0
0.9781712293624878,0,137,0.0,0.0,0.0,0.2,0.0072992700729927005,0.04,0.3,0.021897810218978103,0.08666666666666667,XC539586,soulap1,SNR_-5dB,-5,R0
0.9713213443756104,1,137,1.0,0.0072992700729927005,1.0,0.6,0.021897810218978103,0.42000000000000004,0.5,0.0364963503649635,0.3226984126984127,XC9046,soulap1,SNR_-5dB,-5,R0
0.9606765508651733,0,137,0.0,0.0,0.0,0.0,0.0,0.0,0.0,0.0,0.0,XC562682,soulap1,SNR_-5dB,-5,R0
0.9849928617477417,0,137,0.0,0.0,0.0,0.2,0.0072992700729927005,0.04,0.1,0.0072992700729927005,0.02,XC51500,soulap1,SNR_-5dB,-5,R0
0.9850373864173889,0,137,0.0,0.0,0.0,0.2,0.0072992700729927005,0.04,0.2,0.014598540145985401,0.045,XC428133,soulap1,SNR_-5dB,-5,R0
0.9807978272438049,0,137,0.0,0.0,0.0,0.0,0.0,0.0,0.1,0.0072992700729927005,0.01111111111111111,XC47141,soulap1,SNR_-5dB,-5,R0
0.9784088134765625,0,137,0.0,0.0,0.0,0.0,0.0,0.0,0.0,0.0,0.0,XC861228,soulap1,SNR_-5dB,-5,R0
0.9769304990768433,1,137,1.0,0.0072992700729927005,1.0,0.4,0.014598540145985401,0.3,0.6,0.043795620437956206,0.37269841269841264,XC549503,soulap1,SNR_-5dB,-5,R0
0.9748784303665161,0,137,0.0,0.0,0.0,0.0,0.0,0.0,0.1,0.0072992700729927005,0.01,XC16003,soulap1,SNR_-5dB,-5,R0
0.9544890522956848,0,137,0.0,0.0,0.0,0.0,0.0,0.0,0.1,0.0072992700729927005,0.0125,XC48574,soulap1,SNR_-5dB,-5,R0
0.9835668206214905,0,154,0.0,0.0,0.0,0.2,0.006493506493506494,0.05,0.2,0.012987012987012988,0.04722222222222222,XC340516,strcuc1,SNR_-5dB,-5,R0
0.9777859449386597,0,154,0.0,0.0,0.0,0.0,0.0,0.0,0.0,0.0,0.0,XC340515,strcuc1,SNR_-5dB,-5,R0
0.9884276986122131,0,154,0.0,0.0,0.0,0.0,0.0,0.0,0.0,0.0,0.0,XC173304,strcuc1,SNR_-5dB,-5,R0
0.9932223558425903,0,154,0.0,0.0,0.0,0.0,0.0,0.0,0.0,0.0,0.0,XC114965,strcuc1,SNR_-5dB,-5,R0
0.9765732884407043,0,154,0.0,0.0,0.0,0.2,0.006493506493506494,0.05,0.1,0.006493506493506494,0.025,XC349929,strcuc1,SNR_-5dB,-5,R0
0.9821431636810303,0,154,0.0,0.0,0.0,0.0,0.0,0.0,0.0,0.0,0.0,XC836228,strcuc1,SNR_-5dB,-5,R0
0.9794992208480835,0,154,0.0,0.0,0.0,0.0,0.0,0.0,0.0,0.0,0.0,XC508606,strcuc1,SNR_-5dB,-5,R0
0.9901828765869141,0,154,0.0,0.0,0.0,0.2,0.006493506493506494,0.04,0.1,0.006493506493506494,0.02,XC593146,strcuc1,SNR_-5dB,-5,R0
0.9737085700035095,0,154,0.0,0.0,0.0,0.0,0.0,0.0,0.0,0.0,0.0,XC240034,strcuc1,SNR_-5dB,-5,R0
0.9839804172515869,0,154,0.0,0.0,0.0,0.0,0.0,0.0,0.1,0.006493506493506494,0.016666666666666666,XC114160,strcuc1,SNR_-5dB,-5,R0
0.9877108931541443,0,125,0.0,0.0,0.0,0.0,0.0,0.0,0.0,0.0,0.0,XC993685,pabspi1,SNR_-5dB,-5,R0
0.9809262752532959,0,125,0.0,0.0,0.0,0.0,0.0,0.0,0.0,0.0,0.0,XC506225,pabspi1,SNR_-5dB,-5,R0
0.9839606881141663,0,125,0.0,0.0,0.0,0.0,0.0,0.0,0.1,0.008,0.016666666666666666,XC687712,pabspi1,SNR_-5dB,-5,R0
0.9923261404037476,0,125,0.0,0.0,0.0,0.0,0.0,0.0,0.0,0.0,0.0,XC506234,pabspi1,SNR_-5dB,-5,R0
0.9809505343437195,1,125,1.0,0.008,1.0,0.2,0.008,0.2,0.1,0.008,0.1,XC452493,pabspi1,SNR_-5dB,-5,R0
0.9864727258682251,0,125,0.0,0.0,0.0,0.0,0.0,0.0,0.0,0.0,0.0,XC701947,pabspi1,SNR_-5dB,-5,R0
0.9879291653633118,0,125,0.0,0.0,0.0,0.0,0.0,0.0,0.0,0.0,0.0,XC701948,pabspi1,SNR_-5dB,-5,R0
0.9822671413421631,0,125,0.0,0.0,0.0,0.0,0.0,0.0,0.0,0.0,0.0,XC236174,pabspi1,SNR_-5dB,-5,R0
0.9648861885070801,0,125,0.0,0.0,0.0,0.0,0.0,0.0,0.0,0.0,0.0,XC391585,pabspi1,SNR_-5dB,-5,R0
0.9797189235687256,0,125,0.0,0.0,0.0,0.0,0.0,0.0,0.0,0.0,0.0,XC236176,pabspi1,SNR_-5dB,-5,R0
0.9836031794548035,0,266,0.0,0.0,0.0,0.0,0.0,0.0,0.0,0.0,0.0,XC268594,yeofly1,SNR_-5dB,-5,R0
0.9767740964889526,0,266,0.0,0.0,0.0,0.0,0.0,0.0,0.0,0.0,0.0,XC361117,yeofly1,SNR_-5dB,-5,R0
0.9964608550071716,0,266,0.0,0.0,0.0,0.2,0.0037593984962406013,0.05,0.2,0.007518796992481203,0.05357142857142857,XC250157,yeofly1,SNR_-5dB,-5,R0
0.9583079814910889,0,266,0.0,0.0,0.0,0.2,0.0037593984962406013,0.04,0.2,0.007518796992481203,0.05333333333333333,XC46766,yeofly1,SNR_-5dB,-5,R0
0.9894911646842957,0,266,0.0,0.0,0.0,0.0,0.0,0.0,0.1,0.0037593984962406013,0.01,XC1031972,yeofly1,SNR_-5dB,-5,R0
0.9675343036651611,0,266,0.0,0.0,0.0,0.0,0.0,0.0,0.0,0.0,0.0,XC187210,yeofly1,SNR_-5dB,-5,R0
0.9851645231246948,0,266,0.0,0.0,0.0,0.0,0.0,0.0,0.0,0.0,0.0,XC512409,yeofly1,SNR_-5dB,-5,R0
0.991966187953949,0,266,0.0,0.0,0.0,0.0,0.0,0.0,0.0,0.0,0.0,XC611913,yeofly1,SNR_-5dB,-5,R0
0.993543267250061,0,266,0.0,0.0,0.0,0.0,0.0,0.0,0.0,0.0,0.0,XC268592,yeofly1,SNR_-5dB,-5,R0
0.9820749163627625,0,266,0.0,0.0,0.0,0.0,0.0,0.0,0.1,0.0037593984962406013,0.01111111111111111,XC583955,yeofly1,SNR_-5dB,-5,R0
0.9755337834358215,0,141,0.0,0.0,0.0,0.0,0.0,0.0,0.0,0.0,0.0,XC192979,gycwor1,SNR_-5dB,-5,R0
0.9878968596458435,0,141,0.0,0.0,0.0,0.4,0.014184397163120567,0.14666666666666667,0.2,0.014184397163120567,0.07333333333333333,XC483682,gycwor1,SNR_-5dB,-5,R0
0.9852055311203003,0,141,0.0,0.0,0.0,0.0,0.0,0.0,0.0,0.0,0.0,XC772156,gycwor1,SNR_-5dB,-5,R0
0.9695979356765747,0,141,0.0,0.0,0.0,0.0,0.0,0.0,0.0,0.0,0.0,XC501765,gycwor1,SNR_-5dB,-5,R0
0.9748446941375732,1,141,1.0,0.0070921985815602835,1.0,0.6,0.02127659574468085,0.55,0.3,0.02127659574468085,0.275,XC1012395,gycwor1,SNR_-5dB,-5,R0
0.9805351495742798,0,141,0.0,0.0,0.0,0.0,0.0,0.0,0.0,0.0,0.0,XC843813,gycwor1,SNR_-5dB,-5,R0
0.9768006205558777,0,141,0.0,0.0,0.0,0.0,0.0,0.0,0.3,0.02127659574468085,0.075,XC216181,gycwor1,SNR_-5dB,-5,R0
0.9732310771942139,0,141,0.0,0.0,0.0,0.4,0.014184397163120567,0.18,0.2,0.014184397163120567,0.09,XC352281,gycwor1,SNR_-5dB,-5,R0
0.9799501895904541,0,141,0.0,0.0,0.0,0.0,0.0,0.0,0.0,0.0,0.0,XC335167,gycwor1,SNR_-5dB,-5,R0
0.9820477366447449,0,141,0.0,0.0,0.0,0.2,0.0070921985815602835,0.1,0.1,0.0070921985815602835,0.05,XC197443,gycwor1,SNR_-5dB,-5,R0
0.9863623380661011,0,142,0.0,0.0,0.0,0.0,0.0,0.0,0.0,0.0,0.0,XC254120,compau,SNR_-5dB,-5,R0
0.9798027276992798,0,142,0.0,0.0,0.0,0.0,0.0,0.0,0.0,0.0,0.0,XC225326,compau,SNR_-5dB,-5,R0
0.9784079790115356,0,142,0.0,0.0,0.0,0.0,0.0,0.0,0.0,0.0,0.0,XC236447,compau,SNR_-5dB,-5,R0
0.9820349812507629,0,142,0.0,0.0,0.0,0.2,0.007042253521126761,0.1,0.2,0.014084507042253521,0.06999999999999999,XC311012,compau,SNR_-5dB,-5,R0
0.9746874570846558,1,142,1.0,0.007042253521126761,1.0,0.4,0.014084507042253521,0.3,0.4,0.028169014084507043,0.2571428571428571,XC285306,compau,SNR_-5dB,-5,R0
0.9767869114875793,0,142,0.0,0.0,0.0,0.0,0.0,0.0,0.0,0.0,0.0,XC592920,compau,SNR_-5dB,-5,R0
0.9770437479019165,0,142,0.0,0.0,0.0,0.0,0.0,0.0,0.1,0.007042253521126761,0.01,XC221567,compau,SNR_-5dB,-5,R0
0.9696788787841797,0,142,0.0,0.0,0.0,0.0,0.0,0.0,0.1,0.007042253521126761,0.014285714285714285,XC630102,compau,SNR_-5dB,-5,R0
0.9769063591957092,0,142,0.0,0.0,0.0,0.0,0.0,0.0,0.0,0.0,0.0,XC427477,compau,SNR_-5dB,-5,R0
0.9871410131454468,0,142,0.0,0.0,0.0,0.0,0.0,0.0,0.0,0.0,0.0,XC943093,compau,SNR_-5dB,-5,R0
0.9631295204162598,0,198,0.0,0.0,0.0,0.0,0.0,0.0,0.0,0.0,0.0,XC433820,barant1,SNR_-5dB,-5,R0
0.9701140522956848,0,198,0.0,0.0,0.0,0.2,0.005050505050505051,0.04,0.2,0.010101010101010102,0.04,XC459559,barant1,SNR_-5dB,-5,R0
0.9921861290931702,0,198,0.0,0.0,0.0,0.4,0.010101010101010102,0.2333333333333333,0.2,0.010101010101010102,0.11666666666666665,XC732448,barant1,SNR_-5dB,-5,R0
0.9690728187561035,0,198,0.0,0.0,0.0,0.0,0.0,0.0,0.0,0.0,0.0,XC716450,barant1,SNR_-5dB,-5,R0
0.9738916158676147,0,198,0.0,0.0,0.0,0.2,0.005050505050505051,0.06666666666666667,0.2,0.010101010101010102,0.05333333333333333,XC354908,barant1,SNR_-5dB,-5,R0
0.9776484370231628,0,198,0.0,0.0,0.0,0.0,0.0,0.0,0.2,0.010101010101010102,0.03666666666666667,XC428067,barant1,SNR_-5dB,-5,R0
0.9802682399749756,1,198,1.0,0.005050505050505051,1.0,0.2,0.005050505050505051,0.2,0.1,0.005050505050505051,0.1,XC685458,barant1,SNR_-5dB,-5,R0
0.9775647521018982,0,198,0.0,0.0,0.0,0.0,0.0,0.0,0.0,0.0,0.0,XC676256,barant1,SNR_-5dB,-5,R0
0.9865682125091553,1,198,1.0,0.005050505050505051,1.0,0.4,0.010101010101010102,0.4,0.2,0.010101010101010102,0.2,XC443189,barant1,SNR_-5dB,-5,R0
0.9708868265151978,0,198,0.0,0.0,0.0,0.0,0.0,0.0,0.0,0.0,0.0,XC752776,barant1,SNR_-5dB,-5,R0
0.9849467277526855,0,201,0.0,0.0,0.0,0.2,0.004975124378109453,0.04,0.1,0.004975124378109453,0.02,XC695270,pirfly1,SNR_-5dB,-5,R0
0.9786930084228516,0,201,0.0,0.0,0.0,0.0,0.0,0.0,0.0,0.0,0.0,XC199153,pirfly1,SNR_-5dB,-5,R0
0.9831825494766235,0,201,0.0,0.0,0.0,0.0,0.0,0.0,0.2,0.009950248756218905,0.041666666666666664,XC575453,pirfly1,SNR_-5dB,-5,R0
0.9755309820175171,0,201,0.0,0.0,0.0,0.0,0.0,0.0,0.0,0.0,0.0,XC199221,pirfly1,SNR_-5dB,-5,R0
0.9818977117538452,0,201,0.0,0.0,0.0,0.2,0.004975124378109453,0.04,0.2,0.009950248756218905,0.04,XC1050422,pirfly1,SNR_-5dB,-5,R0
0.9794241786003113,0,201,0.0,0.0,0.0,0.2,0.004975124378109453,0.06666666666666667,0.2,0.009950248756218905,0.06190476190476191,XC249521,pirfly1,SNR_-5dB,-5,R0
0.9801746010780334,0,201,0.0,0.0,0.0,0.0,0.0,0.0,0.0,0.0,0.0,XC249067,pirfly1,SNR_-5dB,-5,R0
0.9834258556365967,0,201,0.0,0.0,0.0,0.2,0.004975124378109453,0.05,0.2,0.009950248756218905,0.05,XC249418,pirfly1,SNR_-5dB,-5,R0
0.9884500503540039,0,201,0.0,0.0,0.0,0.0,0.0,0.0,0.0,0.0,0.0,XC249520,pirfly1,SNR_-5dB,-5,R0
0.9909661412239075,0,201,0.0,0.0,0.0,0.0,0.0,0.0,0.1,0.004975124378109453,0.016666666666666666,XC764117,pirfly1,SNR_-5dB,-5,R0
0.9935781955718994,0,184,0.0,0.0,0.0,0.0,0.0,0.0,0.0,0.0,0.0,XC174648,linwoo1,SNR_-5dB,-5,R0
0.9620395302772522,0,184,0.0,0.0,0.0,0.0,0.0,0.0,0.0,0.0,0.0,XC550450,linwoo1,SNR_-5dB,-5,R0
0.9853091239929199,0,184,0.0,0.0,0.0,0.0,0.0,0.0,0.0,0.0,0.0,XC550448,linwoo1,SNR_-5dB,-5,R0
0.9737357497215271,0,184,0.0,0.0,0.0,0.2,0.005434782608695652,0.1,0.1,0.005434782608695652,0.05,XC379497,linwoo1,SNR_-5dB,-5,R0
0.9692908525466919,0,184,0.0,0.0,0.0,0.4,0.010869565217391304,0.18,0.3,0.016304347826086956,0.1275,XC732161,linwoo1,SNR_-5dB,-5,R0
0.983298122882843,0,184,0.0,0.0,0.0,0.0,0.0,0.0,0.0,0.0,0.0,XC261880,linwoo1,SNR_-5dB,-5,R0
0.9835395812988281,0,184,0.0,0.0,0.0,0.2,0.005434782608695652,0.05,0.2,0.010869565217391304,0.05,XC250796,linwoo1,SNR_-5dB,-5,R0
0.9866979718208313,1,184,1.0,0.005434782608695652,1.0,0.4,0.010869565217391304,0.3333333333333333,0.2,0.010869565217391304,0.16666666666666666,XC542823,linwoo1,SNR_-5dB,-5,R0
0.9746651649475098,0,184,0.0,0.0,0.0,0.2,0.005434782608695652,0.05,0.1,0.005434782608695652,0.025,XC688346,linwoo1,SNR_-5dB,-5,R0
0.9824926853179932,0,184,0.0,0.0,0.0,0.0,0.0,0.0,0.0,0.0,0.0,XC197473,linwoo1,SNR_-5dB,-5,R0
0.9913718104362488,0,192,0.0,0.0,0.0,0.2,0.005208333333333333,0.06666666666666667,0.1,0.005208333333333333,0.03333333333333333,XC238416,whtdov,SNR_-5dB,-5,R0
0.9818065166473389,0,192,0.0,0.0,0.0,0.0,0.0,0.0,0.0,0.0,0.0,XC235857,whtdov,SNR_-5dB,-5,R0
0.983453631401062,0,192,0.0,0.0,0.0,0.0,0.0,0.0,0.1,0.005208333333333333,0.014285714285714285,XC238417,whtdov,SNR_-5dB,-5,R0
0.9908302426338196,0,192,0.0,0.0,0.0,0.2,0.005208333333333333,0.05,0.1,0.005208333333333333,0.025,XC294701,whtdov,SNR_-5dB,-5,R0
0.9932207465171814,0,192,0.0,0.0,0.0,0.0,0.0,0.0,0.1,0.005208333333333333,0.014285714285714285,XC388552,whtdov,SNR_-5dB,-5,R0
0.9697559475898743,0,192,0.0,0.0,0.0,0.0,0.0,0.0,0.0,0.0,0.0,XC538235,whtdov,SNR_-5dB,-5,R0
0.9842953681945801,0,192,0.0,0.0,0.0,0.0,0.0,0.0,0.0,0.0,0.0,XC716476,whtdov,SNR_-5dB,-5,R0
0.9791648387908936,1,192,1.0,0.005208333333333333,1.0,0.4,0.010416666666666666,0.4,0.3,0.015625,0.2375,XC147509,whtdov,SNR_-5dB,-5,R0
0.9832334518432617,0,192,0.0,0.0,0.0,0.2,0.005208333333333333,0.06666666666666667,0.1,0.005208333333333333,0.03333333333333333,XC277692,whtdov,SNR_-5dB,-5,R0
0.991248369216919,0,192,0.0,0.0,0.0,0.0,0.0,0.0,0.0,0.0,0.0,XC833664,whtdov,SNR_-5dB,-5,R0
0.9887768030166626,0,204,0.0,0.0,0.0,0.2,0.004901960784313725,0.05,0.1,0.004901960784313725,0.025,XC469159,bobfly1,SNR_-5dB,-5,R0
0.979075014591217,0,204,0.0,0.0,0.0,0.0,0.0,0.0,0.0,0.0,0.0,XC578500,bobfly1,SNR_-5dB,-5,R0
0.9675269722938538,0,204,0.0,0.0,0.0,0.0,0.0,0.0,0.0,0.0,0.0,XC545844,bobfly1,SNR_-5dB,-5,R0
0.9831547141075134,1,204,1.0,0.004901960784313725,1.0,0.4,0.00980392156862745,0.3333333333333333,0.2,0.00980392156862745,0.16666666666666666,XC427567,bobfly1,SNR_-5dB,-5,R0
0.9670037031173706,0,204,0.0,0.0,0.0,0.4,0.00980392156862745,0.18,0.4,0.0196078431372549,0.18444444444444444,XC583946,bobfly1,SNR_-5dB,-5,R0
0.9922980070114136,0,204,0.0,0.0,0.0,0.0,0.0,0.0,0.1,0.004901960784313725,0.01,XC235872,bobfly1,SNR_-5dB,-5,R0
0.9916035532951355,0,204,0.0,0.0,0.0,0.0,0.0,0.0,0.0,0.0,0.0,XC427566,bobfly1,SNR_-5dB,-5,R0
0.9798458814620972,0,204,0.0,0.0,0.0,0.0,0.0,0.0,0.1,0.004901960784313725,0.0125,XC356904,bobfly1,SNR_-5dB,-5,R0
0.9915592074394226,0,204,0.0,0.0,0.0,0.2,0.004901960784313725,0.06666666666666667,0.3,0.014705882352941176,0.10416666666666666,XC841763,bobfly1,SNR_-5dB,-5,R0
0.9924625158309937,0,204,0.0,0.0,0.0,0.4,0.00980392156862745,0.14666666666666667,0.2,0.00980392156862745,0.07333333333333333,XC666481,bobfly1,SNR_-5dB,-5,R0
0.9781732559204102,0,155,0.0,0.0,0.0,0.2,0.0064516129032258064,0.05,0.3,0.01935483870967742,0.09107142857142857,XC944466,trokin,SNR_-5dB,-5,R0
0.9812519550323486,1,155,1.0,0.0064516129032258064,1.0,0.6,0.01935483870967742,0.4833333333333333,0.5,0.03225806451612903,0.3416666666666667,XC556661,trokin,SNR_-5dB,-5,R0
0.985580563545227,0,155,0.0,0.0,0.0,0.0,0.0,0.0,0.0,0.0,0.0,XC131763,trokin,SNR_-5dB,-5,R0
0.9784622192382812,0,155,0.0,0.0,0.0,0.2,0.0064516129032258064,0.05,0.1,0.0064516129032258064,0.025,XC282322,trokin,SNR_-5dB,-5,R0
0.983484148979187,0,155,0.0,0.0,0.0,0.0,0.0,0.0,0.0,0.0,0.0,XC287873,trokin,SNR_-5dB,-5,R0
0.9951381683349609,0,155,0.0,0.0,0.0,0.2,0.0064516129032258064,0.04,0.1,0.0064516129032258064,0.02,XC944467,trokin,SNR_-5dB,-5,R0
0.9898505806922913,0,155,0.0,0.0,0.0,0.0,0.0,0.0,0.0,0.0,0.0,XC690960,trokin,SNR_-5dB,-5,R0
0.9643426537513733,0,155,0.0,0.0,0.0,0.2,0.0064516129032258064,0.06666666666666667,0.1,0.0064516129032258064,0.03333333333333333,XC960832,trokin,SNR_-5dB,-5,R0
0.980385422706604,0,155,0.0,0.0,0.0,0.0,0.0,0.0,0.0,0.0,0.0,XC490064,trokin,SNR_-5dB,-5,R0
0.9936056733131409,0,155,0.0,0.0,0.0,0.0,0.0,0.0,0.0,0.0,0.0,XC282345,trokin,SNR_-5dB,-5,R0
