max_score,top1_match,total_relevant_in_gallery,P@1,R@1,AP@1,P@5,R@5,AP@5,P@10,R@10,AP@10,query_id,species_key,condition,snr_db,representation
0.898196280002594,0,171,0.0,0.0,0.0,0.2,0.005847953216374269,0.05,0.1,0.005847953216374269,0.025,XC1011212,coffal1,Clean,999,R1
0.9363088607788086,1,171,1.0,0.005847953216374269,1.0,0.8,0.023391812865497075,0.8,0.6,0.03508771929824561,0.5380952380952382,XC518849,coffal1,Clean,999,R1
0.924349844455719,0,171,0.0,0.0,0.0,0.4,0.011695906432748537,0.2333333333333333,0.6,0.03508771929824561,0.35297619047619044,XC640029,coffal1,Clean,999,R1
0.9528942108154297,1,171,1.0,0.005847953216374269,1.0,0.8,0.023391812865497075,0.71,0.8,0.04678362573099415,0.6818253968253968,XC238626,coffal1,Clean,999,R1
0.9223858714103699,0,171,0.0,0.0,0.0,0.6,0.017543859649122806,0.2866666666666666,0.5,0.029239766081871343,0.25999999999999995,XC580510,coffal1,Clean,999,R1
0.9197864532470703,1,171,1.0,0.005847953216374269,1.0,1.0,0.029239766081871343,1.0,0.9,0.05263157894736842,0.9,XC841725,coffal1,Clean,999,R1
0.9440916776657104,1,171,1.0,0.005847953216374269,1.0,0.8,0.023391812865497075,0.8,0.7,0.04093567251461988,0.6080952380952381,XC909155,coffal1,Clean,999,R1
0.9379985332489014,1,171,1.0,0.005847953216374269,1.0,0.4,0.011695906432748537,0.4,0.4,0.023391812865497075,0.2733333333333333,XC597587,coffal1,Clean,999,R1
0.8959862589836121,1,171,1.0,0.005847953216374269,1.0,0.4,0.011695906432748537,0.4,0.4,0.023391812865497075,0.28194444444444444,XC514068,coffal1,Clean,999,R1
0.9998840093612671,1,171,1.0,0.005847953216374269,1.0,1.0,0.029239766081871343,1.0,0.9,0.05263157894736842,0.8788888888888889,XC915055,coffal1,Clean,999,R1
0.9397956132888794,0,221,0.0,0.0,0.0,0.0,0.0,0.0,0.1,0.004524886877828055,0.014285714285714285,XC504846,sobtyr1,Clean,999,R1
0.9588279724121094,1,221,1.0,0.004524886877828055,1.0,1.0,0.02262443438914027,1.0,1.0,0.04524886877828054,1.0,XC764623,sobtyr1,Clean,999,R1
0.9063553214073181,0,221,0.0,0.0,0.0,0.4,0.00904977375565611,0.13,0.3,0.013574660633484163,0.10785714285714285,XC653903,sobtyr1,Clean,999,R1
0.9672966003417969,1,221,1.0,0.004524886877828055,1.0,0.8,0.01809954751131222,0.8,0.5,0.02262443438914027,0.45555555555555555,XC176886,sobtyr1,Clean,999,R1
0.9213470220565796,0,221,0.0,0.0,0.0,0.0,0.0,0.0,0.0,0.0,0.0,XC580800,sobtyr1,Clean,999,R1
0.9479336738586426,0,221,0.0,0.0,0.0,0.0,0.0,0.0,0.0,0.0,0.0,XC763522,sobtyr1,Clean,999,R1
0.9092140793800354,1,221,1.0,0.004524886877828055,1.0,0.2,0.004524886877828055,0.2,0.2,0.00904977375565611,0.12857142857142856,XC612769,sobtyr1,Clean,999,R1
0.9616267681121826,0,221,0.0,0.0,0.0,0.4,0.00904977375565611,0.2333333333333333,0.2,0.00904977375565611,0.11666666666666665,XC135348,sobtyr1,Clean,999,R1
0.8617264032363892,1,221,1.0,0.004524886877828055,1.0,0.6,0.013574660633484163,0.6,0.5,0.02262443438914027,0.4222222222222222,XC1062368,sobtyr1,Clean,999,R1
0.9596781730651855,1,221,1.0,0.004524886877828055,1.0,0.8,0.01809954751131222,0.8,0.8,0.03619909502262444,0.736547619047619,XC653904,sobtyr1,Clean,999,R1
0.9345632791519165,1,223,1.0,0.004484304932735426,1.0,1.0,0.02242152466367713,1.0,1.0,0.04484304932735426,1.0,XC348691,greant1,Clean,999,R1
0.9400279521942139,1,223,1.0,0.004484304932735426,1.0,1.0,0.02242152466367713,1.0,1.0,0.04484304932735426,1.0,XC397818,greant1,Clean,999,R1
0.9268156886100769,0,223,0.0,0.0,0.0,0.2,0.004484304932735426,0.04,0.1,0.004484304932735426,0.02,XC50033,greant1,Clean,999,R1
0.9503275752067566,1,223,1.0,0.004484304932735426,1.0,0.6,0.013452914798206279,0.55,0.4,0.017937219730941704,0.315,XC388556,greant1,Clean,999,R1
0.9593133330345154,1,223,1.0,0.004484304932735426,1.0,1.0,0.02242152466367713,1.0,1.0,0.04484304932735426,1.0,XC433819,greant1,Clean,999,R1
0.9392025470733643,1,223,1.0,0.004484304932735426,1.0,1.0,0.02242152466367713,1.0,1.0,0.04484304932735426,1.0,XC123928,greant1,Clean,999,R1
0.9597810506820679,1,223,1.0,0.004484304932735426,1.0,0.4,0.008968609865470852,0.27999999999999997,0.3,0.013452914798206279,0.19,XC489684,greant1,Clean,999,R1
0.9520823955535889,1,223,1.0,0.004484304932735426,1.0,0.8,0.017937219730941704,0.76,0.8,0.03587443946188341,0.7254365079365079,XC452472,greant1,Clean,999,R1
0.944731593132019,0,223,0.0,0.0,0.0,0.0,0.0,0.0,0.0,0.0,0.0,XC616309,greant1,Clean,999,R1
0.9301307797431946,0,223,0.0,0.0,0.0,0.0,0.0,0.0,0.0,0.0,0.0,XC118887,greant1,Clean,999,R1
0.9167065024375916,1,231,1.0,0.004329004329004329,1.0,1.0,0.021645021645021644,1.0,0.8,0.03463203463203463,0.7577777777777778,XC294719,squcuc1,Clean,999,R1
0.96310955286026,1,231,1.0,0.004329004329004329,1.0,1.0,0.021645021645021644,1.0,1.0,0.04329004329004329,1.0,XC294724,squcuc1,Clean,999,R1
0.9192838668823242,1,231,1.0,0.004329004329004329,1.0,0.8,0.017316017316017316,0.71,0.7,0.030303030303030304,0.5714285714285714,XC940505,squcuc1,Clean,999,R1
0.9674302339553833,1,231,1.0,0.004329004329004329,1.0,0.4,0.008658008658008658,0.4,0.3,0.012987012987012988,0.2375,XC216157,squcuc1,Clean,999,R1
0.9569504261016846,1,231,1.0,0.004329004329004329,1.0,0.4,0.008658008658008658,0.4,0.4,0.017316017316017316,0.29285714285714287,XC549930,squcuc1,Clean,999,R1
0.9175053834915161,0,231,0.0,0.0,0.0,0.2,0.004329004329004329,0.06666666666666667,0.3,0.012987012987012988,0.10952380952380951,XC549933,squcuc1,Clean,999,R1
0.9027684926986694,0,231,0.0,0.0,0.0,0.2,0.004329004329004329,0.05,0.2,0.008658008658008658,0.05833333333333333,XC549936,squcuc1,Clean,999,R1
0.9350631237030029,1,231,1.0,0.004329004329004329,1.0,0.2,0.004329004329004329,0.2,0.1,0.004329004329004329,0.1,XC247099,squcuc1,Clean,999,R1
0.9302291870117188,0,231,0.0,0.0,0.0,0.0,0.0,0.0,0.1,0.004329004329004329,0.016666666666666666,XC246934,squcuc1,Clean,999,R1
0.9724957346916199,0,231,0.0,0.0,0.0,0.2,0.004329004329004329,0.06666666666666667,0.2,0.008658008658008658,0.06666666666666667,XC656889,squcuc1,Clean,999,R1
0.9326776266098022,1,159,1.0,0.006289308176100629,1.0,0.8,0.025157232704402517,0.71,0.5,0.031446540880503145,0.4105555555555555,XC299640,roahaw,Clean,999,R1
0.9164206981658936,0,159,0.0,0.0,0.0,0.4,0.012578616352201259,0.14666666666666667,0.4,0.025157232704402517,0.15619047619047616,XC372463,roahaw,Clean,999,R1
0.9520798921585083,1,159,1.0,0.006289308176100629,1.0,1.0,0.031446540880503145,1.0,0.8,0.050314465408805034,0.788888888888889,XC288830,roahaw,Clean,999,R1
0.9553501605987549,1,159,1.0,0.006289308176100629,1.0,0.6,0.018867924528301886,0.52,0.6,0.03773584905660377,0.4730952380952381,XC129438,roahaw,Clean,999,R1
0.9460972547531128,1,159,1.0,0.006289308176100629,1.0,1.0,0.031446540880503145,1.0,0.8,0.050314465408805034,0.7763888888888889,XC772769,roahaw,Clean,999,R1
0.9321587085723877,1,159,1.0,0.006289308176100629,1.0,0.8,0.025157232704402517,0.6433333333333333,0.5,0.031446540880503145,0.39309523809523805,XC716349,roahaw,Clean,999,R1
0.9317816495895386,1,159,1.0,0.006289308176100629,1.0,0.8,0.025157232704402517,0.8,0.6,0.03773584905660377,0.55,XC340156,roahaw,Clean,999,R1
0.9330247640609741,1,159,1.0,0.006289308176100629,1.0,1.0,0.031446540880503145,1.0,1.0,0.06289308176100629,1.0,XC680705,roahaw,Clean,999,R1
0.9456318616867065,0,159,0.0,0.0,0.0,0.0,0.0,0.0,0.0,0.0,0.0,XC235156,roahaw,Clean,999,R1
0.8360854387283325,0,159,0.0,0.0,0.0,0.4,0.012578616352201259,0.13,0.2,0.012578616352201259,0.065,XC19527,roahaw,Clean,999,R1
0.9018467664718628,0,165,0.0,0.0,0.0,0.0,0.0,0.0,0.0,0.0,0.0,XC738930,trsowl,Clean,999,R1
0.9231956005096436,1,165,1.0,0.006060606060606061,1.0,0.8,0.024242424242424242,0.76,0.7,0.04242424242424243,0.5964285714285714,XC428741,trsowl,Clean,999,R1
0.9518624544143677,1,165,1.0,0.006060606060606061,1.0,1.0,0.030303030303030304,1.0,1.0,0.06060606060606061,1.0,XC597121,trsowl,Clean,999,R1
0.9470821619033813,1,165,1.0,0.006060606060606061,1.0,1.0,0.030303030303030304,1.0,1.0,0.06060606060606061,1.0,XC549975,trsowl,Clean,999,R1
0.9479227066040039,1,165,1.0,0.006060606060606061,1.0,1.0,0.030303030303030304,1.0,0.9,0.05454545454545454,0.9,XC135491,trsowl,Clean,999,R1
0.8950177431106567,1,165,1.0,0.006060606060606061,1.0,0.6,0.01818181818181818,0.55,0.5,0.030303030303030304,0.39722222222222225,XC572606,trsowl,Clean,999,R1
0.9408360719680786,1,165,1.0,0.006060606060606061,1.0,1.0,0.030303030303030304,1.0,0.9,0.05454545454545454,0.866388888888889,XC236394,trsowl,Clean,999,R1
0.9757306575775146,0,165,0.0,0.0,0.0,0.0,0.0,0.0,0.0,0.0,0.0,XC447808,trsowl,Clean,999,R1
0.9055843353271484,1,165,1.0,0.006060606060606061,1.0,1.0,0.030303030303030304,1.0,0.8,0.048484848484848485,0.8,XC619067,trsowl,Clean,999,R1
0.9216078519821167,1,165,1.0,0.006060606060606061,1.0,0.4,0.012121212121212121,0.3,0.4,0.024242424242424242,0.24444444444444446,XC730130,trsowl,Clean,999,R1
0.9631964564323425,1,203,1.0,0.0049261083743842365,1.0,0.2,0.0049261083743842365,0.2,0.3,0.014778325123152709,0.15857142857142856,XC756928,banana,Clean,999,R1
0.9489828944206238,1,203,1.0,0.0049261083743842365,1.0,0.8,0.019704433497536946,0.71,0.7,0.034482758620689655,0.594047619047619,XC190593,banana,Clean,999,R1
0.9571718573570251,1,203,1.0,0.0049261083743842365,1.0,0.4,0.009852216748768473,0.27999999999999997,0.3,0.014778325123152709,0.16999999999999998,XC247112,banana,Clean,999,R1
0.9327602386474609,0,203,0.0,0.0,0.0,0.0,0.0,0.0,0.1,0.0049261083743842365,0.01111111111111111,XC561261,banana,Clean,999,R1
0.9326722621917725,0,203,0.0,0.0,0.0,0.0,0.0,0.0,0.3,0.014778325123152709,0.07261904761904761,XC127164,banana,Clean,999,R1
0.9581972360610962,1,203,1.0,0.0049261083743842365,1.0,0.2,0.0049261083743842365,0.2,0.2,0.009852216748768473,0.13333333333333333,XC169559,banana,Clean,999,R1
0.9466266632080078,1,203,1.0,0.0049261083743842365,1.0,0.8,0.019704433497536946,0.76,0.7,0.034482758620689655,0.6268253968253968,XC241562,banana,Clean,999,R1
0.8837898969650269,0,203,0.0,0.0,0.0,0.2,0.0049261083743842365,0.04,0.1,0.0049261083743842365,0.02,XC924739,banana,Clean,999,R1
0.9579899311065674,0,203,0.0,0.0,0.0,0.2,0.0049261083743842365,0.06666666666666667,0.1,0.0049261083743842365,0.03333333333333333,XC541448,banana,Clean,999,R1
0.952396035194397,0,203,0.0,0.0,0.0,0.6,0.014778325123152709,0.32,0.5,0.024630541871921183,0.2671428571428571,XC215467,banana,Clean,999,R1
0.9171832203865051,0,181,0.0,0.0,0.0,0.4,0.011049723756906077,0.16666666666666666,0.5,0.027624309392265192,0.2261904761904762,XC29087,baffal1,Clean,999,R1
0.9234124422073364,1,181,1.0,0.0055248618784530384,1.0,0.6,0.016574585635359115,0.42000000000000004,0.6,0.03314917127071823,0.4230952380952381,XC29088,baffal1,Clean,999,R1
0.8958156108856201,0,181,0.0,0.0,0.0,0.4,0.011049723756906077,0.2,0.4,0.022099447513812154,0.18194444444444444,XC235886,baffal1,Clean,999,R1
0.9448093771934509,1,181,1.0,0.0055248618784530384,1.0,1.0,0.027624309392265192,1.0,0.6,0.03314917127071823,0.5857142857142857,XC437953,baffal1,Clean,999,R1
0.9559415578842163,1,181,1.0,0.0055248618784530384,1.0,1.0,0.027624309392265192,1.0,0.8,0.04419889502762431,0.7327777777777778,XC192816,baffal1,Clean,999,R1
0.9142911434173584,1,181,1.0,0.0055248618784530384,1.0,0.8,0.022099447513812154,0.76,0.9,0.049723756906077346,0.815436507936508,XC666482,baffal1,Clean,999,R1
0.9026545286178589,1,181,1.0,0.0055248618784530384,1.0,1.0,0.027624309392265192,1.0,0.9,0.049723756906077346,0.866388888888889,XC727672,baffal1,Clean,999,R1
0.9654649496078491,1,181,1.0,0.0055248618784530384,1.0,0.2,0.0055248618784530384,0.2,0.1,0.0055248618784530384,0.1,XC745799,baffal1,Clean,999,R1
0.8957289457321167,1,181,1.0,0.0055248618784530384,1.0,1.0,0.027624309392265192,1.0,1.0,0.055248618784530384,1.0,XC546400,baffal1,Clean,999,R1
0.9398461580276489,1,181,1.0,0.0055248618784530384,1.0,1.0,0.027624309392265192,1.0,1.0,0.055248618784530384,1.0,XC192815,baffal1,Clean,999,R1
0.9289082288742065,1,137,1.0,0.0072992700729927005,1.0,1.0,0.0364963503649635,1.0,1.0,0.072992700729927,1.0,XC539586,soulap1,Clean,999,R1
0.908251941204071,1,137,1.0,0.0072992700729927005,1.0,1.0,0.0364963503649635,1.0,0.9,0.06569343065693431,0.8788888888888889,XC9046,soulap1,Clean,999,R1
0.9137415289878845,1,137,1.0,0.0072992700729927005,1.0,0.8,0.029197080291970802,0.6433333333333333,0.7,0.051094890510948905,0.5208333333333334,XC562682,soulap1,Clean,999,R1
0.9288565516471863,0,137,0.0,0.0,0.0,0.6,0.021897810218978103,0.32,0.7,0.051094890510948905,0.45087301587301587,XC51500,soulap1,Clean,999,R1
0.9444118142127991,1,137,1.0,0.0072992700729927005,1.0,1.0,0.0364963503649635,1.0,1.0,0.072992700729927,1.0,XC428133,soulap1,Clean,999,R1
0.9244426488876343,1,137,1.0,0.0072992700729927005,1.0,1.0,0.0364963503649635,1.0,0.5,0.0364963503649635,0.5,XC47141,soulap1,Clean,999,R1
0.8921172022819519,1,137,1.0,0.0072992700729927005,1.0,0.4,0.014598540145985401,0.3333333333333333,0.3,0.021897810218978103,0.2095238095238095,XC861228,soulap1,Clean,999,R1
0.8995346426963806,1,137,1.0,0.0072992700729927005,1.0,0.8,0.029197080291970802,0.8,0.8,0.058394160583941604,0.7268253968253968,XC549503,soulap1,Clean,999,R1
0.9357165098190308,1,137,1.0,0.0072992700729927005,1.0,1.0,0.0364963503649635,1.0,1.0,0.072992700729927,1.0,XC16003,soulap1,Clean,999,R1
0.9228866100311279,1,137,1.0,0.0072992700729927005,1.0,1.0,0.0364963503649635,1.0,0.8,0.058394160583941604,0.788888888888889,XC48574,soulap1,Clean,999,R1
0.9274014234542847,0,154,0.0,0.0,0.0,0.4,0.012987012987012988,0.14666666666666667,0.6,0.03896103896103896,0.30964285714285716,XC340516,strcuc1,Clean,999,R1
0.8422315716743469,0,154,0.0,0.0,0.0,0.4,0.012987012987012988,0.2,0.5,0.032467532467532464,0.2373015873015873,XC340515,strcuc1,Clean,999,R1
0.953860878944397,1,154,1.0,0.006493506493506494,1.0,1.0,0.032467532467532464,1.0,0.7,0.045454545454545456,0.7,XC173304,strcuc1,Clean,999,R1
0.9414497017860413,0,154,0.0,0.0,0.0,0.0,0.0,0.0,0.1,0.006493506493506494,0.016666666666666666,XC114965,strcuc1,Clean,999,R1
0.969901978969574,1,154,1.0,0.006493506493506494,1.0,1.0,0.032467532467532464,1.0,0.9,0.05844155844155844,0.8788888888888889,XC349929,strcuc1,Clean,999,R1
0.9425486922264099,0,154,0.0,0.0,0.0,0.4,0.012987012987012988,0.2,0.5,0.032467532467532464,0.26964285714285713,XC836228,strcuc1,Clean,999,R1
0.9622618556022644,0,154,0.0,0.0,0.0,0.4,0.012987012987012988,0.14666666666666667,0.3,0.01948051948051948,0.11619047619047618,XC508606,strcuc1,Clean,999,R1
0.9458093047142029,1,154,1.0,0.006493506493506494,1.0,0.8,0.025974025974025976,0.6433333333333333,0.6,0.03896103896103896,0.4597619047619047,XC593146,strcuc1,Clean,999,R1
0.9508777856826782,1,154,1.0,0.006493506493506494,1.0,1.0,0.032467532467532464,1.0,1.0,0.06493506493506493,1.0,XC240034,strcuc1,Clean,999,R1
0.9270987510681152,1,154,1.0,0.006493506493506494,1.0,0.6,0.01948051948051948,0.55,0.7,0.045454545454545456,0.5580952380952382,XC114160,strcuc1,Clean,999,R1
0.9472745656967163,0,125,0.0,0.0,0.0,0.8,0.032,0.5433333333333333,0.7,0.056,0.5,XC993685,pabspi1,Clean,999,R1
0.936540961265564,1,125,1.0,0.008,1.0,0.6,0.024,0.52,0.5,0.04,0.37666666666666665,XC506225,pabspi1,Clean,999,R1
0.98145991563797,1,125,1.0,0.008,1.0,1.0,0.04,1.0,0.6,0.048,0.575,XC687712,pabspi1,Clean,999,R1
0.9147778153419495,0,125,0.0,0.0,0.0,0.4,0.016,0.18,0.4,0.032,0.18285714285714288,XC506234,pabspi1,Clean,999,R1
0.9534261226654053,1,125,1.0,0.008,1.0,0.6,0.024,0.52,0.4,0.032,0.31,XC452493,pabspi1,Clean,999,R1
0.9478938579559326,1,125,1.0,0.008,1.0,0.2,0.008,0.2,0.1,0.008,0.1,XC701947,pabspi1,Clean,999,R1
0.9417502284049988,0,125,0.0,0.0,0.0,0.0,0.0,0.0,0.0,0.0,0.0,XC701948,pabspi1,Clean,999,R1
0.9629220962524414,0,125,0.0,0.0,0.0,0.0,0.0,0.0,0.1,0.008,0.016666666666666666,XC236174,pabspi1,Clean,999,R1
0.9512396454811096,1,125,1.0,0.008,1.0,1.0,0.04,1.0,0.8,0.064,0.7327777777777778,XC391585,pabspi1,Clean,999,R1
0.9743791222572327,1,125,1.0,0.008,1.0,0.6,0.024,0.55,0.4,0.032,0.3416666666666667,XC236176,pabspi1,Clean,999,R1
0.9772380590438843,1,266,1.0,0.0037593984962406013,1.0,0.2,0.0037593984962406013,0.2,0.6,0.022556390977443608,0.34174603174603174,XC268594,yeofly1,Clean,999,R1
0.9440596103668213,0,266,0.0,0.0,0.0,0.0,0.0,0.0,0.0,0.0,0.0,XC361117,yeofly1,Clean,999,R1
0.937595784664154,1,266,1.0,0.0037593984962406013,1.0,0.2,0.0037593984962406013,0.2,0.2,0.007518796992481203,0.12222222222222223,XC250157,yeofly1,Clean,999,R1
0.9699816107749939,0,266,0.0,0.0,0.0,0.4,0.007518796992481203,0.16666666666666666,0.5,0.018796992481203006,0.24047619047619045,XC46766,yeofly1,Clean,999,R1
0.938799262046814,0,266,0.0,0.0,0.0,0.0,0.0,0.0,0.1,0.0037593984962406013,0.014285714285714285,XC1031972,yeofly1,Clean,999,R1
0.9667239189147949,1,266,1.0,0.0037593984962406013,1.0,0.6,0.011278195488721804,0.4833333333333333,0.5,0.018796992481203006,0.37976190476190474,XC187210,yeofly1,Clean,999,R1
0.9399951696395874,0,266,0.0,0.0,0.0,0.0,0.0,0.0,0.1,0.0037593984962406013,0.014285714285714285,XC512409,yeofly1,Clean,999,R1
0.9803805947303772,0,266,0.0,0.0,0.0,0.2,0.0037593984962406013,0.06666666666666667,0.3,0.011278195488721804,0.09666666666666665,XC611913,yeofly1,Clean,999,R1
0.9751055240631104,1,266,1.0,0.0037593984962406013,1.0,0.8,0.015037593984962405,0.6433333333333333,0.7,0.02631578947368421,0.5684920634920634,XC268592,yeofly1,Clean,999,R1
0.9803270697593689,1,266,1.0,0.0037593984962406013,1.0,0.8,0.015037593984962405,0.8,0.8,0.03007518796992481,0.736547619047619,XC583955,yeofly1,Clean,999,R1
0.836021900177002,0,141,0.0,0.0,0.0,0.0,0.0,0.0,0.2,0.014184397163120567,0.03111111111111111,XC192979,gycwor1,Clean,999,R1
0.9333605170249939,1,141,1.0,0.0070921985815602835,1.0,1.0,0.03546099290780142,1.0,1.0,0.07092198581560284,1.0,XC483682,gycwor1,Clean,999,R1
0.9289412498474121,1,141,1.0,0.0070921985815602835,1.0,1.0,0.03546099290780142,1.0,1.0,0.07092198581560284,1.0,XC772156,gycwor1,Clean,999,R1
0.8536862134933472,0,141,0.0,0.0,0.0,0.0,0.0,0.0,0.0,0.0,0.0,XC501765,gycwor1,Clean,999,R1
0.8711987137794495,1,141,1.0,0.0070921985815602835,1.0,1.0,0.03546099290780142,1.0,0.8,0.05673758865248227,0.7434920634920635,XC1012395,gycwor1,Clean,999,R1
0.9379252195358276,0,141,0.0,0.0,0.0,0.6,0.02127659574468085,0.2866666666666666,0.5,0.03546099290780142,0.27249999999999996,XC843813,gycwor1,Clean,999,R1
0.9229631423950195,1,141,1.0,0.0070921985815602835,1.0,1.0,0.03546099290780142,1.0,1.0,0.07092198581560284,1.0,XC216181,gycwor1,Clean,999,R1
0.9319632053375244,1,141,1.0,0.0070921985815602835,1.0,1.0,0.03546099290780142,1.0,0.9,0.06382978723404255,0.9,XC352281,gycwor1,Clean,999,R1
0.9209780693054199,1,141,1.0,0.0070921985815602835,1.0,1.0,0.03546099290780142,1.0,0.9,0.06382978723404255,0.89,XC335167,gycwor1,Clean,999,R1
0.9027260541915894,0,141,0.0,0.0,0.0,0.2,0.0070921985815602835,0.06666666666666667,0.1,0.0070921985815602835,0.03333333333333333,XC197443,gycwor1,Clean,999,R1
0.91582190990448,1,142,1.0,0.007042253521126761,1.0,0.6,0.02112676056338028,0.42000000000000004,0.4,0.028169014084507043,0.26,XC254120,compau,Clean,999,R1
0.9251797199249268,0,142,0.0,0.0,0.0,0.0,0.0,0.0,0.0,0.0,0.0,XC225326,compau,Clean,999,R1
0.9400191307067871,1,142,1.0,0.007042253521126761,1.0,1.0,0.035211267605633804,1.0,0.9,0.06338028169014084,0.866388888888889,XC236447,compau,Clean,999,R1
0.9358419179916382,1,142,1.0,0.007042253521126761,1.0,1.0,0.035211267605633804,1.0,1.0,0.07042253521126761,1.0,XC311012,compau,Clean,999,R1
0.900103747844696,1,142,1.0,0.007042253521126761,1.0,1.0,0.035211267605633804,1.0,0.7,0.04929577464788732,0.67,XC285306,compau,Clean,999,R1
0.9165270328521729,0,142,0.0,0.0,0.0,0.2,0.007042253521126761,0.06666666666666667,0.1,0.007042253521126761,0.03333333333333333,XC592920,compau,Clean,999,R1
0.9428980350494385,1,142,1.0,0.007042253521126761,1.0,1.0,0.035211267605633804,1.0,0.9,0.06338028169014084,0.9,XC221567,compau,Clean,999,R1
0.899331271648407,0,142,0.0,0.0,0.0,0.0,0.0,0.0,0.0,0.0,0.0,XC630102,compau,Clean,999,R1
0.9424932599067688,1,142,1.0,0.007042253521126761,1.0,1.0,0.035211267605633804,1.0,0.5,0.035211267605633804,0.5,XC427477,compau,Clean,999,R1
0.9415854811668396,1,142,1.0,0.007042253521126761,1.0,1.0,0.035211267605633804,1.0,0.8,0.056338028169014086,0.7532142857142857,XC943093,compau,Clean,999,R1
0.9243910908699036,1,198,1.0,0.005050505050505051,1.0,1.0,0.025252525252525252,1.0,0.8,0.04040404040404041,0.7532142857142857,XC433820,barant1,Clean,999,R1
0.8945473432540894,0,198,0.0,0.0,0.0,0.2,0.005050505050505051,0.06666666666666667,0.4,0.020202020202020204,0.13166666666666665,XC459559,barant1,Clean,999,R1
0.8977528214454651,0,198,0.0,0.0,0.0,0.2,0.005050505050505051,0.1,0.1,0.005050505050505051,0.05,XC732448,barant1,Clean,999,R1
0.9598231315612793,1,198,1.0,0.005050505050505051,1.0,1.0,0.025252525252525252,1.0,1.0,0.050505050505050504,1.0,XC716450,barant1,Clean,999,R1
0.92914217710495,1,198,1.0,0.005050505050505051,1.0,1.0,0.025252525252525252,1.0,0.7,0.03535353535353535,0.6366666666666667,XC354908,barant1,Clean,999,R1
0.9691526293754578,0,198,0.0,0.0,0.0,0.4,0.010101010101010102,0.2,0.4,0.020202020202020204,0.19444444444444445,XC428067,barant1,Clean,999,R1
0.9550964832305908,1,198,1.0,0.005050505050505051,1.0,1.0,0.025252525252525252,1.0,0.9,0.045454545454545456,0.8788888888888889,XC685458,barant1,Clean,999,R1
0.9384617805480957,1,198,1.0,0.005050505050505051,1.0,1.0,0.025252525252525252,1.0,0.9,0.045454545454545456,0.8788888888888889,XC676256,barant1,Clean,999,R1
0.9016941785812378,1,198,1.0,0.005050505050505051,1.0,0.6,0.015151515151515152,0.6,0.6,0.030303030303030304,0.5130952380952382,XC443189,barant1,Clean,999,R1
0.9192559719085693,1,198,1.0,0.005050505050505051,1.0,1.0,0.025252525252525252,1.0,0.9,0.045454545454545456,0.89,XC752776,barant1,Clean,999,R1
0.980372965335846,1,201,1.0,0.004975124378109453,1.0,0.2,0.004975124378109453,0.2,0.3,0.014925373134328358,0.16666666666666666,XC695270,pirfly1,Clean,999,R1
0.9390597939491272,0,201,0.0,0.0,0.0,0.0,0.0,0.0,0.0,0.0,0.0,XC199153,pirfly1,Clean,999,R1
0.9382095336914062,0,201,0.0,0.0,0.0,0.4,0.009950248756218905,0.14666666666666667,0.2,0.009950248756218905,0.07333333333333333,XC575453,pirfly1,Clean,999,R1
0.9673161506652832,1,201,1.0,0.004975124378109453,1.0,0.4,0.009950248756218905,0.4,0.5,0.024875621890547265,0.3555555555555555,XC199221,pirfly1,Clean,999,R1
0.9771499633789062,1,201,1.0,0.004975124378109453,1.0,0.4,0.009950248756218905,0.4,0.7,0.03482587064676617,0.5063095238095239,XC1050422,pirfly1,Clean,999,R1
0.9090918898582458,0,201,0.0,0.0,0.0,0.4,0.009950248756218905,0.13,0.2,0.009950248756218905,0.065,XC249521,pirfly1,Clean,999,R1
0.9159622192382812,0,201,0.0,0.0,0.0,0.0,0.0,0.0,0.0,0.0,0.0,XC249067,pirfly1,Clean,999,R1
0.9548671841621399,0,201,0.0,0.0,0.0,0.2,0.004975124378109453,0.06666666666666667,0.3,0.014925373134328358,0.08833333333333333,XC249418,pirfly1,Clean,999,R1
0.9765356183052063,1,201,1.0,0.004975124378109453,1.0,0.6,0.014925373134328358,0.55,0.5,0.024875621890547265,0.36944444444444446,XC249520,pirfly1,Clean,999,R1
0.95042884349823,1,201,1.0,0.004975124378109453,1.0,0.2,0.004975124378109453,0.2,0.2,0.009950248756218905,0.13333333333333333,XC764117,pirfly1,Clean,999,R1
0.9384425282478333,0,184,0.0,0.0,0.0,0.0,0.0,0.0,0.1,0.005434782608695652,0.01111111111111111,XC174648,linwoo1,Clean,999,R1
0.9305284023284912,0,184,0.0,0.0,0.0,0.2,0.005434782608695652,0.1,0.5,0.02717391304347826,0.2261904761904762,XC550450,linwoo1,Clean,999,R1
0.9353932738304138,1,184,1.0,0.005434782608695652,1.0,0.6,0.016304347826086956,0.52,0.3,0.016304347826086956,0.26,XC550448,linwoo1,Clean,999,R1
0.8723677396774292,1,184,1.0,0.005434782608695652,1.0,1.0,0.02717391304347826,1.0,0.9,0.04891304347826087,0.8788888888888889,XC379497,linwoo1,Clean,999,R1
0.8710401058197021,1,184,1.0,0.005434782608695652,1.0,1.0,0.02717391304347826,1.0,0.8,0.043478260869565216,0.7621031746031747,XC732161,linwoo1,Clean,999,R1
0.9426285028457642,0,184,0.0,0.0,0.0,0.0,0.0,0.0,0.1,0.005434782608695652,0.016666666666666666,XC261880,linwoo1,Clean,999,R1
0.899379312992096,1,184,1.0,0.005434782608695652,1.0,0.2,0.005434782608695652,0.2,0.1,0.005434782608695652,0.1,XC250796,linwoo1,Clean,999,R1
0.8841129541397095,0,184,0.0,0.0,0.0,0.2,0.005434782608695652,0.1,0.3,0.016304347826086956,0.12083333333333332,XC542823,linwoo1,Clean,999,R1
0.9436570405960083,0,184,0.0,0.0,0.0,0.0,0.0,0.0,0.1,0.005434782608695652,0.01,XC688346,linwoo1,Clean,999,R1
0.923591136932373,0,184,0.0,0.0,0.0,0.4,0.010869565217391304,0.18,0.5,0.02717391304347826,0.2596428571428572,XC197473,linwoo1,Clean,999,R1
0.8726398944854736,0,192,0.0,0.0,0.0,0.6,0.015625,0.32,0.8,0.041666666666666664,0.5308730158730158,XC238416,whtdov,Clean,999,R1
0.9054479002952576,0,192,0.0,0.0,0.0,0.0,0.0,0.0,0.0,0.0,0.0,XC235857,whtdov,Clean,999,R1
0.9467651844024658,0,192,0.0,0.0,0.0,0.4,0.010416666666666666,0.16666666666666666,0.4,0.020833333333333332,0.16083333333333333,XC238417,whtdov,Clean,999,R1
0.9414750337600708,1,192,1.0,0.005208333333333333,1.0,1.0,0.026041666666666668,1.0,0.9,0.046875,0.8788888888888889,XC294701,whtdov,Clean,999,R1
0.9096470475196838,1,192,1.0,0.005208333333333333,1.0,1.0,0.026041666666666668,1.0,1.0,0.052083333333333336,1.0,XC388552,whtdov,Clean,999,R1
0.9123582243919373,1,192,1.0,0.005208333333333333,1.0,0.8,0.020833333333333332,0.76,0.7,0.036458333333333336,0.6268253968253968,XC538235,whtdov,Clean,999,R1
0.9094672203063965,0,192,0.0,0.0,0.0,0.2,0.005208333333333333,0.06666666666666667,0.1,0.005208333333333333,0.03333333333333333,XC716476,whtdov,Clean,999,R1
0.9570244550704956,1,192,1.0,0.005208333333333333,1.0,0.8,0.020833333333333332,0.6433333333333333,0.6,0.03125,0.4716666666666667,XC147509,whtdov,Clean,999,R1
0.8951857089996338,0,192,0.0,0.0,0.0,0.4,0.010416666666666666,0.16666666666666666,0.5,0.026041666666666668,0.2333333333333333,XC277692,whtdov,Clean,999,R1
0.94806969165802,0,192,0.0,0.0,0.0,0.2,0.005208333333333333,0.1,0.3,0.015625,0.12083333333333332,XC833664,whtdov,Clean,999,R1
0.9329449534416199,1,204,1.0,0.004901960784313725,1.0,0.6,0.014705882352941176,0.52,0.5,0.024509803921568627,0.35444444444444445,XC469159,bobfly1,Clean,999,R1
0.911449670791626,1,204,1.0,0.004901960784313725,1.0,0.8,0.0196078431372549,0.71,0.7,0.03431372549019608,0.591111111111111,XC578500,bobfly1,Clean,999,R1
0.9317251443862915,0,204,0.0,0.0,0.0,0.6,0.014705882352941176,0.35333333333333333,0.3,0.014705882352941176,0.17666666666666667,XC545844,bobfly1,Clean,999,R1
0.9203879237174988,0,204,0.0,0.0,0.0,0.0,0.0,0.0,0.2,0.00980392156862745,0.03428571428571429,XC427567,bobfly1,Clean,999,R1
0.9448437690734863,1,204,1.0,0.004901960784313725,1.0,0.6,0.014705882352941176,0.4833333333333333,0.7,0.03431372549019608,0.5325396825396825,XC583946,bobfly1,Clean,999,R1
0.9242483377456665,0,204,0.0,0.0,0.0,0.2,0.004901960784313725,0.05,0.4,0.0196078431372549,0.14563492063492062,XC235872,bobfly1,Clean,999,R1
0.9204108119010925,1,204,1.0,0.004901960784313725,1.0,0.6,0.014705882352941176,0.42000000000000004,0.7,0.03431372549019608,0.49309523809523814,XC427566,bobfly1,Clean,999,R1
0.9276825189590454,1,204,1.0,0.004901960784313725,1.0,0.6,0.014705882352941176,0.52,0.8,0.0392156862745098,0.6308730158730158,XC356904,bobfly1,Clean,999,R1
0.9653292298316956,1,204,1.0,0.004901960784313725,1.0,0.6,0.014705882352941176,0.52,0.6,0.029411764705882353,0.4647619047619048,XC841763,bobfly1,Clean,999,R1
0.9509127736091614,0,204,0.0,0.0,0.0,0.0,0.0,0.0,0.1,0.004901960784313725,0.014285714285714285,XC666481,bobfly1,Clean,999,R1
0.9652423858642578,0,155,0.0,0.0,0.0,0.0,0.0,0.0,0.0,0.0,0.0,XC944466,trokin,Clean,999,R1
0.9663556814193726,0,155,0.0,0.0,0.0,0.0,0.0,0.0,0.0,0.0,0.0,XC556661,trokin,Clean,999,R1
0.965065062046051,0,155,0.0,0.0,0.0,0.0,0.0,0.0,0.1,0.0064516129032258064,0.01111111111111111,XC131763,trokin,Clean,999,R1
0.9697048664093018,1,155,1.0,0.0064516129032258064,1.0,1.0,0.03225806451612903,1.0,0.9,0.05806451612903226,0.866388888888889,XC282322,trokin,Clean,999,R1
0.9414283633232117,0,155,0.0,0.0,0.0,0.0,0.0,0.0,0.1,0.0064516129032258064,0.016666666666666666,XC287873,trokin,Clean,999,R1
0.9686120748519897,0,155,0.0,0.0,0.0,0.0,0.0,0.0,0.0,0.0,0.0,XC944467,trokin,Clean,999,R1
0.9441364407539368,1,155,1.0,0.0064516129032258064,1.0,1.0,0.03225806451612903,1.0,0.8,0.05161290322580645,0.7675,XC690960,trokin,Clean,999,R1
0.9794481992721558,0,155,0.0,0.0,0.0,0.0,0.0,0.0,0.0,0.0,0.0,XC960832,trokin,Clean,999,R1
0.9571042060852051,0,155,0.0,0.0,0.0,0.0,0.0,0.0,0.2,0.012903225806451613,0.039285714285714285,XC490064,trokin,Clean,999,R1
0.9510875940322876,1,155,1.0,0.0064516129032258064,1.0,0.8,0.025806451612903226,0.76,0.8,0.05161290322580645,0.716547619047619,XC282345,trokin,Clean,999,R1
0.8920276165008545,0,171,0.0,0.0,0.0,0.0,0.0,0.0,0.1,0.005847953216374269,0.014285714285714285,XC1011212,coffal1,SNR_20dB,20,R1
0.921991765499115,0,171,0.0,0.0,0.0,0.2,0.005847953216374269,0.04,0.3,0.017543859649122806,0.07222222222222222,XC518849,coffal1,SNR_20dB,20,R1
0.9306926727294922,1,171,1.0,0.005847953216374269,1.0,0.6,0.017543859649122806,0.4533333333333333,0.3,0.017543859649122806,0.22666666666666666,XC640029,coffal1,SNR_20dB,20,R1
0.8810957670211792,0,171,0.0,0.0,0.0,0.4,0.011695906432748537,0.16666666666666666,0.5,0.029239766081871343,0.23174603174603173,XC238626,coffal1,SNR_20dB,20,R1
0.9329638481140137,0,171,0.0,0.0,0.0,0.0,0.0,0.0,0.0,0.0,0.0,XC580510,coffal1,SNR_20dB,20,R1
0.9099346399307251,1,171,1.0,0.005847953216374269,1.0,1.0,0.029239766081871343,1.0,1.0,0.05847953216374269,1.0,XC841725,coffal1,SNR_20dB,20,R1
0.9365313053131104,1,171,1.0,0.005847953216374269,1.0,1.0,0.029239766081871343,1.0,1.0,0.05847953216374269,1.0,XC909155,coffal1,SNR_20dB,20,R1
0.939111053943634,0,171,0.0,0.0,0.0,0.4,0.011695906432748537,0.2,0.4,0.023391812865497075,0.2,XC597587,coffal1,SNR_20dB,20,R1
0.9165186882019043,1,171,1.0,0.005847953216374269,1.0,0.8,0.023391812865497075,0.8,0.6,0.03508771929824561,0.5314285714285714,XC514068,coffal1,SNR_20dB,20,R1
0.9849332571029663,1,171,1.0,0.005847953216374269,1.0,1.0,0.029239766081871343,1.0,0.9,0.05263157894736842,0.8788888888888889,XC915055,coffal1,SNR_20dB,20,R1
0.9511632919311523,0,221,0.0,0.0,0.0,0.0,0.0,0.0,0.1,0.004524886877828055,0.016666666666666666,XC504846,sobtyr1,SNR_20dB,20,R1
0.9596408009529114,1,221,1.0,0.004524886877828055,1.0,1.0,0.02262443438914027,1.0,0.8,0.03619909502262444,0.8,XC764623,sobtyr1,SNR_20dB,20,R1
0.9477875828742981,1,221,1.0,0.004524886877828055,1.0,0.6,0.013574660633484163,0.42000000000000004,0.4,0.01809954751131222,0.2544444444444444,XC653903,sobtyr1,SNR_20dB,20,R1
0.9658214449882507,1,221,1.0,0.004524886877828055,1.0,0.8,0.01809954751131222,0.76,0.6,0.027149321266968326,0.49555555555555547,XC176886,sobtyr1,SNR_20dB,20,R1
0.9421422481536865,0,221,0.0,0.0,0.0,0.0,0.0,0.0,0.0,0.0,0.0,XC580800,sobtyr1,SNR_20dB,20,R1
0.9570221900939941,0,221,0.0,0.0,0.0,0.0,0.0,0.0,0.0,0.0,0.0,XC763522,sobtyr1,SNR_20dB,20,R1
0.9074946045875549,0,221,0.0,0.0,0.0,0.2,0.004524886877828055,0.1,0.2,0.00904977375565611,0.08333333333333333,XC612769,sobtyr1,SNR_20dB,20,R1
0.92674720287323,0,221,0.0,0.0,0.0,0.0,0.0,0.0,0.1,0.004524886877828055,0.01,XC135348,sobtyr1,SNR_20dB,20,R1
0.9131151437759399,1,221,1.0,0.004524886877828055,1.0,0.8,0.01809954751131222,0.8,0.6,0.027149321266968326,0.5583333333333333,XC1062368,sobtyr1,SNR_20dB,20,R1
0.9632550477981567,1,221,1.0,0.004524886877828055,1.0,0.4,0.00904977375565611,0.3,0.4,0.01809954751131222,0.24444444444444446,XC653904,sobtyr1,SNR_20dB,20,R1
0.9325248003005981,1,223,1.0,0.004484304932735426,1.0,1.0,0.02242152466367713,1.0,1.0,0.04484304932735426,1.0,XC348691,greant1,SNR_20dB,20,R1
0.9329548478126526,1,223,1.0,0.004484304932735426,1.0,1.0,0.02242152466367713,1.0,1.0,0.04484304932735426,1.0,XC397818,greant1,SNR_20dB,20,R1
0.9334985017776489,0,223,0.0,0.0,0.0,0.4,0.008968609865470852,0.14666666666666667,0.3,0.013452914798206279,0.11619047619047618,XC50033,greant1,SNR_20dB,20,R1
0.9550148248672485,1,223,1.0,0.004484304932735426,1.0,0.4,0.008968609865470852,0.3333333333333333,0.4,0.017937219730941704,0.25666666666666665,XC388556,greant1,SNR_20dB,20,R1
0.9487490653991699,1,223,1.0,0.004484304932735426,1.0,1.0,0.02242152466367713,1.0,1.0,0.04484304932735426,1.0,XC433819,greant1,SNR_20dB,20,R1
0.9285894632339478,1,223,1.0,0.004484304932735426,1.0,0.6,0.013452914798206279,0.55,0.8,0.03587443946188341,0.6458730158730159,XC123928,greant1,SNR_20dB,20,R1
0.9507622122764587,1,223,1.0,0.004484304932735426,1.0,0.4,0.008968609865470852,0.3333333333333333,0.2,0.008968609865470852,0.16666666666666666,XC489684,greant1,SNR_20dB,20,R1
0.9438039660453796,1,223,1.0,0.004484304932735426,1.0,0.8,0.017937219730941704,0.71,0.8,0.03587443946188341,0.671111111111111,XC452472,greant1,SNR_20dB,20,R1
0.9530792236328125,0,223,0.0,0.0,0.0,0.0,0.0,0.0,0.0,0.0,0.0,XC616309,greant1,SNR_20dB,20,R1
0.9456002712249756,0,223,0.0,0.0,0.0,0.0,0.0,0.0,0.0,0.0,0.0,XC118887,greant1,SNR_20dB,20,R1
0.9152274131774902,1,231,1.0,0.004329004329004329,1.0,1.0,0.021645021645021644,1.0,0.8,0.03463203463203463,0.7577777777777778,XC294719,squcuc1,SNR_20dB,20,R1
0.96222984790802,1,231,1.0,0.004329004329004329,1.0,1.0,0.021645021645021644,1.0,1.0,0.04329004329004329,1.0,XC294724,squcuc1,SNR_20dB,20,R1
0.9388513565063477,1,231,1.0,0.004329004329004329,1.0,1.0,0.021645021645021644,1.0,0.7,0.030303030303030304,0.6557142857142858,XC940505,squcuc1,SNR_20dB,20,R1
0.9643799066543579,1,231,1.0,0.004329004329004329,1.0,0.4,0.008658008658008658,0.4,0.3,0.012987012987012988,0.22999999999999998,XC216157,squcuc1,SNR_20dB,20,R1
0.936896026134491,0,231,0.0,0.0,0.0,0.2,0.004329004329004329,0.06666666666666667,0.2,0.008658008658008658,0.05833333333333333,XC549930,squcuc1,SNR_20dB,20,R1
0.9284734725952148,1,231,1.0,0.004329004329004329,1.0,0.4,0.008658008658008658,0.3,0.2,0.008658008658008658,0.15,XC549933,squcuc1,SNR_20dB,20,R1
0.9237490892410278,0,231,0.0,0.0,0.0,0.0,0.0,0.0,0.0,0.0,0.0,XC549936,squcuc1,SNR_20dB,20,R1
0.940590500831604,1,231,1.0,0.004329004329004329,1.0,0.2,0.004329004329004329,0.2,0.1,0.004329004329004329,0.1,XC247099,squcuc1,SNR_20dB,20,R1
0.9336540699005127,0,231,0.0,0.0,0.0,0.2,0.004329004329004329,0.04,0.1,0.004329004329004329,0.02,XC246934,squcuc1,SNR_20dB,20,R1
0.9691584706306458,1,231,1.0,0.004329004329004329,1.0,0.4,0.008658008658008658,0.27999999999999997,0.2,0.008658008658008658,0.13999999999999999,XC656889,squcuc1,SNR_20dB,20,R1
0.9301632642745972,0,159,0.0,0.0,0.0,0.2,0.006289308176100629,0.06666666666666667,0.3,0.018867924528301886,0.10416666666666666,XC299640,roahaw,SNR_20dB,20,R1
0.9273103475570679,0,159,0.0,0.0,0.0,0.2,0.006289308176100629,0.1,0.1,0.006289308176100629,0.05,XC372463,roahaw,SNR_20dB,20,R1
0.9562982320785522,1,159,1.0,0.006289308176100629,1.0,0.8,0.025157232704402517,0.71,0.7,0.0440251572327044,0.594047619047619,XC288830,roahaw,SNR_20dB,20,R1
0.950994610786438,1,159,1.0,0.006289308176100629,1.0,0.8,0.025157232704402517,0.76,0.7,0.0440251572327044,0.6190476190476191,XC129438,roahaw,SNR_20dB,20,R1
0.9463434219360352,1,159,1.0,0.006289308176100629,1.0,0.8,0.025157232704402517,0.8,0.8,0.050314465408805034,0.745436507936508,XC772769,roahaw,SNR_20dB,20,R1
0.9357016086578369,1,159,1.0,0.006289308176100629,1.0,0.8,0.025157232704402517,0.71,0.5,0.031446540880503145,0.4105555555555555,XC716349,roahaw,SNR_20dB,20,R1
0.9499170780181885,1,159,1.0,0.006289308176100629,1.0,0.8,0.025157232704402517,0.8,0.7,0.0440251572327044,0.6361111111111112,XC340156,roahaw,SNR_20dB,20,R1
0.9344748258590698,1,159,1.0,0.006289308176100629,1.0,1.0,0.031446540880503145,1.0,0.9,0.05660377358490566,0.9,XC680705,roahaw,SNR_20dB,20,R1
0.9335686564445496,1,159,1.0,0.006289308176100629,1.0,0.2,0.006289308176100629,0.2,0.1,0.006289308176100629,0.1,XC235156,roahaw,SNR_20dB,20,R1
0.8200963735580444,0,159,0.0,0.0,0.0,0.2,0.006289308176100629,0.06666666666666667,0.2,0.012578616352201259,0.06666666666666667,XC19527,roahaw,SNR_20dB,20,R1
0.9079524874687195,0,165,0.0,0.0,0.0,0.0,0.0,0.0,0.0,0.0,0.0,XC738930,trsowl,SNR_20dB,20,R1
0.9319721460342407,1,165,1.0,0.006060606060606061,1.0,1.0,0.030303030303030304,1.0,0.9,0.05454545454545454,0.8788888888888889,XC428741,trsowl,SNR_20dB,20,R1
0.9287014007568359,1,165,1.0,0.006060606060606061,1.0,1.0,0.030303030303030304,1.0,0.7,0.04242424242424243,0.6875,XC597121,trsowl,SNR_20dB,20,R1
0.9349347352981567,1,165,1.0,0.006060606060606061,1.0,1.0,0.030303030303030304,1.0,1.0,0.06060606060606061,1.0,XC549975,trsowl,SNR_20dB,20,R1
0.9507437944412231,1,165,1.0,0.006060606060606061,1.0,1.0,0.030303030303030304,1.0,0.9,0.05454545454545454,0.9,XC135491,trsowl,SNR_20dB,20,R1
0.8894920349121094,1,165,1.0,0.006060606060606061,1.0,0.6,0.01818181818181818,0.55,0.5,0.030303030303030304,0.4041666666666666,XC572606,trsowl,SNR_20dB,20,R1
0.9335297346115112,1,165,1.0,0.006060606060606061,1.0,1.0,0.030303030303030304,1.0,0.6,0.03636363636363636,0.5857142857142857,XC236394,trsowl,SNR_20dB,20,R1
0.9392246007919312,0,165,0.0,0.0,0.0,0.0,0.0,0.0,0.0,0.0,0.0,XC447808,trsowl,SNR_20dB,20,R1
0.9068746566772461,1,165,1.0,0.006060606060606061,1.0,1.0,0.030303030303030304,1.0,1.0,0.06060606060606061,1.0,XC619067,trsowl,SNR_20dB,20,R1
0.8757030963897705,0,165,0.0,0.0,0.0,0.2,0.006060606060606061,0.1,0.3,0.01818181818181818,0.10857142857142857,XC730130,trsowl,SNR_20dB,20,R1
0.9410972595214844,1,203,1.0,0.0049261083743842365,1.0,0.6,0.014778325123152709,0.42000000000000004,0.7,0.034482758620689655,0.4758333333333334,XC756928,banana,SNR_20dB,20,R1
0.9394729733467102,0,203,0.0,0.0,0.0,0.2,0.0049261083743842365,0.05,0.3,0.014778325123152709,0.10119047619047619,XC190593,banana,SNR_20dB,20,R1
0.9525324106216431,1,203,1.0,0.0049261083743842365,1.0,0.2,0.0049261083743842365,0.2,0.3,0.014778325123152709,0.155,XC247112,banana,SNR_20dB,20,R1
0.9488323926925659,0,203,0.0,0.0,0.0,0.4,0.009852216748768473,0.16666666666666666,0.6,0.029556650246305417,0.30603174603174604,XC561261,banana,SNR_20dB,20,R1
0.9341442584991455,0,203,0.0,0.0,0.0,0.4,0.009852216748768473,0.14666666666666667,0.4,0.019704433497536946,0.15083333333333332,XC127164,banana,SNR_20dB,20,R1
0.9683578014373779,1,203,1.0,0.0049261083743842365,1.0,0.2,0.0049261083743842365,0.2,0.1,0.0049261083743842365,0.1,XC169559,banana,SNR_20dB,20,R1
0.9500042200088501,1,203,1.0,0.0049261083743842365,1.0,0.4,0.009852216748768473,0.4,0.6,0.029556650246305417,0.4155555555555555,XC241562,banana,SNR_20dB,20,R1
0.8650977611541748,0,203,0.0,0.0,0.0,0.0,0.0,0.0,0.0,0.0,0.0,XC924739,banana,SNR_20dB,20,R1
0.960364818572998,0,203,0.0,0.0,0.0,0.2,0.0049261083743842365,0.04,0.1,0.0049261083743842365,0.02,XC541448,banana,SNR_20dB,20,R1
0.9582950472831726,1,203,1.0,0.0049261083743842365,1.0,0.2,0.0049261083743842365,0.2,0.2,0.009852216748768473,0.12,XC215467,banana,SNR_20dB,20,R1
0.915388822555542,0,181,0.0,0.0,0.0,0.4,0.011049723756906077,0.14666666666666667,0.5,0.027624309392265192,0.22174603174603175,XC29087,baffal1,SNR_20dB,20,R1
0.9374157786369324,1,181,1.0,0.0055248618784530384,1.0,0.8,0.022099447513812154,0.8,0.8,0.04419889502762431,0.7042063492063492,XC29088,baffal1,SNR_20dB,20,R1
0.9143878221511841,0,181,0.0,0.0,0.0,0.2,0.0055248618784530384,0.1,0.2,0.011049723756906077,0.075,XC235886,baffal1,SNR_20dB,20,R1
0.9431459903717041,1,181,1.0,0.0055248618784530384,1.0,0.8,0.022099447513812154,0.76,0.8,0.04419889502762431,0.7068253968253968,XC437953,baffal1,SNR_20dB,20,R1
0.9483959078788757,1,181,1.0,0.0055248618784530384,1.0,1.0,0.027624309392265192,1.0,0.8,0.04419889502762431,0.7577777777777778,XC192816,baffal1,SNR_20dB,20,R1
0.9287989139556885,1,181,1.0,0.0055248618784530384,1.0,1.0,0.027624309392265192,1.0,0.9,0.049723756906077346,0.9,XC666482,baffal1,SNR_20dB,20,R1
0.9196604490280151,1,181,1.0,0.0055248618784530384,1.0,0.6,0.016574585635359115,0.42000000000000004,0.4,0.022099447513812154,0.2671428571428571,XC727672,baffal1,SNR_20dB,20,R1
0.953809916973114,0,181,0.0,0.0,0.0,0.2,0.0055248618784530384,0.06666666666666667,0.1,0.0055248618784530384,0.03333333333333333,XC745799,baffal1,SNR_20dB,20,R1
0.8968093991279602,1,181,1.0,0.0055248618784530384,1.0,1.0,0.027624309392265192,1.0,1.0,0.055248618784530384,1.0,XC546400,baffal1,SNR_20dB,20,R1
0.9374451637268066,1,181,1.0,0.0055248618784530384,1.0,0.8,0.022099447513812154,0.8,0.9,0.049723756906077346,0.8354365079365079,XC192815,baffal1,SNR_20dB,20,R1
0.9138083457946777,1,137,1.0,0.0072992700729927005,1.0,1.0,0.0364963503649635,1.0,1.0,0.072992700729927,1.0,XC539586,soulap1,SNR_20dB,20,R1
0.9235155582427979,1,137,1.0,0.0072992700729927005,1.0,1.0,0.0364963503649635,1.0,1.0,0.072992700729927,1.0,XC9046,soulap1,SNR_20dB,20,R1
0.9067431092262268,1,137,1.0,0.0072992700729927005,1.0,0.8,0.029197080291970802,0.71,0.7,0.051094890510948905,0.5833333333333333,XC562682,soulap1,SNR_20dB,20,R1
0.9132327437400818,1,137,1.0,0.0072992700729927005,1.0,0.4,0.014598540145985401,0.3333333333333333,0.4,0.029197080291970802,0.24416666666666664,XC51500,soulap1,SNR_20dB,20,R1
0.9459333419799805,1,137,1.0,0.0072992700729927005,1.0,1.0,0.0364963503649635,1.0,1.0,0.072992700729927,1.0,XC428133,soulap1,SNR_20dB,20,R1
0.9162446856498718,1,137,1.0,0.0072992700729927005,1.0,0.8,0.029197080291970802,0.8,0.4,0.029197080291970802,0.4,XC47141,soulap1,SNR_20dB,20,R1
0.9308685064315796,0,137,0.0,0.0,0.0,0.0,0.0,0.0,0.0,0.0,0.0,XC861228,soulap1,SNR_20dB,20,R1
0.8990169763565063,1,137,1.0,0.0072992700729927005,1.0,1.0,0.0364963503649635,1.0,0.7,0.051094890510948905,0.67,XC549503,soulap1,SNR_20dB,20,R1
0.9341331124305725,1,137,1.0,0.0072992700729927005,1.0,1.0,0.0364963503649635,1.0,1.0,0.072992700729927,1.0,XC16003,soulap1,SNR_20dB,20,R1
0.8986839652061462,1,137,1.0,0.0072992700729927005,1.0,1.0,0.0364963503649635,1.0,1.0,0.072992700729927,1.0,XC48574,soulap1,SNR_20dB,20,R1
0.9370080828666687,1,154,1.0,0.006493506493506494,1.0,0.6,0.01948051948051948,0.4833333333333333,0.7,0.045454545454545456,0.4979761904761905,XC340516,strcuc1,SNR_20dB,20,R1
0.8945199847221375,0,154,0.0,0.0,0.0,0.0,0.0,0.0,0.1,0.006493506493506494,0.0125,XC340515,strcuc1,SNR_20dB,20,R1
0.9547151923179626,1,154,1.0,0.006493506493506494,1.0,0.8,0.025974025974025976,0.6433333333333333,0.5,0.032467532467532464,0.39309523809523805,XC173304,strcuc1,SNR_20dB,20,R1
0.9439513087272644,1,154,1.0,0.006493506493506494,1.0,0.4,0.012987012987012988,0.4,0.3,0.01948051948051948,0.23333333333333334,XC114965,strcuc1,SNR_20dB,20,R1
0.9574697613716125,1,154,1.0,0.006493506493506494,1.0,0.8,0.025974025974025976,0.76,0.7,0.045454545454545456,0.6083333333333333,XC349929,strcuc1,SNR_20dB,20,R1
0.945726215839386,0,154,0.0,0.0,0.0,0.6,0.01948051948051948,0.3833333333333333,0.5,0.032467532467532464,0.3113095238095238,XC836228,strcuc1,SNR_20dB,20,R1
0.9822095036506653,0,154,0.0,0.0,0.0,0.0,0.0,0.0,0.0,0.0,0.0,XC508606,strcuc1,SNR_20dB,20,R1
0.9489077925682068,1,154,1.0,0.006493506493506494,1.0,0.8,0.025974025974025976,0.76,0.8,0.05194805194805195,0.6842063492063492,XC593146,strcuc1,SNR_20dB,20,R1
0.9524137377738953,1,154,1.0,0.006493506493506494,1.0,1.0,0.032467532467532464,1.0,1.0,0.06493506493506493,1.0,XC240034,strcuc1,SNR_20dB,20,R1
0.9298068881034851,1,154,1.0,0.006493506493506494,1.0,0.8,0.025974025974025976,0.76,0.7,0.045454545454545456,0.5964285714285714,XC114160,strcuc1,SNR_20dB,20,R1
0.9516276121139526,0,125,0.0,0.0,0.0,0.6,0.024,0.35333333333333333,0.5,0.04,0.2838095238095238,XC993685,pabspi1,SNR_20dB,20,R1
0.9426712989807129,1,125,1.0,0.008,1.0,0.8,0.032,0.76,0.7,0.056,0.6042063492063492,XC506225,pabspi1,SNR_20dB,20,R1
0.9793891906738281,1,125,1.0,0.008,1.0,0.6,0.024,0.55,0.6,0.048,0.4730952380952381,XC687712,pabspi1,SNR_20dB,20,R1
0.928398847579956,0,125,0.0,0.0,0.0,0.4,0.016,0.14666666666666667,0.4,0.032,0.1661904761904762,XC506234,pabspi1,SNR_20dB,20,R1
0.9697602987289429,0,125,0.0,0.0,0.0,0.2,0.008,0.1,0.2,0.016,0.07857142857142857,XC452493,pabspi1,SNR_20dB,20,R1
0.9494110345840454,1,125,1.0,0.008,1.0,0.2,0.008,0.2,0.1,0.008,0.1,XC701947,pabspi1,SNR_20dB,20,R1
0.9493942260742188,0,125,0.0,0.0,0.0,0.0,0.0,0.0,0.0,0.0,0.0,XC701948,pabspi1,SNR_20dB,20,R1
0.9644302725791931,0,125,0.0,0.0,0.0,0.0,0.0,0.0,0.1,0.008,0.0125,XC236174,pabspi1,SNR_20dB,20,R1
0.9514452219009399,0,125,0.0,0.0,0.0,0.8,0.032,0.5433333333333333,0.5,0.04,0.3272222222222222,XC391585,pabspi1,SNR_20dB,20,R1
0.9762039184570312,1,125,1.0,0.008,1.0,0.4,0.016,0.3,0.4,0.032,0.22749999999999998,XC236176,pabspi1,SNR_20dB,20,R1
0.9715451002120972,0,266,0.0,0.0,0.0,0.4,0.007518796992481203,0.2333333333333333,0.3,0.011278195488721804,0.1595238095238095,XC268594,yeofly1,SNR_20dB,20,R1
0.9448689222335815,0,266,0.0,0.0,0.0,0.2,0.0037593984962406013,0.04,0.1,0.0037593984962406013,0.02,XC361117,yeofly1,SNR_20dB,20,R1
0.9385788440704346,1,266,1.0,0.0037593984962406013,1.0,0.2,0.0037593984962406013,0.2,0.2,0.007518796992481203,0.12222222222222223,XC250157,yeofly1,SNR_20dB,20,R1
0.9369724988937378,1,266,1.0,0.0037593984962406013,1.0,0.6,0.011278195488721804,0.52,0.4,0.015037593984962405,0.3,XC46766,yeofly1,SNR_20dB,20,R1
0.9057358503341675,0,266,0.0,0.0,0.0,0.2,0.0037593984962406013,0.04,0.2,0.007518796992481203,0.04857142857142857,XC1031972,yeofly1,SNR_20dB,20,R1
0.9569506049156189,1,266,1.0,0.0037593984962406013,1.0,0.8,0.015037593984962405,0.8,0.5,0.018796992481203006,0.45,XC187210,yeofly1,SNR_20dB,20,R1
0.9486148357391357,0,266,0.0,0.0,0.0,0.0,0.0,0.0,0.0,0.0,0.0,XC512409,yeofly1,SNR_20dB,20,R1
0.9798730611801147,0,266,0.0,0.0,0.0,0.2,0.0037593984962406013,0.06666666666666667,0.4,0.015037593984962405,0.13999999999999999,XC611913,yeofly1,SNR_20dB,20,R1
0.9759835600852966,1,266,1.0,0.0037593984962406013,1.0,0.8,0.015037593984962405,0.71,0.6,0.022556390977443608,0.5240476190476191,XC268592,yeofly1,SNR_20dB,20,R1
0.982649028301239,1,266,1.0,0.0037593984962406013,1.0,0.8,0.015037593984962405,0.71,0.6,0.022556390977443608,0.49833333333333324,XC583955,yeofly1,SNR_20dB,20,R1
0.8409532904624939,0,141,0.0,0.0,0.0,0.2,0.0070921985815602835,0.05,0.1,0.0070921985815602835,0.025,XC192979,gycwor1,SNR_20dB,20,R1
0.9368849396705627,1,141,1.0,0.0070921985815602835,1.0,1.0,0.03546099290780142,1.0,1.0,0.07092198581560284,1.0,XC483682,gycwor1,SNR_20dB,20,R1
0.9036869406700134,1,141,1.0,0.0070921985815602835,1.0,1.0,0.03546099290780142,1.0,0.9,0.06382978723404255,0.866388888888889,XC772156,gycwor1,SNR_20dB,20,R1
0.8769053220748901,0,141,0.0,0.0,0.0,0.0,0.0,0.0,0.0,0.0,0.0,XC501765,gycwor1,SNR_20dB,20,R1
0.8905179500579834,1,141,1.0,0.0070921985815602835,1.0,0.6,0.02127659574468085,0.4833333333333333,0.5,0.03546099290780142,0.3488095238095238,XC1012395,gycwor1,SNR_20dB,20,R1
0.9163818359375,1,141,1.0,0.0070921985815602835,1.0,0.4,0.014184397163120567,0.3333333333333333,0.4,0.028368794326241134,0.25666666666666665,XC843813,gycwor1,SNR_20dB,20,R1
0.9430721998214722,1,141,1.0,0.0070921985815602835,1.0,0.8,0.028368794326241134,0.71,0.7,0.04964539007092199,0.6018253968253968,XC216181,gycwor1,SNR_20dB,20,R1
0.9576432108879089,1,141,1.0,0.0070921985815602835,1.0,1.0,0.03546099290780142,1.0,1.0,0.07092198581560284,1.0,XC352281,gycwor1,SNR_20dB,20,R1
0.9309602379798889,0,141,0.0,0.0,0.0,0.4,0.014184397163120567,0.16666666666666666,0.2,0.014184397163120567,0.08333333333333333,XC335167,gycwor1,SNR_20dB,20,R1
0.9099922180175781,1,141,1.0,0.0070921985815602835,1.0,0.4,0.014184397163120567,0.27999999999999997,0.2,0.014184397163120567,0.13999999999999999,XC197443,gycwor1,SNR_20dB,20,R1
0.9191757440567017,1,142,1.0,0.007042253521126761,1.0,0.6,0.02112676056338028,0.52,0.5,0.035211267605633804,0.3796428571428571,XC254120,compau,SNR_20dB,20,R1
0.9175952672958374,0,142,0.0,0.0,0.0,0.0,0.0,0.0,0.0,0.0,0.0,XC225326,compau,SNR_20dB,20,R1
0.905306875705719,0,142,0.0,0.0,0.0,0.8,0.028169014084507043,0.5433333333333333,0.7,0.04929577464788732,0.488095238095238,XC236447,compau,SNR_20dB,20,R1
0.9216545820236206,1,142,1.0,0.007042253521126761,1.0,1.0,0.035211267605633804,1.0,1.0,0.07042253521126761,1.0,XC311012,compau,SNR_20dB,20,R1
0.9115148782730103,0,142,0.0,0.0,0.0,0.6,0.02112676056338028,0.35333333333333333,0.5,0.035211267605633804,0.2893650793650793,XC285306,compau,SNR_20dB,20,R1
0.9324934482574463,0,142,0.0,0.0,0.0,0.2,0.007042253521126761,0.06666666666666667,0.1,0.007042253521126761,0.03333333333333333,XC592920,compau,SNR_20dB,20,R1
0.9490764737129211,1,142,1.0,0.007042253521126761,1.0,1.0,0.035211267605633804,1.0,1.0,0.07042253521126761,1.0,XC221567,compau,SNR_20dB,20,R1
0.9455370903015137,0,142,0.0,0.0,0.0,0.0,0.0,0.0,0.1,0.007042253521126761,0.016666666666666666,XC630102,compau,SNR_20dB,20,R1
0.9556792974472046,1,142,1.0,0.007042253521126761,1.0,0.2,0.007042253521126761,0.2,0.2,0.014084507042253521,0.12857142857142856,XC427477,compau,SNR_20dB,20,R1
0.9413223266601562,1,142,1.0,0.007042253521126761,1.0,1.0,0.035211267605633804,1.0,0.7,0.04929577464788732,0.6732142857142858,XC943093,compau,SNR_20dB,20,R1
0.9124696254730225,1,198,1.0,0.005050505050505051,1.0,1.0,0.025252525252525252,1.0,0.9,0.045454545454545456,0.89,XC433820,barant1,SNR_20dB,20,R1
0.9409552812576294,1,198,1.0,0.005050505050505051,1.0,1.0,0.025252525252525252,1.0,0.8,0.04040404040404041,0.8,XC459559,barant1,SNR_20dB,20,R1
0.9113708734512329,0,198,0.0,0.0,0.0,0.0,0.0,0.0,0.2,0.010101010101010102,0.04523809523809523,XC732448,barant1,SNR_20dB,20,R1
0.9532081484794617,1,198,1.0,0.005050505050505051,1.0,1.0,0.025252525252525252,1.0,1.0,0.050505050505050504,1.0,XC716450,barant1,SNR_20dB,20,R1
0.9301037788391113,1,198,1.0,0.005050505050505051,1.0,0.8,0.020202020202020204,0.76,0.7,0.03535353535353535,0.5964285714285714,XC354908,barant1,SNR_20dB,20,R1
0.9482746124267578,0,198,0.0,0.0,0.0,0.4,0.010101010101010102,0.18,0.4,0.020202020202020204,0.18285714285714288,XC428067,barant1,SNR_20dB,20,R1
0.9461560249328613,1,198,1.0,0.005050505050505051,1.0,1.0,0.025252525252525252,1.0,0.9,0.045454545454545456,0.9,XC685458,barant1,SNR_20dB,20,R1
0.9436447620391846,1,198,1.0,0.005050505050505051,1.0,1.0,0.025252525252525252,1.0,1.0,0.050505050505050504,1.0,XC676256,barant1,SNR_20dB,20,R1
0.9363440275192261,1,198,1.0,0.005050505050505051,1.0,1.0,0.025252525252525252,1.0,1.0,0.050505050505050504,1.0,XC443189,barant1,SNR_20dB,20,R1
0.9363424777984619,1,198,1.0,0.005050505050505051,1.0,1.0,0.025252525252525252,1.0,0.9,0.045454545454545456,0.866388888888889,XC752776,barant1,SNR_20dB,20,R1
0.9818224310874939,1,201,1.0,0.004975124378109453,1.0,0.2,0.004975124378109453,0.2,0.3,0.014925373134328358,0.15857142857142856,XC695270,pirfly1,SNR_20dB,20,R1
0.9543505311012268,0,201,0.0,0.0,0.0,0.2,0.004975124378109453,0.06666666666666667,0.1,0.004975124378109453,0.03333333333333333,XC199153,pirfly1,SNR_20dB,20,R1
0.9481387734413147,1,201,1.0,0.004975124378109453,1.0,0.8,0.01990049751243781,0.6433333333333333,0.5,0.024875621890547265,0.38416666666666666,XC575453,pirfly1,SNR_20dB,20,R1
0.9560357332229614,0,201,0.0,0.0,0.0,0.0,0.0,0.0,0.0,0.0,0.0,XC199221,pirfly1,SNR_20dB,20,R1
0.9762992858886719,1,201,1.0,0.004975124378109453,1.0,0.8,0.01990049751243781,0.6433333333333333,0.5,0.024875621890547265,0.38416666666666666,XC1050422,pirfly1,SNR_20dB,20,R1
0.8896093368530273,0,201,0.0,0.0,0.0,0.2,0.004975124378109453,0.06666666666666667,0.2,0.009950248756218905,0.06190476190476191,XC249521,pirfly1,SNR_20dB,20,R1
0.9265685677528381,0,201,0.0,0.0,0.0,0.0,0.0,0.0,0.0,0.0,0.0,XC249067,pirfly1,SNR_20dB,20,R1
0.9560315012931824,0,201,0.0,0.0,0.0,0.4,0.009950248756218905,0.14666666666666667,0.2,0.009950248756218905,0.07333333333333333,XC249418,pirfly1,SNR_20dB,20,R1
0.9742435216903687,1,201,1.0,0.004975124378109453,1.0,0.8,0.01990049751243781,0.76,0.5,0.024875621890547265,0.4425,XC249520,pirfly1,SNR_20dB,20,R1
0.9735209941864014,1,201,1.0,0.004975124378109453,1.0,0.2,0.004975124378109453,0.2,0.3,0.014925373134328358,0.16666666666666666,XC764117,pirfly1,SNR_20dB,20,R1
0.9410345554351807,0,184,0.0,0.0,0.0,0.0,0.0,0.0,0.1,0.005434782608695652,0.0125,XC174648,linwoo1,SNR_20dB,20,R1
0.9256796836853027,1,184,1.0,0.005434782608695652,1.0,0.4,0.010869565217391304,0.4,0.5,0.02717391304347826,0.3696428571428571,XC550450,linwoo1,SNR_20dB,20,R1
0.9217408299446106,1,184,1.0,0.005434782608695652,1.0,0.4,0.010869565217391304,0.3,0.3,0.016304347826086956,0.1875,XC550448,linwoo1,SNR_20dB,20,R1
0.8409931063652039,1,184,1.0,0.005434782608695652,1.0,1.0,0.02717391304347826,1.0,0.8,0.043478260869565216,0.78,XC379497,linwoo1,SNR_20dB,20,R1
0.881121039390564,1,184,1.0,0.005434782608695652,1.0,0.8,0.021739130434782608,0.8,0.8,0.043478260869565216,0.745436507936508,XC732161,linwoo1,SNR_20dB,20,R1
0.9384721517562866,0,184,0.0,0.0,0.0,0.0,0.0,0.0,0.1,0.005434782608695652,0.014285714285714285,XC261880,linwoo1,SNR_20dB,20,R1
0.9246538877487183,0,184,0.0,0.0,0.0,0.4,0.010869565217391304,0.13,0.4,0.021739130434782608,0.1425,XC250796,linwoo1,SNR_20dB,20,R1
0.8900256156921387,1,184,1.0,0.005434782608695652,1.0,0.4,0.010869565217391304,0.3,0.3,0.016304347826086956,0.18,XC542823,linwoo1,SNR_20dB,20,R1
0.9097124338150024,0,184,0.0,0.0,0.0,0.0,0.0,0.0,0.0,0.0,0.0,XC688346,linwoo1,SNR_20dB,20,R1
0.9222728610038757,0,184,0.0,0.0,0.0,0.4,0.010869565217391304,0.18,0.3,0.016304347826086956,0.12,XC197473,linwoo1,SNR_20dB,20,R1
0.8737568259239197,0,192,0.0,0.0,0.0,0.8,0.020833333333333332,0.5433333333333333,0.8,0.041666666666666664,0.5877777777777777,XC238416,whtdov,SNR_20dB,20,R1
0.8799666166305542,0,192,0.0,0.0,0.0,0.0,0.0,0.0,0.0,0.0,0.0,XC235857,whtdov,SNR_20dB,20,R1
0.9438694715499878,1,192,1.0,0.005208333333333333,1.0,0.2,0.005208333333333333,0.2,0.3,0.015625,0.17619047619047618,XC238417,whtdov,SNR_20dB,20,R1
0.9221979975700378,1,192,1.0,0.005208333333333333,1.0,0.8,0.020833333333333332,0.71,0.7,0.036458333333333336,0.5833333333333333,XC294701,whtdov,SNR_20dB,20,R1
0.9266539812088013,1,192,1.0,0.005208333333333333,1.0,1.0,0.026041666666666668,1.0,1.0,0.052083333333333336,1.0,XC388552,whtdov,SNR_20dB,20,R1
0.8928292989730835,1,192,1.0,0.005208333333333333,1.0,0.8,0.020833333333333332,0.71,0.8,0.041666666666666664,0.6818253968253968,XC538235,whtdov,SNR_20dB,20,R1
0.9203488826751709,0,192,0.0,0.0,0.0,0.0,0.0,0.0,0.0,0.0,0.0,XC716476,whtdov,SNR_20dB,20,R1
0.9695308208465576,0,192,0.0,0.0,0.0,0.0,0.0,0.0,0.0,0.0,0.0,XC147509,whtdov,SNR_20dB,20,R1
0.8963707089424133,0,192,0.0,0.0,0.0,0.2,0.005208333333333333,0.1,0.5,0.026041666666666668,0.21051587301587302,XC277692,whtdov,SNR_20dB,20,R1
0.9565156698226929,0,192,0.0,0.0,0.0,0.0,0.0,0.0,0.3,0.015625,0.08273809523809524,XC833664,whtdov,SNR_20dB,20,R1
0.9472280740737915,1,204,1.0,0.004901960784313725,1.0,0.4,0.00980392156862745,0.3333333333333333,0.3,0.014705882352941176,0.20416666666666666,XC469159,bobfly1,SNR_20dB,20,R1
0.9086254239082336,1,204,1.0,0.004901960784313725,1.0,0.8,0.0196078431372549,0.6433333333333333,0.5,0.024509803921568627,0.40499999999999997,XC578500,bobfly1,SNR_20dB,20,R1
0.956567108631134,1,204,1.0,0.004901960784313725,1.0,0.6,0.014705882352941176,0.42000000000000004,0.5,0.024509803921568627,0.3044444444444444,XC545844,bobfly1,SNR_20dB,20,R1
0.93857741355896,0,204,0.0,0.0,0.0,0.0,0.0,0.0,0.1,0.004901960784313725,0.014285714285714285,XC427567,bobfly1,SNR_20dB,20,R1
0.9454176425933838,1,204,1.0,0.004901960784313725,1.0,0.8,0.0196078431372549,0.76,0.6,0.029411764705882353,0.5233333333333332,XC583946,bobfly1,SNR_20dB,20,R1
0.9247415661811829,0,204,0.0,0.0,0.0,0.2,0.004901960784313725,0.04,0.4,0.0196078431372549,0.1461904761904762,XC235872,bobfly1,SNR_20dB,20,R1
0.9334719777107239,1,204,1.0,0.004901960784313725,1.0,0.8,0.0196078431372549,0.6433333333333333,0.6,0.029411764705882353,0.46499999999999997,XC427566,bobfly1,SNR_20dB,20,R1
0.9398691654205322,1,204,1.0,0.004901960784313725,1.0,0.8,0.0196078431372549,0.71,0.8,0.0392156862745098,0.6915476190476191,XC356904,bobfly1,SNR_20dB,20,R1
0.9644275903701782,1,204,1.0,0.004901960784313725,1.0,0.6,0.014705882352941176,0.52,0.6,0.029411764705882353,0.4647619047619048,XC841763,bobfly1,SNR_20dB,20,R1
0.9478611350059509,1,204,1.0,0.004901960784313725,1.0,0.6,0.014705882352941176,0.4833333333333333,0.4,0.0196078431372549,0.2988095238095238,XC666481,bobfly1,SNR_20dB,20,R1
0.984727680683136,0,155,0.0,0.0,0.0,0.0,0.0,0.0,0.0,0.0,0.0,XC944466,trokin,SNR_20dB,20,R1
0.9686617851257324,0,155,0.0,0.0,0.0,0.0,0.0,0.0,0.0,0.0,0.0,XC556661,trokin,SNR_20dB,20,R1
0.9545472860336304,1,155,1.0,0.0064516129032258064,1.0,0.2,0.0064516129032258064,0.2,0.3,0.01935483870967742,0.15857142857142856,XC131763,trokin,SNR_20dB,20,R1
0.9517586827278137,1,155,1.0,0.0064516129032258064,1.0,1.0,0.03225806451612903,1.0,0.9,0.05806451612903226,0.9,XC282322,trokin,SNR_20dB,20,R1
0.9366296529769897,0,155,0.0,0.0,0.0,0.4,0.012903225806451613,0.2333333333333333,0.3,0.01935483870967742,0.14666666666666667,XC287873,trokin,SNR_20dB,20,R1
0.96745765209198,0,155,0.0,0.0,0.0,0.0,0.0,0.0,0.0,0.0,0.0,XC944467,trokin,SNR_20dB,20,R1
0.9369833469390869,1,155,1.0,0.0064516129032258064,1.0,0.4,0.012903225806451613,0.4,0.3,0.01935483870967742,0.22999999999999998,XC690960,trokin,SNR_20dB,20,R1
0.9110333323478699,0,155,0.0,0.0,0.0,0.0,0.0,0.0,0.1,0.0064516129032258064,0.014285714285714285,XC960832,trokin,SNR_20dB,20,R1
0.9620828032493591,0,155,0.0,0.0,0.0,0.0,0.0,0.0,0.1,0.0064516129032258064,0.0125,XC490064,trokin,SNR_20dB,20,R1
0.950135350227356,1,155,1.0,0.0064516129032258064,1.0,0.8,0.025806451612903226,0.8,0.7,0.04516129032258064,0.6468253968253969,XC282345,trokin,SNR_20dB,20,R1
0.8746447563171387,1,171,1.0,0.005847953216374269,1.0,0.6,0.017543859649122806,0.4833333333333333,0.4,0.023391812865497075,0.2816666666666666,XC1011212,coffal1,SNR_10dB,10,R1
0.9171804189682007,0,171,0.0,0.0,0.0,0.2,0.005847953216374269,0.1,0.3,0.017543859649122806,0.10222222222222221,XC518849,coffal1,SNR_10dB,10,R1
0.9206615090370178,0,171,0.0,0.0,0.0,0.0,0.0,0.0,0.1,0.005847953216374269,0.014285714285714285,XC640029,coffal1,SNR_10dB,10,R1
0.8722823262214661,0,171,0.0,0.0,0.0,0.0,0.0,0.0,0.1,0.005847953216374269,0.016666666666666666,XC238626,coffal1,SNR_10dB,10,R1
0.9058884382247925,0,171,0.0,0.0,0.0,0.0,0.0,0.0,0.0,0.0,0.0,XC580510,coffal1,SNR_10dB,10,R1
0.8750552535057068,1,171,1.0,0.005847953216374269,1.0,1.0,0.029239766081871343,1.0,0.8,0.04678362573099415,0.78,XC841725,coffal1,SNR_10dB,10,R1
0.9310895204544067,1,171,1.0,0.005847953216374269,1.0,1.0,0.029239766081871343,1.0,1.0,0.05847953216374269,1.0,XC909155,coffal1,SNR_10dB,10,R1
0.9498696327209473,1,171,1.0,0.005847953216374269,1.0,0.8,0.023391812865497075,0.6433333333333333,0.7,0.04093567251461988,0.5684920634920634,XC597587,coffal1,SNR_10dB,10,R1
0.955319881439209,0,171,0.0,0.0,0.0,0.0,0.0,0.0,0.1,0.005847953216374269,0.016666666666666666,XC514068,coffal1,SNR_10dB,10,R1
0.9491492509841919,1,171,1.0,0.005847953216374269,1.0,1.0,0.029239766081871343,1.0,0.9,0.05263157894736842,0.8788888888888889,XC915055,coffal1,SNR_10dB,10,R1
0.9578067660331726,0,221,0.0,0.0,0.0,0.0,0.0,0.0,0.1,0.004524886877828055,0.016666666666666666,XC504846,sobtyr1,SNR_10dB,10,R1
0.9670064449310303,1,221,1.0,0.004524886877828055,1.0,0.6,0.013574660633484163,0.42000000000000004,0.6,0.027149321266968326,0.4147619047619048,XC764623,sobtyr1,SNR_10dB,10,R1
0.9574317932128906,0,221,0.0,0.0,0.0,0.0,0.0,0.0,0.0,0.0,0.0,XC653903,sobtyr1,SNR_10dB,10,R1
0.9529823064804077,1,221,1.0,0.004524886877828055,1.0,0.8,0.01809954751131222,0.8,0.8,0.03619909502262444,0.745436507936508,XC176886,sobtyr1,SNR_10dB,10,R1
0.9410673975944519,0,221,0.0,0.0,0.0,0.0,0.0,0.0,0.0,0.0,0.0,XC580800,sobtyr1,SNR_10dB,10,R1
0.9594261646270752,0,221,0.0,0.0,0.0,0.0,0.0,0.0,0.0,0.0,0.0,XC763522,sobtyr1,SNR_10dB,10,R1
0.9071694612503052,0,221,0.0,0.0,0.0,0.2,0.004524886877828055,0.05,0.2,0.00904977375565611,0.05833333333333333,XC612769,sobtyr1,SNR_10dB,10,R1
0.9255630373954773,0,221,0.0,0.0,0.0,0.0,0.0,0.0,0.1,0.004524886877828055,0.01,XC135348,sobtyr1,SNR_10dB,10,R1
0.9270365238189697,1,221,1.0,0.004524886877828055,1.0,0.8,0.01809954751131222,0.71,0.7,0.03167420814479638,0.5541666666666667,XC1062368,sobtyr1,SNR_10dB,10,R1
0.9451039433479309,0,221,0.0,0.0,0.0,0.0,0.0,0.0,0.0,0.0,0.0,XC653904,sobtyr1,SNR_10dB,10,R1
0.9239166975021362,1,223,1.0,0.004484304932735426,1.0,1.0,0.02242152466367713,1.0,1.0,0.04484304932735426,1.0,XC348691,greant1,SNR_10dB,10,R1
0.9502915143966675,1,223,1.0,0.004484304932735426,1.0,1.0,0.02242152466367713,1.0,1.0,0.04484304932735426,1.0,XC397818,greant1,SNR_10dB,10,R1
0.9384740591049194,0,223,0.0,0.0,0.0,0.4,0.008968609865470852,0.16666666666666666,0.3,0.013452914798206279,0.12083333333333332,XC50033,greant1,SNR_10dB,10,R1
0.9603452682495117,0,223,0.0,0.0,0.0,0.0,0.0,0.0,0.2,0.008968609865470852,0.034722222222222224,XC388556,greant1,SNR_10dB,10,R1
0.9542832970619202,1,223,1.0,0.004484304932735426,1.0,1.0,0.02242152466367713,1.0,1.0,0.04484304932735426,1.0,XC433819,greant1,SNR_10dB,10,R1
0.9142799973487854,1,223,1.0,0.004484304932735426,1.0,0.4,0.008968609865470852,0.27999999999999997,0.5,0.02242152466367713,0.3026984126984127,XC123928,greant1,SNR_10dB,10,R1
0.9425866603851318,0,223,0.0,0.0,0.0,0.0,0.0,0.0,0.1,0.004484304932735426,0.0125,XC489684,greant1,SNR_10dB,10,R1
0.9299542307853699,1,223,1.0,0.004484304932735426,1.0,0.6,0.013452914798206279,0.42000000000000004,0.8,0.03587443946188341,0.5808730158730159,XC452472,greant1,SNR_10dB,10,R1
0.948503851890564,0,223,0.0,0.0,0.0,0.0,0.0,0.0,0.0,0.0,0.0,XC616309,greant1,SNR_10dB,10,R1
0.9246262311935425,0,223,0.0,0.0,0.0,0.0,0.0,0.0,0.0,0.0,0.0,XC118887,greant1,SNR_10dB,10,R1
0.9099194407463074,1,231,1.0,0.004329004329004329,1.0,1.0,0.021645021645021644,1.0,0.8,0.03463203463203463,0.7577777777777778,XC294719,squcuc1,SNR_10dB,10,R1
0.9409769773483276,0,231,0.0,0.0,0.0,0.6,0.012987012987012988,0.2866666666666666,0.4,0.017316017316017316,0.20999999999999996,XC294724,squcuc1,SNR_10dB,10,R1
0.9382055997848511,1,231,1.0,0.004329004329004329,1.0,0.2,0.004329004329004329,0.2,0.1,0.004329004329004329,0.1,XC940505,squcuc1,SNR_10dB,10,R1
0.9583362340927124,0,231,0.0,0.0,0.0,0.2,0.004329004329004329,0.06666666666666667,0.2,0.008658008658008658,0.06666666666666667,XC216157,squcuc1,SNR_10dB,10,R1
0.8716121912002563,0,231,0.0,0.0,0.0,0.0,0.0,0.0,0.0,0.0,0.0,XC549930,squcuc1,SNR_10dB,10,R1
0.9382348656654358,0,231,0.0,0.0,0.0,0.2,0.004329004329004329,0.05,0.2,0.008658008658008658,0.05833333333333333,XC549933,squcuc1,SNR_10dB,10,R1
0.9286569356918335,0,231,0.0,0.0,0.0,0.2,0.004329004329004329,0.06666666666666667,0.1,0.004329004329004329,0.03333333333333333,XC549936,squcuc1,SNR_10dB,10,R1
0.9387853741645813,0,231,0.0,0.0,0.0,0.2,0.004329004329004329,0.05,0.1,0.004329004329004329,0.025,XC247099,squcuc1,SNR_10dB,10,R1
0.9035080671310425,0,231,0.0,0.0,0.0,0.0,0.0,0.0,0.0,0.0,0.0,XC246934,squcuc1,SNR_10dB,10,R1
0.9662491679191589,1,231,1.0,0.004329004329004329,1.0,0.4,0.008658008658008658,0.4,0.2,0.008658008658008658,0.2,XC656889,squcuc1,SNR_10dB,10,R1
0.9207192659378052,1,159,1.0,0.006289308176100629,1.0,0.2,0.006289308176100629,0.2,0.1,0.006289308176100629,0.1,XC299640,roahaw,SNR_10dB,10,R1
0.9139232635498047,0,159,0.0,0.0,0.0,0.0,0.0,0.0,0.1,0.006289308176100629,0.0125,XC372463,roahaw,SNR_10dB,10,R1
0.9462118148803711,1,159,1.0,0.006289308176100629,1.0,0.8,0.025157232704402517,0.71,0.6,0.03773584905660377,0.4774999999999999,XC288830,roahaw,SNR_10dB,10,R1
0.9530042409896851,1,159,1.0,0.006289308176100629,1.0,0.8,0.025157232704402517,0.6433333333333333,0.5,0.031446540880503145,0.3716666666666667,XC129438,roahaw,SNR_10dB,10,R1
0.9421660304069519,1,159,1.0,0.006289308176100629,1.0,1.0,0.031446540880503145,1.0,1.0,0.06289308176100629,1.0,XC772769,roahaw,SNR_10dB,10,R1
0.9478065967559814,1,159,1.0,0.006289308176100629,1.0,0.6,0.018867924528301886,0.6,0.3,0.018867924528301886,0.3,XC716349,roahaw,SNR_10dB,10,R1
0.9473033547401428,0,159,0.0,0.0,0.0,0.8,0.025157232704402517,0.5433333333333333,0.6,0.03773584905660377,0.44071428571428567,XC340156,roahaw,SNR_10dB,10,R1
0.9210278987884521,1,159,1.0,0.006289308176100629,1.0,1.0,0.031446540880503145,1.0,0.9,0.05660377358490566,0.8521031746031748,XC680705,roahaw,SNR_10dB,10,R1
0.9628555774688721,0,159,0.0,0.0,0.0,0.0,0.0,0.0,0.1,0.006289308176100629,0.01,XC235156,roahaw,SNR_10dB,10,R1
0.8219301700592041,0,159,0.0,0.0,0.0,0.0,0.0,0.0,0.1,0.006289308176100629,0.014285714285714285,XC19527,roahaw,SNR_10dB,10,R1
0.9111126661300659,0,165,0.0,0.0,0.0,0.4,0.012121212121212121,0.14666666666666667,0.3,0.01818181818181818,0.10666666666666666,XC738930,trsowl,SNR_10dB,10,R1
0.9477850794792175,1,165,1.0,0.006060606060606061,1.0,1.0,0.030303030303030304,1.0,1.0,0.06060606060606061,1.0,XC428741,trsowl,SNR_10dB,10,R1
0.9344234466552734,0,165,0.0,0.0,0.0,0.2,0.006060606060606061,0.1,0.2,0.012121212121212121,0.08333333333333333,XC597121,trsowl,SNR_10dB,10,R1
0.9553552269935608,1,165,1.0,0.006060606060606061,1.0,1.0,0.030303030303030304,1.0,0.9,0.05454545454545454,0.866388888888889,XC549975,trsowl,SNR_10dB,10,R1
0.9346778392791748,1,165,1.0,0.006060606060606061,1.0,0.8,0.024242424242424242,0.8,0.5,0.030303030303030304,0.45,XC135491,trsowl,SNR_10dB,10,R1
0.8853937387466431,1,165,1.0,0.006060606060606061,1.0,0.4,0.012121212121212121,0.4,0.6,0.03636363636363636,0.4296428571428571,XC572606,trsowl,SNR_10dB,10,R1
0.945077657699585,1,165,1.0,0.006060606060606061,1.0,0.6,0.01818181818181818,0.4833333333333333,0.3,0.01818181818181818,0.24166666666666664,XC236394,trsowl,SNR_10dB,10,R1
0.9296376705169678,0,165,0.0,0.0,0.0,0.2,0.006060606060606061,0.1,0.1,0.006060606060606061,0.05,XC447808,trsowl,SNR_10dB,10,R1
0.8917161226272583,0,165,0.0,0.0,0.0,0.2,0.006060606060606061,0.04,0.3,0.01818181818181818,0.08333333333333333,XC619067,trsowl,SNR_10dB,10,R1
0.9085620641708374,0,165,0.0,0.0,0.0,0.2,0.006060606060606061,0.1,0.1,0.006060606060606061,0.05,XC730130,trsowl,SNR_10dB,10,R1
0.9321247935295105,1,203,1.0,0.0049261083743842365,1.0,0.8,0.019704433497536946,0.8,0.8,0.03940886699507389,0.745436507936508,XC756928,banana,SNR_10dB,10,R1
0.9396427273750305,0,203,0.0,0.0,0.0,0.0,0.0,0.0,0.1,0.0049261083743842365,0.01,XC190593,banana,SNR_10dB,10,R1
0.9565486311912537,0,203,0.0,0.0,0.0,0.2,0.0049261083743842365,0.06666666666666667,0.2,0.009852216748768473,0.06666666666666667,XC247112,banana,SNR_10dB,10,R1
0.9586176872253418,1,203,1.0,0.0049261083743842365,1.0,0.8,0.019704433497536946,0.8,0.6,0.029556650246305417,0.5583333333333333,XC561261,banana,SNR_10dB,10,R1
0.932135283946991,0,203,0.0,0.0,0.0,0.6,0.014778325123152709,0.2866666666666666,0.6,0.029556650246305417,0.3391666666666666,XC127164,banana,SNR_10dB,10,R1
0.9548465609550476,1,203,1.0,0.0049261083743842365,1.0,0.4,0.009852216748768473,0.4,0.5,0.024630541871921183,0.3484126984126984,XC169559,banana,SNR_10dB,10,R1
0.971482515335083,0,203,0.0,0.0,0.0,0.0,0.0,0.0,0.1,0.0049261083743842365,0.014285714285714285,XC241562,banana,SNR_10dB,10,R1
0.82908034324646,0,203,0.0,0.0,0.0,0.0,0.0,0.0,0.0,0.0,0.0,XC924739,banana,SNR_10dB,10,R1
0.973382294178009,0,203,0.0,0.0,0.0,0.2,0.0049261083743842365,0.06666666666666667,0.1,0.0049261083743842365,0.03333333333333333,XC541448,banana,SNR_10dB,10,R1
0.9195728302001953,0,203,0.0,0.0,0.0,0.2,0.0049261083743842365,0.05,0.1,0.0049261083743842365,0.025,XC215467,banana,SNR_10dB,10,R1
0.8626925349235535,0,181,0.0,0.0,0.0,0.2,0.0055248618784530384,0.04,0.1,0.0055248618784530384,0.02,XC29087,baffal1,SNR_10dB,10,R1
0.9372613430023193,1,181,1.0,0.0055248618784530384,1.0,0.8,0.022099447513812154,0.71,0.8,0.04419889502762431,0.6915476190476191,XC29088,baffal1,SNR_10dB,10,R1
0.9312122464179993,0,181,0.0,0.0,0.0,0.0,0.0,0.0,0.1,0.0055248618784530384,0.0125,XC235886,baffal1,SNR_10dB,10,R1
0.9470162391662598,1,181,1.0,0.0055248618784530384,1.0,0.8,0.022099447513812154,0.76,0.7,0.03867403314917127,0.6190476190476191,XC437953,baffal1,SNR_10dB,10,R1
0.9178276062011719,1,181,1.0,0.0055248618784530384,1.0,1.0,0.027624309392265192,1.0,0.8,0.04419889502762431,0.7675,XC192816,baffal1,SNR_10dB,10,R1
0.9379850029945374,1,181,1.0,0.0055248618784530384,1.0,1.0,0.027624309392265192,1.0,1.0,0.055248618784530384,1.0,XC666482,baffal1,SNR_10dB,10,R1
0.9146048426628113,1,181,1.0,0.0055248618784530384,1.0,0.2,0.0055248618784530384,0.2,0.2,0.011049723756906077,0.13333333333333333,XC727672,baffal1,SNR_10dB,10,R1
0.939504861831665,0,181,0.0,0.0,0.0,0.0,0.0,0.0,0.0,0.0,0.0,XC745799,baffal1,SNR_10dB,10,R1
0.8881791830062866,1,181,1.0,0.0055248618784530384,1.0,1.0,0.027624309392265192,1.0,1.0,0.055248618784530384,1.0,XC546400,baffal1,SNR_10dB,10,R1
0.9201352596282959,0,181,0.0,0.0,0.0,0.0,0.0,0.0,0.0,0.0,0.0,XC192815,baffal1,SNR_10dB,10,R1
0.9091665744781494,1,137,1.0,0.0072992700729927005,1.0,1.0,0.0364963503649635,1.0,1.0,0.072992700729927,1.0,XC539586,soulap1,SNR_10dB,10,R1
0.8961102366447449,1,137,1.0,0.0072992700729927005,1.0,0.8,0.029197080291970802,0.8,0.9,0.06569343065693431,0.8354365079365079,XC9046,soulap1,SNR_10dB,10,R1
0.898154616355896,1,137,1.0,0.0072992700729927005,1.0,1.0,0.0364963503649635,1.0,0.9,0.06569343065693431,0.8788888888888889,XC562682,soulap1,SNR_10dB,10,R1
0.8855481743812561,0,137,0.0,0.0,0.0,0.0,0.0,0.0,0.2,0.014598540145985401,0.03666666666666667,XC51500,soulap1,SNR_10dB,10,R1
0.9512479901313782,1,137,1.0,0.0072992700729927005,1.0,1.0,0.0364963503649635,1.0,1.0,0.072992700729927,1.0,XC428133,soulap1,SNR_10dB,10,R1
0.9012293815612793,1,137,1.0,0.0072992700729927005,1.0,0.8,0.029197080291970802,0.8,0.4,0.029197080291970802,0.4,XC47141,soulap1,SNR_10dB,10,R1
0.9286441802978516,0,137,0.0,0.0,0.0,0.0,0.0,0.0,0.0,0.0,0.0,XC861228,soulap1,SNR_10dB,10,R1
0.8963829278945923,1,137,1.0,0.0072992700729927005,1.0,0.8,0.029197080291970802,0.6433333333333333,0.8,0.058394160583941604,0.6671031746031746,XC549503,soulap1,SNR_10dB,10,R1
0.9131549596786499,0,137,0.0,0.0,0.0,0.2,0.0072992700729927005,0.06666666666666667,0.5,0.0364963503649635,0.21507936507936506,XC16003,soulap1,SNR_10dB,10,R1
0.8886004686355591,1,137,1.0,0.0072992700729927005,1.0,0.8,0.029197080291970802,0.71,0.7,0.051094890510948905,0.611547619047619,XC48574,soulap1,SNR_10dB,10,R1
0.9365178942680359,1,154,1.0,0.006493506493506494,1.0,0.8,0.025974025974025976,0.8,0.7,0.045454545454545456,0.6283333333333334,XC340516,strcuc1,SNR_10dB,10,R1
0.9096851348876953,0,154,0.0,0.0,0.0,0.0,0.0,0.0,0.1,0.006493506493506494,0.014285714285714285,XC340515,strcuc1,SNR_10dB,10,R1
0.9615108370780945,0,154,0.0,0.0,0.0,0.2,0.006493506493506494,0.04,0.2,0.012987012987012988,0.05333333333333333,XC173304,strcuc1,SNR_10dB,10,R1
0.9446247816085815,1,154,1.0,0.006493506493506494,1.0,0.6,0.01948051948051948,0.4533333333333333,0.4,0.025974025974025976,0.26666666666666666,XC114965,strcuc1,SNR_10dB,10,R1
0.9320657253265381,0,154,0.0,0.0,0.0,0.0,0.0,0.0,0.1,0.006493506493506494,0.01111111111111111,XC349929,strcuc1,SNR_10dB,10,R1
0.9521689414978027,0,154,0.0,0.0,0.0,0.6,0.01948051948051948,0.35333333333333333,0.4,0.025974025974025976,0.24333333333333332,XC836228,strcuc1,SNR_10dB,10,R1
0.9708441495895386,0,154,0.0,0.0,0.0,0.0,0.0,0.0,0.1,0.006493506493506494,0.014285714285714285,XC508606,strcuc1,SNR_10dB,10,R1
0.9436020255088806,1,154,1.0,0.006493506493506494,1.0,1.0,0.032467532467532464,1.0,1.0,0.06493506493506493,1.0,XC593146,strcuc1,SNR_10dB,10,R1
0.9458627104759216,1,154,1.0,0.006493506493506494,1.0,1.0,0.032467532467532464,1.0,0.9,0.05844155844155844,0.866388888888889,XC240034,strcuc1,SNR_10dB,10,R1
0.937683641910553,1,154,1.0,0.006493506493506494,1.0,0.8,0.025974025974025976,0.8,0.7,0.045454545454545456,0.62,XC114160,strcuc1,SNR_10dB,10,R1
0.9401310086250305,0,125,0.0,0.0,0.0,0.8,0.032,0.5433333333333333,0.5,0.04,0.355,XC993685,pabspi1,SNR_10dB,10,R1
0.9568077325820923,0,125,0.0,0.0,0.0,0.2,0.008,0.1,0.4,0.032,0.14833333333333334,XC506225,pabspi1,SNR_10dB,10,R1
0.9695579409599304,0,125,0.0,0.0,0.0,0.6,0.024,0.2866666666666666,0.8,0.064,0.5142063492063491,XC687712,pabspi1,SNR_10dB,10,R1
0.931778073310852,0,125,0.0,0.0,0.0,0.4,0.016,0.14666666666666667,0.3,0.024,0.10333333333333335,XC506234,pabspi1,SNR_10dB,10,R1
0.9671643376350403,0,125,0.0,0.0,0.0,0.2,0.008,0.1,0.2,0.016,0.075,XC452493,pabspi1,SNR_10dB,10,R1
0.9661679267883301,0,125,0.0,0.0,0.0,0.2,0.008,0.04,0.1,0.008,0.02,XC701947,pabspi1,SNR_10dB,10,R1
0.9626026153564453,0,125,0.0,0.0,0.0,0.0,0.0,0.0,0.0,0.0,0.0,XC701948,pabspi1,SNR_10dB,10,R1
0.9606699347496033,0,125,0.0,0.0,0.0,0.2,0.008,0.06666666666666667,0.1,0.008,0.03333333333333333,XC236174,pabspi1,SNR_10dB,10,R1
0.941675066947937,1,125,1.0,0.008,1.0,0.4,0.016,0.27999999999999997,0.3,0.024,0.19,XC391585,pabspi1,SNR_10dB,10,R1
0.9682664275169373,1,125,1.0,0.008,1.0,0.4,0.016,0.4,0.2,0.016,0.2,XC236176,pabspi1,SNR_10dB,10,R1
0.9746235013008118,0,266,0.0,0.0,0.0,0.4,0.007518796992481203,0.2333333333333333,0.3,0.011278195488721804,0.15416666666666665,XC268594,yeofly1,SNR_10dB,10,R1
0.9501538276672363,0,266,0.0,0.0,0.0,0.0,0.0,0.0,0.3,0.011278195488721804,0.07523809523809524,XC361117,yeofly1,SNR_10dB,10,R1
0.9409863352775574,0,266,0.0,0.0,0.0,0.2,0.0037593984962406013,0.1,0.2,0.007518796992481203,0.075,XC250157,yeofly1,SNR_10dB,10,R1
0.9025328159332275,0,266,0.0,0.0,0.0,0.2,0.0037593984962406013,0.05,0.1,0.0037593984962406013,0.025,XC46766,yeofly1,SNR_10dB,10,R1
0.8992377519607544,1,266,1.0,0.0037593984962406013,1.0,0.2,0.0037593984962406013,0.2,0.2,0.007518796992481203,0.12222222222222223,XC1031972,yeofly1,SNR_10dB,10,R1
0.9270950555801392,0,266,0.0,0.0,0.0,0.0,0.0,0.0,0.0,0.0,0.0,XC187210,yeofly1,SNR_10dB,10,R1
0.9501762390136719,0,266,0.0,0.0,0.0,0.0,0.0,0.0,0.0,0.0,0.0,XC512409,yeofly1,SNR_10dB,10,R1
0.9751275777816772,1,266,1.0,0.0037593984962406013,1.0,0.8,0.015037593984962405,0.71,0.5,0.018796992481203006,0.42642857142857143,XC611913,yeofly1,SNR_10dB,10,R1
0.978421151638031,1,266,1.0,0.0037593984962406013,1.0,0.6,0.011278195488721804,0.52,0.8,0.03007518796992481,0.6308730158730158,XC268592,yeofly1,SNR_10dB,10,R1
0.9352970123291016,0,266,0.0,0.0,0.0,0.0,0.0,0.0,0.0,0.0,0.0,XC583955,yeofly1,SNR_10dB,10,R1
0.8411722779273987,1,141,1.0,0.0070921985815602835,1.0,0.2,0.0070921985815602835,0.2,0.2,0.014184397163120567,0.12222222222222223,XC192979,gycwor1,SNR_10dB,10,R1
0.9393160939216614,1,141,1.0,0.0070921985815602835,1.0,1.0,0.03546099290780142,1.0,1.0,0.07092198581560284,1.0,XC483682,gycwor1,SNR_10dB,10,R1
0.9044580459594727,1,141,1.0,0.0070921985815602835,1.0,0.6,0.02127659574468085,0.55,0.5,0.03546099290780142,0.38055555555555554,XC772156,gycwor1,SNR_10dB,10,R1
0.8821970224380493,0,141,0.0,0.0,0.0,0.0,0.0,0.0,0.0,0.0,0.0,XC501765,gycwor1,SNR_10dB,10,R1
0.8989596962928772,1,141,1.0,0.0070921985815602835,1.0,0.2,0.0070921985815602835,0.2,0.4,0.028368794326241134,0.2261904761904762,XC1012395,gycwor1,SNR_10dB,10,R1
0.9235222935676575,0,141,0.0,0.0,0.0,0.4,0.014184397163120567,0.2333333333333333,0.4,0.028368794326241134,0.20396825396825397,XC843813,gycwor1,SNR_10dB,10,R1
0.9370816946029663,0,141,0.0,0.0,0.0,0.4,0.014184397163120567,0.16666666666666666,0.2,0.014184397163120567,0.08333333333333333,XC216181,gycwor1,SNR_10dB,10,R1
0.930925726890564,1,141,1.0,0.0070921985815602835,1.0,0.8,0.028368794326241134,0.8,0.7,0.04964539007092199,0.6283333333333334,XC352281,gycwor1,SNR_10dB,10,R1
0.9202263355255127,0,141,0.0,0.0,0.0,0.0,0.0,0.0,0.2,0.014184397163120567,0.041666666666666664,XC335167,gycwor1,SNR_10dB,10,R1
0.9247743487358093,1,141,1.0,0.0070921985815602835,1.0,0.2,0.0070921985815602835,0.2,0.3,0.02127659574468085,0.16666666666666666,XC197443,gycwor1,SNR_10dB,10,R1
0.9405370950698853,1,142,1.0,0.007042253521126761,1.0,0.6,0.02112676056338028,0.52,0.7,0.04929577464788732,0.5347619047619048,XC254120,compau,SNR_10dB,10,R1
0.9217469096183777,0,142,0.0,0.0,0.0,0.0,0.0,0.0,0.0,0.0,0.0,XC225326,compau,SNR_10dB,10,R1
0.8987668752670288,1,142,1.0,0.007042253521126761,1.0,0.6,0.02112676056338028,0.4533333333333333,0.7,0.04929577464788732,0.5175396825396825,XC236447,compau,SNR_10dB,10,R1
0.9289696216583252,1,142,1.0,0.007042253521126761,1.0,1.0,0.035211267605633804,1.0,0.8,0.056338028169014086,0.7763888888888889,XC311012,compau,SNR_10dB,10,R1
0.9037838578224182,0,142,0.0,0.0,0.0,0.4,0.014084507042253521,0.18,0.4,0.028169014084507043,0.16749999999999998,XC285306,compau,SNR_10dB,10,R1
0.9421603083610535,0,142,0.0,0.0,0.0,0.0,0.0,0.0,0.0,0.0,0.0,XC592920,compau,SNR_10dB,10,R1
0.946940541267395,1,142,1.0,0.007042253521126761,1.0,1.0,0.035211267605633804,1.0,0.9,0.06338028169014084,0.866388888888889,XC221567,compau,SNR_10dB,10,R1
0.9396207928657532,0,142,0.0,0.0,0.0,0.0,0.0,0.0,0.1,0.007042253521126761,0.016666666666666666,XC630102,compau,SNR_10dB,10,R1
0.9640501737594604,0,142,0.0,0.0,0.0,0.2,0.007042253521126761,0.06666666666666667,0.1,0.007042253521126761,0.03333333333333333,XC427477,compau,SNR_10dB,10,R1
0.9389976263046265,1,142,1.0,0.007042253521126761,1.0,1.0,0.035211267605633804,1.0,0.8,0.056338028169014086,0.7327777777777778,XC943093,compau,SNR_10dB,10,R1
0.9048618674278259,1,198,1.0,0.005050505050505051,1.0,0.2,0.005050505050505051,0.2,0.1,0.005050505050505051,0.1,XC433820,barant1,SNR_10dB,10,R1
0.9413793087005615,1,198,1.0,0.005050505050505051,1.0,0.8,0.020202020202020204,0.6433333333333333,0.9,0.045454545454545456,0.7571031746031747,XC459559,barant1,SNR_10dB,10,R1
0.9404934048652649,0,198,0.0,0.0,0.0,0.2,0.005050505050505051,0.1,0.3,0.015151515151515152,0.12083333333333332,XC732448,barant1,SNR_10dB,10,R1
0.9417941570281982,1,198,1.0,0.005050505050505051,1.0,1.0,0.025252525252525252,1.0,1.0,0.050505050505050504,1.0,XC716450,barant1,SNR_10dB,10,R1
0.9228742122650146,1,198,1.0,0.005050505050505051,1.0,1.0,0.025252525252525252,1.0,0.8,0.04040404040404041,0.7675,XC354908,barant1,SNR_10dB,10,R1
0.938098669052124,1,198,1.0,0.005050505050505051,1.0,0.2,0.005050505050505051,0.2,0.3,0.015151515151515152,0.16666666666666666,XC428067,barant1,SNR_10dB,10,R1
0.9409002661705017,1,198,1.0,0.005050505050505051,1.0,0.8,0.020202020202020204,0.6433333333333333,0.7,0.03535353535353535,0.5208333333333334,XC685458,barant1,SNR_10dB,10,R1
0.9465665817260742,1,198,1.0,0.005050505050505051,1.0,1.0,0.025252525252525252,1.0,0.8,0.04040404040404041,0.7532142857142857,XC676256,barant1,SNR_10dB,10,R1
0.9487321376800537,1,198,1.0,0.005050505050505051,1.0,0.8,0.020202020202020204,0.8,0.8,0.04040404040404041,0.7161111111111111,XC443189,barant1,SNR_10dB,10,R1
0.9214754104614258,1,198,1.0,0.005050505050505051,1.0,1.0,0.025252525252525252,1.0,0.8,0.04040404040404041,0.7577777777777778,XC752776,barant1,SNR_10dB,10,R1
0.9823868274688721,1,201,1.0,0.004975124378109453,1.0,0.4,0.009950248756218905,0.3,0.3,0.014925373134328358,0.19285714285714287,XC695270,pirfly1,SNR_10dB,10,R1
0.9406526684761047,0,201,0.0,0.0,0.0,0.2,0.004975124378109453,0.05,0.1,0.004975124378109453,0.025,XC199153,pirfly1,SNR_10dB,10,R1
0.9510154128074646,1,201,1.0,0.004975124378109453,1.0,0.2,0.004975124378109453,0.2,0.2,0.009950248756218905,0.12857142857142856,XC575453,pirfly1,SNR_10dB,10,R1
0.941935658454895,0,201,0.0,0.0,0.0,0.0,0.0,0.0,0.0,0.0,0.0,XC199221,pirfly1,SNR_10dB,10,R1
0.9723609685897827,0,201,0.0,0.0,0.0,0.4,0.009950248756218905,0.13,0.4,0.01990049751243781,0.16499999999999998,XC1050422,pirfly1,SNR_10dB,10,R1
0.893598198890686,1,201,1.0,0.004975124378109453,1.0,0.2,0.004975124378109453,0.2,0.2,0.009950248756218905,0.12857142857142856,XC249521,pirfly1,SNR_10dB,10,R1
0.9163777232170105,0,201,0.0,0.0,0.0,0.0,0.0,0.0,0.1,0.004975124378109453,0.01,XC249067,pirfly1,SNR_10dB,10,R1
0.9608083963394165,1,201,1.0,0.004975124378109453,1.0,0.4,0.009950248756218905,0.27999999999999997,0.3,0.014925373134328358,0.1775,XC249418,pirfly1,SNR_10dB,10,R1
0.973737895488739,1,201,1.0,0.004975124378109453,1.0,0.2,0.004975124378109453,0.2,0.2,0.009950248756218905,0.12,XC249520,pirfly1,SNR_10dB,10,R1
0.960708498954773,1,201,1.0,0.004975124378109453,1.0,0.6,0.014925373134328358,0.6,0.4,0.01990049751243781,0.36666666666666664,XC764117,pirfly1,SNR_10dB,10,R1
0.9442605376243591,0,184,0.0,0.0,0.0,0.0,0.0,0.0,0.1,0.005434782608695652,0.01111111111111111,XC174648,linwoo1,SNR_10dB,10,R1
0.8944002389907837,1,184,1.0,0.005434782608695652,1.0,0.6,0.016304347826086956,0.55,0.3,0.016304347826086956,0.275,XC550450,linwoo1,SNR_10dB,10,R1
0.9090520739555359,0,184,0.0,0.0,0.0,0.2,0.005434782608695652,0.06666666666666667,0.3,0.016304347826086956,0.10952380952380951,XC550448,linwoo1,SNR_10dB,10,R1
0.8015828132629395,0,184,0.0,0.0,0.0,0.4,0.010869565217391304,0.14666666666666667,0.4,0.021739130434782608,0.14666666666666667,XC379497,linwoo1,SNR_10dB,10,R1
0.8912702202796936,1,184,1.0,0.005434782608695652,1.0,0.8,0.021739130434782608,0.71,0.8,0.043478260869565216,0.700436507936508,XC732161,linwoo1,SNR_10dB,10,R1
0.9409956336021423,0,184,0.0,0.0,0.0,0.2,0.005434782608695652,0.1,0.1,0.005434782608695652,0.05,XC261880,linwoo1,SNR_10dB,10,R1
0.9368647336959839,0,184,0.0,0.0,0.0,0.0,0.0,0.0,0.0,0.0,0.0,XC250796,linwoo1,SNR_10dB,10,R1
0.9096052646636963,0,184,0.0,0.0,0.0,0.2,0.005434782608695652,0.06666666666666667,0.2,0.010869565217391304,0.06190476190476191,XC542823,linwoo1,SNR_10dB,10,R1
0.8604335784912109,0,184,0.0,0.0,0.0,0.0,0.0,0.0,0.0,0.0,0.0,XC688346,linwoo1,SNR_10dB,10,R1
0.9105340838432312,0,184,0.0,0.0,0.0,0.0,0.0,0.0,0.1,0.005434782608695652,0.01111111111111111,XC197473,linwoo1,SNR_10dB,10,R1
0.8799510598182678,1,192,1.0,0.005208333333333333,1.0,0.8,0.020833333333333332,0.6433333333333333,0.9,0.046875,0.7571031746031747,XC238416,whtdov,SNR_10dB,10,R1
0.8902759552001953,0,192,0.0,0.0,0.0,0.0,0.0,0.0,0.0,0.0,0.0,XC235857,whtdov,SNR_10dB,10,R1
0.947271466255188,1,192,1.0,0.005208333333333333,1.0,0.2,0.005208333333333333,0.2,0.1,0.005208333333333333,0.1,XC238417,whtdov,SNR_10dB,10,R1
0.924807608127594,0,192,0.0,0.0,0.0,0.2,0.005208333333333333,0.1,0.3,0.015625,0.12083333333333332,XC294701,whtdov,SNR_10dB,10,R1
0.9398579001426697,0,192,0.0,0.0,0.0,0.8,0.020833333333333332,0.5433333333333333,0.5,0.026041666666666668,0.33416666666666667,XC388552,whtdov,SNR_10dB,10,R1
0.8842036724090576,1,192,1.0,0.005208333333333333,1.0,0.2,0.005208333333333333,0.2,0.4,0.020833333333333332,0.22063492063492066,XC538235,whtdov,SNR_10dB,10,R1
0.9151433706283569,0,192,0.0,0.0,0.0,0.0,0.0,0.0,0.0,0.0,0.0,XC716476,whtdov,SNR_10dB,10,R1
0.9782087802886963,0,192,0.0,0.0,0.0,0.2,0.005208333333333333,0.05,0.1,0.005208333333333333,0.025,XC147509,whtdov,SNR_10dB,10,R1
0.8974733352661133,0,192,0.0,0.0,0.0,0.2,0.005208333333333333,0.04,0.4,0.020833333333333332,0.12190476190476192,XC277692,whtdov,SNR_10dB,10,R1
0.9533021450042725,0,192,0.0,0.0,0.0,0.0,0.0,0.0,0.0,0.0,0.0,XC833664,whtdov,SNR_10dB,10,R1
0.9644339680671692,0,204,0.0,0.0,0.0,0.2,0.004901960784313725,0.1,0.1,0.004901960784313725,0.05,XC469159,bobfly1,SNR_10dB,10,R1
0.9018433690071106,1,204,1.0,0.004901960784313725,1.0,0.4,0.00980392156862745,0.4,0.4,0.0196078431372549,0.3,XC578500,bobfly1,SNR_10dB,10,R1
0.9507712721824646,1,204,1.0,0.004901960784313725,1.0,0.8,0.0196078431372549,0.76,0.6,0.029411764705882353,0.5383333333333333,XC545844,bobfly1,SNR_10dB,10,R1
0.9505333304405212,0,204,0.0,0.0,0.0,0.0,0.0,0.0,0.3,0.014705882352941176,0.06472222222222221,XC427567,bobfly1,SNR_10dB,10,R1
0.9174177646636963,1,204,1.0,0.004901960784313725,1.0,0.4,0.00980392156862745,0.3333333333333333,0.3,0.014705882352941176,0.19666666666666666,XC583946,bobfly1,SNR_10dB,10,R1
0.928917646408081,0,204,0.0,0.0,0.0,0.2,0.004901960784313725,0.05,0.4,0.0196078431372549,0.1269047619047619,XC235872,bobfly1,SNR_10dB,10,R1
0.92922443151474,0,204,0.0,0.0,0.0,0.6,0.014705882352941176,0.3833333333333333,0.4,0.0196078431372549,0.24166666666666664,XC427566,bobfly1,SNR_10dB,10,R1
0.9551666975021362,1,204,1.0,0.004901960784313725,1.0,1.0,0.024509803921568627,1.0,0.7,0.03431372549019608,0.6875,XC356904,bobfly1,SNR_10dB,10,R1
0.9657281637191772,1,204,1.0,0.004901960784313725,1.0,0.8,0.0196078431372549,0.71,0.6,0.029411764705882353,0.49309523809523814,XC841763,bobfly1,SNR_10dB,10,R1
0.9666529893875122,1,204,1.0,0.004901960784313725,1.0,0.4,0.00980392156862745,0.3333333333333333,0.4,0.0196078431372549,0.24952380952380948,XC666481,bobfly1,SNR_10dB,10,R1
0.9755492210388184,0,155,0.0,0.0,0.0,0.0,0.0,0.0,0.0,0.0,0.0,XC944466,trokin,SNR_10dB,10,R1
0.9732964038848877,0,155,0.0,0.0,0.0,0.0,0.0,0.0,0.0,0.0,0.0,XC556661,trokin,SNR_10dB,10,R1
0.9422125220298767,1,155,1.0,0.0064516129032258064,1.0,0.6,0.01935483870967742,0.42000000000000004,0.4,0.025806451612903226,0.26,XC131763,trokin,SNR_10dB,10,R1
0.9622057676315308,1,155,1.0,0.0064516129032258064,1.0,1.0,0.03225806451612903,1.0,1.0,0.06451612903225806,1.0,XC282322,trokin,SNR_10dB,10,R1
0.9346147775650024,0,155,0.0,0.0,0.0,0.0,0.0,0.0,0.3,0.01935483870967742,0.06888888888888889,XC287873,trokin,SNR_10dB,10,R1
0.961503267288208,0,155,0.0,0.0,0.0,0.0,0.0,0.0,0.0,0.0,0.0,XC944467,trokin,SNR_10dB,10,R1
0.9461182355880737,1,155,1.0,0.0064516129032258064,1.0,0.4,0.012903225806451613,0.3,0.2,0.012903225806451613,0.15,XC690960,trokin,SNR_10dB,10,R1
0.927245557308197,0,155,0.0,0.0,0.0,0.2,0.0064516129032258064,0.06666666666666667,0.1,0.0064516129032258064,0.03333333333333333,XC960832,trokin,SNR_10dB,10,R1
0.9628968238830566,0,155,0.0,0.0,0.0,0.2,0.0064516129032258064,0.1,0.1,0.0064516129032258064,0.05,XC490064,trokin,SNR_10dB,10,R1
0.9621461629867554,1,155,1.0,0.0064516129032258064,1.0,0.8,0.025806451612903226,0.8,0.7,0.04516129032258064,0.6080952380952381,XC282345,trokin,SNR_10dB,10,R1
0.8087752461433411,0,171,0.0,0.0,0.0,0.0,0.0,0.0,0.2,0.011695906432748537,0.041666666666666664,XC1011212,coffal1,SNR_0dB,0,R1
0.943829357624054,0,171,0.0,0.0,0.0,0.2,0.005847953216374269,0.06666666666666667,0.2,0.011695906432748537,0.05333333333333333,XC518849,coffal1,SNR_0dB,0,R1
0.9141568541526794,0,171,0.0,0.0,0.0,0.0,0.0,0.0,0.1,0.005847953216374269,0.01111111111111111,XC640029,coffal1,SNR_0dB,0,R1
0.8813485503196716,0,171,0.0,0.0,0.0,0.0,0.0,0.0,0.0,0.0,0.0,XC238626,coffal1,SNR_0dB,0,R1
0.9287196397781372,0,171,0.0,0.0,0.0,0.0,0.0,0.0,0.0,0.0,0.0,XC580510,coffal1,SNR_0dB,0,R1
0.8542219400405884,1,171,1.0,0.005847953216374269,1.0,0.6,0.017543859649122806,0.52,0.5,0.029239766081871343,0.3980952380952381,XC841725,coffal1,SNR_0dB,0,R1
0.9106554985046387,1,171,1.0,0.005847953216374269,1.0,1.0,0.029239766081871343,1.0,0.7,0.04093567251461988,0.6732142857142858,XC909155,coffal1,SNR_0dB,0,R1
0.9564210176467896,1,171,1.0,0.005847953216374269,1.0,0.8,0.023391812865497075,0.71,0.7,0.04093567251461988,0.5833333333333333,XC597587,coffal1,SNR_0dB,0,R1
0.9213744401931763,0,171,0.0,0.0,0.0,0.0,0.0,0.0,0.1,0.005847953216374269,0.016666666666666666,XC514068,coffal1,SNR_0dB,0,R1
0.9133646488189697,1,171,1.0,0.005847953216374269,1.0,0.8,0.023391812865497075,0.8,0.8,0.04678362573099415,0.7268253968253968,XC915055,coffal1,SNR_0dB,0,R1
0.9408751726150513,0,221,0.0,0.0,0.0,0.0,0.0,0.0,0.1,0.004524886877828055,0.0125,XC504846,sobtyr1,SNR_0dB,0,R1
0.959535539150238,0,221,0.0,0.0,0.0,0.2,0.004524886877828055,0.04,0.1,0.004524886877828055,0.02,XC764623,sobtyr1,SNR_0dB,0,R1
0.9492616057395935,0,221,0.0,0.0,0.0,0.0,0.0,0.0,0.0,0.0,0.0,XC653903,sobtyr1,SNR_0dB,0,R1
0.940866231918335,1,221,1.0,0.004524886877828055,1.0,0.8,0.01809954751131222,0.76,0.7,0.03167420814479638,0.636547619047619,XC176886,sobtyr1,SNR_0dB,0,R1
0.9453648328781128,0,221,0.0,0.0,0.0,0.0,0.0,0.0,0.0,0.0,0.0,XC580800,sobtyr1,SNR_0dB,0,R1
0.9671069979667664,0,221,0.0,0.0,0.0,0.0,0.0,0.0,0.0,0.0,0.0,XC763522,sobtyr1,SNR_0dB,0,R1
0.9081598520278931,0,221,0.0,0.0,0.0,0.4,0.00904977375565611,0.2333333333333333,0.3,0.013574660633484163,0.14666666666666667,XC612769,sobtyr1,SNR_0dB,0,R1
0.9067362546920776,0,221,0.0,0.0,0.0,0.0,0.0,0.0,0.0,0.0,0.0,XC135348,sobtyr1,SNR_0dB,0,R1
0.9469982385635376,1,221,1.0,0.004524886877828055,1.0,0.6,0.013574660633484163,0.4533333333333333,0.5,0.02262443438914027,0.3433333333333333,XC1062368,sobtyr1,SNR_0dB,0,R1
0.9541848301887512,0,221,0.0,0.0,0.0,0.0,0.0,0.0,0.0,0.0,0.0,XC653904,sobtyr1,SNR_0dB,0,R1
0.9437079429626465,1,223,1.0,0.004484304932735426,1.0,1.0,0.02242152466367713,1.0,1.0,0.04484304932735426,1.0,XC348691,greant1,SNR_0dB,0,R1
0.9340948462486267,1,223,1.0,0.004484304932735426,1.0,1.0,0.02242152466367713,1.0,1.0,0.04484304932735426,1.0,XC397818,greant1,SNR_0dB,0,R1
0.9404772520065308,0,223,0.0,0.0,0.0,0.4,0.008968609865470852,0.18,0.2,0.008968609865470852,0.09,XC50033,greant1,SNR_0dB,0,R1
0.9413744211196899,0,223,0.0,0.0,0.0,0.4,0.008968609865470852,0.2333333333333333,0.4,0.017937219730941704,0.21111111111111108,XC388556,greant1,SNR_0dB,0,R1
0.9478678703308105,1,223,1.0,0.004484304932735426,1.0,1.0,0.02242152466367713,1.0,0.6,0.026905829596412557,0.5666666666666667,XC433819,greant1,SNR_0dB,0,R1
0.9105704426765442,0,223,0.0,0.0,0.0,0.4,0.008968609865470852,0.2,0.6,0.026905829596412557,0.3084126984126984,XC123928,greant1,SNR_0dB,0,R1
0.9500589966773987,0,223,0.0,0.0,0.0,0.0,0.0,0.0,0.1,0.004484304932735426,0.0125,XC489684,greant1,SNR_0dB,0,R1
0.9206217527389526,1,223,1.0,0.004484304932735426,1.0,0.6,0.013452914798206279,0.42000000000000004,0.7,0.03139013452914798,0.5008730158730159,XC452472,greant1,SNR_0dB,0,R1
0.9124008417129517,0,223,0.0,0.0,0.0,0.0,0.0,0.0,0.1,0.004484304932735426,0.01,XC616309,greant1,SNR_0dB,0,R1
0.9385042190551758,0,223,0.0,0.0,0.0,0.0,0.0,0.0,0.0,0.0,0.0,XC118887,greant1,SNR_0dB,0,R1
0.8868046402931213,1,231,1.0,0.004329004329004329,1.0,1.0,0.021645021645021644,1.0,0.8,0.03463203463203463,0.78,XC294719,squcuc1,SNR_0dB,0,R1
0.9481481313705444,0,231,0.0,0.0,0.0,0.2,0.004329004329004329,0.06666666666666667,0.3,0.012987012987012988,0.1,XC294724,squcuc1,SNR_0dB,0,R1
0.9688639640808105,0,231,0.0,0.0,0.0,0.0,0.0,0.0,0.0,0.0,0.0,XC940505,squcuc1,SNR_0dB,0,R1
0.9581269025802612,0,231,0.0,0.0,0.0,0.0,0.0,0.0,0.0,0.0,0.0,XC216157,squcuc1,SNR_0dB,0,R1
0.8859028220176697,0,231,0.0,0.0,0.0,0.0,0.0,0.0,0.0,0.0,0.0,XC549930,squcuc1,SNR_0dB,0,R1
0.8871248364448547,0,231,0.0,0.0,0.0,0.0,0.0,0.0,0.0,0.0,0.0,XC549933,squcuc1,SNR_0dB,0,R1
0.8826699256896973,0,231,0.0,0.0,0.0,0.2,0.004329004329004329,0.05,0.1,0.004329004329004329,0.025,XC549936,squcuc1,SNR_0dB,0,R1
0.9364246726036072,0,231,0.0,0.0,0.0,0.0,0.0,0.0,0.0,0.0,0.0,XC247099,squcuc1,SNR_0dB,0,R1
0.9098499417304993,0,231,0.0,0.0,0.0,0.0,0.0,0.0,0.0,0.0,0.0,XC246934,squcuc1,SNR_0dB,0,R1
0.9701089859008789,0,231,0.0,0.0,0.0,0.4,0.008658008658008658,0.2,0.2,0.008658008658008658,0.1,XC656889,squcuc1,SNR_0dB,0,R1
0.9077404141426086,0,159,0.0,0.0,0.0,0.0,0.0,0.0,0.0,0.0,0.0,XC299640,roahaw,SNR_0dB,0,R1
0.939570426940918,0,159,0.0,0.0,0.0,0.2,0.006289308176100629,0.1,0.2,0.012578616352201259,0.07857142857142857,XC372463,roahaw,SNR_0dB,0,R1
0.9476643800735474,1,159,1.0,0.006289308176100629,1.0,0.4,0.012578616352201259,0.27999999999999997,0.2,0.012578616352201259,0.13999999999999999,XC288830,roahaw,SNR_0dB,0,R1
0.9595080018043518,0,159,0.0,0.0,0.0,0.0,0.0,0.0,0.0,0.0,0.0,XC129438,roahaw,SNR_0dB,0,R1
0.9498227834701538,1,159,1.0,0.006289308176100629,1.0,0.8,0.025157232704402517,0.8,0.6,0.03773584905660377,0.5464285714285715,XC772769,roahaw,SNR_0dB,0,R1
0.9524905681610107,0,159,0.0,0.0,0.0,0.4,0.012578616352201259,0.2,0.3,0.018867924528301886,0.1375,XC716349,roahaw,SNR_0dB,0,R1
0.9609686732292175,0,159,0.0,0.0,0.0,0.0,0.0,0.0,0.0,0.0,0.0,XC340156,roahaw,SNR_0dB,0,R1
0.9085739254951477,1,159,1.0,0.006289308176100629,1.0,0.6,0.018867924528301886,0.6,0.4,0.025157232704402517,0.3571428571428571,XC680705,roahaw,SNR_0dB,0,R1
0.9657360911369324,0,159,0.0,0.0,0.0,0.0,0.0,0.0,0.0,0.0,0.0,XC235156,roahaw,SNR_0dB,0,R1
0.8349289894104004,0,159,0.0,0.0,0.0,0.0,0.0,0.0,0.0,0.0,0.0,XC19527,roahaw,SNR_0dB,0,R1
0.9023222923278809,1,165,1.0,0.006060606060606061,1.0,0.8,0.024242424242424242,0.71,0.5,0.030303030303030304,0.4175,XC738930,trsowl,SNR_0dB,0,R1
0.952041745185852,1,165,1.0,0.006060606060606061,1.0,1.0,0.030303030303030304,1.0,0.9,0.05454545454545454,0.89,XC428741,trsowl,SNR_0dB,0,R1
0.9281535744667053,0,165,0.0,0.0,0.0,0.0,0.0,0.0,0.1,0.006060606060606061,0.01111111111111111,XC597121,trsowl,SNR_0dB,0,R1
0.917949914932251,1,165,1.0,0.006060606060606061,1.0,0.8,0.024242424242424242,0.76,0.9,0.05454545454545454,0.815436507936508,XC549975,trsowl,SNR_0dB,0,R1
0.9392005205154419,0,165,0.0,0.0,0.0,0.0,0.0,0.0,0.3,0.01818181818181818,0.06888888888888889,XC135491,trsowl,SNR_0dB,0,R1
0.8843348026275635,1,165,1.0,0.006060606060606061,1.0,0.8,0.024242424242424242,0.76,0.6,0.03636363636363636,0.5114285714285713,XC572606,trsowl,SNR_0dB,0,R1
0.9431790113449097,1,165,1.0,0.006060606060606061,1.0,0.6,0.01818181818181818,0.4833333333333333,0.3,0.01818181818181818,0.24166666666666664,XC236394,trsowl,SNR_0dB,0,R1
0.8824525475502014,1,165,1.0,0.006060606060606061,1.0,0.8,0.024242424242424242,0.76,0.6,0.03636363636363636,0.49555555555555547,XC447808,trsowl,SNR_0dB,0,R1
0.9142260551452637,0,165,0.0,0.0,0.0,0.2,0.006060606060606061,0.06666666666666667,0.3,0.01818181818181818,0.09523809523809523,XC619067,trsowl,SNR_0dB,0,R1
0.9270935654640198,0,165,0.0,0.0,0.0,0.0,0.0,0.0,0.0,0.0,0.0,XC730130,trsowl,SNR_0dB,0,R1
0.9083555936813354,0,203,0.0,0.0,0.0,0.0,0.0,0.0,0.1,0.0049261083743842365,0.0125,XC756928,banana,SNR_0dB,0,R1
0.9394118785858154,0,203,0.0,0.0,0.0,0.0,0.0,0.0,0.0,0.0,0.0,XC190593,banana,SNR_0dB,0,R1
0.9520501494407654,1,203,1.0,0.0049261083743842365,1.0,0.4,0.009852216748768473,0.4,0.2,0.009852216748768473,0.2,XC247112,banana,SNR_0dB,0,R1
0.9486134648323059,1,203,1.0,0.0049261083743842365,1.0,0.6,0.014778325123152709,0.6,0.7,0.034482758620689655,0.5908730158730159,XC561261,banana,SNR_0dB,0,R1
0.9406864047050476,1,203,1.0,0.0049261083743842365,1.0,0.6,0.014778325123152709,0.52,0.5,0.024630541871921183,0.3980952380952381,XC127164,banana,SNR_0dB,0,R1
0.9532930850982666,0,203,0.0,0.0,0.0,0.2,0.0049261083743842365,0.1,0.4,0.019704433497536946,0.17063492063492064,XC169559,banana,SNR_0dB,0,R1
0.9677665829658508,0,203,0.0,0.0,0.0,0.4,0.009852216748768473,0.14666666666666667,0.2,0.009852216748768473,0.07333333333333333,XC241562,banana,SNR_0dB,0,R1
0.8159286975860596,0,203,0.0,0.0,0.0,0.0,0.0,0.0,0.0,0.0,0.0,XC924739,banana,SNR_0dB,0,R1
0.9750078916549683,0,203,0.0,0.0,0.0,0.0,0.0,0.0,0.0,0.0,0.0,XC541448,banana,SNR_0dB,0,R1
0.8758220672607422,0,203,0.0,0.0,0.0,0.0,0.0,0.0,0.0,0.0,0.0,XC215467,banana,SNR_0dB,0,R1
0.8608078956604004,0,181,0.0,0.0,0.0,0.2,0.0055248618784530384,0.06666666666666667,0.1,0.0055248618784530384,0.03333333333333333,XC29087,baffal1,SNR_0dB,0,R1
0.8845289945602417,1,181,1.0,0.0055248618784530384,1.0,0.2,0.0055248618784530384,0.2,0.1,0.0055248618784530384,0.1,XC29088,baffal1,SNR_0dB,0,R1
0.9342352151870728,0,181,0.0,0.0,0.0,0.0,0.0,0.0,0.1,0.0055248618784530384,0.01,XC235886,baffal1,SNR_0dB,0,R1
0.9331053495407104,1,181,1.0,0.0055248618784530384,1.0,0.4,0.011049723756906077,0.3,0.4,0.022099447513812154,0.2373015873015873,XC437953,baffal1,SNR_0dB,0,R1
0.9150974750518799,1,181,1.0,0.0055248618784530384,1.0,1.0,0.027624309392265192,1.0,0.8,0.04419889502762431,0.7327777777777778,XC192816,baffal1,SNR_0dB,0,R1
0.9447071552276611,1,181,1.0,0.0055248618784530384,1.0,0.6,0.016574585635359115,0.55,0.7,0.03867403314917127,0.5497619047619049,XC666482,baffal1,SNR_0dB,0,R1
0.9196720123291016,1,181,1.0,0.0055248618784530384,1.0,0.2,0.0055248618784530384,0.2,0.3,0.016574585635359115,0.15833333333333333,XC727672,baffal1,SNR_0dB,0,R1
0.9408224821090698,0,181,0.0,0.0,0.0,0.0,0.0,0.0,0.0,0.0,0.0,XC745799,baffal1,SNR_0dB,0,R1
0.8983304500579834,1,181,1.0,0.0055248618784530384,1.0,0.8,0.022099447513812154,0.8,0.9,0.049723756906077346,0.8354365079365079,XC546400,baffal1,SNR_0dB,0,R1
0.883564829826355,0,181,0.0,0.0,0.0,0.0,0.0,0.0,0.0,0.0,0.0,XC192815,baffal1,SNR_0dB,0,R1
0.9215211868286133,1,137,1.0,0.0072992700729927005,1.0,1.0,0.0364963503649635,1.0,1.0,0.072992700729927,1.0,XC539586,soulap1,SNR_0dB,0,R1
0.8630211353302002,0,137,0.0,0.0,0.0,0.4,0.014598540145985401,0.2,0.4,0.029197080291970802,0.2,XC9046,soulap1,SNR_0dB,0,R1
0.8241921663284302,1,137,1.0,0.0072992700729927005,1.0,0.6,0.021897810218978103,0.4833333333333333,0.4,0.029197080291970802,0.3083333333333333,XC562682,soulap1,SNR_0dB,0,R1
0.8708763122558594,0,137,0.0,0.0,0.0,0.0,0.0,0.0,0.0,0.0,0.0,XC51500,soulap1,SNR_0dB,0,R1
0.9223427772521973,0,137,0.0,0.0,0.0,0.6,0.021897810218978103,0.3833333333333333,0.7,0.051094890510948905,0.4825396825396825,XC428133,soulap1,SNR_0dB,0,R1
0.8731379508972168,0,137,0.0,0.0,0.0,0.6,0.021897810218978103,0.35333333333333333,0.3,0.021897810218978103,0.17666666666666667,XC47141,soulap1,SNR_0dB,0,R1
0.9477318525314331,0,137,0.0,0.0,0.0,0.0,0.0,0.0,0.0,0.0,0.0,XC861228,soulap1,SNR_0dB,0,R1
0.8751130104064941,1,137,1.0,0.0072992700729927005,1.0,0.6,0.021897810218978103,0.4833333333333333,0.5,0.0364963503649635,0.3583333333333333,XC549503,soulap1,SNR_0dB,0,R1
0.9121318459510803,1,137,1.0,0.0072992700729927005,1.0,0.6,0.021897810218978103,0.4833333333333333,0.4,0.029197080291970802,0.29166666666666663,XC16003,soulap1,SNR_0dB,0,R1
0.8442099094390869,0,137,0.0,0.0,0.0,0.2,0.0072992700729927005,0.06666666666666667,0.1,0.0072992700729927005,0.03333333333333333,XC48574,soulap1,SNR_0dB,0,R1
0.9265324473381042,1,154,1.0,0.006493506493506494,1.0,1.0,0.032467532467532464,1.0,0.7,0.045454545454545456,0.67,XC340516,strcuc1,SNR_0dB,0,R1
0.9102675914764404,0,154,0.0,0.0,0.0,0.0,0.0,0.0,0.0,0.0,0.0,XC340515,strcuc1,SNR_0dB,0,R1
0.9696006774902344,0,154,0.0,0.0,0.0,0.2,0.006493506493506494,0.06666666666666667,0.1,0.006493506493506494,0.03333333333333333,XC173304,strcuc1,SNR_0dB,0,R1
0.9185944199562073,0,154,0.0,0.0,0.0,0.0,0.0,0.0,0.2,0.012987012987012988,0.03888888888888888,XC114965,strcuc1,SNR_0dB,0,R1
0.9189707040786743,0,154,0.0,0.0,0.0,0.2,0.006493506493506494,0.04,0.1,0.006493506493506494,0.02,XC349929,strcuc1,SNR_0dB,0,R1
0.9578166007995605,0,154,0.0,0.0,0.0,0.2,0.006493506493506494,0.05,0.1,0.006493506493506494,0.025,XC836228,strcuc1,SNR_0dB,0,R1
0.9690566658973694,1,154,1.0,0.006493506493506494,1.0,0.4,0.012987012987012988,0.4,0.2,0.012987012987012988,0.2,XC508606,strcuc1,SNR_0dB,0,R1
0.9308491349220276,1,154,1.0,0.006493506493506494,1.0,1.0,0.032467532467532464,1.0,1.0,0.06493506493506493,1.0,XC593146,strcuc1,SNR_0dB,0,R1
0.9054609537124634,0,154,0.0,0.0,0.0,0.0,0.0,0.0,0.0,0.0,0.0,XC240034,strcuc1,SNR_0dB,0,R1
0.9508832097053528,1,154,1.0,0.006493506493506494,1.0,0.8,0.025974025974025976,0.71,0.9,0.05844155844155844,0.790436507936508,XC114160,strcuc1,SNR_0dB,0,R1
0.9293097853660583,0,125,0.0,0.0,0.0,0.2,0.008,0.04,0.4,0.032,0.13083333333333333,XC993685,pabspi1,SNR_0dB,0,R1
0.9658360481262207,1,125,1.0,0.008,1.0,0.6,0.024,0.4533333333333333,0.4,0.032,0.2838095238095238,XC506225,pabspi1,SNR_0dB,0,R1
0.9648257493972778,1,125,1.0,0.008,1.0,0.6,0.024,0.55,0.6,0.048,0.46130952380952384,XC687712,pabspi1,SNR_0dB,0,R1
0.9291727542877197,1,125,1.0,0.008,1.0,0.4,0.016,0.3,0.2,0.016,0.15,XC506234,pabspi1,SNR_0dB,0,R1
0.9695805311203003,0,125,0.0,0.0,0.0,0.2,0.008,0.04,0.2,0.016,0.04857142857142857,XC452493,pabspi1,SNR_0dB,0,R1
0.9395488500595093,0,125,0.0,0.0,0.0,0.0,0.0,0.0,0.2,0.016,0.039285714285714285,XC701947,pabspi1,SNR_0dB,0,R1
0.97017502784729,0,125,0.0,0.0,0.0,0.2,0.008,0.05,0.2,0.016,0.045,XC701948,pabspi1,SNR_0dB,0,R1
0.9675902128219604,1,125,1.0,0.008,1.0,0.2,0.008,0.2,0.2,0.016,0.13333333333333333,XC236174,pabspi1,SNR_0dB,0,R1
0.9097102880477905,0,125,0.0,0.0,0.0,0.0,0.0,0.0,0.0,0.0,0.0,XC391585,pabspi1,SNR_0dB,0,R1
0.9521539211273193,1,125,1.0,0.008,1.0,0.2,0.008,0.2,0.1,0.008,0.1,XC236176,pabspi1,SNR_0dB,0,R1
0.9698736071586609,0,266,0.0,0.0,0.0,0.4,0.007518796992481203,0.13,0.2,0.007518796992481203,0.065,XC268594,yeofly1,SNR_0dB,0,R1
0.947040319442749,0,266,0.0,0.0,0.0,0.0,0.0,0.0,0.1,0.0037593984962406013,0.0125,XC361117,yeofly1,SNR_0dB,0,R1
0.9482321739196777,0,266,0.0,0.0,0.0,0.6,0.011278195488721804,0.3833333333333333,0.4,0.015037593984962405,0.2583333333333333,XC250157,yeofly1,SNR_0dB,0,R1
0.9028127789497375,0,266,0.0,0.0,0.0,0.0,0.0,0.0,0.0,0.0,0.0,XC46766,yeofly1,SNR_0dB,0,R1
0.9019685983657837,1,266,1.0,0.0037593984962406013,1.0,0.2,0.0037593984962406013,0.2,0.1,0.0037593984962406013,0.1,XC1031972,yeofly1,SNR_0dB,0,R1
0.9253654479980469,0,266,0.0,0.0,0.0,0.0,0.0,0.0,0.0,0.0,0.0,XC187210,yeofly1,SNR_0dB,0,R1
0.9481298327445984,0,266,0.0,0.0,0.0,0.0,0.0,0.0,0.0,0.0,0.0,XC512409,yeofly1,SNR_0dB,0,R1
0.9743601679801941,0,266,0.0,0.0,0.0,0.4,0.007518796992481203,0.18,0.2,0.007518796992481203,0.09,XC611913,yeofly1,SNR_0dB,0,R1
0.9819598197937012,1,266,1.0,0.0037593984962406013,1.0,0.6,0.011278195488721804,0.6,0.5,0.018796992481203006,0.4196428571428571,XC268592,yeofly1,SNR_0dB,0,R1
0.9484319686889648,0,266,0.0,0.0,0.0,0.0,0.0,0.0,0.0,0.0,0.0,XC583955,yeofly1,SNR_0dB,0,R1
0.8171380162239075,1,141,1.0,0.0070921985815602835,1.0,0.2,0.0070921985815602835,0.2,0.2,0.014184397163120567,0.12,XC192979,gycwor1,SNR_0dB,0,R1
0.9075427055358887,1,141,1.0,0.0070921985815602835,1.0,0.6,0.02127659574468085,0.52,0.6,0.0425531914893617,0.4326984126984127,XC483682,gycwor1,SNR_0dB,0,R1
0.9202274680137634,1,141,1.0,0.0070921985815602835,1.0,0.4,0.014184397163120567,0.3,0.4,0.028368794326241134,0.22749999999999998,XC772156,gycwor1,SNR_0dB,0,R1
0.9033185839653015,0,141,0.0,0.0,0.0,0.0,0.0,0.0,0.0,0.0,0.0,XC501765,gycwor1,SNR_0dB,0,R1
0.8926033973693848,0,141,0.0,0.0,0.0,0.6,0.02127659574468085,0.2866666666666666,0.3,0.02127659574468085,0.1433333333333333,XC1012395,gycwor1,SNR_0dB,0,R1
0.9093572497367859,1,141,1.0,0.0070921985815602835,1.0,0.4,0.014184397163120567,0.3333333333333333,0.4,0.028368794326241134,0.27380952380952384,XC843813,gycwor1,SNR_0dB,0,R1
0.9202544093132019,0,141,0.0,0.0,0.0,0.0,0.0,0.0,0.0,0.0,0.0,XC216181,gycwor1,SNR_0dB,0,R1
0.9294917583465576,1,141,1.0,0.0070921985815602835,1.0,0.4,0.014184397163120567,0.3333333333333333,0.3,0.02127659574468085,0.19999999999999998,XC352281,gycwor1,SNR_0dB,0,R1
0.8957946300506592,0,141,0.0,0.0,0.0,0.2,0.0070921985815602835,0.05,0.2,0.014184397163120567,0.04722222222222222,XC335167,gycwor1,SNR_0dB,0,R1
0.9217029809951782,0,141,0.0,0.0,0.0,0.6,0.02127659574468085,0.35333333333333333,0.5,0.03546099290780142,0.2893650793650793,XC197443,gycwor1,SNR_0dB,0,R1
0.9186646938323975,1,142,1.0,0.007042253521126761,1.0,1.0,0.035211267605633804,1.0,0.8,0.056338028169014086,0.7675,XC254120,compau,SNR_0dB,0,R1
0.9372178912162781,0,142,0.0,0.0,0.0,0.0,0.0,0.0,0.0,0.0,0.0,XC225326,compau,SNR_0dB,0,R1
0.8534054160118103,1,142,1.0,0.007042253521126761,1.0,0.2,0.007042253521126761,0.2,0.1,0.007042253521126761,0.1,XC236447,compau,SNR_0dB,0,R1
0.9298664331436157,0,142,0.0,0.0,0.0,0.8,0.028169014084507043,0.5433333333333333,0.7,0.04929577464788732,0.4708333333333334,XC311012,compau,SNR_0dB,0,R1
0.9203334450721741,0,142,0.0,0.0,0.0,0.0,0.0,0.0,0.1,0.007042253521126761,0.01111111111111111,XC285306,compau,SNR_0dB,0,R1
0.9297569394111633,0,142,0.0,0.0,0.0,0.2,0.007042253521126761,0.1,0.1,0.007042253521126761,0.05,XC592920,compau,SNR_0dB,0,R1
0.9419897794723511,1,142,1.0,0.007042253521126761,1.0,0.6,0.02112676056338028,0.4533333333333333,0.4,0.028169014084507043,0.29333333333333333,XC221567,compau,SNR_0dB,0,R1
0.9178286790847778,0,142,0.0,0.0,0.0,0.2,0.007042253521126761,0.04,0.1,0.007042253521126761,0.02,XC630102,compau,SNR_0dB,0,R1
0.9615941047668457,0,142,0.0,0.0,0.0,0.0,0.0,0.0,0.0,0.0,0.0,XC427477,compau,SNR_0dB,0,R1
0.9351764917373657,1,142,1.0,0.007042253521126761,1.0,0.6,0.02112676056338028,0.4833333333333333,0.4,0.028169014084507043,0.3083333333333333,XC943093,compau,SNR_0dB,0,R1
0.8900630474090576,1,198,1.0,0.005050505050505051,1.0,0.2,0.005050505050505051,0.2,0.1,0.005050505050505051,0.1,XC433820,barant1,SNR_0dB,0,R1
0.9534902572631836,1,198,1.0,0.005050505050505051,1.0,0.6,0.015151515151515152,0.55,0.6,0.030303030303030304,0.45464285714285707,XC459559,barant1,SNR_0dB,0,R1
0.9303234815597534,0,198,0.0,0.0,0.0,0.4,0.010101010101010102,0.2333333333333333,0.2,0.010101010101010102,0.11666666666666665,XC732448,barant1,SNR_0dB,0,R1
0.9243292212486267,1,198,1.0,0.005050505050505051,1.0,0.6,0.015151515151515152,0.4533333333333333,0.4,0.020202020202020204,0.27111111111111114,XC716450,barant1,SNR_0dB,0,R1
0.9072979688644409,1,198,1.0,0.005050505050505051,1.0,0.8,0.020202020202020204,0.8,0.7,0.03535353535353535,0.6468253968253969,XC354908,barant1,SNR_0dB,0,R1
0.9124332070350647,0,198,0.0,0.0,0.0,0.4,0.010101010101010102,0.14666666666666667,0.2,0.010101010101010102,0.07333333333333333,XC428067,barant1,SNR_0dB,0,R1
0.9051200151443481,0,198,0.0,0.0,0.0,0.0,0.0,0.0,0.2,0.010101010101010102,0.03666666666666667,XC685458,barant1,SNR_0dB,0,R1
0.9501081705093384,1,198,1.0,0.005050505050505051,1.0,1.0,0.025252525252525252,1.0,0.9,0.045454545454545456,0.9,XC676256,barant1,SNR_0dB,0,R1
0.938001275062561,1,198,1.0,0.005050505050505051,1.0,0.8,0.020202020202020204,0.8,0.8,0.04040404040404041,0.7268253968253968,XC443189,barant1,SNR_0dB,0,R1
0.915595293045044,1,198,1.0,0.005050505050505051,1.0,0.6,0.015151515151515152,0.4833333333333333,0.6,0.030303030303030304,0.4279761904761905,XC752776,barant1,SNR_0dB,0,R1
0.9784721732139587,0,201,0.0,0.0,0.0,0.2,0.004975124378109453,0.05,0.3,0.014925373134328358,0.09107142857142857,XC695270,pirfly1,SNR_0dB,0,R1
0.9359197020530701,0,201,0.0,0.0,0.0,0.0,0.0,0.0,0.0,0.0,0.0,XC199153,pirfly1,SNR_0dB,0,R1
0.9652146697044373,0,201,0.0,0.0,0.0,0.2,0.004975124378109453,0.1,0.2,0.009950248756218905,0.07222222222222222,XC575453,pirfly1,SNR_0dB,0,R1
0.9051024913787842,0,201,0.0,0.0,0.0,0.0,0.0,0.0,0.0,0.0,0.0,XC199221,pirfly1,SNR_0dB,0,R1
0.9776030778884888,0,201,0.0,0.0,0.0,0.2,0.004975124378109453,0.06666666666666667,0.3,0.014925373134328358,0.0919047619047619,XC1050422,pirfly1,SNR_0dB,0,R1
0.8660937547683716,0,201,0.0,0.0,0.0,0.0,0.0,0.0,0.1,0.004975124378109453,0.014285714285714285,XC249521,pirfly1,SNR_0dB,0,R1
0.9274194240570068,1,201,1.0,0.004975124378109453,1.0,0.2,0.004975124378109453,0.2,0.1,0.004975124378109453,0.1,XC249067,pirfly1,SNR_0dB,0,R1
0.9730355143547058,0,201,0.0,0.0,0.0,0.4,0.009950248756218905,0.18,0.3,0.014925373134328358,0.12333333333333334,XC249418,pirfly1,SNR_0dB,0,R1
0.9791504144668579,0,201,0.0,0.0,0.0,0.4,0.009950248756218905,0.18,0.3,0.014925373134328358,0.12,XC249520,pirfly1,SNR_0dB,0,R1
0.9531986117362976,1,201,1.0,0.004975124378109453,1.0,0.6,0.014925373134328358,0.42000000000000004,0.5,0.024875621890547265,0.3226984126984127,XC764117,pirfly1,SNR_0dB,0,R1
0.9338029623031616,0,184,0.0,0.0,0.0,0.0,0.0,0.0,0.0,0.0,0.0,XC174648,linwoo1,SNR_0dB,0,R1
0.8664277791976929,0,184,0.0,0.0,0.0,0.0,0.0,0.0,0.0,0.0,0.0,XC550450,linwoo1,SNR_0dB,0,R1
0.9429767727851868,0,184,0.0,0.0,0.0,0.2,0.005434782608695652,0.05,0.1,0.005434782608695652,0.025,XC550448,linwoo1,SNR_0dB,0,R1
0.7823081016540527,0,184,0.0,0.0,0.0,0.2,0.005434782608695652,0.04,0.2,0.010869565217391304,0.045,XC379497,linwoo1,SNR_0dB,0,R1
0.9077083468437195,1,184,1.0,0.005434782608695652,1.0,0.6,0.016304347826086956,0.55,0.5,0.02717391304347826,0.4130952380952381,XC732161,linwoo1,SNR_0dB,0,R1
0.933549165725708,0,184,0.0,0.0,0.0,0.2,0.005434782608695652,0.06666666666666667,0.2,0.010869565217391304,0.06666666666666667,XC261880,linwoo1,SNR_0dB,0,R1
0.9523377418518066,0,184,0.0,0.0,0.0,0.0,0.0,0.0,0.0,0.0,0.0,XC250796,linwoo1,SNR_0dB,0,R1
0.9330897331237793,0,184,0.0,0.0,0.0,0.2,0.005434782608695652,0.06666666666666667,0.2,0.010869565217391304,0.06190476190476191,XC542823,linwoo1,SNR_0dB,0,R1
0.8716896772384644,0,184,0.0,0.0,0.0,0.0,0.0,0.0,0.0,0.0,0.0,XC688346,linwoo1,SNR_0dB,0,R1
0.9241452217102051,0,184,0.0,0.0,0.0,0.0,0.0,0.0,0.1,0.005434782608695652,0.014285714285714285,XC197473,linwoo1,SNR_0dB,0,R1
0.8912527561187744,1,192,1.0,0.005208333333333333,1.0,0.6,0.015625,0.42000000000000004,0.5,0.026041666666666668,0.3322222222222222,XC238416,whtdov,SNR_0dB,0,R1
0.9049979448318481,0,192,0.0,0.0,0.0,0.0,0.0,0.0,0.0,0.0,0.0,XC235857,whtdov,SNR_0dB,0,R1
0.9462195038795471,1,192,1.0,0.005208333333333333,1.0,0.2,0.005208333333333333,0.2,0.2,0.010416666666666666,0.12222222222222223,XC238417,whtdov,SNR_0dB,0,R1
0.9105547666549683,1,192,1.0,0.005208333333333333,1.0,0.2,0.005208333333333333,0.2,0.1,0.005208333333333333,0.1,XC294701,whtdov,SNR_0dB,0,R1
0.9558901190757751,1,192,1.0,0.005208333333333333,1.0,0.4,0.010416666666666666,0.4,0.2,0.010416666666666666,0.2,XC388552,whtdov,SNR_0dB,0,R1
0.8933240175247192,0,192,0.0,0.0,0.0,0.0,0.0,0.0,0.1,0.005208333333333333,0.01111111111111111,XC538235,whtdov,SNR_0dB,0,R1
0.8924910426139832,0,192,0.0,0.0,0.0,0.2,0.005208333333333333,0.04,0.1,0.005208333333333333,0.02,XC716476,whtdov,SNR_0dB,0,R1
0.9750778675079346,0,192,0.0,0.0,0.0,0.2,0.005208333333333333,0.05,0.1,0.005208333333333333,0.025,XC147509,whtdov,SNR_0dB,0,R1
0.8963890671730042,0,192,0.0,0.0,0.0,0.0,0.0,0.0,0.0,0.0,0.0,XC277692,whtdov,SNR_0dB,0,R1
0.9426336288452148,0,192,0.0,0.0,0.0,0.2,0.005208333333333333,0.04,0.2,0.010416666666666666,0.042222222222222223,XC833664,whtdov,SNR_0dB,0,R1
0.9747129678726196,1,204,1.0,0.004901960784313725,1.0,0.6,0.014705882352941176,0.42000000000000004,0.3,0.014705882352941176,0.21000000000000002,XC469159,bobfly1,SNR_0dB,0,R1
0.9212156534194946,0,204,0.0,0.0,0.0,0.0,0.0,0.0,0.0,0.0,0.0,XC578500,bobfly1,SNR_0dB,0,R1
0.9424117803573608,0,204,0.0,0.0,0.0,0.4,0.00980392156862745,0.2333333333333333,0.5,0.024509803921568627,0.26111111111111107,XC545844,bobfly1,SNR_0dB,0,R1
0.9576876163482666,1,204,1.0,0.004901960784313725,1.0,0.4,0.00980392156862745,0.3,0.2,0.00980392156862745,0.15,XC427567,bobfly1,SNR_0dB,0,R1
0.9217535853385925,0,204,0.0,0.0,0.0,0.0,0.0,0.0,0.0,0.0,0.0,XC583946,bobfly1,SNR_0dB,0,R1
0.9286258220672607,0,204,0.0,0.0,0.0,0.0,0.0,0.0,0.2,0.00980392156862745,0.039285714285714285,XC235872,bobfly1,SNR_0dB,0,R1
0.9403790235519409,1,204,1.0,0.004901960784313725,1.0,0.4,0.00980392156862745,0.3333333333333333,0.2,0.00980392156862745,0.16666666666666666,XC427566,bobfly1,SNR_0dB,0,R1
0.9592180252075195,1,204,1.0,0.004901960784313725,1.0,0.4,0.00980392156862745,0.3333333333333333,0.3,0.014705882352941176,0.19999999999999998,XC356904,bobfly1,SNR_0dB,0,R1
0.9536716938018799,0,204,0.0,0.0,0.0,0.4,0.00980392156862745,0.16666666666666666,0.5,0.024509803921568627,0.23888888888888887,XC841763,bobfly1,SNR_0dB,0,R1
0.9600189328193665,1,204,1.0,0.004901960784313725,1.0,0.4,0.00980392156862745,0.3333333333333333,0.3,0.014705882352941176,0.19666666666666666,XC666481,bobfly1,SNR_0dB,0,R1
0.9394904375076294,0,155,0.0,0.0,0.0,0.2,0.0064516129032258064,0.06666666666666667,0.3,0.01935483870967742,0.09523809523809523,XC944466,trokin,SNR_0dB,0,R1
0.9711446762084961,0,155,0.0,0.0,0.0,0.0,0.0,0.0,0.1,0.0064516129032258064,0.014285714285714285,XC556661,trokin,SNR_0dB,0,R1
0.9336175322532654,0,155,0.0,0.0,0.0,0.4,0.012903225806451613,0.14666666666666667,0.4,0.025806451612903226,0.15619047619047616,XC131763,trokin,SNR_0dB,0,R1
0.965965986251831,1,155,1.0,0.0064516129032258064,1.0,0.8,0.025806451612903226,0.8,0.7,0.04516129032258064,0.656547619047619,XC282322,trokin,SNR_0dB,0,R1
0.9295018911361694,0,155,0.0,0.0,0.0,0.0,0.0,0.0,0.3,0.01935483870967742,0.075,XC287873,trokin,SNR_0dB,0,R1
0.9439299702644348,0,155,0.0,0.0,0.0,0.2,0.0064516129032258064,0.05,0.2,0.012903225806451613,0.05833333333333333,XC944467,trokin,SNR_0dB,0,R1
0.927402913570404,0,155,0.0,0.0,0.0,0.2,0.0064516129032258064,0.1,0.2,0.012903225806451613,0.06999999999999999,XC690960,trokin,SNR_0dB,0,R1
0.9004174470901489,1,155,1.0,0.0064516129032258064,1.0,0.4,0.012903225806451613,0.4,0.2,0.012903225806451613,0.2,XC960832,trokin,SNR_0dB,0,R1
0.9518560171127319,0,155,0.0,0.0,0.0,0.0,0.0,0.0,0.2,0.012903225806451613,0.03888888888888888,XC490064,trokin,SNR_0dB,0,R1
0.9675508141517639,1,155,1.0,0.0064516129032258064,1.0,0.6,0.01935483870967742,0.52,0.5,0.03225806451612903,0.3671428571428571,XC282345,trokin,SNR_0dB,0,R1
0.7786884903907776,0,171,0.0,0.0,0.0,0.0,0.0,0.0,0.0,0.0,0.0,XC1011212,coffal1,SNR_-5dB,-5,R1
0.9442950487136841,0,171,0.0,0.0,0.0,0.2,0.005847953216374269,0.1,0.2,0.011695906432748537,0.075,XC518849,coffal1,SNR_-5dB,-5,R1
0.9126645922660828,0,171,0.0,0.0,0.0,0.2,0.005847953216374269,0.05,0.1,0.005847953216374269,0.025,XC640029,coffal1,SNR_-5dB,-5,R1
0.8607854247093201,0,171,0.0,0.0,0.0,0.0,0.0,0.0,0.0,0.0,0.0,XC238626,coffal1,SNR_-5dB,-5,R1
0.9207580089569092,0,171,0.0,0.0,0.0,0.0,0.0,0.0,0.0,0.0,0.0,XC580510,coffal1,SNR_-5dB,-5,R1
0.8351824283599854,0,171,0.0,0.0,0.0,0.2,0.005847953216374269,0.04,0.2,0.011695906432748537,0.04857142857142857,XC841725,coffal1,SNR_-5dB,-5,R1
0.9057861566543579,1,171,1.0,0.005847953216374269,1.0,0.8,0.023391812865497075,0.76,0.7,0.04093567251461988,0.636547619047619,XC909155,coffal1,SNR_-5dB,-5,R1
0.9510767459869385,1,171,1.0,0.005847953216374269,1.0,0.8,0.023391812865497075,0.71,0.5,0.029239766081871343,0.40499999999999997,XC597587,coffal1,SNR_-5dB,-5,R1
0.893521249294281,0,171,0.0,0.0,0.0,0.0,0.0,0.0,0.1,0.005847953216374269,0.01111111111111111,XC514068,coffal1,SNR_-5dB,-5,R1
0.8969380855560303,1,171,1.0,0.005847953216374269,1.0,0.6,0.017543859649122806,0.6,0.6,0.03508771929824561,0.4796428571428571,XC915055,coffal1,SNR_-5dB,-5,R1
0.9404850006103516,0,221,0.0,0.0,0.0,0.0,0.0,0.0,0.1,0.004524886877828055,0.016666666666666666,XC504846,sobtyr1,SNR_-5dB,-5,R1
0.9653072357177734,0,221,0.0,0.0,0.0,0.0,0.0,0.0,0.0,0.0,0.0,XC764623,sobtyr1,SNR_-5dB,-5,R1
0.9200420379638672,0,221,0.0,0.0,0.0,0.0,0.0,0.0,0.0,0.0,0.0,XC653903,sobtyr1,SNR_-5dB,-5,R1
0.9306495189666748,1,221,1.0,0.004524886877828055,1.0,0.8,0.01809954751131222,0.6433333333333333,0.5,0.02262443438914027,0.37722222222222224,XC176886,sobtyr1,SNR_-5dB,-5,R1
0.9415619373321533,0,221,0.0,0.0,0.0,0.0,0.0,0.0,0.0,0.0,0.0,XC580800,sobtyr1,SNR_-5dB,-5,R1
0.9658757448196411,0,221,0.0,0.0,0.0,0.0,0.0,0.0,0.0,0.0,0.0,XC763522,sobtyr1,SNR_-5dB,-5,R1
0.9175909757614136,0,221,0.0,0.0,0.0,0.2,0.004524886877828055,0.1,0.4,0.01809954751131222,0.160515873015873,XC612769,sobtyr1,SNR_-5dB,-5,R1
0.8947709798812866,0,221,0.0,0.0,0.0,0.0,0.0,0.0,0.0,0.0,0.0,XC135348,sobtyr1,SNR_-5dB,-5,R1
0.9516746997833252,1,221,1.0,0.004524886877828055,1.0,0.6,0.013574660633484163,0.4533333333333333,0.4,0.01809954751131222,0.2838095238095238,XC1062368,sobtyr1,SNR_-5dB,-5,R1
0.9508596658706665,0,221,0.0,0.0,0.0,0.0,0.0,0.0,0.0,0.0,0.0,XC653904,sobtyr1,SNR_-5dB,-5,R1
0.9337104558944702,1,223,1.0,0.004484304932735426,1.0,1.0,0.02242152466367713,1.0,1.0,0.04484304932735426,1.0,XC348691,greant1,SNR_-5dB,-5,R1
0.9195224642753601,1,223,1.0,0.004484304932735426,1.0,1.0,0.02242152466367713,1.0,1.0,0.04484304932735426,1.0,XC397818,greant1,SNR_-5dB,-5,R1
0.9349969625473022,0,223,0.0,0.0,0.0,0.2,0.004484304932735426,0.06666666666666667,0.2,0.008968609865470852,0.06666666666666667,XC50033,greant1,SNR_-5dB,-5,R1
0.9567691683769226,1,223,1.0,0.004484304932735426,1.0,0.8,0.017937219730941704,0.76,0.8,0.03587443946188341,0.6842063492063492,XC388556,greant1,SNR_-5dB,-5,R1
0.9370548725128174,1,223,1.0,0.004484304932735426,1.0,0.4,0.008968609865470852,0.27999999999999997,0.6,0.026905829596412557,0.36964285714285716,XC433819,greant1,SNR_-5dB,-5,R1
0.894195020198822,0,223,0.0,0.0,0.0,0.2,0.004484304932735426,0.06666666666666667,0.3,0.013452914798206279,0.08833333333333333,XC123928,greant1,SNR_-5dB,-5,R1
0.9517700672149658,0,223,0.0,0.0,0.0,0.2,0.004484304932735426,0.05,0.2,0.008968609865470852,0.05833333333333333,XC489684,greant1,SNR_-5dB,-5,R1
0.9225035309791565,1,223,1.0,0.004484304932735426,1.0,0.8,0.017937219730941704,0.6433333333333333,0.6,0.026905829596412557,0.468095238095238,XC452472,greant1,SNR_-5dB,-5,R1
0.8736319541931152,0,223,0.0,0.0,0.0,0.0,0.0,0.0,0.0,0.0,0.0,XC616309,greant1,SNR_-5dB,-5,R1
0.9375616312026978,0,223,0.0,0.0,0.0,0.0,0.0,0.0,0.0,0.0,0.0,XC118887,greant1,SNR_-5dB,-5,R1
0.8608764410018921,1,231,1.0,0.004329004329004329,1.0,1.0,0.021645021645021644,1.0,0.8,0.03463203463203463,0.788888888888889,XC294719,squcuc1,SNR_-5dB,-5,R1
0.9367546439170837,0,231,0.0,0.0,0.0,0.2,0.004329004329004329,0.04,0.4,0.017316017316017316,0.13527777777777777,XC294724,squcuc1,SNR_-5dB,-5,R1
0.9653756618499756,0,231,0.0,0.0,0.0,0.0,0.0,0.0,0.0,0.0,0.0,XC940505,squcuc1,SNR_-5dB,-5,R1
0.958859384059906,0,231,0.0,0.0,0.0,0.0,0.0,0.0,0.0,0.0,0.0,XC216157,squcuc1,SNR_-5dB,-5,R1
0.8812963962554932,0,231,0.0,0.0,0.0,0.0,0.0,0.0,0.0,0.0,0.0,XC549930,squcuc1,SNR_-5dB,-5,R1
0.887750506401062,0,231,0.0,0.0,0.0,0.0,0.0,0.0,0.0,0.0,0.0,XC549933,squcuc1,SNR_-5dB,-5,R1
0.8659389615058899,0,231,0.0,0.0,0.0,0.0,0.0,0.0,0.0,0.0,0.0,XC549936,squcuc1,SNR_-5dB,-5,R1
0.941784143447876,0,231,0.0,0.0,0.0,0.4,0.008658008658008658,0.13,0.3,0.012987012987012988,0.11499999999999999,XC247099,squcuc1,SNR_-5dB,-5,R1
0.9064449667930603,0,231,0.0,0.0,0.0,0.0,0.0,0.0,0.0,0.0,0.0,XC246934,squcuc1,SNR_-5dB,-5,R1
0.9707885384559631,0,231,0.0,0.0,0.0,0.0,0.0,0.0,0.1,0.004329004329004329,0.016666666666666666,XC656889,squcuc1,SNR_-5dB,-5,R1
0.8903758525848389,0,159,0.0,0.0,0.0,0.0,0.0,0.0,0.0,0.0,0.0,XC299640,roahaw,SNR_-5dB,-5,R1
0.9563708305358887,0,159,0.0,0.0,0.0,0.2,0.006289308176100629,0.06666666666666667,0.1,0.006289308176100629,0.03333333333333333,XC372463,roahaw,SNR_-5dB,-5,R1
0.9329001903533936,0,159,0.0,0.0,0.0,0.2,0.006289308176100629,0.06666666666666667,0.1,0.006289308176100629,0.03333333333333333,XC288830,roahaw,SNR_-5dB,-5,R1
0.9447619915008545,0,159,0.0,0.0,0.0,0.0,0.0,0.0,0.0,0.0,0.0,XC129438,roahaw,SNR_-5dB,-5,R1
0.9449425935745239,1,159,1.0,0.006289308176100629,1.0,0.8,0.025157232704402517,0.8,0.6,0.03773584905660377,0.5314285714285714,XC772769,roahaw,SNR_-5dB,-5,R1
0.955337405204773,0,159,0.0,0.0,0.0,0.4,0.012578616352201259,0.2333333333333333,0.3,0.018867924528301886,0.15416666666666665,XC716349,roahaw,SNR_-5dB,-5,R1
0.9554949998855591,0,159,0.0,0.0,0.0,0.0,0.0,0.0,0.0,0.0,0.0,XC340156,roahaw,SNR_-5dB,-5,R1
0.8651084899902344,1,159,1.0,0.006289308176100629,1.0,0.4,0.012578616352201259,0.4,0.2,0.012578616352201259,0.2,XC680705,roahaw,SNR_-5dB,-5,R1
0.9521684646606445,0,159,0.0,0.0,0.0,0.0,0.0,0.0,0.0,0.0,0.0,XC235156,roahaw,SNR_-5dB,-5,R1
0.8373669385910034,0,159,0.0,0.0,0.0,0.0,0.0,0.0,0.0,0.0,0.0,XC19527,roahaw,SNR_-5dB,-5,R1
0.8955662250518799,0,165,0.0,0.0,0.0,0.4,0.012121212121212121,0.2,0.2,0.012121212121212121,0.1,XC738930,trsowl,SNR_-5dB,-5,R1
0.9562227725982666,1,165,1.0,0.006060606060606061,1.0,1.0,0.030303030303030304,1.0,0.8,0.048484848484848485,0.8,XC428741,trsowl,SNR_-5dB,-5,R1
0.9068493247032166,0,165,0.0,0.0,0.0,0.0,0.0,0.0,0.0,0.0,0.0,XC597121,trsowl,SNR_-5dB,-5,R1
0.8871103525161743,1,165,1.0,0.006060606060606061,1.0,0.8,0.024242424242424242,0.8,0.8,0.048484848484848485,0.745436507936508,XC549975,trsowl,SNR_-5dB,-5,R1
0.9427623748779297,0,165,0.0,0.0,0.0,0.0,0.0,0.0,0.0,0.0,0.0,XC135491,trsowl,SNR_-5dB,-5,R1
0.8982394933700562,1,165,1.0,0.006060606060606061,1.0,0.8,0.024242424242424242,0.8,0.6,0.03636363636363636,0.5155555555555555,XC572606,trsowl,SNR_-5dB,-5,R1
0.9437803626060486,1,165,1.0,0.006060606060606061,1.0,0.6,0.01818181818181818,0.6,0.3,0.01818181818181818,0.3,XC236394,trsowl,SNR_-5dB,-5,R1
0.8721991181373596,1,165,1.0,0.006060606060606061,1.0,1.0,0.030303030303030304,1.0,0.6,0.03636363636363636,0.5666666666666667,XC447808,trsowl,SNR_-5dB,-5,R1
0.9181733131408691,0,165,0.0,0.0,0.0,0.4,0.012121212121212121,0.18,0.3,0.01818181818181818,0.13999999999999999,XC619067,trsowl,SNR_-5dB,-5,R1
0.9194697141647339,0,165,0.0,0.0,0.0,0.0,0.0,0.0,0.0,0.0,0.0,XC730130,trsowl,SNR_-5dB,-5,R1
0.8950669765472412,0,203,0.0,0.0,0.0,0.0,0.0,0.0,0.0,0.0,0.0,XC756928,banana,SNR_-5dB,-5,R1
0.9330276250839233,0,203,0.0,0.0,0.0,0.0,0.0,0.0,0.1,0.0049261083743842365,0.0125,XC190593,banana,SNR_-5dB,-5,R1
0.9535164833068848,1,203,1.0,0.0049261083743842365,1.0,0.4,0.009852216748768473,0.27999999999999997,0.2,0.009852216748768473,0.13999999999999999,XC247112,banana,SNR_-5dB,-5,R1
0.9253532290458679,1,203,1.0,0.0049261083743842365,1.0,0.4,0.009852216748768473,0.4,0.4,0.019704433497536946,0.2733333333333333,XC561261,banana,SNR_-5dB,-5,R1
0.9394349455833435,1,203,1.0,0.0049261083743842365,1.0,0.6,0.014778325123152709,0.4533333333333333,0.4,0.019704433497536946,0.29333333333333333,XC127164,banana,SNR_-5dB,-5,R1
0.9435677528381348,0,203,0.0,0.0,0.0,0.2,0.0049261083743842365,0.06666666666666667,0.1,0.0049261083743842365,0.03333333333333333,XC169559,banana,SNR_-5dB,-5,R1
0.949654221534729,0,203,0.0,0.0,0.0,0.6,0.014778325123152709,0.2866666666666666,0.3,0.014778325123152709,0.1433333333333333,XC241562,banana,SNR_-5dB,-5,R1
0.8149336576461792,0,203,0.0,0.0,0.0,0.0,0.0,0.0,0.0,0.0,0.0,XC924739,banana,SNR_-5dB,-5,R1
0.9704570174217224,0,203,0.0,0.0,0.0,0.0,0.0,0.0,0.0,0.0,0.0,XC541448,banana,SNR_-5dB,-5,R1
0.8667269945144653,0,203,0.0,0.0,0.0,0.0,0.0,0.0,0.0,0.0,0.0,XC215467,banana,SNR_-5dB,-5,R1
0.8308312296867371,0,181,0.0,0.0,0.0,0.0,0.0,0.0,0.1,0.0055248618784530384,0.014285714285714285,XC29087,baffal1,SNR_-5dB,-5,R1
0.8837790489196777,0,181,0.0,0.0,0.0,0.0,0.0,0.0,0.1,0.0055248618784530384,0.016666666666666666,XC29088,baffal1,SNR_-5dB,-5,R1
0.9310658574104309,0,181,0.0,0.0,0.0,0.2,0.0055248618784530384,0.1,0.1,0.0055248618784530384,0.05,XC235886,baffal1,SNR_-5dB,-5,R1
0.9299853444099426,1,181,1.0,0.0055248618784530384,1.0,0.4,0.011049723756906077,0.27999999999999997,0.4,0.022099447513812154,0.22194444444444442,XC437953,baffal1,SNR_-5dB,-5,R1
0.9192104339599609,1,181,1.0,0.0055248618784530384,1.0,0.8,0.022099447513812154,0.8,0.8,0.04419889502762431,0.736547619047619,XC192816,baffal1,SNR_-5dB,-5,R1
0.95160973072052,1,181,1.0,0.0055248618784530384,1.0,0.6,0.016574585635359115,0.55,0.4,0.022099447513812154,0.33214285714285713,XC666482,baffal1,SNR_-5dB,-5,R1
0.9152833223342896,1,181,1.0,0.0055248618784530384,1.0,0.2,0.0055248618784530384,0.2,0.2,0.011049723756906077,0.12857142857142856,XC727672,baffal1,SNR_-5dB,-5,R1
0.9225645661354065,0,181,0.0,0.0,0.0,0.0,0.0,0.0,0.0,0.0,0.0,XC745799,baffal1,SNR_-5dB,-5,R1
0.9075614213943481,1,181,1.0,0.0055248618784530384,1.0,0.8,0.022099447513812154,0.8,0.9,0.049723756906077346,0.8354365079365079,XC546400,baffal1,SNR_-5dB,-5,R1
0.8571474552154541,0,181,0.0,0.0,0.0,0.0,0.0,0.0,0.0,0.0,0.0,XC192815,baffal1,SNR_-5dB,-5,R1
0.9203537702560425,1,137,1.0,0.0072992700729927005,1.0,1.0,0.0364963503649635,1.0,1.0,0.072992700729927,1.0,XC539586,soulap1,SNR_-5dB,-5,R1
0.8719761371612549,0,137,0.0,0.0,0.0,0.0,0.0,0.0,0.0,0.0,0.0,XC9046,soulap1,SNR_-5dB,-5,R1
0.8336670398712158,0,137,0.0,0.0,0.0,0.0,0.0,0.0,0.0,0.0,0.0,XC562682,soulap1,SNR_-5dB,-5,R1
0.8817083835601807,0,137,0.0,0.0,0.0,0.0,0.0,0.0,0.0,0.0,0.0,XC51500,soulap1,SNR_-5dB,-5,R1
0.9047297835350037,0,137,0.0,0.0,0.0,0.2,0.0072992700729927005,0.06666666666666667,0.4,0.029197080291970802,0.13999999999999999,XC428133,soulap1,SNR_-5dB,-5,R1
0.8755592107772827,0,137,0.0,0.0,0.0,0.2,0.0072992700729927005,0.04,0.2,0.014598540145985401,0.04857142857142857,XC47141,soulap1,SNR_-5dB,-5,R1
0.9488339424133301,0,137,0.0,0.0,0.0,0.0,0.0,0.0,0.0,0.0,0.0,XC861228,soulap1,SNR_-5dB,-5,R1
0.8637879490852356,0,137,0.0,0.0,0.0,0.2,0.0072992700729927005,0.04,0.1,0.0072992700729927005,0.02,XC549503,soulap1,SNR_-5dB,-5,R1
0.9165140390396118,0,137,0.0,0.0,0.0,0.4,0.014598540145985401,0.18,0.2,0.014598540145985401,0.09,XC16003,soulap1,SNR_-5dB,-5,R1
0.8590371012687683,0,137,0.0,0.0,0.0,0.0,0.0,0.0,0.0,0.0,0.0,XC48574,soulap1,SNR_-5dB,-5,R1
0.9291600584983826,1,154,1.0,0.006493506493506494,1.0,1.0,0.032467532467532464,1.0,0.6,0.03896103896103896,0.575,XC340516,strcuc1,SNR_-5dB,-5,R1
0.907570481300354,0,154,0.0,0.0,0.0,0.0,0.0,0.0,0.0,0.0,0.0,XC340515,strcuc1,SNR_-5dB,-5,R1
0.960594654083252,0,154,0.0,0.0,0.0,0.0,0.0,0.0,0.2,0.012987012987012988,0.034722222222222224,XC173304,strcuc1,SNR_-5dB,-5,R1
0.9058386087417603,0,154,0.0,0.0,0.0,0.0,0.0,0.0,0.0,0.0,0.0,XC114965,strcuc1,SNR_-5dB,-5,R1
0.9133507013320923,0,154,0.0,0.0,0.0,0.4,0.012987012987012988,0.18,0.2,0.012987012987012988,0.09,XC349929,strcuc1,SNR_-5dB,-5,R1
0.9583709836006165,0,154,0.0,0.0,0.0,0.0,0.0,0.0,0.1,0.006493506493506494,0.01,XC836228,strcuc1,SNR_-5dB,-5,R1
0.952582597732544,0,154,0.0,0.0,0.0,0.4,0.012987012987012988,0.2333333333333333,0.3,0.01948051948051948,0.1595238095238095,XC508606,strcuc1,SNR_-5dB,-5,R1
0.9188787937164307,1,154,1.0,0.006493506493506494,1.0,1.0,0.032467532467532464,1.0,1.0,0.06493506493506493,1.0,XC593146,strcuc1,SNR_-5dB,-5,R1
0.8908993601799011,0,154,0.0,0.0,0.0,0.0,0.0,0.0,0.0,0.0,0.0,XC240034,strcuc1,SNR_-5dB,-5,R1
0.9496687650680542,1,154,1.0,0.006493506493506494,1.0,0.8,0.025974025974025976,0.8,0.6,0.03896103896103896,0.5433333333333332,XC114160,strcuc1,SNR_-5dB,-5,R1
0.920317530632019,0,125,0.0,0.0,0.0,0.0,0.0,0.0,0.2,0.016,0.04523809523809523,XC993685,pabspi1,SNR_-5dB,-5,R1
0.9651215672492981,1,125,1.0,0.008,1.0,0.6,0.024,0.6,0.4,0.032,0.34444444444444444,XC506225,pabspi1,SNR_-5dB,-5,R1
0.9432201981544495,0,125,0.0,0.0,0.0,0.2,0.008,0.1,0.1,0.008,0.05,XC687712,pabspi1,SNR_-5dB,-5,R1
0.9566364288330078,1,125,1.0,0.008,1.0,0.8,0.032,0.8,0.4,0.032,0.4,XC506234,pabspi1,SNR_-5dB,-5,R1
0.9720499515533447,0,125,0.0,0.0,0.0,0.0,0.0,0.0,0.1,0.008,0.016666666666666666,XC452493,pabspi1,SNR_-5dB,-5,R1
0.9140948057174683,0,125,0.0,0.0,0.0,0.2,0.008,0.05,0.2,0.016,0.04722222222222222,XC701947,pabspi1,SNR_-5dB,-5,R1
0.9657325744628906,0,125,0.0,0.0,0.0,0.2,0.008,0.05,0.1,0.008,0.025,XC701948,pabspi1,SNR_-5dB,-5,R1
0.9630473852157593,0,125,0.0,0.0,0.0,0.2,0.008,0.06666666666666667,0.1,0.008,0.03333333333333333,XC236174,pabspi1,SNR_-5dB,-5,R1
0.8783972263336182,0,125,0.0,0.0,0.0,0.0,0.0,0.0,0.0,0.0,0.0,XC391585,pabspi1,SNR_-5dB,-5,R1
0.951683759689331,0,125,0.0,0.0,0.0,0.0,0.0,0.0,0.0,0.0,0.0,XC236176,pabspi1,SNR_-5dB,-5,R1
0.969172477722168,0,266,0.0,0.0,0.0,0.2,0.0037593984962406013,0.04,0.2,0.007518796992481203,0.042222222222222223,XC268594,yeofly1,SNR_-5dB,-5,R1
0.9422557353973389,0,266,0.0,0.0,0.0,0.0,0.0,0.0,0.1,0.0037593984962406013,0.01111111111111111,XC361117,yeofly1,SNR_-5dB,-5,R1
0.9372953176498413,0,266,0.0,0.0,0.0,0.2,0.0037593984962406013,0.06666666666666667,0.2,0.007518796992481203,0.06190476190476191,XC250157,yeofly1,SNR_-5dB,-5,R1
0.8871574401855469,0,266,0.0,0.0,0.0,0.0,0.0,0.0,0.1,0.0037593984962406013,0.014285714285714285,XC46766,yeofly1,SNR_-5dB,-5,R1
0.9011374115943909,1,266,1.0,0.0037593984962406013,1.0,0.2,0.0037593984962406013,0.2,0.1,0.0037593984962406013,0.1,XC1031972,yeofly1,SNR_-5dB,-5,R1
0.9018841981887817,0,266,0.0,0.0,0.0,0.0,0.0,0.0,0.0,0.0,0.0,XC187210,yeofly1,SNR_-5dB,-5,R1
0.9478636384010315,0,266,0.0,0.0,0.0,0.0,0.0,0.0,0.0,0.0,0.0,XC512409,yeofly1,SNR_-5dB,-5,R1
0.9768191576004028,0,266,0.0,0.0,0.0,0.2,0.0037593984962406013,0.06666666666666667,0.1,0.0037593984962406013,0.03333333333333333,XC611913,yeofly1,SNR_-5dB,-5,R1
0.9734829068183899,1,266,1.0,0.0037593984962406013,1.0,0.8,0.015037593984962405,0.8,0.4,0.015037593984962405,0.4,XC268592,yeofly1,SNR_-5dB,-5,R1
0.945132851600647,0,266,0.0,0.0,0.0,0.0,0.0,0.0,0.0,0.0,0.0,XC583955,yeofly1,SNR_-5dB,-5,R1
0.8066992163658142,0,141,0.0,0.0,0.0,0.0,0.0,0.0,0.1,0.0070921985815602835,0.014285714285714285,XC192979,gycwor1,SNR_-5dB,-5,R1
0.9182117581367493,1,141,1.0,0.0070921985815602835,1.0,0.2,0.0070921985815602835,0.2,0.4,0.028368794326241134,0.2261904761904762,XC483682,gycwor1,SNR_-5dB,-5,R1
0.9228459596633911,1,141,1.0,0.0070921985815602835,1.0,0.2,0.0070921985815602835,0.2,0.3,0.02127659574468085,0.17619047619047618,XC772156,gycwor1,SNR_-5dB,-5,R1
0.9200085401535034,0,141,0.0,0.0,0.0,0.0,0.0,0.0,0.0,0.0,0.0,XC501765,gycwor1,SNR_-5dB,-5,R1
0.8781224489212036,1,141,1.0,0.0070921985815602835,1.0,0.2,0.0070921985815602835,0.2,0.1,0.0070921985815602835,0.1,XC1012395,gycwor1,SNR_-5dB,-5,R1
0.9178178310394287,0,141,0.0,0.0,0.0,0.6,0.02127659574468085,0.3833333333333333,0.5,0.03546099290780142,0.2988095238095238,XC843813,gycwor1,SNR_-5dB,-5,R1
0.9131850600242615,0,141,0.0,0.0,0.0,0.0,0.0,0.0,0.0,0.0,0.0,XC216181,gycwor1,SNR_-5dB,-5,R1
0.9267678260803223,1,141,1.0,0.0070921985815602835,1.0,0.4,0.014184397163120567,0.27999999999999997,0.2,0.014184397163120567,0.13999999999999999,XC352281,gycwor1,SNR_-5dB,-5,R1
0.8958076238632202,0,141,0.0,0.0,0.0,0.0,0.0,0.0,0.1,0.0070921985815602835,0.014285714285714285,XC335167,gycwor1,SNR_-5dB,-5,R1
0.932093620300293,0,141,0.0,0.0,0.0,0.2,0.0070921985815602835,0.05,0.3,0.02127659574468085,0.08,XC197443,gycwor1,SNR_-5dB,-5,R1
0.8925509452819824,1,142,1.0,0.007042253521126761,1.0,0.6,0.02112676056338028,0.55,0.5,0.035211267605633804,0.375,XC254120,compau,SNR_-5dB,-5,R1
0.9146144390106201,0,142,0.0,0.0,0.0,0.0,0.0,0.0,0.1,0.007042253521126761,0.014285714285714285,XC225326,compau,SNR_-5dB,-5,R1
0.8389843106269836,0,142,0.0,0.0,0.0,0.2,0.007042253521126761,0.06666666666666667,0.1,0.007042253521126761,0.03333333333333333,XC236447,compau,SNR_-5dB,-5,R1
0.9203134179115295,0,142,0.0,0.0,0.0,0.8,0.028169014084507043,0.5433333333333333,0.5,0.035211267605633804,0.33416666666666667,XC311012,compau,SNR_-5dB,-5,R1
0.9295750856399536,0,142,0.0,0.0,0.0,0.0,0.0,0.0,0.0,0.0,0.0,XC285306,compau,SNR_-5dB,-5,R1
0.9070245027542114,0,142,0.0,0.0,0.0,0.4,0.014084507042253521,0.14666666666666667,0.2,0.014084507042253521,0.07333333333333333,XC592920,compau,SNR_-5dB,-5,R1
0.9441064596176147,1,142,1.0,0.007042253521126761,1.0,0.2,0.007042253521126761,0.2,0.2,0.014084507042253521,0.12857142857142856,XC221567,compau,SNR_-5dB,-5,R1
0.9049534797668457,0,142,0.0,0.0,0.0,0.2,0.007042253521126761,0.04,0.1,0.007042253521126761,0.02,XC630102,compau,SNR_-5dB,-5,R1
0.9595508575439453,0,142,0.0,0.0,0.0,0.0,0.0,0.0,0.0,0.0,0.0,XC427477,compau,SNR_-5dB,-5,R1
0.939721941947937,1,142,1.0,0.007042253521126761,1.0,0.4,0.014084507042253521,0.3,0.2,0.014084507042253521,0.15,XC943093,compau,SNR_-5dB,-5,R1
0.8730031251907349,0,198,0.0,0.0,0.0,0.2,0.005050505050505051,0.05,0.2,0.010101010101010102,0.05,XC433820,barant1,SNR_-5dB,-5,R1
0.9606640338897705,1,198,1.0,0.005050505050505051,1.0,0.4,0.010101010101010102,0.3333333333333333,0.3,0.015151515151515152,0.20416666666666666,XC459559,barant1,SNR_-5dB,-5,R1
0.9333999156951904,1,198,1.0,0.005050505050505051,1.0,0.6,0.015151515151515152,0.55,0.3,0.015151515151515152,0.275,XC732448,barant1,SNR_-5dB,-5,R1
0.9093366861343384,1,198,1.0,0.005050505050505051,1.0,0.2,0.005050505050505051,0.2,0.2,0.010101010101010102,0.12857142857142856,XC716450,barant1,SNR_-5dB,-5,R1
0.8790279626846313,0,198,0.0,0.0,0.0,0.4,0.010101010101010102,0.2333333333333333,0.4,0.020202020202020204,0.2095238095238095,XC354908,barant1,SNR_-5dB,-5,R1
0.8845615386962891,1,198,1.0,0.005050505050505051,1.0,0.2,0.005050505050505051,0.2,0.2,0.010101010101010102,0.13333333333333333,XC428067,barant1,SNR_-5dB,-5,R1
0.8856213092803955,0,198,0.0,0.0,0.0,0.0,0.0,0.0,0.0,0.0,0.0,XC685458,barant1,SNR_-5dB,-5,R1
0.944059431552887,1,198,1.0,0.005050505050505051,1.0,1.0,0.025252525252525252,1.0,0.8,0.04040404040404041,0.8,XC676256,barant1,SNR_-5dB,-5,R1
0.9401882290840149,1,198,1.0,0.005050505050505051,1.0,1.0,0.025252525252525252,1.0,0.9,0.045454545454545456,0.8521031746031748,XC443189,barant1,SNR_-5dB,-5,R1
0.8735082149505615,1,198,1.0,0.005050505050505051,1.0,0.4,0.010101010101010102,0.3,0.3,0.015151515151515152,0.1875,XC752776,barant1,SNR_-5dB,-5,R1
0.9820101261138916,1,201,1.0,0.004975124378109453,1.0,0.4,0.009950248756218905,0.3,0.5,0.024875621890547265,0.2873015873015873,XC695270,pirfly1,SNR_-5dB,-5,R1
0.9319762587547302,0,201,0.0,0.0,0.0,0.0,0.0,0.0,0.0,0.0,0.0,XC199153,pirfly1,SNR_-5dB,-5,R1
0.9700621366500854,0,201,0.0,0.0,0.0,0.2,0.004975124378109453,0.06666666666666667,0.1,0.004975124378109453,0.03333333333333333,XC575453,pirfly1,SNR_-5dB,-5,R1
0.8777589797973633,0,201,0.0,0.0,0.0,0.0,0.0,0.0,0.0,0.0,0.0,XC199221,pirfly1,SNR_-5dB,-5,R1
0.9676675796508789,0,201,0.0,0.0,0.0,0.4,0.009950248756218905,0.13,0.2,0.009950248756218905,0.065,XC1050422,pirfly1,SNR_-5dB,-5,R1
0.8323123455047607,0,201,0.0,0.0,0.0,0.0,0.0,0.0,0.0,0.0,0.0,XC249521,pirfly1,SNR_-5dB,-5,R1
0.9205357432365417,1,201,1.0,0.004975124378109453,1.0,0.2,0.004975124378109453,0.2,0.1,0.004975124378109453,0.1,XC249067,pirfly1,SNR_-5dB,-5,R1
0.9707064628601074,0,201,0.0,0.0,0.0,0.4,0.009950248756218905,0.14666666666666667,0.3,0.014925373134328358,0.10666666666666666,XC249418,pirfly1,SNR_-5dB,-5,R1
0.9770651459693909,0,201,0.0,0.0,0.0,0.2,0.004975124378109453,0.06666666666666667,0.3,0.014925373134328358,0.08833333333333333,XC249520,pirfly1,SNR_-5dB,-5,R1
0.9501764178276062,0,201,0.0,0.0,0.0,0.6,0.014925373134328358,0.32,0.3,0.014925373134328358,0.16,XC764117,pirfly1,SNR_-5dB,-5,R1
0.9437594413757324,0,184,0.0,0.0,0.0,0.0,0.0,0.0,0.0,0.0,0.0,XC174648,linwoo1,SNR_-5dB,-5,R1
0.8587032556533813,0,184,0.0,0.0,0.0,0.0,0.0,0.0,0.0,0.0,0.0,XC550450,linwoo1,SNR_-5dB,-5,R1
0.9515491724014282,0,184,0.0,0.0,0.0,0.0,0.0,0.0,0.2,0.010869565217391304,0.04523809523809523,XC550448,linwoo1,SNR_-5dB,-5,R1
0.7748256325721741,0,184,0.0,0.0,0.0,0.0,0.0,0.0,0.2,0.010869565217391304,0.034722222222222224,XC379497,linwoo1,SNR_-5dB,-5,R1
0.916753888130188,1,184,1.0,0.005434782608695652,1.0,0.6,0.016304347826086956,0.4533333333333333,0.5,0.02717391304347826,0.3463095238095238,XC732161,linwoo1,SNR_-5dB,-5,R1
0.9296563267707825,0,184,0.0,0.0,0.0,0.0,0.0,0.0,0.0,0.0,0.0,XC261880,linwoo1,SNR_-5dB,-5,R1
0.9511885643005371,0,184,0.0,0.0,0.0,0.0,0.0,0.0,0.0,0.0,0.0,XC250796,linwoo1,SNR_-5dB,-5,R1
0.9309415221214294,0,184,0.0,0.0,0.0,0.2,0.005434782608695652,0.05,0.1,0.005434782608695652,0.025,XC542823,linwoo1,SNR_-5dB,-5,R1
0.8627578616142273,0,184,0.0,0.0,0.0,0.0,0.0,0.0,0.0,0.0,0.0,XC688346,linwoo1,SNR_-5dB,-5,R1
0.9317326545715332,0,184,0.0,0.0,0.0,0.2,0.005434782608695652,0.05,0.2,0.010869565217391304,0.05833333333333333,XC197473,linwoo1,SNR_-5dB,-5,R1
0.9067208170890808,0,192,0.0,0.0,0.0,0.6,0.015625,0.35333333333333333,0.5,0.026041666666666668,0.2893650793650793,XC238416,whtdov,SNR_-5dB,-5,R1
0.9135751128196716,0,192,0.0,0.0,0.0,0.0,0.0,0.0,0.0,0.0,0.0,XC235857,whtdov,SNR_-5dB,-5,R1
0.9483848810195923,0,192,0.0,0.0,0.0,0.4,0.010416666666666666,0.18,0.2,0.010416666666666666,0.09,XC238417,whtdov,SNR_-5dB,-5,R1
0.8889833688735962,0,192,0.0,0.0,0.0,0.2,0.005208333333333333,0.1,0.1,0.005208333333333333,0.05,XC294701,whtdov,SNR_-5dB,-5,R1
0.9551761150360107,1,192,1.0,0.005208333333333333,1.0,0.4,0.010416666666666666,0.4,0.2,0.010416666666666666,0.2,XC388552,whtdov,SNR_-5dB,-5,R1
0.8907724022865295,0,192,0.0,0.0,0.0,0.0,0.0,0.0,0.0,0.0,0.0,XC538235,whtdov,SNR_-5dB,-5,R1
0.8787029981613159,0,192,0.0,0.0,0.0,0.4,0.010416666666666666,0.16666666666666666,0.2,0.010416666666666666,0.08333333333333333,XC716476,whtdov,SNR_-5dB,-5,R1
0.9704852104187012,0,192,0.0,0.0,0.0,0.2,0.005208333333333333,0.04,0.1,0.005208333333333333,0.02,XC147509,whtdov,SNR_-5dB,-5,R1
0.8917691111564636,0,192,0.0,0.0,0.0,0.0,0.0,0.0,0.0,0.0,0.0,XC277692,whtdov,SNR_-5dB,-5,R1
0.9352755546569824,0,192,0.0,0.0,0.0,0.0,0.0,0.0,0.0,0.0,0.0,XC833664,whtdov,SNR_-5dB,-5,R1
0.9673660397529602,1,204,1.0,0.004901960784313725,1.0,0.4,0.00980392156862745,0.4,0.2,0.00980392156862745,0.2,XC469159,bobfly1,SNR_-5dB,-5,R1
0.9148567318916321,0,204,0.0,0.0,0.0,0.0,0.0,0.0,0.0,0.0,0.0,XC578500,bobfly1,SNR_-5dB,-5,R1
0.9197440147399902,0,204,0.0,0.0,0.0,0.2,0.004901960784313725,0.05,0.3,0.014705882352941176,0.10119047619047619,XC545844,bobfly1,SNR_-5dB,-5,R1
0.9527228474617004,0,204,0.0,0.0,0.0,0.4,0.00980392156862745,0.14666666666666667,0.3,0.014705882352941176,0.10666666666666666,XC427567,bobfly1,SNR_-5dB,-5,R1
0.8908650875091553,0,204,0.0,0.0,0.0,0.0,0.0,0.0,0.1,0.004901960784313725,0.01,XC583946,bobfly1,SNR_-5dB,-5,R1
0.9337117075920105,0,204,0.0,0.0,0.0,0.2,0.004901960784313725,0.1,0.2,0.00980392156862745,0.08333333333333333,XC235872,bobfly1,SNR_-5dB,-5,R1
0.9491815567016602,1,204,1.0,0.004901960784313725,1.0,0.2,0.004901960784313725,0.2,0.2,0.00980392156862745,0.13333333333333333,XC427566,bobfly1,SNR_-5dB,-5,R1
0.9465910792350769,1,204,1.0,0.004901960784313725,1.0,0.4,0.00980392156862745,0.3333333333333333,0.2,0.00980392156862745,0.16666666666666666,XC356904,bobfly1,SNR_-5dB,-5,R1
0.9373750686645508,1,204,1.0,0.004901960784313725,1.0,0.2,0.004901960784313725,0.2,0.4,0.0196078431372549,0.2261904761904762,XC841763,bobfly1,SNR_-5dB,-5,R1
0.9692614078521729,1,204,1.0,0.004901960784313725,1.0,0.2,0.004901960784313725,0.2,0.2,0.00980392156862745,0.13333333333333333,XC666481,bobfly1,SNR_-5dB,-5,R1
0.9106376767158508,0,155,0.0,0.0,0.0,0.0,0.0,0.0,0.0,0.0,0.0,XC944466,trokin,SNR_-5dB,-5,R1
0.9690391421318054,1,155,1.0,0.0064516129032258064,1.0,0.4,0.012903225806451613,0.27999999999999997,0.2,0.012903225806451613,0.13999999999999999,XC556661,trokin,SNR_-5dB,-5,R1
0.9193200469017029,0,155,0.0,0.0,0.0,0.0,0.0,0.0,0.2,0.012903225806451613,0.034722222222222224,XC131763,trokin,SNR_-5dB,-5,R1
0.9483867883682251,1,155,1.0,0.0064516129032258064,1.0,0.8,0.025806451612903226,0.8,0.7,0.04516129032258064,0.6468253968253969,XC282322,trokin,SNR_-5dB,-5,R1
0.9369757175445557,0,155,0.0,0.0,0.0,0.0,0.0,0.0,0.1,0.0064516129032258064,0.01111111111111111,XC287873,trokin,SNR_-5dB,-5,R1
0.907934308052063,0,155,0.0,0.0,0.0,0.2,0.0064516129032258064,0.04,0.1,0.0064516129032258064,0.02,XC944467,trokin,SNR_-5dB,-5,R1
0.9227545261383057,0,155,0.0,0.0,0.0,0.2,0.0064516129032258064,0.05,0.1,0.0064516129032258064,0.025,XC690960,trokin,SNR_-5dB,-5,R1
0.8858816027641296,0,155,0.0,0.0,0.0,0.4,0.012903225806451613,0.18,0.3,0.01935483870967742,0.12333333333333334,XC960832,trokin,SNR_-5dB,-5,R1
0.9364502429962158,0,155,0.0,0.0,0.0,0.0,0.0,0.0,0.0,0.0,0.0,XC490064,trokin,SNR_-5dB,-5,R1
0.9633142352104187,1,155,1.0,0.0064516129032258064,1.0,0.4,0.012903225806451613,0.4,0.5,0.03225806451612903,0.33730158730158727,XC282345,trokin,SNR_-5dB,-5,R1
