max_score,top1_match,total_relevant_in_gallery,P@1,R@1,AP@1,P@5,R@5,AP@5,P@10,R@10,AP@10,query_id,species_key,condition,snr_db,representation
0.7536853551864624,1,171,1.0,0.005847953216374269,1.0,1.0,0.029239766081871343,1.0,1.0,0.05847953216374269,1.0,XC1011212,coffal1,Clean,999,R2
0.8303713798522949,1,171,1.0,0.005847953216374269,1.0,1.0,0.029239766081871343,1.0,1.0,0.05847953216374269,1.0,XC518849,coffal1,Clean,999,R2
0.8310446739196777,1,171,1.0,0.005847953216374269,1.0,1.0,0.029239766081871343,1.0,1.0,0.05847953216374269,1.0,XC640029,coffal1,Clean,999,R2
0.8805561065673828,1,171,1.0,0.005847953216374269,1.0,1.0,0.029239766081871343,1.0,1.0,0.05847953216374269,1.0,XC238626,coffal1,Clean,999,R2
0.8039711713790894,1,171,1.0,0.005847953216374269,1.0,1.0,0.029239766081871343,1.0,1.0,0.05847953216374269,1.0,XC580510,coffal1,Clean,999,R2
0.7582052946090698,1,171,1.0,0.005847953216374269,1.0,1.0,0.029239766081871343,1.0,1.0,0.05847953216374269,1.0,XC841725,coffal1,Clean,999,R2
0.8221900463104248,1,171,1.0,0.005847953216374269,1.0,1.0,0.029239766081871343,1.0,1.0,0.05847953216374269,1.0,XC909155,coffal1,Clean,999,R2
0.8572400808334351,1,171,1.0,0.005847953216374269,1.0,1.0,0.029239766081871343,1.0,1.0,0.05847953216374269,1.0,XC597587,coffal1,Clean,999,R2
0.7949596643447876,1,171,1.0,0.005847953216374269,1.0,1.0,0.029239766081871343,1.0,1.0,0.05847953216374269,1.0,XC514068,coffal1,Clean,999,R2
0.9999118447303772,1,171,1.0,0.005847953216374269,1.0,1.0,0.029239766081871343,1.0,1.0,0.05847953216374269,1.0,XC915055,coffal1,Clean,999,R2
0.7197725772857666,1,221,1.0,0.004524886877828055,1.0,1.0,0.02262443438914027,1.0,1.0,0.04524886877828054,1.0,XC504846,sobtyr1,Clean,999,R2
0.808076024055481,1,221,1.0,0.004524886877828055,1.0,1.0,0.02262443438914027,1.0,1.0,0.04524886877828054,1.0,XC764623,sobtyr1,Clean,999,R2
0.7869851589202881,1,221,1.0,0.004524886877828055,1.0,1.0,0.02262443438914027,1.0,1.0,0.04524886877828054,1.0,XC653903,sobtyr1,Clean,999,R2
0.8225744366645813,1,221,1.0,0.004524886877828055,1.0,1.0,0.02262443438914027,1.0,1.0,0.04524886877828054,1.0,XC176886,sobtyr1,Clean,999,R2
0.638903021812439,0,221,0.0,0.0,0.0,0.4,0.00904977375565611,0.2,0.4,0.01809954751131222,0.20714285714285713,XC580800,sobtyr1,Clean,999,R2
0.7978628277778625,1,221,1.0,0.004524886877828055,1.0,1.0,0.02262443438914027,1.0,1.0,0.04524886877828054,1.0,XC763522,sobtyr1,Clean,999,R2
0.7069284915924072,1,221,1.0,0.004524886877828055,1.0,1.0,0.02262443438914027,1.0,1.0,0.04524886877828054,1.0,XC612769,sobtyr1,Clean,999,R2
0.7225618362426758,1,221,1.0,0.004524886877828055,1.0,1.0,0.02262443438914027,1.0,0.9,0.04072398190045249,0.8521031746031748,XC135348,sobtyr1,Clean,999,R2
0.7158877849578857,1,221,1.0,0.004524886877828055,1.0,1.0,0.02262443438914027,1.0,1.0,0.04524886877828054,1.0,XC1062368,sobtyr1,Clean,999,R2
0.6734208464622498,1,221,1.0,0.004524886877828055,1.0,1.0,0.02262443438914027,1.0,1.0,0.04524886877828054,1.0,XC653904,sobtyr1,Clean,999,R2
0.7887392044067383,1,223,1.0,0.004484304932735426,1.0,1.0,0.02242152466367713,1.0,1.0,0.04484304932735426,1.0,XC348691,greant1,Clean,999,R2
0.8078824877738953,1,223,1.0,0.004484304932735426,1.0,1.0,0.02242152466367713,1.0,1.0,0.04484304932735426,1.0,XC397818,greant1,Clean,999,R2
0.7250968813896179,1,223,1.0,0.004484304932735426,1.0,1.0,0.02242152466367713,1.0,1.0,0.04484304932735426,1.0,XC50033,greant1,Clean,999,R2
0.6917412281036377,1,223,1.0,0.004484304932735426,1.0,1.0,0.02242152466367713,1.0,1.0,0.04484304932735426,1.0,XC388556,greant1,Clean,999,R2
0.8695682883262634,1,223,1.0,0.004484304932735426,1.0,1.0,0.02242152466367713,1.0,1.0,0.04484304932735426,1.0,XC433819,greant1,Clean,999,R2
0.7480772733688354,1,223,1.0,0.004484304932735426,1.0,1.0,0.02242152466367713,1.0,1.0,0.04484304932735426,1.0,XC123928,greant1,Clean,999,R2
0.7878819704055786,1,223,1.0,0.004484304932735426,1.0,1.0,0.02242152466367713,1.0,1.0,0.04484304932735426,1.0,XC489684,greant1,Clean,999,R2
0.82872474193573,1,223,1.0,0.004484304932735426,1.0,1.0,0.02242152466367713,1.0,1.0,0.04484304932735426,1.0,XC452472,greant1,Clean,999,R2
0.6881522536277771,1,223,1.0,0.004484304932735426,1.0,0.6,0.013452914798206279,0.52,0.6,0.026905829596412557,0.4647619047619048,XC616309,greant1,Clean,999,R2
0.7367585301399231,1,223,1.0,0.004484304932735426,1.0,1.0,0.02242152466367713,1.0,1.0,0.04484304932735426,1.0,XC118887,greant1,Clean,999,R2
0.7740455865859985,1,231,1.0,0.004329004329004329,1.0,1.0,0.021645021645021644,1.0,1.0,0.04329004329004329,1.0,XC294719,squcuc1,Clean,999,R2
0.8046943545341492,1,231,1.0,0.004329004329004329,1.0,1.0,0.021645021645021644,1.0,1.0,0.04329004329004329,1.0,XC294724,squcuc1,Clean,999,R2
0.8612406849861145,1,231,1.0,0.004329004329004329,1.0,1.0,0.021645021645021644,1.0,1.0,0.04329004329004329,1.0,XC940505,squcuc1,Clean,999,R2
0.7391036748886108,1,231,1.0,0.004329004329004329,1.0,1.0,0.021645021645021644,1.0,1.0,0.04329004329004329,1.0,XC216157,squcuc1,Clean,999,R2
0.8041260242462158,1,231,1.0,0.004329004329004329,1.0,1.0,0.021645021645021644,1.0,1.0,0.04329004329004329,1.0,XC549930,squcuc1,Clean,999,R2
0.7141739130020142,1,231,1.0,0.004329004329004329,1.0,0.4,0.008658008658008658,0.27999999999999997,0.2,0.008658008658008658,0.13999999999999999,XC549933,squcuc1,Clean,999,R2
0.7395423650741577,1,231,1.0,0.004329004329004329,1.0,1.0,0.021645021645021644,1.0,0.8,0.03463203463203463,0.7327777777777778,XC549936,squcuc1,Clean,999,R2
0.7186898589134216,1,231,1.0,0.004329004329004329,1.0,1.0,0.021645021645021644,1.0,0.8,0.03463203463203463,0.7577777777777778,XC247099,squcuc1,Clean,999,R2
0.7323076725006104,1,231,1.0,0.004329004329004329,1.0,1.0,0.021645021645021644,1.0,1.0,0.04329004329004329,1.0,XC246934,squcuc1,Clean,999,R2
0.7361828088760376,1,231,1.0,0.004329004329004329,1.0,1.0,0.021645021645021644,1.0,1.0,0.04329004329004329,1.0,XC656889,squcuc1,Clean,999,R2
0.8111180067062378,1,159,1.0,0.006289308176100629,1.0,1.0,0.031446540880503145,1.0,1.0,0.06289308176100629,1.0,XC299640,roahaw,Clean,999,R2
0.7496426105499268,1,159,1.0,0.006289308176100629,1.0,1.0,0.031446540880503145,1.0,0.9,0.05660377358490566,0.9,XC372463,roahaw,Clean,999,R2
0.788909912109375,1,159,1.0,0.006289308176100629,1.0,1.0,0.031446540880503145,1.0,1.0,0.06289308176100629,1.0,XC288830,roahaw,Clean,999,R2
0.8404662013053894,1,159,1.0,0.006289308176100629,1.0,1.0,0.031446540880503145,1.0,1.0,0.06289308176100629,1.0,XC129438,roahaw,Clean,999,R2
0.8160351514816284,1,159,1.0,0.006289308176100629,1.0,1.0,0.031446540880503145,1.0,1.0,0.06289308176100629,1.0,XC772769,roahaw,Clean,999,R2
0.793682336807251,1,159,1.0,0.006289308176100629,1.0,1.0,0.031446540880503145,1.0,1.0,0.06289308176100629,1.0,XC716349,roahaw,Clean,999,R2
0.7769398093223572,1,159,1.0,0.006289308176100629,1.0,1.0,0.031446540880503145,1.0,1.0,0.06289308176100629,1.0,XC340156,roahaw,Clean,999,R2
0.8083145618438721,1,159,1.0,0.006289308176100629,1.0,1.0,0.031446540880503145,1.0,1.0,0.06289308176100629,1.0,XC680705,roahaw,Clean,999,R2
0.7045371532440186,1,159,1.0,0.006289308176100629,1.0,0.6,0.018867924528301886,0.42000000000000004,0.5,0.031446540880503145,0.31,XC235156,roahaw,Clean,999,R2
0.6587395668029785,1,159,1.0,0.006289308176100629,1.0,0.6,0.018867924528301886,0.4833333333333333,0.6,0.03773584905660377,0.4072222222222222,XC19527,roahaw,Clean,999,R2
0.6727759838104248,1,165,1.0,0.006060606060606061,1.0,0.4,0.012121212121212121,0.3,0.4,0.024242424242424242,0.23194444444444445,XC738930,trsowl,Clean,999,R2
0.734234094619751,1,165,1.0,0.006060606060606061,1.0,1.0,0.030303030303030304,1.0,1.0,0.06060606060606061,1.0,XC428741,trsowl,Clean,999,R2
0.8322113752365112,1,165,1.0,0.006060606060606061,1.0,1.0,0.030303030303030304,1.0,1.0,0.06060606060606061,1.0,XC597121,trsowl,Clean,999,R2
0.800277590751648,1,165,1.0,0.006060606060606061,1.0,1.0,0.030303030303030304,1.0,1.0,0.06060606060606061,1.0,XC549975,trsowl,Clean,999,R2
0.7958073019981384,1,165,1.0,0.006060606060606061,1.0,1.0,0.030303030303030304,1.0,1.0,0.06060606060606061,1.0,XC135491,trsowl,Clean,999,R2
0.786727786064148,1,165,1.0,0.006060606060606061,1.0,1.0,0.030303030303030304,1.0,1.0,0.06060606060606061,1.0,XC572606,trsowl,Clean,999,R2
0.7817237973213196,1,165,1.0,0.006060606060606061,1.0,1.0,0.030303030303030304,1.0,1.0,0.06060606060606061,1.0,XC236394,trsowl,Clean,999,R2
0.7082356214523315,1,165,1.0,0.006060606060606061,1.0,0.6,0.01818181818181818,0.6,0.7,0.04242424242424243,0.5747619047619048,XC447808,trsowl,Clean,999,R2
0.6571956872940063,1,165,1.0,0.006060606060606061,1.0,1.0,0.030303030303030304,1.0,1.0,0.06060606060606061,1.0,XC619067,trsowl,Clean,999,R2
0.7505799531936646,1,165,1.0,0.006060606060606061,1.0,1.0,0.030303030303030304,1.0,1.0,0.06060606060606061,1.0,XC730130,trsowl,Clean,999,R2
0.7764463424682617,0,203,0.0,0.0,0.0,0.8,0.019704433497536946,0.5433333333333333,0.6,0.029556650246305417,0.418095238095238,XC756928,banana,Clean,999,R2
0.787230372428894,1,203,1.0,0.0049261083743842365,1.0,1.0,0.024630541871921183,1.0,1.0,0.04926108374384237,1.0,XC190593,banana,Clean,999,R2
0.709782600402832,1,203,1.0,0.0049261083743842365,1.0,1.0,0.024630541871921183,1.0,0.7,0.034482758620689655,0.6875,XC247112,banana,Clean,999,R2
0.8224258422851562,1,203,1.0,0.0049261083743842365,1.0,1.0,0.024630541871921183,1.0,1.0,0.04926108374384237,1.0,XC561261,banana,Clean,999,R2
0.7723836898803711,1,203,1.0,0.0049261083743842365,1.0,1.0,0.024630541871921183,1.0,1.0,0.04926108374384237,1.0,XC127164,banana,Clean,999,R2
0.794021487236023,1,203,1.0,0.0049261083743842365,1.0,1.0,0.024630541871921183,1.0,1.0,0.04926108374384237,1.0,XC169559,banana,Clean,999,R2
0.8035964965820312,1,203,1.0,0.0049261083743842365,1.0,1.0,0.024630541871921183,1.0,1.0,0.04926108374384237,1.0,XC241562,banana,Clean,999,R2
0.6830607652664185,1,203,1.0,0.0049261083743842365,1.0,1.0,0.024630541871921183,1.0,1.0,0.04926108374384237,1.0,XC924739,banana,Clean,999,R2
0.8154255151748657,1,203,1.0,0.0049261083743842365,1.0,1.0,0.024630541871921183,1.0,0.9,0.04433497536945813,0.8788888888888889,XC541448,banana,Clean,999,R2
0.677331805229187,1,203,1.0,0.0049261083743842365,1.0,0.6,0.014778325123152709,0.4533333333333333,0.7,0.034482758620689655,0.4925,XC215467,banana,Clean,999,R2
0.7878522872924805,1,181,1.0,0.0055248618784530384,1.0,1.0,0.027624309392265192,1.0,1.0,0.055248618784530384,1.0,XC29087,baffal1,Clean,999,R2
0.8481844067573547,1,181,1.0,0.0055248618784530384,1.0,1.0,0.027624309392265192,1.0,1.0,0.055248618784530384,1.0,XC29088,baffal1,Clean,999,R2
0.7582288980484009,1,181,1.0,0.0055248618784530384,1.0,1.0,0.027624309392265192,1.0,1.0,0.055248618784530384,1.0,XC235886,baffal1,Clean,999,R2
0.8792587518692017,1,181,1.0,0.0055248618784530384,1.0,1.0,0.027624309392265192,1.0,1.0,0.055248618784530384,1.0,XC437953,baffal1,Clean,999,R2
0.8761157393455505,1,181,1.0,0.0055248618784530384,1.0,1.0,0.027624309392265192,1.0,1.0,0.055248618784530384,1.0,XC192816,baffal1,Clean,999,R2
0.8448820114135742,1,181,1.0,0.0055248618784530384,1.0,1.0,0.027624309392265192,1.0,1.0,0.055248618784530384,1.0,XC666482,baffal1,Clean,999,R2
0.852366030216217,1,181,1.0,0.0055248618784530384,1.0,1.0,0.027624309392265192,1.0,1.0,0.055248618784530384,1.0,XC727672,baffal1,Clean,999,R2
0.8406721353530884,1,181,1.0,0.0055248618784530384,1.0,1.0,0.027624309392265192,1.0,1.0,0.055248618784530384,1.0,XC745799,baffal1,Clean,999,R2
0.9013016223907471,1,181,1.0,0.0055248618784530384,1.0,1.0,0.027624309392265192,1.0,1.0,0.055248618784530384,1.0,XC546400,baffal1,Clean,999,R2
0.8703267574310303,1,181,1.0,0.0055248618784530384,1.0,1.0,0.027624309392265192,1.0,1.0,0.055248618784530384,1.0,XC192815,baffal1,Clean,999,R2
0.9042288064956665,1,137,1.0,0.0072992700729927005,1.0,1.0,0.0364963503649635,1.0,1.0,0.072992700729927,1.0,XC539586,soulap1,Clean,999,R2
0.8104459047317505,1,137,1.0,0.0072992700729927005,1.0,1.0,0.0364963503649635,1.0,1.0,0.072992700729927,1.0,XC9046,soulap1,Clean,999,R2
0.6819426417350769,1,137,1.0,0.0072992700729927005,1.0,1.0,0.0364963503649635,1.0,1.0,0.072992700729927,1.0,XC562682,soulap1,Clean,999,R2
0.8138342499732971,1,137,1.0,0.0072992700729927005,1.0,1.0,0.0364963503649635,1.0,1.0,0.072992700729927,1.0,XC51500,soulap1,Clean,999,R2
0.8612091541290283,1,137,1.0,0.0072992700729927005,1.0,1.0,0.0364963503649635,1.0,1.0,0.072992700729927,1.0,XC428133,soulap1,Clean,999,R2
0.7728227376937866,1,137,1.0,0.0072992700729927005,1.0,1.0,0.0364963503649635,1.0,1.0,0.072992700729927,1.0,XC47141,soulap1,Clean,999,R2
0.7266566157341003,1,137,1.0,0.0072992700729927005,1.0,1.0,0.0364963503649635,1.0,1.0,0.072992700729927,1.0,XC861228,soulap1,Clean,999,R2
0.7814021110534668,1,137,1.0,0.0072992700729927005,1.0,1.0,0.0364963503649635,1.0,1.0,0.072992700729927,1.0,XC549503,soulap1,Clean,999,R2
0.8422831296920776,1,137,1.0,0.0072992700729927005,1.0,1.0,0.0364963503649635,1.0,1.0,0.072992700729927,1.0,XC16003,soulap1,Clean,999,R2
0.8695724010467529,1,137,1.0,0.0072992700729927005,1.0,1.0,0.0364963503649635,1.0,1.0,0.072992700729927,1.0,XC48574,soulap1,Clean,999,R2
0.7930051684379578,1,154,1.0,0.006493506493506494,1.0,1.0,0.032467532467532464,1.0,1.0,0.06493506493506493,1.0,XC340516,strcuc1,Clean,999,R2
0.8150243163108826,1,154,1.0,0.006493506493506494,1.0,1.0,0.032467532467532464,1.0,1.0,0.06493506493506493,1.0,XC340515,strcuc1,Clean,999,R2
0.8330816030502319,1,154,1.0,0.006493506493506494,1.0,1.0,0.032467532467532464,1.0,1.0,0.06493506493506493,1.0,XC173304,strcuc1,Clean,999,R2
0.7282029390335083,1,154,1.0,0.006493506493506494,1.0,1.0,0.032467532467532464,1.0,1.0,0.06493506493506493,1.0,XC114965,strcuc1,Clean,999,R2
0.7553771734237671,1,154,1.0,0.006493506493506494,1.0,1.0,0.032467532467532464,1.0,1.0,0.06493506493506493,1.0,XC349929,strcuc1,Clean,999,R2
0.7432445287704468,1,154,1.0,0.006493506493506494,1.0,1.0,0.032467532467532464,1.0,1.0,0.06493506493506493,1.0,XC836228,strcuc1,Clean,999,R2
0.7765287160873413,1,154,1.0,0.006493506493506494,1.0,1.0,0.032467532467532464,1.0,1.0,0.06493506493506493,1.0,XC508606,strcuc1,Clean,999,R2
0.830950140953064,1,154,1.0,0.006493506493506494,1.0,1.0,0.032467532467532464,1.0,1.0,0.06493506493506493,1.0,XC593146,strcuc1,Clean,999,R2
0.8215006589889526,1,154,1.0,0.006493506493506494,1.0,1.0,0.032467532467532464,1.0,1.0,0.06493506493506493,1.0,XC240034,strcuc1,Clean,999,R2
0.8594293594360352,1,154,1.0,0.006493506493506494,1.0,1.0,0.032467532467532464,1.0,1.0,0.06493506493506493,1.0,XC114160,strcuc1,Clean,999,R2
0.8107509016990662,1,125,1.0,0.008,1.0,1.0,0.04,1.0,1.0,0.08,1.0,XC993685,pabspi1,Clean,999,R2
0.6606223583221436,1,125,1.0,0.008,1.0,1.0,0.04,1.0,1.0,0.08,1.0,XC506225,pabspi1,Clean,999,R2
0.8224998712539673,1,125,1.0,0.008,1.0,1.0,0.04,1.0,1.0,0.08,1.0,XC687712,pabspi1,Clean,999,R2
0.8056368827819824,1,125,1.0,0.008,1.0,1.0,0.04,1.0,1.0,0.08,1.0,XC506234,pabspi1,Clean,999,R2
0.8090146780014038,1,125,1.0,0.008,1.0,1.0,0.04,1.0,1.0,0.08,1.0,XC452493,pabspi1,Clean,999,R2
0.7656102776527405,1,125,1.0,0.008,1.0,1.0,0.04,1.0,1.0,0.08,1.0,XC701947,pabspi1,Clean,999,R2
0.6049777269363403,0,125,0.0,0.0,0.0,0.2,0.008,0.04,0.2,0.016,0.042222222222222223,XC701948,pabspi1,Clean,999,R2
0.7587387561798096,1,125,1.0,0.008,1.0,1.0,0.04,1.0,1.0,0.08,1.0,XC236174,pabspi1,Clean,999,R2
0.8267232775688171,1,125,1.0,0.008,1.0,1.0,0.04,1.0,1.0,0.08,1.0,XC391585,pabspi1,Clean,999,R2
0.7452152967453003,1,125,1.0,0.008,1.0,1.0,0.04,1.0,1.0,0.08,1.0,XC236176,pabspi1,Clean,999,R2
0.9129301905632019,1,266,1.0,0.0037593984962406013,1.0,1.0,0.018796992481203006,1.0,1.0,0.03759398496240601,1.0,XC268594,yeofly1,Clean,999,R2
0.8131955862045288,1,266,1.0,0.0037593984962406013,1.0,1.0,0.018796992481203006,1.0,1.0,0.03759398496240601,1.0,XC361117,yeofly1,Clean,999,R2
0.7481489181518555,1,266,1.0,0.0037593984962406013,1.0,0.8,0.015037593984962405,0.71,0.5,0.018796992481203006,0.4105555555555555,XC250157,yeofly1,Clean,999,R2
0.8508210182189941,1,266,1.0,0.0037593984962406013,1.0,1.0,0.018796992481203006,1.0,1.0,0.03759398496240601,1.0,XC46766,yeofly1,Clean,999,R2
0.8132339715957642,1,266,1.0,0.0037593984962406013,1.0,1.0,0.018796992481203006,1.0,1.0,0.03759398496240601,1.0,XC1031972,yeofly1,Clean,999,R2
0.7649487853050232,1,266,1.0,0.0037593984962406013,1.0,1.0,0.018796992481203006,1.0,1.0,0.03759398496240601,1.0,XC187210,yeofly1,Clean,999,R2
0.7305291891098022,1,266,1.0,0.0037593984962406013,1.0,1.0,0.018796992481203006,1.0,1.0,0.03759398496240601,1.0,XC512409,yeofly1,Clean,999,R2
0.792519211769104,1,266,1.0,0.0037593984962406013,1.0,1.0,0.018796992481203006,1.0,1.0,0.03759398496240601,1.0,XC611913,yeofly1,Clean,999,R2
0.8279198408126831,1,266,1.0,0.0037593984962406013,1.0,1.0,0.018796992481203006,1.0,1.0,0.03759398496240601,1.0,XC268592,yeofly1,Clean,999,R2
0.7866711616516113,1,266,1.0,0.0037593984962406013,1.0,1.0,0.018796992481203006,1.0,0.9,0.03383458646616541,0.866388888888889,XC583955,yeofly1,Clean,999,R2
0.7245160341262817,1,141,1.0,0.0070921985815602835,1.0,1.0,0.03546099290780142,1.0,0.7,0.04964539007092199,0.6634920634920636,XC192979,gycwor1,Clean,999,R2
0.8148173689842224,1,141,1.0,0.0070921985815602835,1.0,1.0,0.03546099290780142,1.0,1.0,0.07092198581560284,1.0,XC483682,gycwor1,Clean,999,R2
0.8487020134925842,1,141,1.0,0.0070921985815602835,1.0,1.0,0.03546099290780142,1.0,1.0,0.07092198581560284,1.0,XC772156,gycwor1,Clean,999,R2
0.7450574636459351,1,141,1.0,0.0070921985815602835,1.0,1.0,0.03546099290780142,1.0,0.8,0.05673758865248227,0.8,XC501765,gycwor1,Clean,999,R2
0.8209342956542969,1,141,1.0,0.0070921985815602835,1.0,1.0,0.03546099290780142,1.0,1.0,0.07092198581560284,1.0,XC1012395,gycwor1,Clean,999,R2
0.8753787279129028,1,141,1.0,0.0070921985815602835,1.0,1.0,0.03546099290780142,1.0,1.0,0.07092198581560284,1.0,XC843813,gycwor1,Clean,999,R2
0.8738621473312378,1,141,1.0,0.0070921985815602835,1.0,1.0,0.03546099290780142,1.0,1.0,0.07092198581560284,1.0,XC216181,gycwor1,Clean,999,R2
0.8500217199325562,1,141,1.0,0.0070921985815602835,1.0,1.0,0.03546099290780142,1.0,1.0,0.07092198581560284,1.0,XC352281,gycwor1,Clean,999,R2
0.8530775308609009,1,141,1.0,0.0070921985815602835,1.0,1.0,0.03546099290780142,1.0,1.0,0.07092198581560284,1.0,XC335167,gycwor1,Clean,999,R2
0.8384100198745728,1,141,1.0,0.0070921985815602835,1.0,1.0,0.03546099290780142,1.0,1.0,0.07092198581560284,1.0,XC197443,gycwor1,Clean,999,R2
0.7795929908752441,1,142,1.0,0.007042253521126761,1.0,1.0,0.035211267605633804,1.0,1.0,0.07042253521126761,1.0,XC254120,compau,Clean,999,R2
0.7193341255187988,0,142,0.0,0.0,0.0,0.0,0.0,0.0,0.0,0.0,0.0,XC225326,compau,Clean,999,R2
0.8533154726028442,1,142,1.0,0.007042253521126761,1.0,1.0,0.035211267605633804,1.0,1.0,0.07042253521126761,1.0,XC236447,compau,Clean,999,R2
0.8344841003417969,1,142,1.0,0.007042253521126761,1.0,1.0,0.035211267605633804,1.0,1.0,0.07042253521126761,1.0,XC311012,compau,Clean,999,R2
0.7810662984848022,1,142,1.0,0.007042253521126761,1.0,1.0,0.035211267605633804,1.0,1.0,0.07042253521126761,1.0,XC285306,compau,Clean,999,R2
0.783395528793335,1,142,1.0,0.007042253521126761,1.0,1.0,0.035211267605633804,1.0,1.0,0.07042253521126761,1.0,XC592920,compau,Clean,999,R2
0.7409635186195374,1,142,1.0,0.007042253521126761,1.0,1.0,0.035211267605633804,1.0,1.0,0.07042253521126761,1.0,XC221567,compau,Clean,999,R2
0.5867828130722046,0,142,0.0,0.0,0.0,0.4,0.014084507042253521,0.2,0.5,0.035211267605633804,0.25555555555555554,XC630102,compau,Clean,999,R2
0.8110071420669556,1,142,1.0,0.007042253521126761,1.0,1.0,0.035211267605633804,1.0,1.0,0.07042253521126761,1.0,XC427477,compau,Clean,999,R2
0.7434934973716736,1,142,1.0,0.007042253521126761,1.0,1.0,0.035211267605633804,1.0,1.0,0.07042253521126761,1.0,XC943093,compau,Clean,999,R2
0.9170368313789368,1,198,1.0,0.005050505050505051,1.0,1.0,0.025252525252525252,1.0,1.0,0.050505050505050504,1.0,XC433820,barant1,Clean,999,R2
0.8764644861221313,1,198,1.0,0.005050505050505051,1.0,1.0,0.025252525252525252,1.0,1.0,0.050505050505050504,1.0,XC459559,barant1,Clean,999,R2
0.6372724175453186,1,198,1.0,0.005050505050505051,1.0,0.4,0.010101010101010102,0.3333333333333333,0.3,0.015151515151515152,0.2095238095238095,XC732448,barant1,Clean,999,R2
0.8893294930458069,1,198,1.0,0.005050505050505051,1.0,1.0,0.025252525252525252,1.0,1.0,0.050505050505050504,1.0,XC716450,barant1,Clean,999,R2
0.8171153664588928,1,198,1.0,0.005050505050505051,1.0,1.0,0.025252525252525252,1.0,1.0,0.050505050505050504,1.0,XC354908,barant1,Clean,999,R2
0.7768394947052002,1,198,1.0,0.005050505050505051,1.0,1.0,0.025252525252525252,1.0,1.0,0.050505050505050504,1.0,XC428067,barant1,Clean,999,R2
0.7778987884521484,1,198,1.0,0.005050505050505051,1.0,1.0,0.025252525252525252,1.0,1.0,0.050505050505050504,1.0,XC685458,barant1,Clean,999,R2
0.8165875673294067,1,198,1.0,0.005050505050505051,1.0,1.0,0.025252525252525252,1.0,1.0,0.050505050505050504,1.0,XC676256,barant1,Clean,999,R2
0.8714041709899902,1,198,1.0,0.005050505050505051,1.0,1.0,0.025252525252525252,1.0,1.0,0.050505050505050504,1.0,XC443189,barant1,Clean,999,R2
0.8155587911605835,1,198,1.0,0.005050505050505051,1.0,1.0,0.025252525252525252,1.0,1.0,0.050505050505050504,1.0,XC752776,barant1,Clean,999,R2
0.7851889729499817,1,201,1.0,0.004975124378109453,1.0,1.0,0.024875621890547265,1.0,1.0,0.04975124378109453,1.0,XC695270,pirfly1,Clean,999,R2
0.6284006834030151,1,201,1.0,0.004975124378109453,1.0,1.0,0.024875621890547265,1.0,0.9,0.04477611940298507,0.89,XC199153,pirfly1,Clean,999,R2
0.8018462657928467,1,201,1.0,0.004975124378109453,1.0,1.0,0.024875621890547265,1.0,1.0,0.04975124378109453,1.0,XC575453,pirfly1,Clean,999,R2
0.8301488161087036,1,201,1.0,0.004975124378109453,1.0,1.0,0.024875621890547265,1.0,1.0,0.04975124378109453,1.0,XC199221,pirfly1,Clean,999,R2
0.7520895600318909,1,201,1.0,0.004975124378109453,1.0,1.0,0.024875621890547265,1.0,1.0,0.04975124378109453,1.0,XC1050422,pirfly1,Clean,999,R2
0.6954363584518433,1,201,1.0,0.004975124378109453,1.0,1.0,0.024875621890547265,1.0,0.9,0.04477611940298507,0.9,XC249521,pirfly1,Clean,999,R2
0.7156610488891602,1,201,1.0,0.004975124378109453,1.0,1.0,0.024875621890547265,1.0,1.0,0.04975124378109453,1.0,XC249067,pirfly1,Clean,999,R2
0.7406152486801147,1,201,1.0,0.004975124378109453,1.0,1.0,0.024875621890547265,1.0,1.0,0.04975124378109453,1.0,XC249418,pirfly1,Clean,999,R2
0.821517825126648,1,201,1.0,0.004975124378109453,1.0,1.0,0.024875621890547265,1.0,1.0,0.04975124378109453,1.0,XC249520,pirfly1,Clean,999,R2
0.8047472834587097,1,201,1.0,0.004975124378109453,1.0,1.0,0.024875621890547265,1.0,1.0,0.04975124378109453,1.0,XC764117,pirfly1,Clean,999,R2
0.6884417533874512,1,184,1.0,0.005434782608695652,1.0,1.0,0.02717391304347826,1.0,0.8,0.043478260869565216,0.788888888888889,XC174648,linwoo1,Clean,999,R2
0.8000918030738831,1,184,1.0,0.005434782608695652,1.0,1.0,0.02717391304347826,1.0,1.0,0.05434782608695652,1.0,XC550450,linwoo1,Clean,999,R2
0.7777132987976074,1,184,1.0,0.005434782608695652,1.0,1.0,0.02717391304347826,1.0,1.0,0.05434782608695652,1.0,XC550448,linwoo1,Clean,999,R2
0.7581788301467896,1,184,1.0,0.005434782608695652,1.0,1.0,0.02717391304347826,1.0,1.0,0.05434782608695652,1.0,XC379497,linwoo1,Clean,999,R2
0.8263620138168335,1,184,1.0,0.005434782608695652,1.0,1.0,0.02717391304347826,1.0,1.0,0.05434782608695652,1.0,XC732161,linwoo1,Clean,999,R2
0.7213485240936279,1,184,1.0,0.005434782608695652,1.0,1.0,0.02717391304347826,1.0,1.0,0.05434782608695652,1.0,XC261880,linwoo1,Clean,999,R2
0.7665222883224487,1,184,1.0,0.005434782608695652,1.0,1.0,0.02717391304347826,1.0,1.0,0.05434782608695652,1.0,XC250796,linwoo1,Clean,999,R2
0.7821192741394043,1,184,1.0,0.005434782608695652,1.0,1.0,0.02717391304347826,1.0,1.0,0.05434782608695652,1.0,XC542823,linwoo1,Clean,999,R2
0.6809297800064087,1,184,1.0,0.005434782608695652,1.0,0.2,0.005434782608695652,0.2,0.2,0.010869565217391304,0.13333333333333333,XC688346,linwoo1,Clean,999,R2
0.6838186979293823,1,184,1.0,0.005434782608695652,1.0,1.0,0.02717391304347826,1.0,1.0,0.05434782608695652,1.0,XC197473,linwoo1,Clean,999,R2
0.7295169830322266,1,192,1.0,0.005208333333333333,1.0,1.0,0.026041666666666668,1.0,1.0,0.052083333333333336,1.0,XC238416,whtdov,Clean,999,R2
0.6502586603164673,0,192,0.0,0.0,0.0,0.0,0.0,0.0,0.0,0.0,0.0,XC235857,whtdov,Clean,999,R2
0.7121257781982422,1,192,1.0,0.005208333333333333,1.0,1.0,0.026041666666666668,1.0,1.0,0.052083333333333336,1.0,XC238417,whtdov,Clean,999,R2
0.8327044248580933,1,192,1.0,0.005208333333333333,1.0,1.0,0.026041666666666668,1.0,1.0,0.052083333333333336,1.0,XC294701,whtdov,Clean,999,R2
0.7891403436660767,0,192,0.0,0.0,0.0,0.8,0.020833333333333332,0.5433333333333333,0.9,0.046875,0.7071031746031746,XC388552,whtdov,Clean,999,R2
0.6852429509162903,1,192,1.0,0.005208333333333333,1.0,1.0,0.026041666666666668,1.0,1.0,0.052083333333333336,1.0,XC538235,whtdov,Clean,999,R2
0.6618200540542603,0,192,0.0,0.0,0.0,0.4,0.010416666666666666,0.2,0.4,0.020833333333333332,0.18285714285714288,XC716476,whtdov,Clean,999,R2
0.8233317136764526,1,192,1.0,0.005208333333333333,1.0,1.0,0.026041666666666668,1.0,1.0,0.052083333333333336,1.0,XC147509,whtdov,Clean,999,R2
0.7804645895957947,1,192,1.0,0.005208333333333333,1.0,1.0,0.026041666666666668,1.0,1.0,0.052083333333333336,1.0,XC277692,whtdov,Clean,999,R2
0.7231394052505493,0,192,0.0,0.0,0.0,0.2,0.005208333333333333,0.06666666666666667,0.3,0.015625,0.09166666666666665,XC833664,whtdov,Clean,999,R2
0.7180991172790527,1,204,1.0,0.004901960784313725,1.0,0.8,0.0196078431372549,0.8,0.8,0.0392156862745098,0.7268253968253968,XC469159,bobfly1,Clean,999,R2
0.7863367199897766,1,204,1.0,0.004901960784313725,1.0,1.0,0.024509803921568627,1.0,1.0,0.049019607843137254,1.0,XC578500,bobfly1,Clean,999,R2
0.8262065649032593,1,204,1.0,0.004901960784313725,1.0,1.0,0.024509803921568627,1.0,1.0,0.049019607843137254,1.0,XC545844,bobfly1,Clean,999,R2
0.7240012884140015,1,204,1.0,0.004901960784313725,1.0,1.0,0.024509803921568627,1.0,1.0,0.049019607843137254,1.0,XC427567,bobfly1,Clean,999,R2
0.8637268543243408,1,204,1.0,0.004901960784313725,1.0,1.0,0.024509803921568627,1.0,1.0,0.049019607843137254,1.0,XC583946,bobfly1,Clean,999,R2
0.742863655090332,1,204,1.0,0.004901960784313725,1.0,1.0,0.024509803921568627,1.0,1.0,0.049019607843137254,1.0,XC235872,bobfly1,Clean,999,R2
0.7823463678359985,1,204,1.0,0.004901960784313725,1.0,1.0,0.024509803921568627,1.0,1.0,0.049019607843137254,1.0,XC427566,bobfly1,Clean,999,R2
0.7314243316650391,1,204,1.0,0.004901960784313725,1.0,1.0,0.024509803921568627,1.0,0.9,0.04411764705882353,0.9,XC356904,bobfly1,Clean,999,R2
0.740606427192688,1,204,1.0,0.004901960784313725,1.0,1.0,0.024509803921568627,1.0,1.0,0.049019607843137254,1.0,XC841763,bobfly1,Clean,999,R2
0.8068760633468628,1,204,1.0,0.004901960784313725,1.0,1.0,0.024509803921568627,1.0,1.0,0.049019607843137254,1.0,XC666481,bobfly1,Clean,999,R2
0.8354047536849976,1,155,1.0,0.0064516129032258064,1.0,1.0,0.03225806451612903,1.0,1.0,0.06451612903225806,1.0,XC944466,trokin,Clean,999,R2
0.7586455941200256,1,155,1.0,0.0064516129032258064,1.0,1.0,0.03225806451612903,1.0,1.0,0.06451612903225806,1.0,XC556661,trokin,Clean,999,R2
0.8730210661888123,1,155,1.0,0.0064516129032258064,1.0,1.0,0.03225806451612903,1.0,1.0,0.06451612903225806,1.0,XC131763,trokin,Clean,999,R2
0.7021127939224243,1,155,1.0,0.0064516129032258064,1.0,1.0,0.03225806451612903,1.0,1.0,0.06451612903225806,1.0,XC282322,trokin,Clean,999,R2
0.8303903341293335,1,155,1.0,0.0064516129032258064,1.0,1.0,0.03225806451612903,1.0,1.0,0.06451612903225806,1.0,XC287873,trokin,Clean,999,R2
0.8308091163635254,1,155,1.0,0.0064516129032258064,1.0,1.0,0.03225806451612903,1.0,1.0,0.06451612903225806,1.0,XC944467,trokin,Clean,999,R2
0.8228844404220581,1,155,1.0,0.0064516129032258064,1.0,1.0,0.03225806451612903,1.0,1.0,0.06451612903225806,1.0,XC690960,trokin,Clean,999,R2
0.8589712381362915,0,155,0.0,0.0,0.0,0.0,0.0,0.0,0.0,0.0,0.0,XC960832,trokin,Clean,999,R2
0.7321981191635132,1,155,1.0,0.0064516129032258064,1.0,1.0,0.03225806451612903,1.0,0.9,0.05806451612903226,0.9,XC490064,trokin,Clean,999,R2
0.7415445446968079,1,155,1.0,0.0064516129032258064,1.0,1.0,0.03225806451612903,1.0,1.0,0.06451612903225806,1.0,XC282345,trokin,Clean,999,R2
0.7086933851242065,1,171,1.0,0.005847953216374269,1.0,1.0,0.029239766081871343,1.0,1.0,0.05847953216374269,1.0,XC1011212,coffal1,SNR_20dB,20,R2
0.8102152347564697,1,171,1.0,0.005847953216374269,1.0,1.0,0.029239766081871343,1.0,1.0,0.05847953216374269,1.0,XC518849,coffal1,SNR_20dB,20,R2
0.8453301191329956,1,171,1.0,0.005847953216374269,1.0,1.0,0.029239766081871343,1.0,1.0,0.05847953216374269,1.0,XC640029,coffal1,SNR_20dB,20,R2
0.8205341696739197,1,171,1.0,0.005847953216374269,1.0,1.0,0.029239766081871343,1.0,1.0,0.05847953216374269,1.0,XC238626,coffal1,SNR_20dB,20,R2
0.7358007431030273,1,171,1.0,0.005847953216374269,1.0,1.0,0.029239766081871343,1.0,1.0,0.05847953216374269,1.0,XC580510,coffal1,SNR_20dB,20,R2
0.764332115650177,1,171,1.0,0.005847953216374269,1.0,1.0,0.029239766081871343,1.0,1.0,0.05847953216374269,1.0,XC841725,coffal1,SNR_20dB,20,R2
0.8107423782348633,1,171,1.0,0.005847953216374269,1.0,1.0,0.029239766081871343,1.0,1.0,0.05847953216374269,1.0,XC909155,coffal1,SNR_20dB,20,R2
0.8564391136169434,1,171,1.0,0.005847953216374269,1.0,1.0,0.029239766081871343,1.0,1.0,0.05847953216374269,1.0,XC597587,coffal1,SNR_20dB,20,R2
0.7511494755744934,1,171,1.0,0.005847953216374269,1.0,1.0,0.029239766081871343,1.0,1.0,0.05847953216374269,1.0,XC514068,coffal1,SNR_20dB,20,R2
0.9494456648826599,1,171,1.0,0.005847953216374269,1.0,1.0,0.029239766081871343,1.0,1.0,0.05847953216374269,1.0,XC915055,coffal1,SNR_20dB,20,R2
0.7152246236801147,1,221,1.0,0.004524886877828055,1.0,1.0,0.02262443438914027,1.0,1.0,0.04524886877828054,1.0,XC504846,sobtyr1,SNR_20dB,20,R2
0.7858428955078125,1,221,1.0,0.004524886877828055,1.0,1.0,0.02262443438914027,1.0,1.0,0.04524886877828054,1.0,XC764623,sobtyr1,SNR_20dB,20,R2
0.7349870204925537,1,221,1.0,0.004524886877828055,1.0,1.0,0.02262443438914027,1.0,1.0,0.04524886877828054,1.0,XC653903,sobtyr1,SNR_20dB,20,R2
0.7757084369659424,1,221,1.0,0.004524886877828055,1.0,1.0,0.02262443438914027,1.0,1.0,0.04524886877828054,1.0,XC176886,sobtyr1,SNR_20dB,20,R2
0.7068370580673218,0,221,0.0,0.0,0.0,0.8,0.01809954751131222,0.5433333333333333,0.8,0.03619909502262444,0.5877777777777777,XC580800,sobtyr1,SNR_20dB,20,R2
0.785557746887207,1,221,1.0,0.004524886877828055,1.0,1.0,0.02262443438914027,1.0,1.0,0.04524886877828054,1.0,XC763522,sobtyr1,SNR_20dB,20,R2
0.7070387601852417,1,221,1.0,0.004524886877828055,1.0,1.0,0.02262443438914027,1.0,1.0,0.04524886877828054,1.0,XC612769,sobtyr1,SNR_20dB,20,R2
0.6957181096076965,1,221,1.0,0.004524886877828055,1.0,1.0,0.02262443438914027,1.0,1.0,0.04524886877828054,1.0,XC135348,sobtyr1,SNR_20dB,20,R2
0.7296457290649414,1,221,1.0,0.004524886877828055,1.0,1.0,0.02262443438914027,1.0,1.0,0.04524886877828054,1.0,XC1062368,sobtyr1,SNR_20dB,20,R2
0.6541274189949036,1,221,1.0,0.004524886877828055,1.0,1.0,0.02262443438914027,1.0,1.0,0.04524886877828054,1.0,XC653904,sobtyr1,SNR_20dB,20,R2
0.7828834652900696,1,223,1.0,0.004484304932735426,1.0,1.0,0.02242152466367713,1.0,1.0,0.04484304932735426,1.0,XC348691,greant1,SNR_20dB,20,R2
0.8084452152252197,1,223,1.0,0.004484304932735426,1.0,1.0,0.02242152466367713,1.0,1.0,0.04484304932735426,1.0,XC397818,greant1,SNR_20dB,20,R2
0.7143884897232056,1,223,1.0,0.004484304932735426,1.0,0.8,0.017937219730941704,0.76,0.9,0.04035874439461883,0.815436507936508,XC50033,greant1,SNR_20dB,20,R2
0.7086706757545471,1,223,1.0,0.004484304932735426,1.0,1.0,0.02242152466367713,1.0,1.0,0.04484304932735426,1.0,XC388556,greant1,SNR_20dB,20,R2
0.872570276260376,1,223,1.0,0.004484304932735426,1.0,1.0,0.02242152466367713,1.0,1.0,0.04484304932735426,1.0,XC433819,greant1,SNR_20dB,20,R2
0.7440523505210876,1,223,1.0,0.004484304932735426,1.0,1.0,0.02242152466367713,1.0,1.0,0.04484304932735426,1.0,XC123928,greant1,SNR_20dB,20,R2
0.8153537511825562,1,223,1.0,0.004484304932735426,1.0,1.0,0.02242152466367713,1.0,1.0,0.04484304932735426,1.0,XC489684,greant1,SNR_20dB,20,R2
0.8307620882987976,1,223,1.0,0.004484304932735426,1.0,1.0,0.02242152466367713,1.0,1.0,0.04484304932735426,1.0,XC452472,greant1,SNR_20dB,20,R2
0.6955592036247253,1,223,1.0,0.004484304932735426,1.0,0.6,0.013452914798206279,0.52,0.7,0.03139013452914798,0.5430952380952381,XC616309,greant1,SNR_20dB,20,R2
0.6780052185058594,1,223,1.0,0.004484304932735426,1.0,1.0,0.02242152466367713,1.0,1.0,0.04484304932735426,1.0,XC118887,greant1,SNR_20dB,20,R2
0.7736896276473999,1,231,1.0,0.004329004329004329,1.0,1.0,0.021645021645021644,1.0,1.0,0.04329004329004329,1.0,XC294719,squcuc1,SNR_20dB,20,R2
0.8312697410583496,1,231,1.0,0.004329004329004329,1.0,1.0,0.021645021645021644,1.0,1.0,0.04329004329004329,1.0,XC294724,squcuc1,SNR_20dB,20,R2
0.7821111679077148,1,231,1.0,0.004329004329004329,1.0,1.0,0.021645021645021644,1.0,1.0,0.04329004329004329,1.0,XC940505,squcuc1,SNR_20dB,20,R2
0.7391526699066162,1,231,1.0,0.004329004329004329,1.0,1.0,0.021645021645021644,1.0,1.0,0.04329004329004329,1.0,XC216157,squcuc1,SNR_20dB,20,R2
0.8105049729347229,1,231,1.0,0.004329004329004329,1.0,1.0,0.021645021645021644,1.0,1.0,0.04329004329004329,1.0,XC549930,squcuc1,SNR_20dB,20,R2
0.6435719728469849,1,231,1.0,0.004329004329004329,1.0,0.4,0.008658008658008658,0.3333333333333333,0.4,0.017316017316017316,0.26666666666666666,XC549933,squcuc1,SNR_20dB,20,R2
0.6637512445449829,1,231,1.0,0.004329004329004329,1.0,1.0,0.021645021645021644,1.0,1.0,0.04329004329004329,1.0,XC549936,squcuc1,SNR_20dB,20,R2
0.7026026248931885,1,231,1.0,0.004329004329004329,1.0,1.0,0.021645021645021644,1.0,0.9,0.03896103896103896,0.89,XC247099,squcuc1,SNR_20dB,20,R2
0.7299823760986328,1,231,1.0,0.004329004329004329,1.0,1.0,0.021645021645021644,1.0,1.0,0.04329004329004329,1.0,XC246934,squcuc1,SNR_20dB,20,R2
0.7337163090705872,1,231,1.0,0.004329004329004329,1.0,1.0,0.021645021645021644,1.0,1.0,0.04329004329004329,1.0,XC656889,squcuc1,SNR_20dB,20,R2
0.7858833074569702,1,159,1.0,0.006289308176100629,1.0,1.0,0.031446540880503145,1.0,1.0,0.06289308176100629,1.0,XC299640,roahaw,SNR_20dB,20,R2
0.7339974641799927,1,159,1.0,0.006289308176100629,1.0,1.0,0.031446540880503145,1.0,1.0,0.06289308176100629,1.0,XC372463,roahaw,SNR_20dB,20,R2
0.801960825920105,1,159,1.0,0.006289308176100629,1.0,1.0,0.031446540880503145,1.0,1.0,0.06289308176100629,1.0,XC288830,roahaw,SNR_20dB,20,R2
0.802575945854187,1,159,1.0,0.006289308176100629,1.0,1.0,0.031446540880503145,1.0,1.0,0.06289308176100629,1.0,XC129438,roahaw,SNR_20dB,20,R2
0.8235834836959839,1,159,1.0,0.006289308176100629,1.0,1.0,0.031446540880503145,1.0,1.0,0.06289308176100629,1.0,XC772769,roahaw,SNR_20dB,20,R2
0.7743512392044067,1,159,1.0,0.006289308176100629,1.0,1.0,0.031446540880503145,1.0,1.0,0.06289308176100629,1.0,XC716349,roahaw,SNR_20dB,20,R2
0.7559835910797119,1,159,1.0,0.006289308176100629,1.0,1.0,0.031446540880503145,1.0,1.0,0.06289308176100629,1.0,XC340156,roahaw,SNR_20dB,20,R2
0.7822744846343994,1,159,1.0,0.006289308176100629,1.0,1.0,0.031446540880503145,1.0,1.0,0.06289308176100629,1.0,XC680705,roahaw,SNR_20dB,20,R2
0.707865834236145,0,159,0.0,0.0,0.0,0.6,0.018867924528301886,0.2866666666666666,0.5,0.031446540880503145,0.25999999999999995,XC235156,roahaw,SNR_20dB,20,R2
0.6612347364425659,1,159,1.0,0.006289308176100629,1.0,0.8,0.025157232704402517,0.71,0.8,0.050314465408805034,0.6915476190476191,XC19527,roahaw,SNR_20dB,20,R2
0.6384723782539368,1,165,1.0,0.006060606060606061,1.0,0.6,0.01818181818181818,0.42000000000000004,0.4,0.024242424242424242,0.25,XC738930,trsowl,SNR_20dB,20,R2
0.7035771608352661,1,165,1.0,0.006060606060606061,1.0,1.0,0.030303030303030304,1.0,1.0,0.06060606060606061,1.0,XC428741,trsowl,SNR_20dB,20,R2
0.7424771785736084,1,165,1.0,0.006060606060606061,1.0,1.0,0.030303030303030304,1.0,1.0,0.06060606060606061,1.0,XC597121,trsowl,SNR_20dB,20,R2
0.7945287823677063,1,165,1.0,0.006060606060606061,1.0,1.0,0.030303030303030304,1.0,1.0,0.06060606060606061,1.0,XC549975,trsowl,SNR_20dB,20,R2
0.7634025812149048,1,165,1.0,0.006060606060606061,1.0,1.0,0.030303030303030304,1.0,1.0,0.06060606060606061,1.0,XC135491,trsowl,SNR_20dB,20,R2
0.7853307723999023,1,165,1.0,0.006060606060606061,1.0,1.0,0.030303030303030304,1.0,1.0,0.06060606060606061,1.0,XC572606,trsowl,SNR_20dB,20,R2
0.7361555099487305,1,165,1.0,0.006060606060606061,1.0,1.0,0.030303030303030304,1.0,1.0,0.06060606060606061,1.0,XC236394,trsowl,SNR_20dB,20,R2
0.6674647331237793,0,165,0.0,0.0,0.0,0.8,0.024242424242424242,0.5433333333333333,0.6,0.03636363636363636,0.4216666666666667,XC447808,trsowl,SNR_20dB,20,R2
0.6702221632003784,1,165,1.0,0.006060606060606061,1.0,1.0,0.030303030303030304,1.0,1.0,0.06060606060606061,1.0,XC619067,trsowl,SNR_20dB,20,R2
0.6352533102035522,1,165,1.0,0.006060606060606061,1.0,1.0,0.030303030303030304,1.0,0.9,0.05454545454545454,0.8788888888888889,XC730130,trsowl,SNR_20dB,20,R2
0.6900194883346558,1,203,1.0,0.0049261083743842365,1.0,0.8,0.019704433497536946,0.71,0.9,0.04433497536945813,0.790436507936508,XC756928,banana,SNR_20dB,20,R2
0.7461221218109131,1,203,1.0,0.0049261083743842365,1.0,1.0,0.024630541871921183,1.0,1.0,0.04926108374384237,1.0,XC190593,banana,SNR_20dB,20,R2
0.703337550163269,1,203,1.0,0.0049261083743842365,1.0,0.8,0.019704433497536946,0.8,0.9,0.04433497536945813,0.8354365079365079,XC247112,banana,SNR_20dB,20,R2
0.8072019219398499,1,203,1.0,0.0049261083743842365,1.0,1.0,0.024630541871921183,1.0,1.0,0.04926108374384237,1.0,XC561261,banana,SNR_20dB,20,R2
0.7656912207603455,1,203,1.0,0.0049261083743842365,1.0,1.0,0.024630541871921183,1.0,1.0,0.04926108374384237,1.0,XC127164,banana,SNR_20dB,20,R2
0.7817084193229675,1,203,1.0,0.0049261083743842365,1.0,1.0,0.024630541871921183,1.0,1.0,0.04926108374384237,1.0,XC169559,banana,SNR_20dB,20,R2
0.7438303232192993,1,203,1.0,0.0049261083743842365,1.0,1.0,0.024630541871921183,1.0,1.0,0.04926108374384237,1.0,XC241562,banana,SNR_20dB,20,R2
0.6932186484336853,1,203,1.0,0.0049261083743842365,1.0,1.0,0.024630541871921183,1.0,1.0,0.04926108374384237,1.0,XC924739,banana,SNR_20dB,20,R2
0.7992712259292603,1,203,1.0,0.0049261083743842365,1.0,1.0,0.024630541871921183,1.0,1.0,0.04926108374384237,1.0,XC541448,banana,SNR_20dB,20,R2
0.6287237405776978,0,203,0.0,0.0,0.0,0.4,0.009852216748768473,0.16666666666666666,0.4,0.019704433497536946,0.17063492063492064,XC215467,banana,SNR_20dB,20,R2
0.7843546867370605,1,181,1.0,0.0055248618784530384,1.0,1.0,0.027624309392265192,1.0,1.0,0.055248618784530384,1.0,XC29087,baffal1,SNR_20dB,20,R2
0.7818999290466309,1,181,1.0,0.0055248618784530384,1.0,1.0,0.027624309392265192,1.0,1.0,0.055248618784530384,1.0,XC29088,baffal1,SNR_20dB,20,R2
0.7211158871650696,1,181,1.0,0.0055248618784530384,1.0,1.0,0.027624309392265192,1.0,1.0,0.055248618784530384,1.0,XC235886,baffal1,SNR_20dB,20,R2
0.8443660140037537,1,181,1.0,0.0055248618784530384,1.0,1.0,0.027624309392265192,1.0,1.0,0.055248618784530384,1.0,XC437953,baffal1,SNR_20dB,20,R2
0.8413645029067993,1,181,1.0,0.0055248618784530384,1.0,1.0,0.027624309392265192,1.0,1.0,0.055248618784530384,1.0,XC192816,baffal1,SNR_20dB,20,R2
0.8359044194221497,1,181,1.0,0.0055248618784530384,1.0,1.0,0.027624309392265192,1.0,1.0,0.055248618784530384,1.0,XC666482,baffal1,SNR_20dB,20,R2
0.8230249881744385,1,181,1.0,0.0055248618784530384,1.0,1.0,0.027624309392265192,1.0,1.0,0.055248618784530384,1.0,XC727672,baffal1,SNR_20dB,20,R2
0.7883630990982056,1,181,1.0,0.0055248618784530384,1.0,1.0,0.027624309392265192,1.0,1.0,0.055248618784530384,1.0,XC745799,baffal1,SNR_20dB,20,R2
0.9018173217773438,1,181,1.0,0.0055248618784530384,1.0,1.0,0.027624309392265192,1.0,1.0,0.055248618784530384,1.0,XC546400,baffal1,SNR_20dB,20,R2
0.7889647483825684,1,181,1.0,0.0055248618784530384,1.0,1.0,0.027624309392265192,1.0,1.0,0.055248618784530384,1.0,XC192815,baffal1,SNR_20dB,20,R2
0.878572940826416,1,137,1.0,0.0072992700729927005,1.0,1.0,0.0364963503649635,1.0,1.0,0.072992700729927,1.0,XC539586,soulap1,SNR_20dB,20,R2
0.787714421749115,1,137,1.0,0.0072992700729927005,1.0,1.0,0.0364963503649635,1.0,1.0,0.072992700729927,1.0,XC9046,soulap1,SNR_20dB,20,R2
0.6668442487716675,1,137,1.0,0.0072992700729927005,1.0,1.0,0.0364963503649635,1.0,1.0,0.072992700729927,1.0,XC562682,soulap1,SNR_20dB,20,R2
0.7994958162307739,1,137,1.0,0.0072992700729927005,1.0,1.0,0.0364963503649635,1.0,1.0,0.072992700729927,1.0,XC51500,soulap1,SNR_20dB,20,R2
0.8633617162704468,1,137,1.0,0.0072992700729927005,1.0,1.0,0.0364963503649635,1.0,1.0,0.072992700729927,1.0,XC428133,soulap1,SNR_20dB,20,R2
0.6960787177085876,1,137,1.0,0.0072992700729927005,1.0,1.0,0.0364963503649635,1.0,1.0,0.072992700729927,1.0,XC47141,soulap1,SNR_20dB,20,R2
0.6206408739089966,1,137,1.0,0.0072992700729927005,1.0,1.0,0.0364963503649635,1.0,1.0,0.072992700729927,1.0,XC861228,soulap1,SNR_20dB,20,R2
0.7585573196411133,1,137,1.0,0.0072992700729927005,1.0,1.0,0.0364963503649635,1.0,1.0,0.072992700729927,1.0,XC549503,soulap1,SNR_20dB,20,R2
0.8038266897201538,1,137,1.0,0.0072992700729927005,1.0,1.0,0.0364963503649635,1.0,1.0,0.072992700729927,1.0,XC16003,soulap1,SNR_20dB,20,R2
0.8457396030426025,1,137,1.0,0.0072992700729927005,1.0,1.0,0.0364963503649635,1.0,1.0,0.072992700729927,1.0,XC48574,soulap1,SNR_20dB,20,R2
0.7615721821784973,1,154,1.0,0.006493506493506494,1.0,1.0,0.032467532467532464,1.0,1.0,0.06493506493506493,1.0,XC340516,strcuc1,SNR_20dB,20,R2
0.6542696952819824,1,154,1.0,0.006493506493506494,1.0,1.0,0.032467532467532464,1.0,1.0,0.06493506493506493,1.0,XC340515,strcuc1,SNR_20dB,20,R2
0.8038336038589478,1,154,1.0,0.006493506493506494,1.0,1.0,0.032467532467532464,1.0,1.0,0.06493506493506493,1.0,XC173304,strcuc1,SNR_20dB,20,R2
0.7296463251113892,1,154,1.0,0.006493506493506494,1.0,1.0,0.032467532467532464,1.0,1.0,0.06493506493506493,1.0,XC114965,strcuc1,SNR_20dB,20,R2
0.7145744562149048,1,154,1.0,0.006493506493506494,1.0,1.0,0.032467532467532464,1.0,1.0,0.06493506493506493,1.0,XC349929,strcuc1,SNR_20dB,20,R2
0.7437773942947388,1,154,1.0,0.006493506493506494,1.0,1.0,0.032467532467532464,1.0,1.0,0.06493506493506493,1.0,XC836228,strcuc1,SNR_20dB,20,R2
0.7633863687515259,1,154,1.0,0.006493506493506494,1.0,1.0,0.032467532467532464,1.0,1.0,0.06493506493506493,1.0,XC508606,strcuc1,SNR_20dB,20,R2
0.81426602602005,1,154,1.0,0.006493506493506494,1.0,1.0,0.032467532467532464,1.0,1.0,0.06493506493506493,1.0,XC593146,strcuc1,SNR_20dB,20,R2
0.7901465892791748,1,154,1.0,0.006493506493506494,1.0,1.0,0.032467532467532464,1.0,1.0,0.06493506493506493,1.0,XC240034,strcuc1,SNR_20dB,20,R2
0.8561397790908813,1,154,1.0,0.006493506493506494,1.0,1.0,0.032467532467532464,1.0,1.0,0.06493506493506493,1.0,XC114160,strcuc1,SNR_20dB,20,R2
0.787591814994812,1,125,1.0,0.008,1.0,1.0,0.04,1.0,1.0,0.08,1.0,XC993685,pabspi1,SNR_20dB,20,R2
0.6470901370048523,1,125,1.0,0.008,1.0,1.0,0.04,1.0,1.0,0.08,1.0,XC506225,pabspi1,SNR_20dB,20,R2
0.7977073192596436,1,125,1.0,0.008,1.0,1.0,0.04,1.0,1.0,0.08,1.0,XC687712,pabspi1,SNR_20dB,20,R2
0.794974684715271,1,125,1.0,0.008,1.0,1.0,0.04,1.0,1.0,0.08,1.0,XC506234,pabspi1,SNR_20dB,20,R2
0.7961182594299316,1,125,1.0,0.008,1.0,1.0,0.04,1.0,1.0,0.08,1.0,XC452493,pabspi1,SNR_20dB,20,R2
0.7599658966064453,1,125,1.0,0.008,1.0,1.0,0.04,1.0,1.0,0.08,1.0,XC701947,pabspi1,SNR_20dB,20,R2
0.6230559945106506,0,125,0.0,0.0,0.0,0.2,0.008,0.1,0.2,0.016,0.08333333333333333,XC701948,pabspi1,SNR_20dB,20,R2
0.7545725703239441,1,125,1.0,0.008,1.0,1.0,0.04,1.0,1.0,0.08,1.0,XC236174,pabspi1,SNR_20dB,20,R2
0.7780247926712036,1,125,1.0,0.008,1.0,1.0,0.04,1.0,1.0,0.08,1.0,XC391585,pabspi1,SNR_20dB,20,R2
0.7158368825912476,1,125,1.0,0.008,1.0,1.0,0.04,1.0,1.0,0.08,1.0,XC236176,pabspi1,SNR_20dB,20,R2
0.8716446161270142,1,266,1.0,0.0037593984962406013,1.0,1.0,0.018796992481203006,1.0,1.0,0.03759398496240601,1.0,XC268594,yeofly1,SNR_20dB,20,R2
0.7937294840812683,1,266,1.0,0.0037593984962406013,1.0,1.0,0.018796992481203006,1.0,1.0,0.03759398496240601,1.0,XC361117,yeofly1,SNR_20dB,20,R2
0.7496611475944519,1,266,1.0,0.0037593984962406013,1.0,0.6,0.011278195488721804,0.55,0.5,0.018796992481203006,0.4130952380952381,XC250157,yeofly1,SNR_20dB,20,R2
0.8294545412063599,1,266,1.0,0.0037593984962406013,1.0,1.0,0.018796992481203006,1.0,1.0,0.03759398496240601,1.0,XC46766,yeofly1,SNR_20dB,20,R2
0.81261146068573,1,266,1.0,0.0037593984962406013,1.0,1.0,0.018796992481203006,1.0,1.0,0.03759398496240601,1.0,XC1031972,yeofly1,SNR_20dB,20,R2
0.701677680015564,1,266,1.0,0.0037593984962406013,1.0,0.8,0.015037593984962405,0.8,0.5,0.018796992481203006,0.4625,XC187210,yeofly1,SNR_20dB,20,R2
0.6775325536727905,1,266,1.0,0.0037593984962406013,1.0,1.0,0.018796992481203006,1.0,1.0,0.03759398496240601,1.0,XC512409,yeofly1,SNR_20dB,20,R2
0.7968584299087524,1,266,1.0,0.0037593984962406013,1.0,1.0,0.018796992481203006,1.0,1.0,0.03759398496240601,1.0,XC611913,yeofly1,SNR_20dB,20,R2
0.8269946575164795,1,266,1.0,0.0037593984962406013,1.0,1.0,0.018796992481203006,1.0,1.0,0.03759398496240601,1.0,XC268592,yeofly1,SNR_20dB,20,R2
0.7599029541015625,1,266,1.0,0.0037593984962406013,1.0,1.0,0.018796992481203006,1.0,0.8,0.03007518796992481,0.7327777777777778,XC583955,yeofly1,SNR_20dB,20,R2
0.7139682769775391,1,141,1.0,0.0070921985815602835,1.0,1.0,0.03546099290780142,1.0,0.8,0.05673758865248227,0.7577777777777778,XC192979,gycwor1,SNR_20dB,20,R2
0.80977863073349,1,141,1.0,0.0070921985815602835,1.0,1.0,0.03546099290780142,1.0,1.0,0.07092198581560284,1.0,XC483682,gycwor1,SNR_20dB,20,R2
0.797188937664032,1,141,1.0,0.0070921985815602835,1.0,1.0,0.03546099290780142,1.0,1.0,0.07092198581560284,1.0,XC772156,gycwor1,SNR_20dB,20,R2
0.7641598582267761,1,141,1.0,0.0070921985815602835,1.0,1.0,0.03546099290780142,1.0,0.9,0.06382978723404255,0.866388888888889,XC501765,gycwor1,SNR_20dB,20,R2
0.810039758682251,1,141,1.0,0.0070921985815602835,1.0,1.0,0.03546099290780142,1.0,1.0,0.07092198581560284,1.0,XC1012395,gycwor1,SNR_20dB,20,R2
0.8528324365615845,1,141,1.0,0.0070921985815602835,1.0,1.0,0.03546099290780142,1.0,1.0,0.07092198581560284,1.0,XC843813,gycwor1,SNR_20dB,20,R2
0.8472670316696167,1,141,1.0,0.0070921985815602835,1.0,1.0,0.03546099290780142,1.0,1.0,0.07092198581560284,1.0,XC216181,gycwor1,SNR_20dB,20,R2
0.8385944962501526,1,141,1.0,0.0070921985815602835,1.0,1.0,0.03546099290780142,1.0,1.0,0.07092198581560284,1.0,XC352281,gycwor1,SNR_20dB,20,R2
0.7979269623756409,1,141,1.0,0.0070921985815602835,1.0,1.0,0.03546099290780142,1.0,1.0,0.07092198581560284,1.0,XC335167,gycwor1,SNR_20dB,20,R2
0.8239534497261047,1,141,1.0,0.0070921985815602835,1.0,1.0,0.03546099290780142,1.0,1.0,0.07092198581560284,1.0,XC197443,gycwor1,SNR_20dB,20,R2
0.766606867313385,1,142,1.0,0.007042253521126761,1.0,1.0,0.035211267605633804,1.0,1.0,0.07042253521126761,1.0,XC254120,compau,SNR_20dB,20,R2
0.7297613620758057,0,142,0.0,0.0,0.0,0.0,0.0,0.0,0.0,0.0,0.0,XC225326,compau,SNR_20dB,20,R2
0.8050357103347778,1,142,1.0,0.007042253521126761,1.0,1.0,0.035211267605633804,1.0,1.0,0.07042253521126761,1.0,XC236447,compau,SNR_20dB,20,R2
0.8162376880645752,1,142,1.0,0.007042253521126761,1.0,1.0,0.035211267605633804,1.0,1.0,0.07042253521126761,1.0,XC311012,compau,SNR_20dB,20,R2
0.7867881059646606,1,142,1.0,0.007042253521126761,1.0,1.0,0.035211267605633804,1.0,1.0,0.07042253521126761,1.0,XC285306,compau,SNR_20dB,20,R2
0.7719630002975464,1,142,1.0,0.007042253521126761,1.0,1.0,0.035211267605633804,1.0,1.0,0.07042253521126761,1.0,XC592920,compau,SNR_20dB,20,R2
0.7152554392814636,1,142,1.0,0.007042253521126761,1.0,1.0,0.035211267605633804,1.0,1.0,0.07042253521126761,1.0,XC221567,compau,SNR_20dB,20,R2
0.549349308013916,1,142,1.0,0.007042253521126761,1.0,0.4,0.014084507042253521,0.3333333333333333,0.5,0.035211267605633804,0.29861111111111105,XC630102,compau,SNR_20dB,20,R2
0.7601523995399475,1,142,1.0,0.007042253521126761,1.0,1.0,0.035211267605633804,1.0,1.0,0.07042253521126761,1.0,XC427477,compau,SNR_20dB,20,R2
0.7440363168716431,1,142,1.0,0.007042253521126761,1.0,1.0,0.035211267605633804,1.0,1.0,0.07042253521126761,1.0,XC943093,compau,SNR_20dB,20,R2
0.8863347172737122,1,198,1.0,0.005050505050505051,1.0,1.0,0.025252525252525252,1.0,1.0,0.050505050505050504,1.0,XC433820,barant1,SNR_20dB,20,R2
0.8710118532180786,1,198,1.0,0.005050505050505051,1.0,1.0,0.025252525252525252,1.0,1.0,0.050505050505050504,1.0,XC459559,barant1,SNR_20dB,20,R2
0.6754076480865479,1,198,1.0,0.005050505050505051,1.0,0.8,0.020202020202020204,0.71,0.5,0.025252525252525252,0.42642857142857143,XC732448,barant1,SNR_20dB,20,R2
0.8436650037765503,1,198,1.0,0.005050505050505051,1.0,1.0,0.025252525252525252,1.0,1.0,0.050505050505050504,1.0,XC716450,barant1,SNR_20dB,20,R2
0.8087255954742432,1,198,1.0,0.005050505050505051,1.0,1.0,0.025252525252525252,1.0,1.0,0.050505050505050504,1.0,XC354908,barant1,SNR_20dB,20,R2
0.7687629461288452,1,198,1.0,0.005050505050505051,1.0,1.0,0.025252525252525252,1.0,1.0,0.050505050505050504,1.0,XC428067,barant1,SNR_20dB,20,R2
0.7744523286819458,1,198,1.0,0.005050505050505051,1.0,1.0,0.025252525252525252,1.0,1.0,0.050505050505050504,1.0,XC685458,barant1,SNR_20dB,20,R2
0.7821507453918457,1,198,1.0,0.005050505050505051,1.0,1.0,0.025252525252525252,1.0,1.0,0.050505050505050504,1.0,XC676256,barant1,SNR_20dB,20,R2
0.8037651777267456,1,198,1.0,0.005050505050505051,1.0,1.0,0.025252525252525252,1.0,1.0,0.050505050505050504,1.0,XC443189,barant1,SNR_20dB,20,R2
0.7265101671218872,1,198,1.0,0.005050505050505051,1.0,1.0,0.025252525252525252,1.0,1.0,0.050505050505050504,1.0,XC752776,barant1,SNR_20dB,20,R2
0.799462616443634,1,201,1.0,0.004975124378109453,1.0,1.0,0.024875621890547265,1.0,1.0,0.04975124378109453,1.0,XC695270,pirfly1,SNR_20dB,20,R2
0.6502645015716553,1,201,1.0,0.004975124378109453,1.0,1.0,0.024875621890547265,1.0,1.0,0.04975124378109453,1.0,XC199153,pirfly1,SNR_20dB,20,R2
0.8157910108566284,1,201,1.0,0.004975124378109453,1.0,1.0,0.024875621890547265,1.0,1.0,0.04975124378109453,1.0,XC575453,pirfly1,SNR_20dB,20,R2
0.7478266954421997,1,201,1.0,0.004975124378109453,1.0,1.0,0.024875621890547265,1.0,1.0,0.04975124378109453,1.0,XC199221,pirfly1,SNR_20dB,20,R2
0.7406777143478394,1,201,1.0,0.004975124378109453,1.0,1.0,0.024875621890547265,1.0,1.0,0.04975124378109453,1.0,XC1050422,pirfly1,SNR_20dB,20,R2
0.7252016663551331,1,201,1.0,0.004975124378109453,1.0,1.0,0.024875621890547265,1.0,1.0,0.04975124378109453,1.0,XC249521,pirfly1,SNR_20dB,20,R2
0.7194720506668091,1,201,1.0,0.004975124378109453,1.0,1.0,0.024875621890547265,1.0,1.0,0.04975124378109453,1.0,XC249067,pirfly1,SNR_20dB,20,R2
0.7382747530937195,1,201,1.0,0.004975124378109453,1.0,1.0,0.024875621890547265,1.0,1.0,0.04975124378109453,1.0,XC249418,pirfly1,SNR_20dB,20,R2
0.8263876438140869,1,201,1.0,0.004975124378109453,1.0,1.0,0.024875621890547265,1.0,1.0,0.04975124378109453,1.0,XC249520,pirfly1,SNR_20dB,20,R2
0.7451477646827698,1,201,1.0,0.004975124378109453,1.0,1.0,0.024875621890547265,1.0,1.0,0.04975124378109453,1.0,XC764117,pirfly1,SNR_20dB,20,R2
0.6672033071517944,1,184,1.0,0.005434782608695652,1.0,1.0,0.02717391304347826,1.0,0.8,0.043478260869565216,0.788888888888889,XC174648,linwoo1,SNR_20dB,20,R2
0.7833665609359741,1,184,1.0,0.005434782608695652,1.0,1.0,0.02717391304347826,1.0,1.0,0.05434782608695652,1.0,XC550450,linwoo1,SNR_20dB,20,R2
0.7658119201660156,1,184,1.0,0.005434782608695652,1.0,1.0,0.02717391304347826,1.0,1.0,0.05434782608695652,1.0,XC550448,linwoo1,SNR_20dB,20,R2
0.7147867679595947,1,184,1.0,0.005434782608695652,1.0,1.0,0.02717391304347826,1.0,1.0,0.05434782608695652,1.0,XC379497,linwoo1,SNR_20dB,20,R2
0.8129375576972961,1,184,1.0,0.005434782608695652,1.0,1.0,0.02717391304347826,1.0,1.0,0.05434782608695652,1.0,XC732161,linwoo1,SNR_20dB,20,R2
0.7186102867126465,1,184,1.0,0.005434782608695652,1.0,1.0,0.02717391304347826,1.0,1.0,0.05434782608695652,1.0,XC261880,linwoo1,SNR_20dB,20,R2
0.7621247172355652,1,184,1.0,0.005434782608695652,1.0,1.0,0.02717391304347826,1.0,1.0,0.05434782608695652,1.0,XC250796,linwoo1,SNR_20dB,20,R2
0.7831639051437378,1,184,1.0,0.005434782608695652,1.0,1.0,0.02717391304347826,1.0,1.0,0.05434782608695652,1.0,XC542823,linwoo1,SNR_20dB,20,R2
0.6202630996704102,0,184,0.0,0.0,0.0,0.2,0.005434782608695652,0.1,0.2,0.010869565217391304,0.06999999999999999,XC688346,linwoo1,SNR_20dB,20,R2
0.6808084845542908,1,184,1.0,0.005434782608695652,1.0,1.0,0.02717391304347826,1.0,1.0,0.05434782608695652,1.0,XC197473,linwoo1,SNR_20dB,20,R2
0.7288487553596497,1,192,1.0,0.005208333333333333,1.0,1.0,0.026041666666666668,1.0,1.0,0.052083333333333336,1.0,XC238416,whtdov,SNR_20dB,20,R2
0.6629595756530762,0,192,0.0,0.0,0.0,0.0,0.0,0.0,0.0,0.0,0.0,XC235857,whtdov,SNR_20dB,20,R2
0.6481336355209351,1,192,1.0,0.005208333333333333,1.0,1.0,0.026041666666666668,1.0,1.0,0.052083333333333336,1.0,XC238417,whtdov,SNR_20dB,20,R2
0.8033959865570068,1,192,1.0,0.005208333333333333,1.0,1.0,0.026041666666666668,1.0,1.0,0.052083333333333336,1.0,XC294701,whtdov,SNR_20dB,20,R2
0.7643790245056152,1,192,1.0,0.005208333333333333,1.0,0.8,0.020833333333333332,0.76,0.9,0.046875,0.815436507936508,XC388552,whtdov,SNR_20dB,20,R2
0.6591197848320007,1,192,1.0,0.005208333333333333,1.0,1.0,0.026041666666666668,1.0,0.9,0.046875,0.866388888888889,XC538235,whtdov,SNR_20dB,20,R2
0.6612188816070557,0,192,0.0,0.0,0.0,0.0,0.0,0.0,0.0,0.0,0.0,XC716476,whtdov,SNR_20dB,20,R2
0.7602005004882812,1,192,1.0,0.005208333333333333,1.0,1.0,0.026041666666666668,1.0,1.0,0.052083333333333336,1.0,XC147509,whtdov,SNR_20dB,20,R2
0.7588632106781006,1,192,1.0,0.005208333333333333,1.0,1.0,0.026041666666666668,1.0,1.0,0.052083333333333336,1.0,XC277692,whtdov,SNR_20dB,20,R2
0.6981675624847412,0,192,0.0,0.0,0.0,0.6,0.015625,0.3833333333333333,0.4,0.020833333333333332,0.2488095238095238,XC833664,whtdov,SNR_20dB,20,R2
0.7184286117553711,1,204,1.0,0.004901960784313725,1.0,1.0,0.024509803921568627,1.0,0.8,0.0392156862745098,0.7577777777777778,XC469159,bobfly1,SNR_20dB,20,R2
0.7826040387153625,1,204,1.0,0.004901960784313725,1.0,1.0,0.024509803921568627,1.0,1.0,0.049019607843137254,1.0,XC578500,bobfly1,SNR_20dB,20,R2
0.7992563843727112,1,204,1.0,0.004901960784313725,1.0,1.0,0.024509803921568627,1.0,1.0,0.049019607843137254,1.0,XC545844,bobfly1,SNR_20dB,20,R2
0.7393543124198914,1,204,1.0,0.004901960784313725,1.0,1.0,0.024509803921568627,1.0,1.0,0.049019607843137254,1.0,XC427567,bobfly1,SNR_20dB,20,R2
0.8249197602272034,1,204,1.0,0.004901960784313725,1.0,1.0,0.024509803921568627,1.0,1.0,0.049019607843137254,1.0,XC583946,bobfly1,SNR_20dB,20,R2
0.7424427270889282,1,204,1.0,0.004901960784313725,1.0,1.0,0.024509803921568627,1.0,1.0,0.049019607843137254,1.0,XC235872,bobfly1,SNR_20dB,20,R2
0.7510364055633545,1,204,1.0,0.004901960784313725,1.0,1.0,0.024509803921568627,1.0,1.0,0.049019607843137254,1.0,XC427566,bobfly1,SNR_20dB,20,R2
0.7220413684844971,1,204,1.0,0.004901960784313725,1.0,1.0,0.024509803921568627,1.0,0.8,0.0392156862745098,0.78,XC356904,bobfly1,SNR_20dB,20,R2
0.7407060265541077,1,204,1.0,0.004901960784313725,1.0,1.0,0.024509803921568627,1.0,1.0,0.049019607843137254,1.0,XC841763,bobfly1,SNR_20dB,20,R2
0.8298472762107849,1,204,1.0,0.004901960784313725,1.0,1.0,0.024509803921568627,1.0,1.0,0.049019607843137254,1.0,XC666481,bobfly1,SNR_20dB,20,R2
0.7803232073783875,1,155,1.0,0.0064516129032258064,1.0,1.0,0.03225806451612903,1.0,1.0,0.06451612903225806,1.0,XC944466,trokin,SNR_20dB,20,R2
0.7579402923583984,1,155,1.0,0.0064516129032258064,1.0,1.0,0.03225806451612903,1.0,1.0,0.06451612903225806,1.0,XC556661,trokin,SNR_20dB,20,R2
0.7649580240249634,1,155,1.0,0.0064516129032258064,1.0,1.0,0.03225806451612903,1.0,1.0,0.06451612903225806,1.0,XC131763,trokin,SNR_20dB,20,R2
0.7064311504364014,1,155,1.0,0.0064516129032258064,1.0,1.0,0.03225806451612903,1.0,1.0,0.06451612903225806,1.0,XC282322,trokin,SNR_20dB,20,R2
0.7925503849983215,1,155,1.0,0.0064516129032258064,1.0,1.0,0.03225806451612903,1.0,1.0,0.06451612903225806,1.0,XC287873,trokin,SNR_20dB,20,R2
0.8246748447418213,1,155,1.0,0.0064516129032258064,1.0,1.0,0.03225806451612903,1.0,1.0,0.06451612903225806,1.0,XC944467,trokin,SNR_20dB,20,R2
0.7632800340652466,1,155,1.0,0.0064516129032258064,1.0,1.0,0.03225806451612903,1.0,1.0,0.06451612903225806,1.0,XC690960,trokin,SNR_20dB,20,R2
0.5704622268676758,0,155,0.0,0.0,0.0,0.0,0.0,0.0,0.0,0.0,0.0,XC960832,trokin,SNR_20dB,20,R2
0.7203983068466187,1,155,1.0,0.0064516129032258064,1.0,1.0,0.03225806451612903,1.0,1.0,0.06451612903225806,1.0,XC490064,trokin,SNR_20dB,20,R2
0.745137631893158,1,155,1.0,0.0064516129032258064,1.0,1.0,0.03225806451612903,1.0,1.0,0.06451612903225806,1.0,XC282345,trokin,SNR_20dB,20,R2
0.6690987348556519,1,171,1.0,0.005847953216374269,1.0,1.0,0.029239766081871343,1.0,1.0,0.05847953216374269,1.0,XC1011212,coffal1,SNR_10dB,10,R2
0.7805806994438171,1,171,1.0,0.005847953216374269,1.0,1.0,0.029239766081871343,1.0,1.0,0.05847953216374269,1.0,XC518849,coffal1,SNR_10dB,10,R2
0.8202433586120605,1,171,1.0,0.005847953216374269,1.0,1.0,0.029239766081871343,1.0,1.0,0.05847953216374269,1.0,XC640029,coffal1,SNR_10dB,10,R2
0.7575786113739014,1,171,1.0,0.005847953216374269,1.0,1.0,0.029239766081871343,1.0,1.0,0.05847953216374269,1.0,XC238626,coffal1,SNR_10dB,10,R2
0.6650187969207764,1,171,1.0,0.005847953216374269,1.0,1.0,0.029239766081871343,1.0,1.0,0.05847953216374269,1.0,XC580510,coffal1,SNR_10dB,10,R2
0.7740818858146667,1,171,1.0,0.005847953216374269,1.0,1.0,0.029239766081871343,1.0,1.0,0.05847953216374269,1.0,XC841725,coffal1,SNR_10dB,10,R2
0.7958085536956787,1,171,1.0,0.005847953216374269,1.0,1.0,0.029239766081871343,1.0,1.0,0.05847953216374269,1.0,XC909155,coffal1,SNR_10dB,10,R2
0.8474129438400269,1,171,1.0,0.005847953216374269,1.0,1.0,0.029239766081871343,1.0,1.0,0.05847953216374269,1.0,XC597587,coffal1,SNR_10dB,10,R2
0.6261199712753296,1,171,1.0,0.005847953216374269,1.0,1.0,0.029239766081871343,1.0,1.0,0.05847953216374269,1.0,XC514068,coffal1,SNR_10dB,10,R2
0.9038482904434204,1,171,1.0,0.005847953216374269,1.0,1.0,0.029239766081871343,1.0,1.0,0.05847953216374269,1.0,XC915055,coffal1,SNR_10dB,10,R2
0.6717694997787476,1,221,1.0,0.004524886877828055,1.0,1.0,0.02262443438914027,1.0,1.0,0.04524886877828054,1.0,XC504846,sobtyr1,SNR_10dB,10,R2
0.7374783754348755,1,221,1.0,0.004524886877828055,1.0,1.0,0.02262443438914027,1.0,1.0,0.04524886877828054,1.0,XC764623,sobtyr1,SNR_10dB,10,R2
0.6986225247383118,1,221,1.0,0.004524886877828055,1.0,1.0,0.02262443438914027,1.0,1.0,0.04524886877828054,1.0,XC653903,sobtyr1,SNR_10dB,10,R2
0.7708834409713745,1,221,1.0,0.004524886877828055,1.0,1.0,0.02262443438914027,1.0,1.0,0.04524886877828054,1.0,XC176886,sobtyr1,SNR_10dB,10,R2
0.6990594863891602,0,221,0.0,0.0,0.0,0.8,0.01809954751131222,0.5433333333333333,0.9,0.04072398190045249,0.7071031746031746,XC580800,sobtyr1,SNR_10dB,10,R2
0.7617713809013367,1,221,1.0,0.004524886877828055,1.0,1.0,0.02262443438914027,1.0,1.0,0.04524886877828054,1.0,XC763522,sobtyr1,SNR_10dB,10,R2
0.7059578895568848,1,221,1.0,0.004524886877828055,1.0,1.0,0.02262443438914027,1.0,1.0,0.04524886877828054,1.0,XC612769,sobtyr1,SNR_10dB,10,R2
0.6198838949203491,1,221,1.0,0.004524886877828055,1.0,1.0,0.02262443438914027,1.0,1.0,0.04524886877828054,1.0,XC135348,sobtyr1,SNR_10dB,10,R2
0.7384750843048096,1,221,1.0,0.004524886877828055,1.0,1.0,0.02262443438914027,1.0,1.0,0.04524886877828054,1.0,XC1062368,sobtyr1,SNR_10dB,10,R2
0.6322299838066101,1,221,1.0,0.004524886877828055,1.0,1.0,0.02262443438914027,1.0,1.0,0.04524886877828054,1.0,XC653904,sobtyr1,SNR_10dB,10,R2
0.7751784324645996,1,223,1.0,0.004484304932735426,1.0,1.0,0.02242152466367713,1.0,1.0,0.04484304932735426,1.0,XC348691,greant1,SNR_10dB,10,R2
0.7761539220809937,1,223,1.0,0.004484304932735426,1.0,1.0,0.02242152466367713,1.0,1.0,0.04484304932735426,1.0,XC397818,greant1,SNR_10dB,10,R2
0.690528929233551,1,223,1.0,0.004484304932735426,1.0,0.8,0.017937219730941704,0.76,0.7,0.03139013452914798,0.616111111111111,XC50033,greant1,SNR_10dB,10,R2
0.7102017998695374,1,223,1.0,0.004484304932735426,1.0,1.0,0.02242152466367713,1.0,1.0,0.04484304932735426,1.0,XC388556,greant1,SNR_10dB,10,R2
0.8456541299819946,1,223,1.0,0.004484304932735426,1.0,1.0,0.02242152466367713,1.0,1.0,0.04484304932735426,1.0,XC433819,greant1,SNR_10dB,10,R2
0.7290604114532471,1,223,1.0,0.004484304932735426,1.0,1.0,0.02242152466367713,1.0,1.0,0.04484304932735426,1.0,XC123928,greant1,SNR_10dB,10,R2
0.7748657464981079,1,223,1.0,0.004484304932735426,1.0,1.0,0.02242152466367713,1.0,1.0,0.04484304932735426,1.0,XC489684,greant1,SNR_10dB,10,R2
0.8139776587486267,1,223,1.0,0.004484304932735426,1.0,1.0,0.02242152466367713,1.0,1.0,0.04484304932735426,1.0,XC452472,greant1,SNR_10dB,10,R2
0.6485295295715332,1,223,1.0,0.004484304932735426,1.0,0.8,0.017937219730941704,0.6433333333333333,0.7,0.03139013452914798,0.5458730158730158,XC616309,greant1,SNR_10dB,10,R2
0.6382467746734619,1,223,1.0,0.004484304932735426,1.0,1.0,0.02242152466367713,1.0,1.0,0.04484304932735426,1.0,XC118887,greant1,SNR_10dB,10,R2
0.7804650068283081,1,231,1.0,0.004329004329004329,1.0,1.0,0.021645021645021644,1.0,1.0,0.04329004329004329,1.0,XC294719,squcuc1,SNR_10dB,10,R2
0.8040505051612854,1,231,1.0,0.004329004329004329,1.0,1.0,0.021645021645021644,1.0,1.0,0.04329004329004329,1.0,XC294724,squcuc1,SNR_10dB,10,R2
0.7431516647338867,1,231,1.0,0.004329004329004329,1.0,1.0,0.021645021645021644,1.0,1.0,0.04329004329004329,1.0,XC940505,squcuc1,SNR_10dB,10,R2
0.7296141386032104,1,231,1.0,0.004329004329004329,1.0,1.0,0.021645021645021644,1.0,1.0,0.04329004329004329,1.0,XC216157,squcuc1,SNR_10dB,10,R2
0.7174813747406006,1,231,1.0,0.004329004329004329,1.0,1.0,0.021645021645021644,1.0,1.0,0.04329004329004329,1.0,XC549930,squcuc1,SNR_10dB,10,R2
0.5798987150192261,1,231,1.0,0.004329004329004329,1.0,0.8,0.017316017316017316,0.71,0.9,0.03896103896103896,0.790436507936508,XC549933,squcuc1,SNR_10dB,10,R2
0.5914261341094971,1,231,1.0,0.004329004329004329,1.0,1.0,0.021645021645021644,1.0,0.9,0.03896103896103896,0.866388888888889,XC549936,squcuc1,SNR_10dB,10,R2
0.695325493812561,1,231,1.0,0.004329004329004329,1.0,1.0,0.021645021645021644,1.0,0.9,0.03896103896103896,0.89,XC247099,squcuc1,SNR_10dB,10,R2
0.7133731842041016,1,231,1.0,0.004329004329004329,1.0,1.0,0.021645021645021644,1.0,1.0,0.04329004329004329,1.0,XC246934,squcuc1,SNR_10dB,10,R2
0.7563895583152771,1,231,1.0,0.004329004329004329,1.0,1.0,0.021645021645021644,1.0,1.0,0.04329004329004329,1.0,XC656889,squcuc1,SNR_10dB,10,R2
0.7133183479309082,1,159,1.0,0.006289308176100629,1.0,1.0,0.031446540880503145,1.0,1.0,0.06289308176100629,1.0,XC299640,roahaw,SNR_10dB,10,R2
0.7292243838310242,1,159,1.0,0.006289308176100629,1.0,1.0,0.031446540880503145,1.0,1.0,0.06289308176100629,1.0,XC372463,roahaw,SNR_10dB,10,R2
0.7555607557296753,0,159,0.0,0.0,0.0,0.8,0.025157232704402517,0.5433333333333333,0.9,0.05660377358490566,0.7071031746031746,XC288830,roahaw,SNR_10dB,10,R2
0.7628015279769897,1,159,1.0,0.006289308176100629,1.0,1.0,0.031446540880503145,1.0,1.0,0.06289308176100629,1.0,XC129438,roahaw,SNR_10dB,10,R2
0.8296995162963867,1,159,1.0,0.006289308176100629,1.0,1.0,0.031446540880503145,1.0,1.0,0.06289308176100629,1.0,XC772769,roahaw,SNR_10dB,10,R2
0.7673825621604919,1,159,1.0,0.006289308176100629,1.0,1.0,0.031446540880503145,1.0,1.0,0.06289308176100629,1.0,XC716349,roahaw,SNR_10dB,10,R2
0.7109014987945557,1,159,1.0,0.006289308176100629,1.0,1.0,0.031446540880503145,1.0,1.0,0.06289308176100629,1.0,XC340156,roahaw,SNR_10dB,10,R2
0.7317862510681152,1,159,1.0,0.006289308176100629,1.0,1.0,0.031446540880503145,1.0,0.9,0.05660377358490566,0.8521031746031748,XC680705,roahaw,SNR_10dB,10,R2
0.6388623714447021,0,159,0.0,0.0,0.0,0.0,0.0,0.0,0.0,0.0,0.0,XC235156,roahaw,SNR_10dB,10,R2
0.6497173309326172,1,159,1.0,0.006289308176100629,1.0,1.0,0.031446540880503145,1.0,0.9,0.05660377358490566,0.866388888888889,XC19527,roahaw,SNR_10dB,10,R2
0.6295281052589417,1,165,1.0,0.006060606060606061,1.0,0.6,0.01818181818181818,0.6,0.5,0.030303030303030304,0.4,XC738930,trsowl,SNR_10dB,10,R2
0.6924574375152588,1,165,1.0,0.006060606060606061,1.0,1.0,0.030303030303030304,1.0,1.0,0.06060606060606061,1.0,XC428741,trsowl,SNR_10dB,10,R2
0.6670633554458618,1,165,1.0,0.006060606060606061,1.0,1.0,0.030303030303030304,1.0,1.0,0.06060606060606061,1.0,XC597121,trsowl,SNR_10dB,10,R2
0.7568423748016357,1,165,1.0,0.006060606060606061,1.0,1.0,0.030303030303030304,1.0,1.0,0.06060606060606061,1.0,XC549975,trsowl,SNR_10dB,10,R2
0.7415884733200073,1,165,1.0,0.006060606060606061,1.0,1.0,0.030303030303030304,1.0,1.0,0.06060606060606061,1.0,XC135491,trsowl,SNR_10dB,10,R2
0.7872576713562012,1,165,1.0,0.006060606060606061,1.0,1.0,0.030303030303030304,1.0,1.0,0.06060606060606061,1.0,XC572606,trsowl,SNR_10dB,10,R2
0.7249335646629333,1,165,1.0,0.006060606060606061,1.0,1.0,0.030303030303030304,1.0,1.0,0.06060606060606061,1.0,XC236394,trsowl,SNR_10dB,10,R2
0.6896741390228271,0,165,0.0,0.0,0.0,0.6,0.01818181818181818,0.35333333333333333,0.4,0.024242424242424242,0.24333333333333332,XC447808,trsowl,SNR_10dB,10,R2
0.6932944059371948,1,165,1.0,0.006060606060606061,1.0,1.0,0.030303030303030304,1.0,1.0,0.06060606060606061,1.0,XC619067,trsowl,SNR_10dB,10,R2
0.5889406204223633,1,165,1.0,0.006060606060606061,1.0,0.8,0.024242424242424242,0.76,0.8,0.048484848484848485,0.7254365079365079,XC730130,trsowl,SNR_10dB,10,R2
0.6763311624526978,0,203,0.0,0.0,0.0,0.4,0.009852216748768473,0.13,0.5,0.024630541871921183,0.20785714285714288,XC756928,banana,SNR_10dB,10,R2
0.6923893094062805,1,203,1.0,0.0049261083743842365,1.0,1.0,0.024630541871921183,1.0,1.0,0.04926108374384237,1.0,XC190593,banana,SNR_10dB,10,R2
0.6650999784469604,0,203,0.0,0.0,0.0,0.4,0.009852216748768473,0.2333333333333333,0.4,0.019704433497536946,0.19416666666666665,XC247112,banana,SNR_10dB,10,R2
0.7952864766120911,1,203,1.0,0.0049261083743842365,1.0,1.0,0.024630541871921183,1.0,1.0,0.04926108374384237,1.0,XC561261,banana,SNR_10dB,10,R2
0.7457776069641113,1,203,1.0,0.0049261083743842365,1.0,1.0,0.024630541871921183,1.0,1.0,0.04926108374384237,1.0,XC127164,banana,SNR_10dB,10,R2
0.7561347484588623,1,203,1.0,0.0049261083743842365,1.0,1.0,0.024630541871921183,1.0,1.0,0.04926108374384237,1.0,XC169559,banana,SNR_10dB,10,R2
0.6938836574554443,1,203,1.0,0.0049261083743842365,1.0,1.0,0.024630541871921183,1.0,0.9,0.04433497536945813,0.8788888888888889,XC241562,banana,SNR_10dB,10,R2
0.6554393172264099,1,203,1.0,0.0049261083743842365,1.0,1.0,0.024630541871921183,1.0,1.0,0.04926108374384237,1.0,XC924739,banana,SNR_10dB,10,R2
0.7570804953575134,1,203,1.0,0.0049261083743842365,1.0,1.0,0.024630541871921183,1.0,0.9,0.04433497536945813,0.9,XC541448,banana,SNR_10dB,10,R2
0.5755146145820618,0,203,0.0,0.0,0.0,0.2,0.0049261083743842365,0.06666666666666667,0.4,0.019704433497536946,0.13166666666666665,XC215467,banana,SNR_10dB,10,R2
0.748214602470398,1,181,1.0,0.0055248618784530384,1.0,1.0,0.027624309392265192,1.0,1.0,0.055248618784530384,1.0,XC29087,baffal1,SNR_10dB,10,R2
0.731675922870636,1,181,1.0,0.0055248618784530384,1.0,1.0,0.027624309392265192,1.0,1.0,0.055248618784530384,1.0,XC29088,baffal1,SNR_10dB,10,R2
0.7263736724853516,1,181,1.0,0.0055248618784530384,1.0,1.0,0.027624309392265192,1.0,1.0,0.055248618784530384,1.0,XC235886,baffal1,SNR_10dB,10,R2
0.818259596824646,1,181,1.0,0.0055248618784530384,1.0,1.0,0.027624309392265192,1.0,1.0,0.055248618784530384,1.0,XC437953,baffal1,SNR_10dB,10,R2
0.8032896518707275,1,181,1.0,0.0055248618784530384,1.0,1.0,0.027624309392265192,1.0,1.0,0.055248618784530384,1.0,XC192816,baffal1,SNR_10dB,10,R2
0.8152309060096741,1,181,1.0,0.0055248618784530384,1.0,1.0,0.027624309392265192,1.0,1.0,0.055248618784530384,1.0,XC666482,baffal1,SNR_10dB,10,R2
0.7915414571762085,1,181,1.0,0.0055248618784530384,1.0,1.0,0.027624309392265192,1.0,1.0,0.055248618784530384,1.0,XC727672,baffal1,SNR_10dB,10,R2
0.7727152109146118,1,181,1.0,0.0055248618784530384,1.0,1.0,0.027624309392265192,1.0,1.0,0.055248618784530384,1.0,XC745799,baffal1,SNR_10dB,10,R2
0.8939428329467773,1,181,1.0,0.0055248618784530384,1.0,1.0,0.027624309392265192,1.0,1.0,0.055248618784530384,1.0,XC546400,baffal1,SNR_10dB,10,R2
0.7259812355041504,1,181,1.0,0.0055248618784530384,1.0,1.0,0.027624309392265192,1.0,1.0,0.055248618784530384,1.0,XC192815,baffal1,SNR_10dB,10,R2
0.8573569059371948,1,137,1.0,0.0072992700729927005,1.0,1.0,0.0364963503649635,1.0,1.0,0.072992700729927,1.0,XC539586,soulap1,SNR_10dB,10,R2
0.7714461088180542,1,137,1.0,0.0072992700729927005,1.0,1.0,0.0364963503649635,1.0,1.0,0.072992700729927,1.0,XC9046,soulap1,SNR_10dB,10,R2
0.6420199871063232,1,137,1.0,0.0072992700729927005,1.0,1.0,0.0364963503649635,1.0,1.0,0.072992700729927,1.0,XC562682,soulap1,SNR_10dB,10,R2
0.7792190909385681,1,137,1.0,0.0072992700729927005,1.0,1.0,0.0364963503649635,1.0,1.0,0.072992700729927,1.0,XC51500,soulap1,SNR_10dB,10,R2
0.8340083956718445,1,137,1.0,0.0072992700729927005,1.0,1.0,0.0364963503649635,1.0,1.0,0.072992700729927,1.0,XC428133,soulap1,SNR_10dB,10,R2
0.677746057510376,1,137,1.0,0.0072992700729927005,1.0,1.0,0.0364963503649635,1.0,1.0,0.072992700729927,1.0,XC47141,soulap1,SNR_10dB,10,R2
0.6035207509994507,1,137,1.0,0.0072992700729927005,1.0,1.0,0.0364963503649635,1.0,1.0,0.072992700729927,1.0,XC861228,soulap1,SNR_10dB,10,R2
0.6872978210449219,1,137,1.0,0.0072992700729927005,1.0,1.0,0.0364963503649635,1.0,1.0,0.072992700729927,1.0,XC549503,soulap1,SNR_10dB,10,R2
0.7682101130485535,1,137,1.0,0.0072992700729927005,1.0,1.0,0.0364963503649635,1.0,1.0,0.072992700729927,1.0,XC16003,soulap1,SNR_10dB,10,R2
0.787269115447998,1,137,1.0,0.0072992700729927005,1.0,1.0,0.0364963503649635,1.0,1.0,0.072992700729927,1.0,XC48574,soulap1,SNR_10dB,10,R2
0.7415620684623718,1,154,1.0,0.006493506493506494,1.0,1.0,0.032467532467532464,1.0,1.0,0.06493506493506493,1.0,XC340516,strcuc1,SNR_10dB,10,R2
0.6195588707923889,1,154,1.0,0.006493506493506494,1.0,1.0,0.032467532467532464,1.0,1.0,0.06493506493506493,1.0,XC340515,strcuc1,SNR_10dB,10,R2
0.7523664236068726,1,154,1.0,0.006493506493506494,1.0,1.0,0.032467532467532464,1.0,1.0,0.06493506493506493,1.0,XC173304,strcuc1,SNR_10dB,10,R2
0.732202410697937,1,154,1.0,0.006493506493506494,1.0,1.0,0.032467532467532464,1.0,1.0,0.06493506493506493,1.0,XC114965,strcuc1,SNR_10dB,10,R2
0.6618220806121826,1,154,1.0,0.006493506493506494,1.0,1.0,0.032467532467532464,1.0,1.0,0.06493506493506493,1.0,XC349929,strcuc1,SNR_10dB,10,R2
0.7170332670211792,1,154,1.0,0.006493506493506494,1.0,1.0,0.032467532467532464,1.0,1.0,0.06493506493506493,1.0,XC836228,strcuc1,SNR_10dB,10,R2
0.7176638841629028,1,154,1.0,0.006493506493506494,1.0,1.0,0.032467532467532464,1.0,1.0,0.06493506493506493,1.0,XC508606,strcuc1,SNR_10dB,10,R2
0.8091367483139038,1,154,1.0,0.006493506493506494,1.0,1.0,0.032467532467532464,1.0,1.0,0.06493506493506493,1.0,XC593146,strcuc1,SNR_10dB,10,R2
0.7459460496902466,1,154,1.0,0.006493506493506494,1.0,1.0,0.032467532467532464,1.0,1.0,0.06493506493506493,1.0,XC240034,strcuc1,SNR_10dB,10,R2
0.8490358591079712,1,154,1.0,0.006493506493506494,1.0,1.0,0.032467532467532464,1.0,1.0,0.06493506493506493,1.0,XC114160,strcuc1,SNR_10dB,10,R2
0.7451543211936951,1,125,1.0,0.008,1.0,1.0,0.04,1.0,1.0,0.08,1.0,XC993685,pabspi1,SNR_10dB,10,R2
0.6325128078460693,1,125,1.0,0.008,1.0,1.0,0.04,1.0,1.0,0.08,1.0,XC506225,pabspi1,SNR_10dB,10,R2
0.7337327003479004,1,125,1.0,0.008,1.0,1.0,0.04,1.0,1.0,0.08,1.0,XC687712,pabspi1,SNR_10dB,10,R2
0.7778481245040894,1,125,1.0,0.008,1.0,1.0,0.04,1.0,1.0,0.08,1.0,XC506234,pabspi1,SNR_10dB,10,R2
0.7693229913711548,1,125,1.0,0.008,1.0,1.0,0.04,1.0,1.0,0.08,1.0,XC452493,pabspi1,SNR_10dB,10,R2
0.7182868719100952,1,125,1.0,0.008,1.0,1.0,0.04,1.0,1.0,0.08,1.0,XC701947,pabspi1,SNR_10dB,10,R2
0.6380847692489624,0,125,0.0,0.0,0.0,0.4,0.016,0.2333333333333333,0.3,0.024,0.14666666666666667,XC701948,pabspi1,SNR_10dB,10,R2
0.7488189935684204,1,125,1.0,0.008,1.0,1.0,0.04,1.0,1.0,0.08,1.0,XC236174,pabspi1,SNR_10dB,10,R2
0.7279713749885559,1,125,1.0,0.008,1.0,1.0,0.04,1.0,1.0,0.08,1.0,XC391585,pabspi1,SNR_10dB,10,R2
0.6655936241149902,1,125,1.0,0.008,1.0,1.0,0.04,1.0,1.0,0.08,1.0,XC236176,pabspi1,SNR_10dB,10,R2
0.8187087178230286,1,266,1.0,0.0037593984962406013,1.0,1.0,0.018796992481203006,1.0,1.0,0.03759398496240601,1.0,XC268594,yeofly1,SNR_10dB,10,R2
0.7829470634460449,1,266,1.0,0.0037593984962406013,1.0,1.0,0.018796992481203006,1.0,1.0,0.03759398496240601,1.0,XC361117,yeofly1,SNR_10dB,10,R2
0.7559127807617188,1,266,1.0,0.0037593984962406013,1.0,0.8,0.015037593984962405,0.76,0.6,0.022556390977443608,0.5180952380952382,XC250157,yeofly1,SNR_10dB,10,R2
0.765666127204895,1,266,1.0,0.0037593984962406013,1.0,1.0,0.018796992481203006,1.0,1.0,0.03759398496240601,1.0,XC46766,yeofly1,SNR_10dB,10,R2
0.7901061177253723,1,266,1.0,0.0037593984962406013,1.0,1.0,0.018796992481203006,1.0,1.0,0.03759398496240601,1.0,XC1031972,yeofly1,SNR_10dB,10,R2
0.6372860670089722,1,266,1.0,0.0037593984962406013,1.0,0.8,0.015037593984962405,0.71,0.5,0.018796992481203006,0.42642857142857143,XC187210,yeofly1,SNR_10dB,10,R2
0.6549297571182251,1,266,1.0,0.0037593984962406013,1.0,1.0,0.018796992481203006,1.0,1.0,0.03759398496240601,1.0,XC512409,yeofly1,SNR_10dB,10,R2
0.7973294854164124,1,266,1.0,0.0037593984962406013,1.0,1.0,0.018796992481203006,1.0,1.0,0.03759398496240601,1.0,XC611913,yeofly1,SNR_10dB,10,R2
0.8223174810409546,1,266,1.0,0.0037593984962406013,1.0,1.0,0.018796992481203006,1.0,1.0,0.03759398496240601,1.0,XC268592,yeofly1,SNR_10dB,10,R2
0.6460151672363281,1,266,1.0,0.0037593984962406013,1.0,1.0,0.018796992481203006,1.0,0.8,0.03007518796992481,0.8,XC583955,yeofly1,SNR_10dB,10,R2
0.6559505462646484,1,141,1.0,0.0070921985815602835,1.0,1.0,0.03546099290780142,1.0,0.8,0.05673758865248227,0.8,XC192979,gycwor1,SNR_10dB,10,R2
0.7850134968757629,1,141,1.0,0.0070921985815602835,1.0,1.0,0.03546099290780142,1.0,1.0,0.07092198581560284,1.0,XC483682,gycwor1,SNR_10dB,10,R2
0.7874177098274231,1,141,1.0,0.0070921985815602835,1.0,1.0,0.03546099290780142,1.0,1.0,0.07092198581560284,1.0,XC772156,gycwor1,SNR_10dB,10,R2
0.7524441480636597,1,141,1.0,0.0070921985815602835,1.0,1.0,0.03546099290780142,1.0,0.9,0.06382978723404255,0.8788888888888889,XC501765,gycwor1,SNR_10dB,10,R2
0.7905768156051636,1,141,1.0,0.0070921985815602835,1.0,1.0,0.03546099290780142,1.0,1.0,0.07092198581560284,1.0,XC1012395,gycwor1,SNR_10dB,10,R2
0.830083966255188,1,141,1.0,0.0070921985815602835,1.0,1.0,0.03546099290780142,1.0,1.0,0.07092198581560284,1.0,XC843813,gycwor1,SNR_10dB,10,R2
0.787644624710083,1,141,1.0,0.0070921985815602835,1.0,1.0,0.03546099290780142,1.0,1.0,0.07092198581560284,1.0,XC216181,gycwor1,SNR_10dB,10,R2
0.8441355228424072,1,141,1.0,0.0070921985815602835,1.0,1.0,0.03546099290780142,1.0,1.0,0.07092198581560284,1.0,XC352281,gycwor1,SNR_10dB,10,R2
0.7058462500572205,1,141,1.0,0.0070921985815602835,1.0,1.0,0.03546099290780142,1.0,1.0,0.07092198581560284,1.0,XC335167,gycwor1,SNR_10dB,10,R2
0.7996007800102234,1,141,1.0,0.0070921985815602835,1.0,1.0,0.03546099290780142,1.0,1.0,0.07092198581560284,1.0,XC197443,gycwor1,SNR_10dB,10,R2
0.7002435922622681,1,142,1.0,0.007042253521126761,1.0,1.0,0.035211267605633804,1.0,1.0,0.07042253521126761,1.0,XC254120,compau,SNR_10dB,10,R2
0.729271411895752,0,142,0.0,0.0,0.0,0.0,0.0,0.0,0.0,0.0,0.0,XC225326,compau,SNR_10dB,10,R2
0.754857063293457,1,142,1.0,0.007042253521126761,1.0,1.0,0.035211267605633804,1.0,1.0,0.07042253521126761,1.0,XC236447,compau,SNR_10dB,10,R2
0.7900581359863281,1,142,1.0,0.007042253521126761,1.0,1.0,0.035211267605633804,1.0,1.0,0.07042253521126761,1.0,XC311012,compau,SNR_10dB,10,R2
0.7289993762969971,1,142,1.0,0.007042253521126761,1.0,1.0,0.035211267605633804,1.0,1.0,0.07042253521126761,1.0,XC285306,compau,SNR_10dB,10,R2
0.725318193435669,1,142,1.0,0.007042253521126761,1.0,1.0,0.035211267605633804,1.0,1.0,0.07042253521126761,1.0,XC592920,compau,SNR_10dB,10,R2
0.6994694471359253,1,142,1.0,0.007042253521126761,1.0,1.0,0.035211267605633804,1.0,1.0,0.07042253521126761,1.0,XC221567,compau,SNR_10dB,10,R2
0.5556200742721558,0,142,0.0,0.0,0.0,0.2,0.007042253521126761,0.04,0.3,0.02112676056338028,0.07857142857142857,XC630102,compau,SNR_10dB,10,R2
0.6868171691894531,1,142,1.0,0.007042253521126761,1.0,1.0,0.035211267605633804,1.0,1.0,0.07042253521126761,1.0,XC427477,compau,SNR_10dB,10,R2
0.7328885793685913,1,142,1.0,0.007042253521126761,1.0,1.0,0.035211267605633804,1.0,1.0,0.07042253521126761,1.0,XC943093,compau,SNR_10dB,10,R2
0.8076884746551514,1,198,1.0,0.005050505050505051,1.0,1.0,0.025252525252525252,1.0,1.0,0.050505050505050504,1.0,XC433820,barant1,SNR_10dB,10,R2
0.8402291536331177,1,198,1.0,0.005050505050505051,1.0,1.0,0.025252525252525252,1.0,1.0,0.050505050505050504,1.0,XC459559,barant1,SNR_10dB,10,R2
0.6768834590911865,1,198,1.0,0.005050505050505051,1.0,0.8,0.020202020202020204,0.6433333333333333,0.5,0.025252525252525252,0.39309523809523805,XC732448,barant1,SNR_10dB,10,R2
0.780691385269165,1,198,1.0,0.005050505050505051,1.0,1.0,0.025252525252525252,1.0,1.0,0.050505050505050504,1.0,XC716450,barant1,SNR_10dB,10,R2
0.7974664568901062,1,198,1.0,0.005050505050505051,1.0,1.0,0.025252525252525252,1.0,1.0,0.050505050505050504,1.0,XC354908,barant1,SNR_10dB,10,R2
0.7425157427787781,1,198,1.0,0.005050505050505051,1.0,1.0,0.025252525252525252,1.0,1.0,0.050505050505050504,1.0,XC428067,barant1,SNR_10dB,10,R2
0.7000565528869629,1,198,1.0,0.005050505050505051,1.0,1.0,0.025252525252525252,1.0,1.0,0.050505050505050504,1.0,XC685458,barant1,SNR_10dB,10,R2
0.7516233921051025,1,198,1.0,0.005050505050505051,1.0,1.0,0.025252525252525252,1.0,1.0,0.050505050505050504,1.0,XC676256,barant1,SNR_10dB,10,R2
0.7981163263320923,1,198,1.0,0.005050505050505051,1.0,1.0,0.025252525252525252,1.0,1.0,0.050505050505050504,1.0,XC443189,barant1,SNR_10dB,10,R2
0.6562654972076416,1,198,1.0,0.005050505050505051,1.0,1.0,0.025252525252525252,1.0,1.0,0.050505050505050504,1.0,XC752776,barant1,SNR_10dB,10,R2
0.7951070666313171,1,201,1.0,0.004975124378109453,1.0,1.0,0.024875621890547265,1.0,1.0,0.04975124378109453,1.0,XC695270,pirfly1,SNR_10dB,10,R2
0.6649438142776489,1,201,1.0,0.004975124378109453,1.0,1.0,0.024875621890547265,1.0,1.0,0.04975124378109453,1.0,XC199153,pirfly1,SNR_10dB,10,R2
0.7758025527000427,1,201,1.0,0.004975124378109453,1.0,1.0,0.024875621890547265,1.0,1.0,0.04975124378109453,1.0,XC575453,pirfly1,SNR_10dB,10,R2
0.6336491107940674,1,201,1.0,0.004975124378109453,1.0,1.0,0.024875621890547265,1.0,1.0,0.04975124378109453,1.0,XC199221,pirfly1,SNR_10dB,10,R2
0.7034434080123901,1,201,1.0,0.004975124378109453,1.0,1.0,0.024875621890547265,1.0,0.8,0.03980099502487562,0.7675,XC1050422,pirfly1,SNR_10dB,10,R2
0.7176043391227722,1,201,1.0,0.004975124378109453,1.0,0.8,0.01990049751243781,0.76,0.9,0.04477611940298507,0.815436507936508,XC249521,pirfly1,SNR_10dB,10,R2
0.7131332159042358,1,201,1.0,0.004975124378109453,1.0,1.0,0.024875621890547265,1.0,1.0,0.04975124378109453,1.0,XC249067,pirfly1,SNR_10dB,10,R2
0.7339728474617004,1,201,1.0,0.004975124378109453,1.0,1.0,0.024875621890547265,1.0,1.0,0.04975124378109453,1.0,XC249418,pirfly1,SNR_10dB,10,R2
0.8070319890975952,1,201,1.0,0.004975124378109453,1.0,1.0,0.024875621890547265,1.0,1.0,0.04975124378109453,1.0,XC249520,pirfly1,SNR_10dB,10,R2
0.6944293975830078,1,201,1.0,0.004975124378109453,1.0,1.0,0.024875621890547265,1.0,1.0,0.04975124378109453,1.0,XC764117,pirfly1,SNR_10dB,10,R2
0.6452496647834778,1,184,1.0,0.005434782608695652,1.0,0.8,0.021739130434782608,0.8,0.9,0.04891304347826087,0.8354365079365079,XC174648,linwoo1,SNR_10dB,10,R2
0.7395337224006653,1,184,1.0,0.005434782608695652,1.0,1.0,0.02717391304347826,1.0,1.0,0.05434782608695652,1.0,XC550450,linwoo1,SNR_10dB,10,R2
0.728156328201294,1,184,1.0,0.005434782608695652,1.0,1.0,0.02717391304347826,1.0,1.0,0.05434782608695652,1.0,XC550448,linwoo1,SNR_10dB,10,R2
0.650015115737915,1,184,1.0,0.005434782608695652,1.0,1.0,0.02717391304347826,1.0,1.0,0.05434782608695652,1.0,XC379497,linwoo1,SNR_10dB,10,R2
0.7830399870872498,1,184,1.0,0.005434782608695652,1.0,1.0,0.02717391304347826,1.0,1.0,0.05434782608695652,1.0,XC732161,linwoo1,SNR_10dB,10,R2
0.7078584432601929,1,184,1.0,0.005434782608695652,1.0,1.0,0.02717391304347826,1.0,1.0,0.05434782608695652,1.0,XC261880,linwoo1,SNR_10dB,10,R2
0.7610884308815002,1,184,1.0,0.005434782608695652,1.0,1.0,0.02717391304347826,1.0,1.0,0.05434782608695652,1.0,XC250796,linwoo1,SNR_10dB,10,R2
0.7754492163658142,1,184,1.0,0.005434782608695652,1.0,1.0,0.02717391304347826,1.0,1.0,0.05434782608695652,1.0,XC542823,linwoo1,SNR_10dB,10,R2
0.5784304738044739,0,184,0.0,0.0,0.0,0.0,0.0,0.0,0.0,0.0,0.0,XC688346,linwoo1,SNR_10dB,10,R2
0.6896393299102783,1,184,1.0,0.005434782608695652,1.0,1.0,0.02717391304347826,1.0,1.0,0.05434782608695652,1.0,XC197473,linwoo1,SNR_10dB,10,R2
0.7161611318588257,1,192,1.0,0.005208333333333333,1.0,0.8,0.020833333333333332,0.76,0.8,0.041666666666666664,0.696111111111111,XC238416,whtdov,SNR_10dB,10,R2
0.6586121320724487,0,192,0.0,0.0,0.0,0.0,0.0,0.0,0.0,0.0,0.0,XC235857,whtdov,SNR_10dB,10,R2
0.6273630857467651,1,192,1.0,0.005208333333333333,1.0,1.0,0.026041666666666668,1.0,1.0,0.052083333333333336,1.0,XC238417,whtdov,SNR_10dB,10,R2
0.778475284576416,1,192,1.0,0.005208333333333333,1.0,1.0,0.026041666666666668,1.0,0.9,0.046875,0.89,XC294701,whtdov,SNR_10dB,10,R2
0.7226520776748657,1,192,1.0,0.005208333333333333,1.0,0.8,0.020833333333333332,0.76,0.9,0.046875,0.815436507936508,XC388552,whtdov,SNR_10dB,10,R2
0.6253717541694641,0,192,0.0,0.0,0.0,0.4,0.010416666666666666,0.18,0.6,0.03125,0.3126984126984127,XC538235,whtdov,SNR_10dB,10,R2
0.627278208732605,0,192,0.0,0.0,0.0,0.0,0.0,0.0,0.0,0.0,0.0,XC716476,whtdov,SNR_10dB,10,R2
0.7475385665893555,1,192,1.0,0.005208333333333333,1.0,1.0,0.026041666666666668,1.0,1.0,0.052083333333333336,1.0,XC147509,whtdov,SNR_10dB,10,R2
0.724118173122406,1,192,1.0,0.005208333333333333,1.0,1.0,0.026041666666666668,1.0,1.0,0.052083333333333336,1.0,XC277692,whtdov,SNR_10dB,10,R2
0.6947661638259888,1,192,1.0,0.005208333333333333,1.0,0.8,0.020833333333333332,0.71,0.7,0.036458333333333336,0.594047619047619,XC833664,whtdov,SNR_10dB,10,R2
0.6981068849563599,1,204,1.0,0.004901960784313725,1.0,1.0,0.024509803921568627,1.0,0.8,0.0392156862745098,0.78,XC469159,bobfly1,SNR_10dB,10,R2
0.7625046968460083,1,204,1.0,0.004901960784313725,1.0,1.0,0.024509803921568627,1.0,1.0,0.049019607843137254,1.0,XC578500,bobfly1,SNR_10dB,10,R2
0.7588388919830322,1,204,1.0,0.004901960784313725,1.0,1.0,0.024509803921568627,1.0,1.0,0.049019607843137254,1.0,XC545844,bobfly1,SNR_10dB,10,R2
0.7354796528816223,1,204,1.0,0.004901960784313725,1.0,1.0,0.024509803921568627,1.0,1.0,0.049019607843137254,1.0,XC427567,bobfly1,SNR_10dB,10,R2
0.7421256303787231,1,204,1.0,0.004901960784313725,1.0,1.0,0.024509803921568627,1.0,1.0,0.049019607843137254,1.0,XC583946,bobfly1,SNR_10dB,10,R2
0.7439032196998596,1,204,1.0,0.004901960784313725,1.0,1.0,0.024509803921568627,1.0,1.0,0.049019607843137254,1.0,XC235872,bobfly1,SNR_10dB,10,R2
0.7016215324401855,1,204,1.0,0.004901960784313725,1.0,1.0,0.024509803921568627,1.0,1.0,0.049019607843137254,1.0,XC427566,bobfly1,SNR_10dB,10,R2
0.6925231218338013,1,204,1.0,0.004901960784313725,1.0,0.8,0.0196078431372549,0.71,0.9,0.04411764705882353,0.790436507936508,XC356904,bobfly1,SNR_10dB,10,R2
0.7178491950035095,1,204,1.0,0.004901960784313725,1.0,1.0,0.024509803921568627,1.0,1.0,0.049019607843137254,1.0,XC841763,bobfly1,SNR_10dB,10,R2
0.7943219542503357,1,204,1.0,0.004901960784313725,1.0,1.0,0.024509803921568627,1.0,1.0,0.049019607843137254,1.0,XC666481,bobfly1,SNR_10dB,10,R2
0.7212609052658081,1,155,1.0,0.0064516129032258064,1.0,1.0,0.03225806451612903,1.0,1.0,0.06451612903225806,1.0,XC944466,trokin,SNR_10dB,10,R2
0.7143601179122925,1,155,1.0,0.0064516129032258064,1.0,1.0,0.03225806451612903,1.0,0.9,0.05806451612903226,0.8788888888888889,XC556661,trokin,SNR_10dB,10,R2
0.7141426801681519,1,155,1.0,0.0064516129032258064,1.0,1.0,0.03225806451612903,1.0,1.0,0.06451612903225806,1.0,XC131763,trokin,SNR_10dB,10,R2
0.6945503950119019,1,155,1.0,0.0064516129032258064,1.0,1.0,0.03225806451612903,1.0,1.0,0.06451612903225806,1.0,XC282322,trokin,SNR_10dB,10,R2
0.7674803733825684,1,155,1.0,0.0064516129032258064,1.0,1.0,0.03225806451612903,1.0,1.0,0.06451612903225806,1.0,XC287873,trokin,SNR_10dB,10,R2
0.7907288074493408,1,155,1.0,0.0064516129032258064,1.0,1.0,0.03225806451612903,1.0,1.0,0.06451612903225806,1.0,XC944467,trokin,SNR_10dB,10,R2
0.7261419892311096,1,155,1.0,0.0064516129032258064,1.0,1.0,0.03225806451612903,1.0,1.0,0.06451612903225806,1.0,XC690960,trokin,SNR_10dB,10,R2
0.5803393125534058,0,155,0.0,0.0,0.0,0.0,0.0,0.0,0.0,0.0,0.0,XC960832,trokin,SNR_10dB,10,R2
0.7104307413101196,1,155,1.0,0.0064516129032258064,1.0,1.0,0.03225806451612903,1.0,0.8,0.05161290322580645,0.788888888888889,XC490064,trokin,SNR_10dB,10,R2
0.7540976405143738,1,155,1.0,0.0064516129032258064,1.0,1.0,0.03225806451612903,1.0,1.0,0.06451612903225806,1.0,XC282345,trokin,SNR_10dB,10,R2
0.6068018674850464,0,171,0.0,0.0,0.0,0.2,0.005847953216374269,0.06666666666666667,0.4,0.023391812865497075,0.14952380952380953,XC1011212,coffal1,SNR_0dB,0,R2
0.6936998963356018,1,171,1.0,0.005847953216374269,1.0,1.0,0.029239766081871343,1.0,1.0,0.05847953216374269,1.0,XC518849,coffal1,SNR_0dB,0,R2
0.7600831985473633,1,171,1.0,0.005847953216374269,1.0,1.0,0.029239766081871343,1.0,1.0,0.05847953216374269,1.0,XC640029,coffal1,SNR_0dB,0,R2
0.6791499257087708,1,171,1.0,0.005847953216374269,1.0,1.0,0.029239766081871343,1.0,1.0,0.05847953216374269,1.0,XC238626,coffal1,SNR_0dB,0,R2
0.6483978033065796,1,171,1.0,0.005847953216374269,1.0,1.0,0.029239766081871343,1.0,1.0,0.05847953216374269,1.0,XC580510,coffal1,SNR_0dB,0,R2
0.7248901128768921,1,171,1.0,0.005847953216374269,1.0,1.0,0.029239766081871343,1.0,1.0,0.05847953216374269,1.0,XC841725,coffal1,SNR_0dB,0,R2
0.7695251703262329,1,171,1.0,0.005847953216374269,1.0,1.0,0.029239766081871343,1.0,1.0,0.05847953216374269,1.0,XC909155,coffal1,SNR_0dB,0,R2
0.8118785619735718,1,171,1.0,0.005847953216374269,1.0,1.0,0.029239766081871343,1.0,1.0,0.05847953216374269,1.0,XC597587,coffal1,SNR_0dB,0,R2
0.6043401956558228,1,171,1.0,0.005847953216374269,1.0,1.0,0.029239766081871343,1.0,1.0,0.05847953216374269,1.0,XC514068,coffal1,SNR_0dB,0,R2
0.8387241959571838,1,171,1.0,0.005847953216374269,1.0,1.0,0.029239766081871343,1.0,1.0,0.05847953216374269,1.0,XC915055,coffal1,SNR_0dB,0,R2
0.6657418608665466,1,221,1.0,0.004524886877828055,1.0,1.0,0.02262443438914027,1.0,1.0,0.04524886877828054,1.0,XC504846,sobtyr1,SNR_0dB,0,R2
0.6515476703643799,1,221,1.0,0.004524886877828055,1.0,1.0,0.02262443438914027,1.0,1.0,0.04524886877828054,1.0,XC764623,sobtyr1,SNR_0dB,0,R2
0.6425701379776001,1,221,1.0,0.004524886877828055,1.0,1.0,0.02262443438914027,1.0,1.0,0.04524886877828054,1.0,XC653903,sobtyr1,SNR_0dB,0,R2
0.7704877853393555,1,221,1.0,0.004524886877828055,1.0,1.0,0.02262443438914027,1.0,1.0,0.04524886877828054,1.0,XC176886,sobtyr1,SNR_0dB,0,R2
0.6499541997909546,0,221,0.0,0.0,0.0,0.4,0.00904977375565611,0.14666666666666667,0.5,0.02262443438914027,0.2052777777777778,XC580800,sobtyr1,SNR_0dB,0,R2
0.7428731918334961,1,221,1.0,0.004524886877828055,1.0,1.0,0.02262443438914027,1.0,1.0,0.04524886877828054,1.0,XC763522,sobtyr1,SNR_0dB,0,R2
0.7036298513412476,1,221,1.0,0.004524886877828055,1.0,1.0,0.02262443438914027,1.0,1.0,0.04524886877828054,1.0,XC612769,sobtyr1,SNR_0dB,0,R2
0.551595151424408,1,221,1.0,0.004524886877828055,1.0,1.0,0.02262443438914027,1.0,1.0,0.04524886877828054,1.0,XC135348,sobtyr1,SNR_0dB,0,R2
0.7268122434616089,1,221,1.0,0.004524886877828055,1.0,1.0,0.02262443438914027,1.0,1.0,0.04524886877828054,1.0,XC1062368,sobtyr1,SNR_0dB,0,R2
0.5837889909744263,1,221,1.0,0.004524886877828055,1.0,1.0,0.02262443438914027,1.0,1.0,0.04524886877828054,1.0,XC653904,sobtyr1,SNR_0dB,0,R2
0.702628493309021,1,223,1.0,0.004484304932735426,1.0,1.0,0.02242152466367713,1.0,1.0,0.04484304932735426,1.0,XC348691,greant1,SNR_0dB,0,R2
0.7194880843162537,1,223,1.0,0.004484304932735426,1.0,1.0,0.02242152466367713,1.0,1.0,0.04484304932735426,1.0,XC397818,greant1,SNR_0dB,0,R2
0.6408283710479736,1,223,1.0,0.004484304932735426,1.0,0.8,0.017937219730941704,0.76,0.7,0.03139013452914798,0.616111111111111,XC50033,greant1,SNR_0dB,0,R2
0.6977750062942505,1,223,1.0,0.004484304932735426,1.0,1.0,0.02242152466367713,1.0,1.0,0.04484304932735426,1.0,XC388556,greant1,SNR_0dB,0,R2
0.7505457401275635,1,223,1.0,0.004484304932735426,1.0,1.0,0.02242152466367713,1.0,1.0,0.04484304932735426,1.0,XC433819,greant1,SNR_0dB,0,R2
0.6938677430152893,1,223,1.0,0.004484304932735426,1.0,1.0,0.02242152466367713,1.0,1.0,0.04484304932735426,1.0,XC123928,greant1,SNR_0dB,0,R2
0.7152976393699646,1,223,1.0,0.004484304932735426,1.0,1.0,0.02242152466367713,1.0,1.0,0.04484304932735426,1.0,XC489684,greant1,SNR_0dB,0,R2
0.7858712673187256,1,223,1.0,0.004484304932735426,1.0,1.0,0.02242152466367713,1.0,1.0,0.04484304932735426,1.0,XC452472,greant1,SNR_0dB,0,R2
0.574029266834259,1,223,1.0,0.004484304932735426,1.0,0.8,0.017937219730941704,0.71,0.9,0.04035874439461883,0.790436507936508,XC616309,greant1,SNR_0dB,0,R2
0.5731143951416016,1,223,1.0,0.004484304932735426,1.0,1.0,0.02242152466367713,1.0,1.0,0.04484304932735426,1.0,XC118887,greant1,SNR_0dB,0,R2
0.8077995181083679,1,231,1.0,0.004329004329004329,1.0,1.0,0.021645021645021644,1.0,1.0,0.04329004329004329,1.0,XC294719,squcuc1,SNR_0dB,0,R2
0.7662397027015686,1,231,1.0,0.004329004329004329,1.0,1.0,0.021645021645021644,1.0,1.0,0.04329004329004329,1.0,XC294724,squcuc1,SNR_0dB,0,R2
0.6719005107879639,1,231,1.0,0.004329004329004329,1.0,1.0,0.021645021645021644,1.0,1.0,0.04329004329004329,1.0,XC940505,squcuc1,SNR_0dB,0,R2
0.7272149920463562,1,231,1.0,0.004329004329004329,1.0,1.0,0.021645021645021644,1.0,1.0,0.04329004329004329,1.0,XC216157,squcuc1,SNR_0dB,0,R2
0.6241488456726074,1,231,1.0,0.004329004329004329,1.0,1.0,0.021645021645021644,1.0,1.0,0.04329004329004329,1.0,XC549930,squcuc1,SNR_0dB,0,R2
0.560868501663208,0,231,0.0,0.0,0.0,0.4,0.008658008658008658,0.2333333333333333,0.4,0.017316017316017316,0.1986111111111111,XC549933,squcuc1,SNR_0dB,0,R2
0.5471017360687256,0,231,0.0,0.0,0.0,0.4,0.008658008658008658,0.14666666666666667,0.2,0.008658008658008658,0.07333333333333333,XC549936,squcuc1,SNR_0dB,0,R2
0.6859943270683289,1,231,1.0,0.004329004329004329,1.0,0.6,0.012987012987012988,0.52,0.6,0.025974025974025976,0.45583333333333337,XC247099,squcuc1,SNR_0dB,0,R2
0.6406865119934082,1,231,1.0,0.004329004329004329,1.0,1.0,0.021645021645021644,1.0,1.0,0.04329004329004329,1.0,XC246934,squcuc1,SNR_0dB,0,R2
0.7477469444274902,1,231,1.0,0.004329004329004329,1.0,1.0,0.021645021645021644,1.0,1.0,0.04329004329004329,1.0,XC656889,squcuc1,SNR_0dB,0,R2
0.5865236520767212,1,159,1.0,0.006289308176100629,1.0,1.0,0.031446540880503145,1.0,1.0,0.06289308176100629,1.0,XC299640,roahaw,SNR_0dB,0,R2
0.705735445022583,1,159,1.0,0.006289308176100629,1.0,1.0,0.031446540880503145,1.0,1.0,0.06289308176100629,1.0,XC372463,roahaw,SNR_0dB,0,R2
0.6833978295326233,0,159,0.0,0.0,0.0,0.2,0.006289308176100629,0.1,0.2,0.012578616352201259,0.07857142857142857,XC288830,roahaw,SNR_0dB,0,R2
0.6978186368942261,1,159,1.0,0.006289308176100629,1.0,1.0,0.031446540880503145,1.0,1.0,0.06289308176100629,1.0,XC129438,roahaw,SNR_0dB,0,R2
0.8122901916503906,1,159,1.0,0.006289308176100629,1.0,1.0,0.031446540880503145,1.0,1.0,0.06289308176100629,1.0,XC772769,roahaw,SNR_0dB,0,R2
0.766764760017395,1,159,1.0,0.006289308176100629,1.0,1.0,0.031446540880503145,1.0,1.0,0.06289308176100629,1.0,XC716349,roahaw,SNR_0dB,0,R2
0.6449301242828369,1,159,1.0,0.006289308176100629,1.0,0.8,0.025157232704402517,0.71,0.8,0.050314465408805034,0.6915476190476191,XC340156,roahaw,SNR_0dB,0,R2
0.7064326405525208,0,159,0.0,0.0,0.0,0.6,0.018867924528301886,0.32,0.7,0.0440251572327044,0.43476190476190474,XC680705,roahaw,SNR_0dB,0,R2
0.6614381074905396,0,159,0.0,0.0,0.0,0.0,0.0,0.0,0.0,0.0,0.0,XC235156,roahaw,SNR_0dB,0,R2
0.6319514513015747,1,159,1.0,0.006289308176100629,1.0,0.8,0.025157232704402517,0.71,0.8,0.050314465408805034,0.671111111111111,XC19527,roahaw,SNR_0dB,0,R2
0.6114429831504822,1,165,1.0,0.006060606060606061,1.0,0.6,0.01818181818181818,0.55,0.3,0.01818181818181818,0.275,XC738930,trsowl,SNR_0dB,0,R2
0.6735739707946777,1,165,1.0,0.006060606060606061,1.0,1.0,0.030303030303030304,1.0,0.9,0.05454545454545454,0.9,XC428741,trsowl,SNR_0dB,0,R2
0.6377358436584473,1,165,1.0,0.006060606060606061,1.0,1.0,0.030303030303030304,1.0,1.0,0.06060606060606061,1.0,XC597121,trsowl,SNR_0dB,0,R2
0.7119393348693848,1,165,1.0,0.006060606060606061,1.0,1.0,0.030303030303030304,1.0,1.0,0.06060606060606061,1.0,XC549975,trsowl,SNR_0dB,0,R2
0.7308560013771057,1,165,1.0,0.006060606060606061,1.0,1.0,0.030303030303030304,1.0,1.0,0.06060606060606061,1.0,XC135491,trsowl,SNR_0dB,0,R2
0.7970445156097412,1,165,1.0,0.006060606060606061,1.0,1.0,0.030303030303030304,1.0,1.0,0.06060606060606061,1.0,XC572606,trsowl,SNR_0dB,0,R2
0.7187304496765137,1,165,1.0,0.006060606060606061,1.0,1.0,0.030303030303030304,1.0,1.0,0.06060606060606061,1.0,XC236394,trsowl,SNR_0dB,0,R2
0.6954309940338135,0,165,0.0,0.0,0.0,0.4,0.012121212121212121,0.2,0.3,0.01818181818181818,0.13,XC447808,trsowl,SNR_0dB,0,R2
0.6804263591766357,1,165,1.0,0.006060606060606061,1.0,1.0,0.030303030303030304,1.0,1.0,0.06060606060606061,1.0,XC619067,trsowl,SNR_0dB,0,R2
0.5767273902893066,1,165,1.0,0.006060606060606061,1.0,0.8,0.024242424242424242,0.8,0.8,0.048484848484848485,0.7042063492063492,XC730130,trsowl,SNR_0dB,0,R2
0.6470194458961487,0,203,0.0,0.0,0.0,0.2,0.0049261083743842365,0.04,0.1,0.0049261083743842365,0.02,XC756928,banana,SNR_0dB,0,R2
0.6391575336456299,1,203,1.0,0.0049261083743842365,1.0,1.0,0.024630541871921183,1.0,1.0,0.04926108374384237,1.0,XC190593,banana,SNR_0dB,0,R2
0.7030571699142456,0,203,0.0,0.0,0.0,0.0,0.0,0.0,0.2,0.009852216748768473,0.041666666666666664,XC247112,banana,SNR_0dB,0,R2
0.7491334676742554,1,203,1.0,0.0049261083743842365,1.0,1.0,0.024630541871921183,1.0,1.0,0.04926108374384237,1.0,XC561261,banana,SNR_0dB,0,R2
0.7128255367279053,1,203,1.0,0.0049261083743842365,1.0,1.0,0.024630541871921183,1.0,1.0,0.04926108374384237,1.0,XC127164,banana,SNR_0dB,0,R2
0.704728901386261,1,203,1.0,0.0049261083743842365,1.0,1.0,0.024630541871921183,1.0,0.9,0.04433497536945813,0.8521031746031748,XC169559,banana,SNR_0dB,0,R2
0.5774476528167725,1,203,1.0,0.0049261083743842365,1.0,0.8,0.019704433497536946,0.8,0.9,0.04433497536945813,0.8354365079365079,XC241562,banana,SNR_0dB,0,R2
0.5874858498573303,1,203,1.0,0.0049261083743842365,1.0,1.0,0.024630541871921183,1.0,1.0,0.04926108374384237,1.0,XC924739,banana,SNR_0dB,0,R2
0.7024648189544678,1,203,1.0,0.0049261083743842365,1.0,0.8,0.019704433497536946,0.76,0.6,0.029556650246305417,0.5180952380952382,XC541448,banana,SNR_0dB,0,R2
0.5470924377441406,0,203,0.0,0.0,0.0,0.2,0.0049261083743842365,0.04,0.3,0.014778325123152709,0.07857142857142857,XC215467,banana,SNR_0dB,0,R2
0.6055580377578735,1,181,1.0,0.0055248618784530384,1.0,1.0,0.027624309392265192,1.0,1.0,0.055248618784530384,1.0,XC29087,baffal1,SNR_0dB,0,R2
0.7047675848007202,1,181,1.0,0.0055248618784530384,1.0,1.0,0.027624309392265192,1.0,1.0,0.055248618784530384,1.0,XC29088,baffal1,SNR_0dB,0,R2
0.7141886949539185,1,181,1.0,0.0055248618784530384,1.0,1.0,0.027624309392265192,1.0,1.0,0.055248618784530384,1.0,XC235886,baffal1,SNR_0dB,0,R2
0.7605363130569458,1,181,1.0,0.0055248618784530384,1.0,1.0,0.027624309392265192,1.0,1.0,0.055248618784530384,1.0,XC437953,baffal1,SNR_0dB,0,R2
0.7618248462677002,1,181,1.0,0.0055248618784530384,1.0,1.0,0.027624309392265192,1.0,1.0,0.055248618784530384,1.0,XC192816,baffal1,SNR_0dB,0,R2
0.8130415081977844,1,181,1.0,0.0055248618784530384,1.0,1.0,0.027624309392265192,1.0,1.0,0.055248618784530384,1.0,XC666482,baffal1,SNR_0dB,0,R2
0.7512080669403076,1,181,1.0,0.0055248618784530384,1.0,1.0,0.027624309392265192,1.0,1.0,0.055248618784530384,1.0,XC727672,baffal1,SNR_0dB,0,R2
0.7104213833808899,1,181,1.0,0.0055248618784530384,1.0,1.0,0.027624309392265192,1.0,1.0,0.055248618784530384,1.0,XC745799,baffal1,SNR_0dB,0,R2
0.8796219229698181,1,181,1.0,0.0055248618784530384,1.0,1.0,0.027624309392265192,1.0,1.0,0.055248618784530384,1.0,XC546400,baffal1,SNR_0dB,0,R2
0.6170626282691956,1,181,1.0,0.0055248618784530384,1.0,1.0,0.027624309392265192,1.0,1.0,0.055248618784530384,1.0,XC192815,baffal1,SNR_0dB,0,R2
0.7976008653640747,1,137,1.0,0.0072992700729927005,1.0,1.0,0.0364963503649635,1.0,1.0,0.072992700729927,1.0,XC539586,soulap1,SNR_0dB,0,R2
0.6915990710258484,1,137,1.0,0.0072992700729927005,1.0,1.0,0.0364963503649635,1.0,1.0,0.072992700729927,1.0,XC9046,soulap1,SNR_0dB,0,R2
0.5734046697616577,1,137,1.0,0.0072992700729927005,1.0,1.0,0.0364963503649635,1.0,0.9,0.06569343065693431,0.8788888888888889,XC562682,soulap1,SNR_0dB,0,R2
0.7284386157989502,1,137,1.0,0.0072992700729927005,1.0,1.0,0.0364963503649635,1.0,1.0,0.072992700729927,1.0,XC51500,soulap1,SNR_0dB,0,R2
0.7863292694091797,1,137,1.0,0.0072992700729927005,1.0,1.0,0.0364963503649635,1.0,1.0,0.072992700729927,1.0,XC428133,soulap1,SNR_0dB,0,R2
0.6548982858657837,1,137,1.0,0.0072992700729927005,1.0,1.0,0.0364963503649635,1.0,1.0,0.072992700729927,1.0,XC47141,soulap1,SNR_0dB,0,R2
0.5661799907684326,1,137,1.0,0.0072992700729927005,1.0,0.8,0.029197080291970802,0.8,0.6,0.043795620437956206,0.5583333333333333,XC861228,soulap1,SNR_0dB,0,R2
0.6025451421737671,1,137,1.0,0.0072992700729927005,1.0,1.0,0.0364963503649635,1.0,0.9,0.06569343065693431,0.89,XC549503,soulap1,SNR_0dB,0,R2
0.688910961151123,1,137,1.0,0.0072992700729927005,1.0,1.0,0.0364963503649635,1.0,1.0,0.072992700729927,1.0,XC16003,soulap1,SNR_0dB,0,R2
0.6728324890136719,1,137,1.0,0.0072992700729927005,1.0,1.0,0.0364963503649635,1.0,1.0,0.072992700729927,1.0,XC48574,soulap1,SNR_0dB,0,R2
0.7111080884933472,1,154,1.0,0.006493506493506494,1.0,1.0,0.032467532467532464,1.0,1.0,0.06493506493506493,1.0,XC340516,strcuc1,SNR_0dB,0,R2
0.6158379316329956,1,154,1.0,0.006493506493506494,1.0,1.0,0.032467532467532464,1.0,1.0,0.06493506493506493,1.0,XC340515,strcuc1,SNR_0dB,0,R2
0.685806393623352,1,154,1.0,0.006493506493506494,1.0,1.0,0.032467532467532464,1.0,1.0,0.06493506493506493,1.0,XC173304,strcuc1,SNR_0dB,0,R2
0.7103208899497986,1,154,1.0,0.006493506493506494,1.0,1.0,0.032467532467532464,1.0,0.9,0.05844155844155844,0.8521031746031748,XC114965,strcuc1,SNR_0dB,0,R2
0.6144834756851196,1,154,1.0,0.006493506493506494,1.0,1.0,0.032467532467532464,1.0,1.0,0.06493506493506493,1.0,XC349929,strcuc1,SNR_0dB,0,R2
0.686671257019043,1,154,1.0,0.006493506493506494,1.0,1.0,0.032467532467532464,1.0,1.0,0.06493506493506493,1.0,XC836228,strcuc1,SNR_0dB,0,R2
0.6216960549354553,1,154,1.0,0.006493506493506494,1.0,1.0,0.032467532467532464,1.0,1.0,0.06493506493506493,1.0,XC508606,strcuc1,SNR_0dB,0,R2
0.7720302939414978,1,154,1.0,0.006493506493506494,1.0,1.0,0.032467532467532464,1.0,1.0,0.06493506493506493,1.0,XC593146,strcuc1,SNR_0dB,0,R2
0.6490961909294128,1,154,1.0,0.006493506493506494,1.0,0.8,0.025974025974025976,0.71,0.9,0.05844155844155844,0.790436507936508,XC240034,strcuc1,SNR_0dB,0,R2
0.8141345381736755,1,154,1.0,0.006493506493506494,1.0,1.0,0.032467532467532464,1.0,1.0,0.06493506493506493,1.0,XC114160,strcuc1,SNR_0dB,0,R2
0.6599637866020203,1,125,1.0,0.008,1.0,1.0,0.04,1.0,1.0,0.08,1.0,XC993685,pabspi1,SNR_0dB,0,R2
0.6070653200149536,1,125,1.0,0.008,1.0,1.0,0.04,1.0,1.0,0.08,1.0,XC506225,pabspi1,SNR_0dB,0,R2
0.6679809093475342,1,125,1.0,0.008,1.0,1.0,0.04,1.0,1.0,0.08,1.0,XC687712,pabspi1,SNR_0dB,0,R2
0.7335523366928101,1,125,1.0,0.008,1.0,1.0,0.04,1.0,1.0,0.08,1.0,XC506234,pabspi1,SNR_0dB,0,R2
0.7371707558631897,1,125,1.0,0.008,1.0,1.0,0.04,1.0,1.0,0.08,1.0,XC452493,pabspi1,SNR_0dB,0,R2
0.6671426296234131,1,125,1.0,0.008,1.0,1.0,0.04,1.0,1.0,0.08,1.0,XC701947,pabspi1,SNR_0dB,0,R2
0.6526789665222168,0,125,0.0,0.0,0.0,0.2,0.008,0.05,0.2,0.016,0.04722222222222222,XC701948,pabspi1,SNR_0dB,0,R2
0.7238842844963074,1,125,1.0,0.008,1.0,1.0,0.04,1.0,1.0,0.08,1.0,XC236174,pabspi1,SNR_0dB,0,R2
0.6790051460266113,1,125,1.0,0.008,1.0,1.0,0.04,1.0,1.0,0.08,1.0,XC391585,pabspi1,SNR_0dB,0,R2
0.6423771381378174,1,125,1.0,0.008,1.0,1.0,0.04,1.0,1.0,0.08,1.0,XC236176,pabspi1,SNR_0dB,0,R2
0.71844482421875,1,266,1.0,0.0037593984962406013,1.0,1.0,0.018796992481203006,1.0,1.0,0.03759398496240601,1.0,XC268594,yeofly1,SNR_0dB,0,R2
0.7613471746444702,1,266,1.0,0.0037593984962406013,1.0,0.6,0.011278195488721804,0.4833333333333333,0.8,0.03007518796992481,0.6125396825396825,XC361117,yeofly1,SNR_0dB,0,R2
0.7033067345619202,1,266,1.0,0.0037593984962406013,1.0,0.8,0.015037593984962405,0.6433333333333333,0.4,0.015037593984962405,0.32166666666666666,XC250157,yeofly1,SNR_0dB,0,R2
0.6598129272460938,1,266,1.0,0.0037593984962406013,1.0,1.0,0.018796992481203006,1.0,1.0,0.03759398496240601,1.0,XC46766,yeofly1,SNR_0dB,0,R2
0.7266668081283569,1,266,1.0,0.0037593984962406013,1.0,1.0,0.018796992481203006,1.0,1.0,0.03759398496240601,1.0,XC1031972,yeofly1,SNR_0dB,0,R2
0.5943619012832642,1,266,1.0,0.0037593984962406013,1.0,0.6,0.011278195488721804,0.52,0.5,0.018796992481203006,0.3980952380952381,XC187210,yeofly1,SNR_0dB,0,R2
0.6199797987937927,1,266,1.0,0.0037593984962406013,1.0,1.0,0.018796992481203006,1.0,0.9,0.03383458646616541,0.866388888888889,XC512409,yeofly1,SNR_0dB,0,R2
0.7605023384094238,1,266,1.0,0.0037593984962406013,1.0,1.0,0.018796992481203006,1.0,1.0,0.03759398496240601,1.0,XC611913,yeofly1,SNR_0dB,0,R2
0.7927716970443726,1,266,1.0,0.0037593984962406013,1.0,1.0,0.018796992481203006,1.0,1.0,0.03759398496240601,1.0,XC268592,yeofly1,SNR_0dB,0,R2
0.5836725234985352,1,266,1.0,0.0037593984962406013,1.0,0.8,0.015037593984962405,0.71,0.6,0.022556390977443608,0.5240476190476191,XC583955,yeofly1,SNR_0dB,0,R2
0.5868216753005981,1,141,1.0,0.0070921985815602835,1.0,1.0,0.03546099290780142,1.0,0.8,0.05673758865248227,0.7577777777777778,XC192979,gycwor1,SNR_0dB,0,R2
0.7267215251922607,1,141,1.0,0.0070921985815602835,1.0,1.0,0.03546099290780142,1.0,1.0,0.07092198581560284,1.0,XC483682,gycwor1,SNR_0dB,0,R2
0.7353631258010864,1,141,1.0,0.0070921985815602835,1.0,1.0,0.03546099290780142,1.0,1.0,0.07092198581560284,1.0,XC772156,gycwor1,SNR_0dB,0,R2
0.7150523662567139,1,141,1.0,0.0070921985815602835,1.0,1.0,0.03546099290780142,1.0,0.9,0.06382978723404255,0.8788888888888889,XC501765,gycwor1,SNR_0dB,0,R2
0.7522056102752686,1,141,1.0,0.0070921985815602835,1.0,1.0,0.03546099290780142,1.0,1.0,0.07092198581560284,1.0,XC1012395,gycwor1,SNR_0dB,0,R2
0.7780118584632874,1,141,1.0,0.0070921985815602835,1.0,1.0,0.03546099290780142,1.0,1.0,0.07092198581560284,1.0,XC843813,gycwor1,SNR_0dB,0,R2
0.7228171825408936,1,141,1.0,0.0070921985815602835,1.0,1.0,0.03546099290780142,1.0,1.0,0.07092198581560284,1.0,XC216181,gycwor1,SNR_0dB,0,R2
0.8033755421638489,1,141,1.0,0.0070921985815602835,1.0,1.0,0.03546099290780142,1.0,1.0,0.07092198581560284,1.0,XC352281,gycwor1,SNR_0dB,0,R2
0.6264023780822754,1,141,1.0,0.0070921985815602835,1.0,1.0,0.03546099290780142,1.0,1.0,0.07092198581560284,1.0,XC335167,gycwor1,SNR_0dB,0,R2
0.7889681458473206,1,141,1.0,0.0070921985815602835,1.0,1.0,0.03546099290780142,1.0,1.0,0.07092198581560284,1.0,XC197443,gycwor1,SNR_0dB,0,R2
0.6132473349571228,1,142,1.0,0.007042253521126761,1.0,1.0,0.035211267605633804,1.0,1.0,0.07042253521126761,1.0,XC254120,compau,SNR_0dB,0,R2
0.7067303657531738,0,142,0.0,0.0,0.0,0.0,0.0,0.0,0.0,0.0,0.0,XC225326,compau,SNR_0dB,0,R2
0.6921914219856262,1,142,1.0,0.007042253521126761,1.0,1.0,0.035211267605633804,1.0,1.0,0.07042253521126761,1.0,XC236447,compau,SNR_0dB,0,R2
0.7521845102310181,1,142,1.0,0.007042253521126761,1.0,1.0,0.035211267605633804,1.0,1.0,0.07042253521126761,1.0,XC311012,compau,SNR_0dB,0,R2
0.6585434079170227,1,142,1.0,0.007042253521126761,1.0,1.0,0.035211267605633804,1.0,1.0,0.07042253521126761,1.0,XC285306,compau,SNR_0dB,0,R2
0.638238787651062,1,142,1.0,0.007042253521126761,1.0,1.0,0.035211267605633804,1.0,1.0,0.07042253521126761,1.0,XC592920,compau,SNR_0dB,0,R2
0.6955187320709229,1,142,1.0,0.007042253521126761,1.0,1.0,0.035211267605633804,1.0,1.0,0.07042253521126761,1.0,XC221567,compau,SNR_0dB,0,R2
0.5664787292480469,0,142,0.0,0.0,0.0,0.0,0.0,0.0,0.3,0.02112676056338028,0.06472222222222221,XC630102,compau,SNR_0dB,0,R2
0.6334072351455688,1,142,1.0,0.007042253521126761,1.0,1.0,0.035211267605633804,1.0,1.0,0.07042253521126761,1.0,XC427477,compau,SNR_0dB,0,R2
0.7077029943466187,1,142,1.0,0.007042253521126761,1.0,1.0,0.035211267605633804,1.0,0.9,0.06338028169014084,0.9,XC943093,compau,SNR_0dB,0,R2
0.6740165948867798,1,198,1.0,0.005050505050505051,1.0,1.0,0.025252525252525252,1.0,1.0,0.050505050505050504,1.0,XC433820,barant1,SNR_0dB,0,R2
0.6990342140197754,1,198,1.0,0.005050505050505051,1.0,1.0,0.025252525252525252,1.0,1.0,0.050505050505050504,1.0,XC459559,barant1,SNR_0dB,0,R2
0.6622648239135742,1,198,1.0,0.005050505050505051,1.0,0.8,0.020202020202020204,0.6433333333333333,0.6,0.030303030303030304,0.48,XC732448,barant1,SNR_0dB,0,R2
0.7195053100585938,1,198,1.0,0.005050505050505051,1.0,1.0,0.025252525252525252,1.0,1.0,0.050505050505050504,1.0,XC716450,barant1,SNR_0dB,0,R2
0.7228803038597107,1,198,1.0,0.005050505050505051,1.0,1.0,0.025252525252525252,1.0,1.0,0.050505050505050504,1.0,XC354908,barant1,SNR_0dB,0,R2
0.6688449382781982,1,198,1.0,0.005050505050505051,1.0,1.0,0.025252525252525252,1.0,1.0,0.050505050505050504,1.0,XC428067,barant1,SNR_0dB,0,R2
0.6643644571304321,1,198,1.0,0.005050505050505051,1.0,1.0,0.025252525252525252,1.0,1.0,0.050505050505050504,1.0,XC685458,barant1,SNR_0dB,0,R2
0.7238366007804871,1,198,1.0,0.005050505050505051,1.0,1.0,0.025252525252525252,1.0,1.0,0.050505050505050504,1.0,XC676256,barant1,SNR_0dB,0,R2
0.7871189117431641,1,198,1.0,0.005050505050505051,1.0,1.0,0.025252525252525252,1.0,1.0,0.050505050505050504,1.0,XC443189,barant1,SNR_0dB,0,R2
0.6159907579421997,1,198,1.0,0.005050505050505051,1.0,1.0,0.025252525252525252,1.0,1.0,0.050505050505050504,1.0,XC752776,barant1,SNR_0dB,0,R2
0.7452391982078552,1,201,1.0,0.004975124378109453,1.0,1.0,0.024875621890547265,1.0,1.0,0.04975124378109453,1.0,XC695270,pirfly1,SNR_0dB,0,R2
0.5940719842910767,1,201,1.0,0.004975124378109453,1.0,0.8,0.01990049751243781,0.8,0.8,0.03980099502487562,0.7042063492063492,XC199153,pirfly1,SNR_0dB,0,R2
0.6978433728218079,1,201,1.0,0.004975124378109453,1.0,1.0,0.024875621890547265,1.0,1.0,0.04975124378109453,1.0,XC575453,pirfly1,SNR_0dB,0,R2
0.5448716878890991,1,201,1.0,0.004975124378109453,1.0,1.0,0.024875621890547265,1.0,1.0,0.04975124378109453,1.0,XC199221,pirfly1,SNR_0dB,0,R2
0.6738947629928589,0,201,0.0,0.0,0.0,0.2,0.004975124378109453,0.06666666666666667,0.3,0.014925373134328358,0.0919047619047619,XC1050422,pirfly1,SNR_0dB,0,R2
0.6628289222717285,1,201,1.0,0.004975124378109453,1.0,0.2,0.004975124378109453,0.2,0.3,0.014925373134328358,0.16607142857142856,XC249521,pirfly1,SNR_0dB,0,R2
0.6539158225059509,1,201,1.0,0.004975124378109453,1.0,0.8,0.01990049751243781,0.76,0.7,0.03482587064676617,0.616111111111111,XC249067,pirfly1,SNR_0dB,0,R2
0.7256114482879639,1,201,1.0,0.004975124378109453,1.0,1.0,0.024875621890547265,1.0,1.0,0.04975124378109453,1.0,XC249418,pirfly1,SNR_0dB,0,R2
0.7789996266365051,1,201,1.0,0.004975124378109453,1.0,1.0,0.024875621890547265,1.0,1.0,0.04975124378109453,1.0,XC249520,pirfly1,SNR_0dB,0,R2
0.6146655082702637,1,201,1.0,0.004975124378109453,1.0,1.0,0.024875621890547265,1.0,1.0,0.04975124378109453,1.0,XC764117,pirfly1,SNR_0dB,0,R2
0.6283971667289734,1,184,1.0,0.005434782608695652,1.0,1.0,0.02717391304347826,1.0,0.9,0.04891304347826087,0.8521031746031748,XC174648,linwoo1,SNR_0dB,0,R2
0.7044497728347778,1,184,1.0,0.005434782608695652,1.0,1.0,0.02717391304347826,1.0,1.0,0.05434782608695652,1.0,XC550450,linwoo1,SNR_0dB,0,R2
0.6725828647613525,1,184,1.0,0.005434782608695652,1.0,1.0,0.02717391304347826,1.0,1.0,0.05434782608695652,1.0,XC550448,linwoo1,SNR_0dB,0,R2
0.5777795314788818,1,184,1.0,0.005434782608695652,1.0,0.2,0.005434782608695652,0.2,0.2,0.010869565217391304,0.13333333333333333,XC379497,linwoo1,SNR_0dB,0,R2
0.7396548986434937,1,184,1.0,0.005434782608695652,1.0,1.0,0.02717391304347826,1.0,1.0,0.05434782608695652,1.0,XC732161,linwoo1,SNR_0dB,0,R2
0.7100024223327637,1,184,1.0,0.005434782608695652,1.0,1.0,0.02717391304347826,1.0,1.0,0.05434782608695652,1.0,XC261880,linwoo1,SNR_0dB,0,R2
0.7301015853881836,1,184,1.0,0.005434782608695652,1.0,1.0,0.02717391304347826,1.0,1.0,0.05434782608695652,1.0,XC250796,linwoo1,SNR_0dB,0,R2
0.6711612343788147,1,184,1.0,0.005434782608695652,1.0,1.0,0.02717391304347826,1.0,1.0,0.05434782608695652,1.0,XC542823,linwoo1,SNR_0dB,0,R2
0.5673706531524658,0,184,0.0,0.0,0.0,0.0,0.0,0.0,0.0,0.0,0.0,XC688346,linwoo1,SNR_0dB,0,R2
0.6512279510498047,1,184,1.0,0.005434782608695652,1.0,1.0,0.02717391304347826,1.0,0.9,0.04891304347826087,0.8788888888888889,XC197473,linwoo1,SNR_0dB,0,R2
0.6673339605331421,1,192,1.0,0.005208333333333333,1.0,0.8,0.020833333333333332,0.6433333333333333,0.9,0.046875,0.7571031746031747,XC238416,whtdov,SNR_0dB,0,R2
0.5921724438667297,0,192,0.0,0.0,0.0,0.0,0.0,0.0,0.0,0.0,0.0,XC235857,whtdov,SNR_0dB,0,R2
0.6024373769760132,1,192,1.0,0.005208333333333333,1.0,1.0,0.026041666666666668,1.0,0.8,0.041666666666666664,0.7675,XC238417,whtdov,SNR_0dB,0,R2
0.7311456203460693,1,192,1.0,0.005208333333333333,1.0,0.8,0.020833333333333332,0.76,0.8,0.041666666666666664,0.6842063492063492,XC294701,whtdov,SNR_0dB,0,R2
0.673397421836853,1,192,1.0,0.005208333333333333,1.0,0.8,0.020833333333333332,0.76,0.9,0.046875,0.815436507936508,XC388552,whtdov,SNR_0dB,0,R2
0.6224894523620605,0,192,0.0,0.0,0.0,0.4,0.010416666666666666,0.13,0.2,0.010416666666666666,0.065,XC538235,whtdov,SNR_0dB,0,R2
0.5565049648284912,0,192,0.0,0.0,0.0,0.0,0.0,0.0,0.1,0.005208333333333333,0.0125,XC716476,whtdov,SNR_0dB,0,R2
0.7210939526557922,1,192,1.0,0.005208333333333333,1.0,1.0,0.026041666666666668,1.0,1.0,0.052083333333333336,1.0,XC147509,whtdov,SNR_0dB,0,R2
0.6881241202354431,1,192,1.0,0.005208333333333333,1.0,1.0,0.026041666666666668,1.0,1.0,0.052083333333333336,1.0,XC277692,whtdov,SNR_0dB,0,R2
0.6316405534744263,1,192,1.0,0.005208333333333333,1.0,0.6,0.015625,0.4533333333333333,0.4,0.020833333333333332,0.2838095238095238,XC833664,whtdov,SNR_0dB,0,R2
0.6753565073013306,1,204,1.0,0.004901960784313725,1.0,0.8,0.0196078431372549,0.6433333333333333,0.8,0.0392156862745098,0.6671031746031746,XC469159,bobfly1,SNR_0dB,0,R2
0.7158784866333008,1,204,1.0,0.004901960784313725,1.0,1.0,0.024509803921568627,1.0,1.0,0.049019607843137254,1.0,XC578500,bobfly1,SNR_0dB,0,R2
0.6689343452453613,1,204,1.0,0.004901960784313725,1.0,1.0,0.024509803921568627,1.0,1.0,0.049019607843137254,1.0,XC545844,bobfly1,SNR_0dB,0,R2
0.7170206308364868,1,204,1.0,0.004901960784313725,1.0,1.0,0.024509803921568627,1.0,1.0,0.049019607843137254,1.0,XC427567,bobfly1,SNR_0dB,0,R2
0.6420125961303711,1,204,1.0,0.004901960784313725,1.0,1.0,0.024509803921568627,1.0,1.0,0.049019607843137254,1.0,XC583946,bobfly1,SNR_0dB,0,R2
0.7116936445236206,1,204,1.0,0.004901960784313725,1.0,1.0,0.024509803921568627,1.0,1.0,0.049019607843137254,1.0,XC235872,bobfly1,SNR_0dB,0,R2
0.6555129289627075,1,204,1.0,0.004901960784313725,1.0,1.0,0.024509803921568627,1.0,1.0,0.049019607843137254,1.0,XC427566,bobfly1,SNR_0dB,0,R2
0.6459378004074097,1,204,1.0,0.004901960784313725,1.0,1.0,0.024509803921568627,1.0,0.9,0.04411764705882353,0.866388888888889,XC356904,bobfly1,SNR_0dB,0,R2
0.6290137767791748,1,204,1.0,0.004901960784313725,1.0,1.0,0.024509803921568627,1.0,0.9,0.04411764705882353,0.89,XC841763,bobfly1,SNR_0dB,0,R2
0.7397133708000183,1,204,1.0,0.004901960784313725,1.0,1.0,0.024509803921568627,1.0,1.0,0.049019607843137254,1.0,XC666481,bobfly1,SNR_0dB,0,R2
0.6213973760604858,0,155,0.0,0.0,0.0,0.6,0.01935483870967742,0.35333333333333333,0.6,0.03870967741935484,0.3588888888888889,XC944466,trokin,SNR_0dB,0,R2
0.6085087656974792,1,155,1.0,0.0064516129032258064,1.0,0.4,0.012903225806451613,0.4,0.5,0.03225806451612903,0.33730158730158727,XC556661,trokin,SNR_0dB,0,R2
0.6760619282722473,1,155,1.0,0.0064516129032258064,1.0,1.0,0.03225806451612903,1.0,0.8,0.05161290322580645,0.7621031746031747,XC131763,trokin,SNR_0dB,0,R2
0.6455380916595459,1,155,1.0,0.0064516129032258064,1.0,1.0,0.03225806451612903,1.0,1.0,0.06451612903225806,1.0,XC282322,trokin,SNR_0dB,0,R2
0.7265211343765259,1,155,1.0,0.0064516129032258064,1.0,1.0,0.03225806451612903,1.0,0.9,0.05806451612903226,0.9,XC287873,trokin,SNR_0dB,0,R2
0.6820939779281616,1,155,1.0,0.0064516129032258064,1.0,1.0,0.03225806451612903,1.0,1.0,0.06451612903225806,1.0,XC944467,trokin,SNR_0dB,0,R2
0.6882208585739136,0,155,0.0,0.0,0.0,0.2,0.0064516129032258064,0.1,0.4,0.025806451612903226,0.17063492063492064,XC690960,trokin,SNR_0dB,0,R2
0.587345540523529,0,155,0.0,0.0,0.0,0.0,0.0,0.0,0.0,0.0,0.0,XC960832,trokin,SNR_0dB,0,R2
0.7195116281509399,1,155,1.0,0.0064516129032258064,1.0,0.8,0.025806451612903226,0.8,0.7,0.04516129032258064,0.656547619047619,XC490064,trokin,SNR_0dB,0,R2
0.7371826171875,1,155,1.0,0.0064516129032258064,1.0,1.0,0.03225806451612903,1.0,1.0,0.06451612903225806,1.0,XC282345,trokin,SNR_0dB,0,R2
0.5753269195556641,0,171,0.0,0.0,0.0,0.2,0.005847953216374269,0.05,0.4,0.023391812865497075,0.12333333333333334,XC1011212,coffal1,SNR_-5dB,-5,R2
0.6725732088088989,1,171,1.0,0.005847953216374269,1.0,1.0,0.029239766081871343,1.0,1.0,0.05847953216374269,1.0,XC518849,coffal1,SNR_-5dB,-5,R2
0.7169011831283569,1,171,1.0,0.005847953216374269,1.0,1.0,0.029239766081871343,1.0,1.0,0.05847953216374269,1.0,XC640029,coffal1,SNR_-5dB,-5,R2
0.6677790880203247,1,171,1.0,0.005847953216374269,1.0,1.0,0.029239766081871343,1.0,1.0,0.05847953216374269,1.0,XC238626,coffal1,SNR_-5dB,-5,R2
0.6513033509254456,1,171,1.0,0.005847953216374269,1.0,1.0,0.029239766081871343,1.0,1.0,0.05847953216374269,1.0,XC580510,coffal1,SNR_-5dB,-5,R2
0.6972184181213379,1,171,1.0,0.005847953216374269,1.0,1.0,0.029239766081871343,1.0,1.0,0.05847953216374269,1.0,XC841725,coffal1,SNR_-5dB,-5,R2
0.7530932426452637,1,171,1.0,0.005847953216374269,1.0,1.0,0.029239766081871343,1.0,1.0,0.05847953216374269,1.0,XC909155,coffal1,SNR_-5dB,-5,R2
0.7927671074867249,1,171,1.0,0.005847953216374269,1.0,1.0,0.029239766081871343,1.0,1.0,0.05847953216374269,1.0,XC597587,coffal1,SNR_-5dB,-5,R2
0.5951439738273621,1,171,1.0,0.005847953216374269,1.0,1.0,0.029239766081871343,1.0,0.9,0.05263157894736842,0.8788888888888889,XC514068,coffal1,SNR_-5dB,-5,R2
0.8058569431304932,1,171,1.0,0.005847953216374269,1.0,1.0,0.029239766081871343,1.0,1.0,0.05847953216374269,1.0,XC915055,coffal1,SNR_-5dB,-5,R2
0.6618237495422363,1,221,1.0,0.004524886877828055,1.0,0.8,0.01809954751131222,0.71,0.8,0.03619909502262444,0.700436507936508,XC504846,sobtyr1,SNR_-5dB,-5,R2
0.6366636753082275,1,221,1.0,0.004524886877828055,1.0,1.0,0.02262443438914027,1.0,1.0,0.04524886877828054,1.0,XC764623,sobtyr1,SNR_-5dB,-5,R2
0.6225506663322449,1,221,1.0,0.004524886877828055,1.0,1.0,0.02262443438914027,1.0,1.0,0.04524886877828054,1.0,XC653903,sobtyr1,SNR_-5dB,-5,R2
0.7519272565841675,1,221,1.0,0.004524886877828055,1.0,1.0,0.02262443438914027,1.0,1.0,0.04524886877828054,1.0,XC176886,sobtyr1,SNR_-5dB,-5,R2
0.6394864916801453,0,221,0.0,0.0,0.0,0.2,0.004524886877828055,0.04,0.3,0.013574660633484163,0.08333333333333333,XC580800,sobtyr1,SNR_-5dB,-5,R2
0.7264600992202759,1,221,1.0,0.004524886877828055,1.0,1.0,0.02262443438914027,1.0,1.0,0.04524886877828054,1.0,XC763522,sobtyr1,SNR_-5dB,-5,R2
0.705457866191864,1,221,1.0,0.004524886877828055,1.0,1.0,0.02262443438914027,1.0,1.0,0.04524886877828054,1.0,XC612769,sobtyr1,SNR_-5dB,-5,R2
0.5324591398239136,1,221,1.0,0.004524886877828055,1.0,0.6,0.013574660633484163,0.52,0.8,0.03619909502262444,0.6308730158730158,XC135348,sobtyr1,SNR_-5dB,-5,R2
0.7102575898170471,1,221,1.0,0.004524886877828055,1.0,1.0,0.02262443438914027,1.0,1.0,0.04524886877828054,1.0,XC1062368,sobtyr1,SNR_-5dB,-5,R2
0.5529160499572754,1,221,1.0,0.004524886877828055,1.0,0.8,0.01809954751131222,0.6433333333333333,0.4,0.01809954751131222,0.32166666666666666,XC653904,sobtyr1,SNR_-5dB,-5,R2
0.7042902708053589,1,223,1.0,0.004484304932735426,1.0,1.0,0.02242152466367713,1.0,1.0,0.04484304932735426,1.0,XC348691,greant1,SNR_-5dB,-5,R2
0.7020617127418518,1,223,1.0,0.004484304932735426,1.0,1.0,0.02242152466367713,1.0,1.0,0.04484304932735426,1.0,XC397818,greant1,SNR_-5dB,-5,R2
0.612790584564209,1,223,1.0,0.004484304932735426,1.0,0.8,0.017937219730941704,0.76,0.6,0.026905829596412557,0.5025,XC50033,greant1,SNR_-5dB,-5,R2
0.6644247770309448,1,223,1.0,0.004484304932735426,1.0,1.0,0.02242152466367713,1.0,1.0,0.04484304932735426,1.0,XC388556,greant1,SNR_-5dB,-5,R2
0.6968976259231567,1,223,1.0,0.004484304932735426,1.0,1.0,0.02242152466367713,1.0,1.0,0.04484304932735426,1.0,XC433819,greant1,SNR_-5dB,-5,R2
0.6681499481201172,1,223,1.0,0.004484304932735426,1.0,1.0,0.02242152466367713,1.0,1.0,0.04484304932735426,1.0,XC123928,greant1,SNR_-5dB,-5,R2
0.703565239906311,1,223,1.0,0.004484304932735426,1.0,1.0,0.02242152466367713,1.0,1.0,0.04484304932735426,1.0,XC489684,greant1,SNR_-5dB,-5,R2
0.7555242776870728,1,223,1.0,0.004484304932735426,1.0,1.0,0.02242152466367713,1.0,1.0,0.04484304932735426,1.0,XC452472,greant1,SNR_-5dB,-5,R2
0.5650497078895569,1,223,1.0,0.004484304932735426,1.0,1.0,0.02242152466367713,1.0,0.9,0.04035874439461883,0.866388888888889,XC616309,greant1,SNR_-5dB,-5,R2
0.5387130379676819,1,223,1.0,0.004484304932735426,1.0,0.6,0.013452914798206279,0.4833333333333333,0.8,0.03587443946188341,0.6125396825396825,XC118887,greant1,SNR_-5dB,-5,R2
0.828598141670227,1,231,1.0,0.004329004329004329,1.0,1.0,0.021645021645021644,1.0,1.0,0.04329004329004329,1.0,XC294719,squcuc1,SNR_-5dB,-5,R2
0.7411705255508423,1,231,1.0,0.004329004329004329,1.0,1.0,0.021645021645021644,1.0,1.0,0.04329004329004329,1.0,XC294724,squcuc1,SNR_-5dB,-5,R2
0.6366864442825317,1,231,1.0,0.004329004329004329,1.0,1.0,0.021645021645021644,1.0,1.0,0.04329004329004329,1.0,XC940505,squcuc1,SNR_-5dB,-5,R2
0.7081828713417053,1,231,1.0,0.004329004329004329,1.0,1.0,0.021645021645021644,1.0,1.0,0.04329004329004329,1.0,XC216157,squcuc1,SNR_-5dB,-5,R2
0.5660262107849121,1,231,1.0,0.004329004329004329,1.0,1.0,0.021645021645021644,1.0,1.0,0.04329004329004329,1.0,XC549930,squcuc1,SNR_-5dB,-5,R2
0.5632451772689819,1,231,1.0,0.004329004329004329,1.0,0.4,0.008658008658008658,0.3,0.3,0.012987012987012988,0.19285714285714287,XC549933,squcuc1,SNR_-5dB,-5,R2
0.5402188301086426,0,231,0.0,0.0,0.0,0.0,0.0,0.0,0.3,0.012987012987012988,0.07261904761904761,XC549936,squcuc1,SNR_-5dB,-5,R2
0.6727256774902344,1,231,1.0,0.004329004329004329,1.0,0.6,0.012987012987012988,0.52,0.5,0.021645021645021644,0.3726984126984127,XC247099,squcuc1,SNR_-5dB,-5,R2
0.5921343564987183,0,231,0.0,0.0,0.0,0.6,0.012987012987012988,0.3833333333333333,0.4,0.017316017316017316,0.2583333333333333,XC246934,squcuc1,SNR_-5dB,-5,R2
0.7403390407562256,1,231,1.0,0.004329004329004329,1.0,1.0,0.021645021645021644,1.0,1.0,0.04329004329004329,1.0,XC656889,squcuc1,SNR_-5dB,-5,R2
0.5650274753570557,1,159,1.0,0.006289308176100629,1.0,1.0,0.031446540880503145,1.0,0.9,0.05660377358490566,0.8521031746031748,XC299640,roahaw,SNR_-5dB,-5,R2
0.6825032234191895,1,159,1.0,0.006289308176100629,1.0,1.0,0.031446540880503145,1.0,1.0,0.06289308176100629,1.0,XC372463,roahaw,SNR_-5dB,-5,R2
0.6816833019256592,0,159,0.0,0.0,0.0,0.0,0.0,0.0,0.1,0.006289308176100629,0.016666666666666666,XC288830,roahaw,SNR_-5dB,-5,R2
0.6772989630699158,1,159,1.0,0.006289308176100629,1.0,1.0,0.031446540880503145,1.0,1.0,0.06289308176100629,1.0,XC129438,roahaw,SNR_-5dB,-5,R2
0.7949519157409668,1,159,1.0,0.006289308176100629,1.0,1.0,0.031446540880503145,1.0,1.0,0.06289308176100629,1.0,XC772769,roahaw,SNR_-5dB,-5,R2
0.7674871683120728,1,159,1.0,0.006289308176100629,1.0,1.0,0.031446540880503145,1.0,1.0,0.06289308176100629,1.0,XC716349,roahaw,SNR_-5dB,-5,R2
0.6053345799446106,0,159,0.0,0.0,0.0,0.2,0.006289308176100629,0.04,0.4,0.025157232704402517,0.1461904761904762,XC340156,roahaw,SNR_-5dB,-5,R2
0.7061296701431274,0,159,0.0,0.0,0.0,0.4,0.012578616352201259,0.16666666666666666,0.7,0.0440251572327044,0.3896428571428571,XC680705,roahaw,SNR_-5dB,-5,R2
0.654593825340271,0,159,0.0,0.0,0.0,0.0,0.0,0.0,0.0,0.0,0.0,XC235156,roahaw,SNR_-5dB,-5,R2
0.6275543570518494,1,159,1.0,0.006289308176100629,1.0,0.6,0.018867924528301886,0.4833333333333333,0.8,0.050314465408805034,0.6125396825396825,XC19527,roahaw,SNR_-5dB,-5,R2
0.6063138842582703,1,165,1.0,0.006060606060606061,1.0,0.6,0.01818181818181818,0.52,0.3,0.01818181818181818,0.26,XC738930,trsowl,SNR_-5dB,-5,R2
0.6539268493652344,1,165,1.0,0.006060606060606061,1.0,1.0,0.030303030303030304,1.0,1.0,0.06060606060606061,1.0,XC428741,trsowl,SNR_-5dB,-5,R2
0.6246404647827148,1,165,1.0,0.006060606060606061,1.0,1.0,0.030303030303030304,1.0,1.0,0.06060606060606061,1.0,XC597121,trsowl,SNR_-5dB,-5,R2
0.6940160989761353,1,165,1.0,0.006060606060606061,1.0,1.0,0.030303030303030304,1.0,1.0,0.06060606060606061,1.0,XC549975,trsowl,SNR_-5dB,-5,R2
0.7202125787734985,1,165,1.0,0.006060606060606061,1.0,1.0,0.030303030303030304,1.0,1.0,0.06060606060606061,1.0,XC135491,trsowl,SNR_-5dB,-5,R2
0.8074787855148315,1,165,1.0,0.006060606060606061,1.0,1.0,0.030303030303030304,1.0,1.0,0.06060606060606061,1.0,XC572606,trsowl,SNR_-5dB,-5,R2
0.7159684896469116,1,165,1.0,0.006060606060606061,1.0,1.0,0.030303030303030304,1.0,1.0,0.06060606060606061,1.0,XC236394,trsowl,SNR_-5dB,-5,R2
0.6974721550941467,0,165,0.0,0.0,0.0,0.4,0.012121212121212121,0.14666666666666667,0.5,0.030303030303030304,0.22174603174603175,XC447808,trsowl,SNR_-5dB,-5,R2
0.6696504950523376,1,165,1.0,0.006060606060606061,1.0,1.0,0.030303030303030304,1.0,1.0,0.06060606060606061,1.0,XC619067,trsowl,SNR_-5dB,-5,R2
0.5803886651992798,1,165,1.0,0.006060606060606061,1.0,0.6,0.01818181818181818,0.55,0.5,0.030303030303030304,0.39722222222222225,XC730130,trsowl,SNR_-5dB,-5,R2
0.633072018623352,0,203,0.0,0.0,0.0,0.0,0.0,0.0,0.1,0.0049261083743842365,0.0125,XC756928,banana,SNR_-5dB,-5,R2
0.6337414979934692,1,203,1.0,0.0049261083743842365,1.0,1.0,0.024630541871921183,1.0,1.0,0.04926108374384237,1.0,XC190593,banana,SNR_-5dB,-5,R2
0.7269045114517212,0,203,0.0,0.0,0.0,0.0,0.0,0.0,0.1,0.0049261083743842365,0.014285714285714285,XC247112,banana,SNR_-5dB,-5,R2
0.7085167169570923,1,203,1.0,0.0049261083743842365,1.0,1.0,0.024630541871921183,1.0,1.0,0.04926108374384237,1.0,XC561261,banana,SNR_-5dB,-5,R2
0.6927536129951477,1,203,1.0,0.0049261083743842365,1.0,1.0,0.024630541871921183,1.0,1.0,0.04926108374384237,1.0,XC127164,banana,SNR_-5dB,-5,R2
0.6809418201446533,1,203,1.0,0.0049261083743842365,1.0,0.8,0.019704433497536946,0.71,0.9,0.04433497536945813,0.790436507936508,XC169559,banana,SNR_-5dB,-5,R2
0.556998610496521,0,203,0.0,0.0,0.0,0.4,0.009852216748768473,0.2,0.4,0.019704433497536946,0.20714285714285713,XC241562,banana,SNR_-5dB,-5,R2
0.564913272857666,1,203,1.0,0.0049261083743842365,1.0,0.2,0.0049261083743842365,0.2,0.4,0.019704433497536946,0.21083333333333334,XC924739,banana,SNR_-5dB,-5,R2
0.6784831285476685,1,203,1.0,0.0049261083743842365,1.0,0.4,0.009852216748768473,0.27999999999999997,0.4,0.019704433497536946,0.22730158730158728,XC541448,banana,SNR_-5dB,-5,R2
0.5446380376815796,0,203,0.0,0.0,0.0,0.2,0.0049261083743842365,0.04,0.3,0.014778325123152709,0.08607142857142858,XC215467,banana,SNR_-5dB,-5,R2
0.5586742162704468,1,181,1.0,0.0055248618784530384,1.0,1.0,0.027624309392265192,1.0,0.8,0.04419889502762431,0.7434920634920635,XC29087,baffal1,SNR_-5dB,-5,R2
0.6970587968826294,1,181,1.0,0.0055248618784530384,1.0,1.0,0.027624309392265192,1.0,1.0,0.055248618784530384,1.0,XC29088,baffal1,SNR_-5dB,-5,R2
0.7038822174072266,1,181,1.0,0.0055248618784530384,1.0,1.0,0.027624309392265192,1.0,1.0,0.055248618784530384,1.0,XC235886,baffal1,SNR_-5dB,-5,R2
0.7364892363548279,1,181,1.0,0.0055248618784530384,1.0,1.0,0.027624309392265192,1.0,1.0,0.055248618784530384,1.0,XC437953,baffal1,SNR_-5dB,-5,R2
0.7556570768356323,1,181,1.0,0.0055248618784530384,1.0,1.0,0.027624309392265192,1.0,1.0,0.055248618784530384,1.0,XC192816,baffal1,SNR_-5dB,-5,R2
0.7897429466247559,1,181,1.0,0.0055248618784530384,1.0,1.0,0.027624309392265192,1.0,1.0,0.055248618784530384,1.0,XC666482,baffal1,SNR_-5dB,-5,R2
0.7222379446029663,1,181,1.0,0.0055248618784530384,1.0,1.0,0.027624309392265192,1.0,1.0,0.055248618784530384,1.0,XC727672,baffal1,SNR_-5dB,-5,R2
0.6855626106262207,1,181,1.0,0.0055248618784530384,1.0,1.0,0.027624309392265192,1.0,1.0,0.055248618784530384,1.0,XC745799,baffal1,SNR_-5dB,-5,R2
0.8656375408172607,1,181,1.0,0.0055248618784530384,1.0,1.0,0.027624309392265192,1.0,1.0,0.055248618784530384,1.0,XC546400,baffal1,SNR_-5dB,-5,R2
0.590855598449707,1,181,1.0,0.0055248618784530384,1.0,1.0,0.027624309392265192,1.0,1.0,0.055248618784530384,1.0,XC192815,baffal1,SNR_-5dB,-5,R2
0.7423971891403198,1,137,1.0,0.0072992700729927005,1.0,1.0,0.0364963503649635,1.0,1.0,0.072992700729927,1.0,XC539586,soulap1,SNR_-5dB,-5,R2
0.6129063367843628,1,137,1.0,0.0072992700729927005,1.0,1.0,0.0364963503649635,1.0,1.0,0.072992700729927,1.0,XC9046,soulap1,SNR_-5dB,-5,R2
0.5491902828216553,0,137,0.0,0.0,0.0,0.8,0.029197080291970802,0.5433333333333333,0.8,0.058394160583941604,0.5984920634920634,XC562682,soulap1,SNR_-5dB,-5,R2
0.7055411338806152,1,137,1.0,0.0072992700729927005,1.0,1.0,0.0364963503649635,1.0,1.0,0.072992700729927,1.0,XC51500,soulap1,SNR_-5dB,-5,R2
0.7659368515014648,1,137,1.0,0.0072992700729927005,1.0,1.0,0.0364963503649635,1.0,1.0,0.072992700729927,1.0,XC428133,soulap1,SNR_-5dB,-5,R2
0.6308462023735046,1,137,1.0,0.0072992700729927005,1.0,1.0,0.0364963503649635,1.0,1.0,0.072992700729927,1.0,XC47141,soulap1,SNR_-5dB,-5,R2
0.5587136149406433,0,137,0.0,0.0,0.0,0.0,0.0,0.0,0.3,0.021897810218978103,0.075,XC861228,soulap1,SNR_-5dB,-5,R2
0.5688579082489014,0,137,0.0,0.0,0.0,0.6,0.021897810218978103,0.3833333333333333,0.6,0.043795620437956206,0.38976190476190475,XC549503,soulap1,SNR_-5dB,-5,R2
0.6553071737289429,1,137,1.0,0.0072992700729927005,1.0,1.0,0.0364963503649635,1.0,1.0,0.072992700729927,1.0,XC16003,soulap1,SNR_-5dB,-5,R2
0.6095197796821594,0,137,0.0,0.0,0.0,0.2,0.0072992700729927005,0.04,0.2,0.014598540145985401,0.042222222222222223,XC48574,soulap1,SNR_-5dB,-5,R2
0.6901674270629883,1,154,1.0,0.006493506493506494,1.0,1.0,0.032467532467532464,1.0,1.0,0.06493506493506493,1.0,XC340516,strcuc1,SNR_-5dB,-5,R2
0.6011385917663574,1,154,1.0,0.006493506493506494,1.0,1.0,0.032467532467532464,1.0,1.0,0.06493506493506493,1.0,XC340515,strcuc1,SNR_-5dB,-5,R2
0.6740887761116028,1,154,1.0,0.006493506493506494,1.0,1.0,0.032467532467532464,1.0,1.0,0.06493506493506493,1.0,XC173304,strcuc1,SNR_-5dB,-5,R2
0.6975999474525452,1,154,1.0,0.006493506493506494,1.0,1.0,0.032467532467532464,1.0,1.0,0.06493506493506493,1.0,XC114965,strcuc1,SNR_-5dB,-5,R2
0.6103732585906982,1,154,1.0,0.006493506493506494,1.0,1.0,0.032467532467532464,1.0,1.0,0.06493506493506493,1.0,XC349929,strcuc1,SNR_-5dB,-5,R2
0.6781351566314697,1,154,1.0,0.006493506493506494,1.0,1.0,0.032467532467532464,1.0,1.0,0.06493506493506493,1.0,XC836228,strcuc1,SNR_-5dB,-5,R2
0.5798514485359192,0,154,0.0,0.0,0.0,0.0,0.0,0.0,0.2,0.012987012987012988,0.03428571428571429,XC508606,strcuc1,SNR_-5dB,-5,R2
0.7577919960021973,1,154,1.0,0.006493506493506494,1.0,1.0,0.032467532467532464,1.0,1.0,0.06493506493506493,1.0,XC593146,strcuc1,SNR_-5dB,-5,R2
0.6151750087738037,1,154,1.0,0.006493506493506494,1.0,0.6,0.01948051948051948,0.55,0.6,0.03896103896103896,0.4476984126984126,XC240034,strcuc1,SNR_-5dB,-5,R2
0.7922826409339905,1,154,1.0,0.006493506493506494,1.0,1.0,0.032467532467532464,1.0,1.0,0.06493506493506493,1.0,XC114160,strcuc1,SNR_-5dB,-5,R2
0.6490805149078369,1,125,1.0,0.008,1.0,1.0,0.04,1.0,1.0,0.08,1.0,XC993685,pabspi1,SNR_-5dB,-5,R2
0.5991438627243042,1,125,1.0,0.008,1.0,1.0,0.04,1.0,1.0,0.08,1.0,XC506225,pabspi1,SNR_-5dB,-5,R2
0.6511362195014954,1,125,1.0,0.008,1.0,1.0,0.04,1.0,1.0,0.08,1.0,XC687712,pabspi1,SNR_-5dB,-5,R2
0.6943066716194153,1,125,1.0,0.008,1.0,1.0,0.04,1.0,1.0,0.08,1.0,XC506234,pabspi1,SNR_-5dB,-5,R2
0.7280420064926147,1,125,1.0,0.008,1.0,1.0,0.04,1.0,1.0,0.08,1.0,XC452493,pabspi1,SNR_-5dB,-5,R2
0.6375864744186401,1,125,1.0,0.008,1.0,1.0,0.04,1.0,1.0,0.08,1.0,XC701947,pabspi1,SNR_-5dB,-5,R2
0.6186984181404114,0,125,0.0,0.0,0.0,0.0,0.0,0.0,0.0,0.0,0.0,XC701948,pabspi1,SNR_-5dB,-5,R2
0.68612140417099,1,125,1.0,0.008,1.0,1.0,0.04,1.0,1.0,0.08,1.0,XC236174,pabspi1,SNR_-5dB,-5,R2
0.6691069602966309,1,125,1.0,0.008,1.0,1.0,0.04,1.0,1.0,0.08,1.0,XC391585,pabspi1,SNR_-5dB,-5,R2
0.6345996856689453,1,125,1.0,0.008,1.0,1.0,0.04,1.0,1.0,0.08,1.0,XC236176,pabspi1,SNR_-5dB,-5,R2
0.6565015316009521,1,266,1.0,0.0037593984962406013,1.0,1.0,0.018796992481203006,1.0,1.0,0.03759398496240601,1.0,XC268594,yeofly1,SNR_-5dB,-5,R2
0.7392203211784363,1,266,1.0,0.0037593984962406013,1.0,0.6,0.011278195488721804,0.42000000000000004,0.8,0.03007518796992481,0.5808730158730159,XC361117,yeofly1,SNR_-5dB,-5,R2
0.6795931458473206,0,266,0.0,0.0,0.0,0.4,0.007518796992481203,0.2333333333333333,0.2,0.007518796992481203,0.11666666666666665,XC250157,yeofly1,SNR_-5dB,-5,R2
0.6109073162078857,1,266,1.0,0.0037593984962406013,1.0,1.0,0.018796992481203006,1.0,0.9,0.03383458646616541,0.9,XC46766,yeofly1,SNR_-5dB,-5,R2
0.7074331045150757,1,266,1.0,0.0037593984962406013,1.0,1.0,0.018796992481203006,1.0,1.0,0.03759398496240601,1.0,XC1031972,yeofly1,SNR_-5dB,-5,R2
0.5752221345901489,0,266,0.0,0.0,0.0,0.2,0.0037593984962406013,0.05,0.3,0.011278195488721804,0.08,XC187210,yeofly1,SNR_-5dB,-5,R2
0.5977546572685242,1,266,1.0,0.0037593984962406013,1.0,1.0,0.018796992481203006,1.0,0.9,0.03383458646616541,0.89,XC512409,yeofly1,SNR_-5dB,-5,R2
0.7238850593566895,1,266,1.0,0.0037593984962406013,1.0,1.0,0.018796992481203006,1.0,1.0,0.03759398496240601,1.0,XC611913,yeofly1,SNR_-5dB,-5,R2
0.7528491616249084,1,266,1.0,0.0037593984962406013,1.0,1.0,0.018796992481203006,1.0,1.0,0.03759398496240601,1.0,XC268592,yeofly1,SNR_-5dB,-5,R2
0.5652300119400024,0,266,0.0,0.0,0.0,0.2,0.0037593984962406013,0.1,0.2,0.007518796992481203,0.06999999999999999,XC583955,yeofly1,SNR_-5dB,-5,R2
0.5552550554275513,1,141,1.0,0.0070921985815602835,1.0,1.0,0.03546099290780142,1.0,0.8,0.05673758865248227,0.7577777777777778,XC192979,gycwor1,SNR_-5dB,-5,R2
0.7043586373329163,1,141,1.0,0.0070921985815602835,1.0,1.0,0.03546099290780142,1.0,1.0,0.07092198581560284,1.0,XC483682,gycwor1,SNR_-5dB,-5,R2
0.701331377029419,1,141,1.0,0.0070921985815602835,1.0,1.0,0.03546099290780142,1.0,1.0,0.07092198581560284,1.0,XC772156,gycwor1,SNR_-5dB,-5,R2
0.6795548796653748,1,141,1.0,0.0070921985815602835,1.0,1.0,0.03546099290780142,1.0,0.8,0.05673758865248227,0.7675,XC501765,gycwor1,SNR_-5dB,-5,R2
0.7222522497177124,1,141,1.0,0.0070921985815602835,1.0,1.0,0.03546099290780142,1.0,1.0,0.07092198581560284,1.0,XC1012395,gycwor1,SNR_-5dB,-5,R2
0.7624462842941284,1,141,1.0,0.0070921985815602835,1.0,1.0,0.03546099290780142,1.0,1.0,0.07092198581560284,1.0,XC843813,gycwor1,SNR_-5dB,-5,R2
0.7028470039367676,1,141,1.0,0.0070921985815602835,1.0,1.0,0.03546099290780142,1.0,1.0,0.07092198581560284,1.0,XC216181,gycwor1,SNR_-5dB,-5,R2
0.7714740037918091,1,141,1.0,0.0070921985815602835,1.0,1.0,0.03546099290780142,1.0,1.0,0.07092198581560284,1.0,XC352281,gycwor1,SNR_-5dB,-5,R2
0.6209783554077148,1,141,1.0,0.0070921985815602835,1.0,1.0,0.03546099290780142,1.0,1.0,0.07092198581560284,1.0,XC335167,gycwor1,SNR_-5dB,-5,R2
0.782410740852356,1,141,1.0,0.0070921985815602835,1.0,1.0,0.03546099290780142,1.0,1.0,0.07092198581560284,1.0,XC197443,gycwor1,SNR_-5dB,-5,R2
0.6127644777297974,1,142,1.0,0.007042253521126761,1.0,1.0,0.035211267605633804,1.0,1.0,0.07042253521126761,1.0,XC254120,compau,SNR_-5dB,-5,R2
0.6820515394210815,0,142,0.0,0.0,0.0,0.0,0.0,0.0,0.1,0.007042253521126761,0.01111111111111111,XC225326,compau,SNR_-5dB,-5,R2
0.6742130517959595,1,142,1.0,0.007042253521126761,1.0,1.0,0.035211267605633804,1.0,0.9,0.06338028169014084,0.89,XC236447,compau,SNR_-5dB,-5,R2
0.7378066778182983,1,142,1.0,0.007042253521126761,1.0,1.0,0.035211267605633804,1.0,1.0,0.07042253521126761,1.0,XC311012,compau,SNR_-5dB,-5,R2
0.6449998617172241,1,142,1.0,0.007042253521126761,1.0,1.0,0.035211267605633804,1.0,1.0,0.07042253521126761,1.0,XC285306,compau,SNR_-5dB,-5,R2
0.6306673884391785,1,142,1.0,0.007042253521126761,1.0,1.0,0.035211267605633804,1.0,1.0,0.07042253521126761,1.0,XC592920,compau,SNR_-5dB,-5,R2
0.6940268278121948,1,142,1.0,0.007042253521126761,1.0,1.0,0.035211267605633804,1.0,1.0,0.07042253521126761,1.0,XC221567,compau,SNR_-5dB,-5,R2
0.5720532536506653,0,142,0.0,0.0,0.0,0.0,0.0,0.0,0.0,0.0,0.0,XC630102,compau,SNR_-5dB,-5,R2
0.6223243474960327,1,142,1.0,0.007042253521126761,1.0,1.0,0.035211267605633804,1.0,1.0,0.07042253521126761,1.0,XC427477,compau,SNR_-5dB,-5,R2
0.7051955461502075,1,142,1.0,0.007042253521126761,1.0,1.0,0.035211267605633804,1.0,1.0,0.07042253521126761,1.0,XC943093,compau,SNR_-5dB,-5,R2
0.6369097232818604,1,198,1.0,0.005050505050505051,1.0,1.0,0.025252525252525252,1.0,1.0,0.050505050505050504,1.0,XC433820,barant1,SNR_-5dB,-5,R2
0.6379833817481995,1,198,1.0,0.005050505050505051,1.0,1.0,0.025252525252525252,1.0,1.0,0.050505050505050504,1.0,XC459559,barant1,SNR_-5dB,-5,R2
0.6472460031509399,1,198,1.0,0.005050505050505051,1.0,0.6,0.015151515151515152,0.4833333333333333,0.6,0.030303030303030304,0.45476190476190476,XC732448,barant1,SNR_-5dB,-5,R2
0.6847113370895386,1,198,1.0,0.005050505050505051,1.0,1.0,0.025252525252525252,1.0,1.0,0.050505050505050504,1.0,XC716450,barant1,SNR_-5dB,-5,R2
0.6925387382507324,1,198,1.0,0.005050505050505051,1.0,1.0,0.025252525252525252,1.0,1.0,0.050505050505050504,1.0,XC354908,barant1,SNR_-5dB,-5,R2
0.6242599487304688,1,198,1.0,0.005050505050505051,1.0,0.8,0.020202020202020204,0.8,0.9,0.045454545454545456,0.8354365079365079,XC428067,barant1,SNR_-5dB,-5,R2
0.6650876998901367,1,198,1.0,0.005050505050505051,1.0,1.0,0.025252525252525252,1.0,1.0,0.050505050505050504,1.0,XC685458,barant1,SNR_-5dB,-5,R2
0.7175734639167786,1,198,1.0,0.005050505050505051,1.0,1.0,0.025252525252525252,1.0,1.0,0.050505050505050504,1.0,XC676256,barant1,SNR_-5dB,-5,R2
0.7688400745391846,1,198,1.0,0.005050505050505051,1.0,1.0,0.025252525252525252,1.0,1.0,0.050505050505050504,1.0,XC443189,barant1,SNR_-5dB,-5,R2
0.6061339378356934,1,198,1.0,0.005050505050505051,1.0,1.0,0.025252525252525252,1.0,1.0,0.050505050505050504,1.0,XC752776,barant1,SNR_-5dB,-5,R2
0.7184886932373047,1,201,1.0,0.004975124378109453,1.0,1.0,0.024875621890547265,1.0,0.9,0.04477611940298507,0.866388888888889,XC695270,pirfly1,SNR_-5dB,-5,R2
0.5707714557647705,1,201,1.0,0.004975124378109453,1.0,0.6,0.014925373134328358,0.52,0.4,0.01990049751243781,0.3044444444444444,XC199153,pirfly1,SNR_-5dB,-5,R2
0.6724857091903687,1,201,1.0,0.004975124378109453,1.0,1.0,0.024875621890547265,1.0,1.0,0.04975124378109453,1.0,XC575453,pirfly1,SNR_-5dB,-5,R2
0.5125992894172668,1,201,1.0,0.004975124378109453,1.0,0.8,0.01990049751243781,0.8,0.9,0.04477611940298507,0.8354365079365079,XC199221,pirfly1,SNR_-5dB,-5,R2
0.6499168276786804,0,201,0.0,0.0,0.0,0.2,0.004975124378109453,0.05,0.1,0.004975124378109453,0.025,XC1050422,pirfly1,SNR_-5dB,-5,R2
0.6280016899108887,1,201,1.0,0.004975124378109453,1.0,0.2,0.004975124378109453,0.2,0.2,0.009950248756218905,0.12,XC249521,pirfly1,SNR_-5dB,-5,R2
0.6306717395782471,1,201,1.0,0.004975124378109453,1.0,0.6,0.014925373134328358,0.55,0.6,0.029850746268656716,0.4405555555555555,XC249067,pirfly1,SNR_-5dB,-5,R2
0.7052632570266724,1,201,1.0,0.004975124378109453,1.0,1.0,0.024875621890547265,1.0,1.0,0.04975124378109453,1.0,XC249418,pirfly1,SNR_-5dB,-5,R2
0.7548469305038452,1,201,1.0,0.004975124378109453,1.0,1.0,0.024875621890547265,1.0,1.0,0.04975124378109453,1.0,XC249520,pirfly1,SNR_-5dB,-5,R2
0.5963529944419861,1,201,1.0,0.004975124378109453,1.0,1.0,0.024875621890547265,1.0,1.0,0.04975124378109453,1.0,XC764117,pirfly1,SNR_-5dB,-5,R2
0.6235791444778442,1,184,1.0,0.005434782608695652,1.0,1.0,0.02717391304347826,1.0,1.0,0.05434782608695652,1.0,XC174648,linwoo1,SNR_-5dB,-5,R2
0.6819897294044495,1,184,1.0,0.005434782608695652,1.0,1.0,0.02717391304347826,1.0,1.0,0.05434782608695652,1.0,XC550450,linwoo1,SNR_-5dB,-5,R2
0.6456809043884277,1,184,1.0,0.005434782608695652,1.0,1.0,0.02717391304347826,1.0,1.0,0.05434782608695652,1.0,XC550448,linwoo1,SNR_-5dB,-5,R2
0.562158465385437,0,184,0.0,0.0,0.0,0.2,0.005434782608695652,0.04,0.1,0.005434782608695652,0.02,XC379497,linwoo1,SNR_-5dB,-5,R2
0.7177270650863647,1,184,1.0,0.005434782608695652,1.0,1.0,0.02717391304347826,1.0,1.0,0.05434782608695652,1.0,XC732161,linwoo1,SNR_-5dB,-5,R2
0.7138298749923706,1,184,1.0,0.005434782608695652,1.0,1.0,0.02717391304347826,1.0,1.0,0.05434782608695652,1.0,XC261880,linwoo1,SNR_-5dB,-5,R2
0.6983098387718201,1,184,1.0,0.005434782608695652,1.0,1.0,0.02717391304347826,1.0,1.0,0.05434782608695652,1.0,XC250796,linwoo1,SNR_-5dB,-5,R2
0.6302971839904785,1,184,1.0,0.005434782608695652,1.0,1.0,0.02717391304347826,1.0,1.0,0.05434782608695652,1.0,XC542823,linwoo1,SNR_-5dB,-5,R2
0.55707186460495,0,184,0.0,0.0,0.0,0.0,0.0,0.0,0.0,0.0,0.0,XC688346,linwoo1,SNR_-5dB,-5,R2
0.6296800971031189,1,184,1.0,0.005434782608695652,1.0,1.0,0.02717391304347826,1.0,0.8,0.043478260869565216,0.7434920634920635,XC197473,linwoo1,SNR_-5dB,-5,R2
0.6569757461547852,1,192,1.0,0.005208333333333333,1.0,0.8,0.020833333333333332,0.71,0.9,0.046875,0.790436507936508,XC238416,whtdov,SNR_-5dB,-5,R2
0.5825555920600891,0,192,0.0,0.0,0.0,0.0,0.0,0.0,0.0,0.0,0.0,XC235857,whtdov,SNR_-5dB,-5,R2
0.5973130464553833,1,192,1.0,0.005208333333333333,1.0,0.8,0.020833333333333332,0.71,0.8,0.041666666666666664,0.6818253968253968,XC238417,whtdov,SNR_-5dB,-5,R2
0.7130643129348755,1,192,1.0,0.005208333333333333,1.0,0.6,0.015625,0.4833333333333333,0.7,0.036458333333333336,0.4979761904761905,XC294701,whtdov,SNR_-5dB,-5,R2
0.6641411781311035,1,192,1.0,0.005208333333333333,1.0,0.8,0.020833333333333332,0.8,0.9,0.046875,0.8354365079365079,XC388552,whtdov,SNR_-5dB,-5,R2
0.6206210851669312,0,192,0.0,0.0,0.0,0.0,0.0,0.0,0.1,0.005208333333333333,0.0125,XC538235,whtdov,SNR_-5dB,-5,R2
0.5472342371940613,0,192,0.0,0.0,0.0,0.2,0.005208333333333333,0.1,0.1,0.005208333333333333,0.05,XC716476,whtdov,SNR_-5dB,-5,R2
0.6986194849014282,1,192,1.0,0.005208333333333333,1.0,1.0,0.026041666666666668,1.0,1.0,0.052083333333333336,1.0,XC147509,whtdov,SNR_-5dB,-5,R2
0.6813789010047913,1,192,1.0,0.005208333333333333,1.0,1.0,0.026041666666666668,1.0,1.0,0.052083333333333336,1.0,XC277692,whtdov,SNR_-5dB,-5,R2
0.6134212017059326,1,192,1.0,0.005208333333333333,1.0,0.6,0.015625,0.52,0.4,0.020833333333333332,0.3044444444444444,XC833664,whtdov,SNR_-5dB,-5,R2
0.6678096055984497,0,204,0.0,0.0,0.0,0.8,0.0196078431372549,0.5433333333333333,0.8,0.0392156862745098,0.5758730158730158,XC469159,bobfly1,SNR_-5dB,-5,R2
0.702034592628479,1,204,1.0,0.004901960784313725,1.0,1.0,0.024509803921568627,1.0,1.0,0.049019607843137254,1.0,XC578500,bobfly1,SNR_-5dB,-5,R2
0.6232166290283203,1,204,1.0,0.004901960784313725,1.0,1.0,0.024509803921568627,1.0,1.0,0.049019607843137254,1.0,XC545844,bobfly1,SNR_-5dB,-5,R2
0.7001067996025085,1,204,1.0,0.004901960784313725,1.0,1.0,0.024509803921568627,1.0,1.0,0.049019607843137254,1.0,XC427567,bobfly1,SNR_-5dB,-5,R2
0.5938175916671753,1,204,1.0,0.004901960784313725,1.0,1.0,0.024509803921568627,1.0,1.0,0.049019607843137254,1.0,XC583946,bobfly1,SNR_-5dB,-5,R2
0.6806281208992004,1,204,1.0,0.004901960784313725,1.0,1.0,0.024509803921568627,1.0,0.8,0.0392156862745098,0.7675,XC235872,bobfly1,SNR_-5dB,-5,R2
0.6413041353225708,1,204,1.0,0.004901960784313725,1.0,1.0,0.024509803921568627,1.0,1.0,0.049019607843137254,1.0,XC427566,bobfly1,SNR_-5dB,-5,R2
0.6290066242218018,1,204,1.0,0.004901960784313725,1.0,1.0,0.024509803921568627,1.0,0.9,0.04411764705882353,0.89,XC356904,bobfly1,SNR_-5dB,-5,R2
0.5785456895828247,1,204,1.0,0.004901960784313725,1.0,0.8,0.0196078431372549,0.6433333333333333,0.8,0.0392156862745098,0.6258730158730158,XC841763,bobfly1,SNR_-5dB,-5,R2
0.7098314762115479,1,204,1.0,0.004901960784313725,1.0,1.0,0.024509803921568627,1.0,0.9,0.04411764705882353,0.89,XC666481,bobfly1,SNR_-5dB,-5,R2
0.6038966178894043,0,155,0.0,0.0,0.0,0.2,0.0064516129032258064,0.04,0.4,0.025806451612903226,0.13527777777777777,XC944466,trokin,SNR_-5dB,-5,R2
0.5816379189491272,0,155,0.0,0.0,0.0,0.2,0.0064516129032258064,0.1,0.1,0.0064516129032258064,0.05,XC556661,trokin,SNR_-5dB,-5,R2
0.6617621183395386,1,155,1.0,0.0064516129032258064,1.0,0.8,0.025806451612903226,0.71,0.7,0.04516129032258064,0.575,XC131763,trokin,SNR_-5dB,-5,R2
0.6312464475631714,1,155,1.0,0.0064516129032258064,1.0,1.0,0.03225806451612903,1.0,1.0,0.06451612903225806,1.0,XC282322,trokin,SNR_-5dB,-5,R2
0.6904069185256958,1,155,1.0,0.0064516129032258064,1.0,1.0,0.03225806451612903,1.0,0.9,0.05806451612903226,0.8521031746031748,XC287873,trokin,SNR_-5dB,-5,R2
0.6668384075164795,1,155,1.0,0.0064516129032258064,1.0,1.0,0.03225806451612903,1.0,1.0,0.06451612903225806,1.0,XC944467,trokin,SNR_-5dB,-5,R2
0.6939600706100464,0,155,0.0,0.0,0.0,0.0,0.0,0.0,0.0,0.0,0.0,XC690960,trokin,SNR_-5dB,-5,R2
0.5922982692718506,0,155,0.0,0.0,0.0,0.0,0.0,0.0,0.0,0.0,0.0,XC960832,trokin,SNR_-5dB,-5,R2
0.7097314596176147,1,155,1.0,0.0064516129032258064,1.0,0.6,0.01935483870967742,0.55,0.6,0.03870967741935484,0.47976190476190483,XC490064,trokin,SNR_-5dB,-5,R2
0.7318688631057739,1,155,1.0,0.0064516129032258064,1.0,1.0,0.03225806451612903,1.0,1.0,0.06451612903225806,1.0,XC282345,trokin,SNR_-5dB,-5,R2
