recording_id,species_key,scientific_name,common_name,author,rating,latitude,longitude,file_path,split_role
XC431487,ashtai1,Orthotomus ruficeps,Ashy Tailorbird,Brian Cox,5.0,-1.1313,98.9678,data/xeno_canto_indonesia/ashtai1/XC431487.mp3,calibration
XC431497,ashtai1,Orthotomus ruficeps,Ashy Tailorbird,Brian Cox,4.0,-1.1313,98.9678,data/xeno_canto_indonesia/ashtai1/XC431497.mp3,calibration
XC431498,ashtai1,Orthotomus ruficeps,Ashy Tailorbird,Brian Cox,5.0,-1.1313,98.9678,data/xeno_canto_indonesia/ashtai1/XC431498.mp3,calibration
XC571751,ashtai1,Orthotomus ruficeps,Ashy Tailorbird,Muhammad Iqbal,4.0,0.4342,101.876,data/xeno_canto_indonesia/ashtai1/XC571751.mp3,calibration
XC604617,ashtai1,Orthotomus ruficeps,Ashy Tailorbird,Prayitno Goenarto,4.0,0.3725,101.8577,data/xeno_canto_indonesia/ashtai1/XC604617.mp3,calibration
XC610884,ashtai1,Orthotomus ruficeps,Ashy Tailorbird,Muhammad Iqbal,4.0,0.4342,101.876,data/xeno_canto_indonesia/ashtai1/XC610884.mp3,calibration
XC1075897,colkin1,Todiramphus chloris,Collared Kingfisher,Richard E. Webster,4.0,-1.4351,120.3067,data/xeno_canto_indonesia/colkin1/XC1075897.mp3,calibration
XC1075899,colkin1,Todiramphus chloris,Collared Kingfisher,Richard E. Webster,5.0,0.5667,123.9026,data/xeno_canto_indonesia/colkin1/XC1075899.mp3,calibration
XC1075900,colkin1,Todiramphus chloris,Collared Kingfisher,Richard E. Webster,3.0,0.5887,124.1189,data/xeno_canto_indonesia/colkin1/XC1075900.mp3,calibration
XC376315,colkin1,Todiramphus chloris,Collared Kingfisher,Karyadi Baskoro,4.0,-7.2435,109.1279,data/xeno_canto_indonesia/colkin1/XC376315.mp3,calibration
XC376316,colkin1,Todiramphus chloris,Collared Kingfisher,Karyadi Baskoro,4.0,-7.2435,109.1279,data/xeno_canto_indonesia/colkin1/XC376316.mp3,calibration
XC479214,colkin1,Todiramphus chloris,Collared Kingfisher,Prayitno Goenarto,4.0,0.3725,101.8577,data/xeno_canto_indonesia/colkin1/XC479214.mp3,calibration
XC825797,colkin1,Todiramphus chloris,Collared Kingfisher,Simon Elliott,5.0,-8.1368,114.5531,data/xeno_canto_indonesia/colkin1/XC825797.mp3,calibration
XC376482,comior1,Aegithina tiphia,Common Iora,Karyadi Baskoro,3.0,-7.2435,109.1279,data/xeno_canto_indonesia/comior1/XC376482.mp3,calibration
XC376560,comior1,Aegithina tiphia,Common Iora,Karyadi Baskoro,3.0,-7.1075,110.4256,data/xeno_canto_indonesia/comior1/XC376560.mp3,calibration
XC376572,comior1,Aegithina tiphia,Common Iora,Karyadi Baskoro,3.0,-7.029,110.4012,data/xeno_canto_indonesia/comior1/XC376572.mp3,calibration
XC388231,comior1,Aegithina tiphia,Common Iora,Brendan Sloan,2.0,,,data/xeno_canto_indonesia/comior1/XC388231.mp3,calibration
XC393660,comior1,Aegithina tiphia,Common Iora,Brendan Sloan,3.0,,,data/xeno_canto_indonesia/comior1/XC393660.mp3,calibration
XC394245,comior1,Aegithina tiphia,Common Iora,Brendan Sloan,2.0,,,data/xeno_canto_indonesia/comior1/XC394245.mp3,calibration
XC478346,comior1,Aegithina tiphia,Common Iora,Prayitno Goenarto,3.0,0.3725,101.8577,data/xeno_canto_indonesia/comior1/XC478346.mp3,calibration
XC479207,comior1,Aegithina tiphia,Common Iora,Prayitno Goenarto,3.0,0.3725,101.8577,data/xeno_canto_indonesia/comior1/XC479207.mp3,calibration
XC479597,comior1,Aegithina tiphia,Common Iora,Prayitno Goenarto,3.0,0.3725,101.8577,data/xeno_canto_indonesia/comior1/XC479597.mp3,calibration
XC479859,comior1,Aegithina tiphia,Common Iora,Prayitno Goenarto,5.0,0.3725,101.8577,data/xeno_canto_indonesia/comior1/XC479859.mp3,calibration
XC479861,comior1,Aegithina tiphia,Common Iora,Prayitno Goenarto,3.0,0.3725,101.8577,data/xeno_canto_indonesia/comior1/XC479861.mp3,calibration
XC479862,comior1,Aegithina tiphia,Common Iora,Prayitno Goenarto,3.0,0.3725,101.8577,data/xeno_canto_indonesia/comior1/XC479862.mp3,calibration
XC661284,comior1,Aegithina tiphia,Common Iora,Panji Gusti Akbar,3.0,-7.7667,110.1156,data/xeno_canto_indonesia/comior1/XC661284.mp3,calibration
XC214698,crseag1,Spilornis cheela,Crested Serpent Eagle,Marc Anderson,4.0,-6.7461,106.5182,data/xeno_canto_indonesia/crseag1/XC214698.mp3,calibration
XC214699,crseag1,Spilornis cheela,Crested Serpent Eagle,Marc Anderson,5.0,-6.7461,106.5182,data/xeno_canto_indonesia/crseag1/XC214699.mp3,calibration
XC214978,crseag1,Spilornis cheela,Crested Serpent Eagle,Marc Anderson,4.0,-6.7461,106.5182,data/xeno_canto_indonesia/crseag1/XC214978.mp3,calibration
XC393380,crseag1,Spilornis cheela,Crested Serpent Eagle,Brendan Sloan,4.0,,,data/xeno_canto_indonesia/crseag1/XC393380.mp3,calibration
XC570921,crseag1,Spilornis cheela,Crested Serpent Eagle,Muhammad Iqbal,3.0,0.4342,101.876,data/xeno_canto_indonesia/crseag1/XC570921.mp3,calibration
XC65381,crseag1,Spilornis cheela,Crested Serpent Eagle,Iain Woxvold,4.0,2.192,116.7351,data/xeno_canto_indonesia/crseag1/XC65381.mp3,calibration
XC31362,ghcfly1,Culicicapa ceylonensis,Grey-headed Canary-flycatcher,Allen T. Chartier,2.0,-8.46667,120.01667,data/xeno_canto_indonesia/ghcfly1/XC31362.mp3,calibration
XC431554,ghcfly1,Culicicapa ceylonensis,Grey-headed Canary-flycatcher,Brian Cox,4.0,-1.74,101.26,data/xeno_canto_indonesia/ghcfly1/XC431554.mp3,calibration
XC452811,ghcfly1,Culicicapa ceylonensis,Grey-headed Canary-flycatcher,Brendan Sloan,3.0,,,data/xeno_canto_indonesia/ghcfly1/XC452811.mp3,calibration
XC452815,ghcfly1,Culicicapa ceylonensis,Grey-headed Canary-flycatcher,Brendan Sloan,4.0,,,data/xeno_canto_indonesia/ghcfly1/XC452815.mp3,calibration
XC453064,ghcfly1,Culicicapa ceylonensis,Grey-headed Canary-flycatcher,Brendan Sloan,4.0,,,data/xeno_canto_indonesia/ghcfly1/XC453064.mp3,calibration
XC453066,ghcfly1,Culicicapa ceylonensis,Grey-headed Canary-flycatcher,Brendan Sloan,4.0,,,data/xeno_canto_indonesia/ghcfly1/XC453066.mp3,calibration
XC553058,ghcfly1,Culicicapa ceylonensis,Grey-headed Canary-flycatcher,Kim Chuah Lim,4.0,-10.0988,120.2769,data/xeno_canto_indonesia/ghcfly1/XC553058.mp3,calibration
XC1075681,gpipig1,Ducula aenea,Green Imperial Pigeon,Richard E. Webster,5.0,0.5887,124.1189,data/xeno_canto_indonesia/gpipig1/XC1075681.mp3,calibration
XC1075692,gpipig1,Ducula aenea,Green Imperial Pigeon,Richard E. Webster,4.0,0.5887,124.1189,data/xeno_canto_indonesia/gpipig1/XC1075692.mp3,calibration
XC1075698,gpipig1,Ducula aenea,Green Imperial Pigeon,Richard E. Webster,4.0,0.5887,124.1189,data/xeno_canto_indonesia/gpipig1/XC1075698.mp3,calibration
XC1075705,gpipig1,Ducula aenea,Green Imperial Pigeon,Richard E. Webster,4.0,1.5647,125.1571,data/xeno_canto_indonesia/gpipig1/XC1075705.mp3,calibration
XC1075706,gpipig1,Ducula aenea,Green Imperial Pigeon,Richard E. Webster,4.0,0.5667,123.9026,data/xeno_canto_indonesia/gpipig1/XC1075706.mp3,calibration
XC1075707,gpipig1,Ducula aenea,Green Imperial Pigeon,Richard E. Webster,3.0,1.562,125.1728,data/xeno_canto_indonesia/gpipig1/XC1075707.mp3,calibration
XC1075710,gpipig1,Ducula aenea,Green Imperial Pigeon,Richard E. Webster,3.0,1.5212,125.1373,data/xeno_canto_indonesia/gpipig1/XC1075710.mp3,calibration
XC20587,gpipig1,Ducula aenea,Green Imperial Pigeon,Martjan Lammertink,3.0,2.4987,96.3256,data/xeno_canto_indonesia/gpipig1/XC20587.mp3,calibration
XC20588,gpipig1,Ducula aenea,Green Imperial Pigeon,Martjan Lammertink,3.0,2.4987,96.3256,data/xeno_canto_indonesia/gpipig1/XC20588.mp3,calibration
XC31373,gpipig1,Ducula aenea,Green Imperial Pigeon,Allen T. Chartier,2.0,-8.5695,119.4992,data/xeno_canto_indonesia/gpipig1/XC31373.mp3,calibration
XC414777,gpipig1,Ducula aenea,Green Imperial Pigeon,Marc Anderson,3.0,1.562,125.173,data/xeno_canto_indonesia/gpipig1/XC414777.mp3,calibration
XC414778,gpipig1,Ducula aenea,Green Imperial Pigeon,Marc Anderson,4.0,1.562,125.173,data/xeno_canto_indonesia/gpipig1/XC414778.mp3,calibration
XC415148,gpipig1,Ducula aenea,Green Imperial Pigeon,Marc Anderson,4.0,1.562,125.173,data/xeno_canto_indonesia/gpipig1/XC415148.mp3,calibration
XC1075197,hacdro1,Dicrurus hottentottus,Hair-crested Drongo,Richard E. Webster,4.0,1.3571,124.8579,data/xeno_canto_indonesia/hacdro1/XC1075197.mp3,calibration
XC1075198,hacdro1,Dicrurus hottentottus,Hair-crested Drongo,Richard E. Webster,4.0,0.5667,123.9026,data/xeno_canto_indonesia/hacdro1/XC1075198.mp3,calibration
XC1075199,hacdro1,Dicrurus hottentottus,Hair-crested Drongo,Richard E. Webster,4.0,0.5667,123.9026,data/xeno_canto_indonesia/hacdro1/XC1075199.mp3,calibration
XC1075206,hacdro1,Dicrurus hottentottus,Hair-crested Drongo,Richard E. Webster,5.0,1.562,125.1728,data/xeno_canto_indonesia/hacdro1/XC1075206.mp3,calibration
XC1075209,hacdro1,Dicrurus hottentottus,Hair-crested Drongo,Richard E. Webster,4.0,0.5667,123.9026,data/xeno_canto_indonesia/hacdro1/XC1075209.mp3,calibration
XC1075210,hacdro1,Dicrurus hottentottus,Hair-crested Drongo,Richard E. Webster,5.0,-5.0193,119.7508,data/xeno_canto_indonesia/hacdro1/XC1075210.mp3,calibration
XC1075211,hacdro1,Dicrurus hottentottus,Hair-crested Drongo,Richard E. Webster,4.0,0.5887,124.1189,data/xeno_canto_indonesia/hacdro1/XC1075211.mp3,calibration
XC1075213,hacdro1,Dicrurus hottentottus,Hair-crested Drongo,Richard E. Webster,4.0,0.5887,124.1189,data/xeno_canto_indonesia/hacdro1/XC1075213.mp3,calibration
XC1075214,hacdro1,Dicrurus hottentottus,Hair-crested Drongo,Richard E. Webster,4.0,1.562,125.1728,data/xeno_canto_indonesia/hacdro1/XC1075214.mp3,calibration
XC414601,hacdro1,Dicrurus hottentottus,Hair-crested Drongo,Marc Anderson,4.0,1.562,125.173,data/xeno_canto_indonesia/hacdro1/XC414601.mp3,calibration
XC414602,hacdro1,Dicrurus hottentottus,Hair-crested Drongo,Marc Anderson,3.0,1.562,125.173,data/xeno_canto_indonesia/hacdro1/XC414602.mp3,calibration
XC414751,hacdro1,Dicrurus hottentottus,Hair-crested Drongo,Marc Anderson,3.0,1.562,125.173,data/xeno_canto_indonesia/hacdro1/XC414751.mp3,calibration
XC431492,hacdro1,Dicrurus hottentottus,Hair-crested Drongo,Brian Cox,2.0,-1.1313,98.9678,data/xeno_canto_indonesia/hacdro1/XC431492.mp3,calibration
XC431493,hacdro1,Dicrurus hottentottus,Hair-crested Drongo,Brian Cox,3.0,-1.1313,98.9678,data/xeno_canto_indonesia/hacdro1/XC431493.mp3,calibration
XC431494,hacdro1,Dicrurus hottentottus,Hair-crested Drongo,Brian Cox,5.0,-1.1313,98.9678,data/xeno_canto_indonesia/hacdro1/XC431494.mp3,calibration
XC498147,hacdro1,Dicrurus hottentottus,Hair-crested Drongo,Panji Gusti Akbar,4.0,-8.1601,114.4862,data/xeno_canto_indonesia/hacdro1/XC498147.mp3,calibration
XC434935,hoopit1,Pitta sordida,Hooded Pitta,Peter Ericsson,4.0,-0.9865,135.9386,data/xeno_canto_indonesia/hoopit1/XC434935.mp3,calibration
XC499221,hoopit1,Pitta sordida,Hooded Pitta,Marc Anderson,4.0,-0.8399,130.5261,data/xeno_canto_indonesia/hoopit1/XC499221.mp3,calibration
XC504664,hoopit1,Pitta sordida,Hooded Pitta,Marc Anderson,3.0,-0.8052,131.6433,data/xeno_canto_indonesia/hoopit1/XC504664.mp3,calibration
XC632640,hoopit1,Pitta sordida,Hooded Pitta,Marc Anderson,4.0,-0.8052,131.6433,data/xeno_canto_indonesia/hoopit1/XC632640.mp3,calibration
XC632641,hoopit1,Pitta sordida,Hooded Pitta,Marc Anderson,4.0,-0.8052,131.6433,data/xeno_canto_indonesia/hoopit1/XC632641.mp3,calibration
XC691989,hoopit1,Pitta sordida,Hooded Pitta,Panji Gusti Akbar,4.0,-3.1169,115.9548,data/xeno_canto_indonesia/hoopit1/XC691989.mp3,calibration
XC698132,hoopit1,Pitta sordida,Hooded Pitta,Panji Gusti Akbar,4.0,-3.4374,116.022,data/xeno_canto_indonesia/hoopit1/XC698132.mp3,calibration
XC1074018,horbab1,Malacocincla sepiaria,Horsfield's Babbler,Panji Gusti Akbar,5.0,-7.7658,110.1154,data/xeno_canto_indonesia/horbab1/XC1074018.mp3,calibration
XC214975,horbab1,Malacocincla sepiaria,Horsfield's Babbler,Marc Anderson,5.0,-6.7461,106.5182,data/xeno_canto_indonesia/horbab1/XC214975.mp3,calibration
XC215020,horbab1,Malacocincla sepiaria,Horsfield's Babbler,Marc Anderson,5.0,-6.7461,106.5182,data/xeno_canto_indonesia/horbab1/XC215020.mp3,calibration
XC215148,horbab1,Malacocincla sepiaria,Horsfield's Babbler,Marc Anderson,5.0,-6.7461,106.5182,data/xeno_canto_indonesia/horbab1/XC215148.mp3,calibration
XC335965,horbab1,Malacocincla sepiaria,Horsfield's Babbler,Brendan Sloan,3.0,,,data/xeno_canto_indonesia/horbab1/XC335965.mp3,calibration
XC36893,horbab1,Malacocincla sepiaria,Horsfield's Babbler,Swiss Winnasis,5.0,-7.8317,114.4139,data/xeno_canto_indonesia/horbab1/XC36893.mp3,calibration
XC376181,horbab1,Malacocincla sepiaria,Horsfield's Babbler,Karyadi Baskoro,4.0,-8.1732,112.9796,data/xeno_canto_indonesia/horbab1/XC376181.mp3,calibration
XC376183,horbab1,Malacocincla sepiaria,Horsfield's Babbler,Karyadi Baskoro,4.0,-8.1732,112.9796,data/xeno_canto_indonesia/horbab1/XC376183.mp3,calibration
XC376483,horbab1,Malacocincla sepiaria,Horsfield's Babbler,Karyadi Baskoro,4.0,-7.6896,110.3447,data/xeno_canto_indonesia/horbab1/XC376483.mp3,calibration
XC388222,horbab1,Malacocincla sepiaria,Horsfield's Babbler,Brendan Sloan,4.0,,,data/xeno_canto_indonesia/horbab1/XC388222.mp3,calibration
XC39495,horbab1,Malacocincla sepiaria,Horsfield's Babbler,Brian Cox,5.0,,,data/xeno_canto_indonesia/horbab1/XC39495.mp3,calibration
XC39505,horbab1,Malacocincla sepiaria,Horsfield's Babbler,Brian Cox,5.0,-4.9667,103.8501,data/xeno_canto_indonesia/horbab1/XC39505.mp3,calibration
XC64647,horbab1,Malacocincla sepiaria,Horsfield's Babbler,Iain Woxvold,4.0,-0.1126,114.8556,data/xeno_canto_indonesia/horbab1/XC64647.mp3,calibration
XC660381,horbab1,Malacocincla sepiaria,Horsfield's Babbler,Panji Gusti Akbar,4.0,-7.5976,110.4355,data/xeno_canto_indonesia/horbab1/XC660381.mp3,calibration
XC660383,horbab1,Malacocincla sepiaria,Horsfield's Babbler,Panji Gusti Akbar,5.0,-7.5976,110.4355,data/xeno_canto_indonesia/horbab1/XC660383.mp3,calibration
XC669917,horbab1,Malacocincla sepiaria,Horsfield's Babbler,Jelle Scharringa,4.0,-6.291,105.8455,data/xeno_canto_indonesia/horbab1/XC669917.mp3,calibration
XC943927,horbab1,Malacocincla sepiaria,Horsfield's Babbler,Kim Chuah Lim,4.0,-2.3268,101.5399,data/xeno_canto_indonesia/horbab1/XC943927.mp3,calibration
XC1073400,latnig1,Caprimulgus macrurus,Large-tailed Nightjar,Panji Gusti Akbar,3.0,-8.1003,114.4357,data/xeno_canto_indonesia/latnig1/XC1073400.mp3,calibration
XC1073401,latnig1,Caprimulgus macrurus,Large-tailed Nightjar,Panji Gusti Akbar,3.0,-8.1003,114.4357,data/xeno_canto_indonesia/latnig1/XC1073401.mp3,calibration
XC377589,latnig1,Caprimulgus macrurus,Large-tailed Nightjar,Karyadi Baskoro,4.0,-7.0495,110.4412,data/xeno_canto_indonesia/latnig1/XC377589.mp3,calibration
XC378237,latnig1,Caprimulgus macrurus,Large-tailed Nightjar,Karyadi Baskoro,3.0,-7.0611,110.4473,data/xeno_canto_indonesia/latnig1/XC378237.mp3,calibration
XC38187,latnig1,Caprimulgus macrurus,Large-tailed Nightjar,Swiss Winnasis,4.0,-7.8317,114.4139,data/xeno_canto_indonesia/latnig1/XC38187.mp3,calibration
XC393262,latnig1,Caprimulgus macrurus,Large-tailed Nightjar,Brendan Sloan,3.0,,,data/xeno_canto_indonesia/latnig1/XC393262.mp3,calibration
XC393264,latnig1,Caprimulgus macrurus,Large-tailed Nightjar,Brendan Sloan,4.0,,,data/xeno_canto_indonesia/latnig1/XC393264.mp3,calibration
XC480757,latnig1,Caprimulgus macrurus,Large-tailed Nightjar,Prayitno Goenarto,3.0,0.3725,101.8577,data/xeno_canto_indonesia/latnig1/XC480757.mp3,calibration
XC497037,latnig1,Caprimulgus macrurus,Large-tailed Nightjar,Muhammad Iqbal,3.0,0.4342,101.876,data/xeno_canto_indonesia/latnig1/XC497037.mp3,calibration
XC530322,latnig1,Caprimulgus macrurus,Large-tailed Nightjar,Marc Anderson,4.0,-0.8022,130.5743,data/xeno_canto_indonesia/latnig1/XC530322.mp3,calibration
XC530323,latnig1,Caprimulgus macrurus,Large-tailed Nightjar,Marc Anderson,4.0,-0.8022,130.5743,data/xeno_canto_indonesia/latnig1/XC530323.mp3,calibration
XC215016,lessho1,Brachypteryx leucophris,Lesser Shortwing,Marc Anderson,3.0,-6.7461,106.5182,data/xeno_canto_indonesia/lessho1/XC215016.mp3,calibration
XC31351,lessho1,Brachypteryx leucophris,Lesser Shortwing,Allen T. Chartier,3.0,-8.2942,115.1773,data/xeno_canto_indonesia/lessho1/XC31351.mp3,calibration
XC31352,lessho1,Brachypteryx leucophris,Lesser Shortwing,Allen T. Chartier,4.0,-8.2942,115.1773,data/xeno_canto_indonesia/lessho1/XC31352.mp3,calibration
XC336459,lessho1,Brachypteryx leucophris,Lesser Shortwing,Brendan Sloan,4.0,,,data/xeno_canto_indonesia/lessho1/XC336459.mp3,calibration
XC336460,lessho1,Brachypteryx leucophris,Lesser Shortwing,Brendan Sloan,4.0,,,data/xeno_canto_indonesia/lessho1/XC336460.mp3,calibration
XC336694,lessho1,Brachypteryx leucophris,Lesser Shortwing,Brendan Sloan,2.0,,,data/xeno_canto_indonesia/lessho1/XC336694.mp3,calibration
XC336768,lessho1,Brachypteryx leucophris,Lesser Shortwing,Karyadi Baskoro,4.0,-7.2042,110.3381,data/xeno_canto_indonesia/lessho1/XC336768.mp3,calibration
XC393371,lessho1,Brachypteryx leucophris,Lesser Shortwing,Brendan Sloan,3.0,,,data/xeno_canto_indonesia/lessho1/XC393371.mp3,calibration
XC39485,lessho1,Brachypteryx leucophris,Lesser Shortwing,Brian Cox,3.0,-6.6762,106.5164,data/xeno_canto_indonesia/lessho1/XC39485.mp3,calibration
XC396750,lessho1,Brachypteryx leucophris,Lesser Shortwing,Sander Lagerveld,4.0,3.9647,97.246,data/xeno_canto_indonesia/lessho1/XC396750.mp3,calibration
XC453243,lessho1,Brachypteryx leucophris,Lesser Shortwing,Brendan Sloan,4.0,,,data/xeno_canto_indonesia/lessho1/XC453243.mp3,calibration
XC645952,lessho1,Brachypteryx leucophris,Lesser Shortwing,Jelle Scharringa,5.0,-6.7694,107.6217,data/xeno_canto_indonesia/lessho1/XC645952.mp3,calibration
XC776276,lessho1,Brachypteryx leucophris,Lesser Shortwing,Jelle Scharringa,5.0,-6.7414,107.0019,data/xeno_canto_indonesia/lessho1/XC776276.mp3,calibration
XC776882,lessho1,Brachypteryx leucophris,Lesser Shortwing,Jelle Scharringa,4.0,-6.7694,107.6217,data/xeno_canto_indonesia/lessho1/XC776882.mp3,calibration
XC1076571,moutai1,Phyllergates cucullatus,Mountain Tailorbird,Richard E. Webster,5.0,1.35,124.8664,data/xeno_canto_indonesia/moutai1/XC1076571.mp3,calibration
XC1076572,moutai1,Phyllergates cucullatus,Mountain Tailorbird,Richard E. Webster,4.0,1.35,124.8664,data/xeno_canto_indonesia/moutai1/XC1076572.mp3,calibration
XC1076573,moutai1,Phyllergates cucullatus,Mountain Tailorbird,Richard E. Webster,5.0,1.35,124.8664,data/xeno_canto_indonesia/moutai1/XC1076573.mp3,calibration
XC1076574,moutai1,Phyllergates cucullatus,Mountain Tailorbird,Richard E. Webster,4.0,1.3571,124.8579,data/xeno_canto_indonesia/moutai1/XC1076574.mp3,calibration
XC1076576,moutai1,Phyllergates cucullatus,Mountain Tailorbird,Richard E. Webster,5.0,-1.32,120.3,data/xeno_canto_indonesia/moutai1/XC1076576.mp3,calibration
XC1076577,moutai1,Phyllergates cucullatus,Mountain Tailorbird,Richard E. Webster,4.0,-1.3256,120.3089,data/xeno_canto_indonesia/moutai1/XC1076577.mp3,calibration
XC151617,moutai1,Phyllergates cucullatus,Mountain Tailorbird,Yann Muzika,4.0,-1.32,120.3,data/xeno_canto_indonesia/moutai1/XC151617.mp3,calibration
XC288195,moutai1,Phyllergates cucullatus,Mountain Tailorbird,Peter Ericsson,5.0,-6.7273,106.9711,data/xeno_canto_indonesia/moutai1/XC288195.mp3,calibration
XC31413,moutai1,Phyllergates cucullatus,Mountain Tailorbird,Allen T. Chartier,3.0,-8.6334,120.5601,data/xeno_canto_indonesia/moutai1/XC31413.mp3,calibration
XC336098,moutai1,Phyllergates cucullatus,Mountain Tailorbird,Brendan Sloan,4.0,,,data/xeno_canto_indonesia/moutai1/XC336098.mp3,calibration
XC336099,moutai1,Phyllergates cucullatus,Mountain Tailorbird,Brendan Sloan,4.0,,,data/xeno_canto_indonesia/moutai1/XC336099.mp3,calibration
XC444143,moutai1,Phyllergates cucullatus,Mountain Tailorbird,Yann Muzika,4.0,1.35,124.8664,data/xeno_canto_indonesia/moutai1/XC444143.mp3,calibration
XC634768,moutai1,Phyllergates cucullatus,Mountain Tailorbird,Jelle Scharringa,4.0,-6.746,107.0068,data/xeno_canto_indonesia/moutai1/XC634768.mp3,calibration
XC1074916,olbsun1,Cinnyris jugularis,Olive-backed Sunbird,Richard E. Webster,4.0,0.9271,127.5806,data/xeno_canto_indonesia/olbsun1/XC1074916.mp3,calibration
XC1076410,olbsun1,Cinnyris jugularis,Olive-backed Sunbird,Richard E. Webster,4.0,1.5212,125.1373,data/xeno_canto_indonesia/olbsun1/XC1076410.mp3,calibration
XC31411,olbsun1,Cinnyris jugularis,Olive-backed Sunbird,Allen T. Chartier,3.0,-8.7234,115.1703,data/xeno_canto_indonesia/olbsun1/XC31411.mp3,calibration
XC478340,olbsun1,Cinnyris jugularis,Olive-backed Sunbird,Prayitno Goenarto,4.0,0.3725,101.8577,data/xeno_canto_indonesia/olbsun1/XC478340.mp3,calibration
XC479205,olbsun1,Cinnyris jugularis,Olive-backed Sunbird,Prayitno Goenarto,4.0,0.3725,101.8577,data/xeno_canto_indonesia/olbsun1/XC479205.mp3,calibration
XC481176,olbsun1,Cinnyris jugularis,Olive-backed Sunbird,Prayitno Goenarto,4.0,-6.1214,106.8447,data/xeno_canto_indonesia/olbsun1/XC481176.mp3,calibration
XC481177,olbsun1,Cinnyris jugularis,Olive-backed Sunbird,Prayitno Goenarto,4.0,-6.1214,106.8447,data/xeno_canto_indonesia/olbsun1/XC481177.mp3,calibration
XC531249,olbsun1,Cinnyris jugularis,Olive-backed Sunbird,Marc Anderson,3.0,-0.8022,130.5743,data/xeno_canto_indonesia/olbsun1/XC531249.mp3,calibration
XC533676,olbsun1,Cinnyris jugularis,Olive-backed Sunbird,Marc Anderson,4.0,0.4218,127.9019,data/xeno_canto_indonesia/olbsun1/XC533676.mp3,calibration
XC533677,olbsun1,Cinnyris jugularis,Olive-backed Sunbird,Marc Anderson,3.0,0.4218,127.9019,data/xeno_canto_indonesia/olbsun1/XC533677.mp3,calibration
XC533678,olbsun1,Cinnyris jugularis,Olive-backed Sunbird,Marc Anderson,4.0,0.4218,127.9019,data/xeno_canto_indonesia/olbsun1/XC533678.mp3,calibration
XC533679,olbsun1,Cinnyris jugularis,Olive-backed Sunbird,Marc Anderson,4.0,0.4218,127.9019,data/xeno_canto_indonesia/olbsun1/XC533679.mp3,calibration
XC581941,olbsun1,Cinnyris jugularis,Olive-backed Sunbird,Muhammad Iqbal,2.0,0.4342,101.876,data/xeno_canto_indonesia/olbsun1/XC581941.mp3,calibration
XC783616,olbsun1,Cinnyris jugularis,Olive-backed Sunbird,Panji Gusti Akbar,4.0,-7.057,106.9113,data/xeno_canto_indonesia/olbsun1/XC783616.mp3,calibration
XC1076302,pygcup1,Pnoepyga pusilla,Pygmy Cupwing,Jelle Scharringa,4.0,-6.7449,107.0037,data/xeno_canto_indonesia/pygcup1/XC1076302.mp3,calibration
XC214690,pygcup1,Pnoepyga pusilla,Pygmy Cupwing,Marc Anderson,5.0,-6.7461,106.5182,data/xeno_canto_indonesia/pygcup1/XC214690.mp3,calibration
XC214970,pygcup1,Pnoepyga pusilla,Pygmy Cupwing,Marc Anderson,5.0,-6.7461,106.5182,data/xeno_canto_indonesia/pygcup1/XC214970.mp3,calibration
XC215097,pygcup1,Pnoepyga pusilla,Pygmy Cupwing,Marc Anderson,4.0,-6.7461,106.5182,data/xeno_canto_indonesia/pygcup1/XC215097.mp3,calibration
XC31428,pygcup1,Pnoepyga pusilla,Pygmy Cupwing,Allen T. Chartier,3.0,-8.6334,120.5601,data/xeno_canto_indonesia/pygcup1/XC31428.mp3,calibration
XC31429,pygcup1,Pnoepyga pusilla,Pygmy Cupwing,Allen T. Chartier,3.0,-8.6334,120.5601,data/xeno_canto_indonesia/pygcup1/XC31429.mp3,calibration
XC31430,pygcup1,Pnoepyga pusilla,Pygmy Cupwing,Allen T. Chartier,3.0,-8.6334,120.5601,data/xeno_canto_indonesia/pygcup1/XC31430.mp3,calibration
XC31431,pygcup1,Pnoepyga pusilla,Pygmy Cupwing,Allen T. Chartier,3.0,-8.6334,120.5601,data/xeno_canto_indonesia/pygcup1/XC31431.mp3,calibration
XC31432,pygcup1,Pnoepyga pusilla,Pygmy Cupwing,Allen T. Chartier,3.0,-8.6334,120.5601,data/xeno_canto_indonesia/pygcup1/XC31432.mp3,calibration
XC335968,pygcup1,Pnoepyga pusilla,Pygmy Cupwing,Brendan Sloan,3.0,,,data/xeno_canto_indonesia/pygcup1/XC335968.mp3,calibration
XC336108,pygcup1,Pnoepyga pusilla,Pygmy Cupwing,Brendan Sloan,4.0,,,data/xeno_canto_indonesia/pygcup1/XC336108.mp3,calibration
XC336358,pygcup1,Pnoepyga pusilla,Pygmy Cupwing,Brendan Sloan,4.0,,,data/xeno_canto_indonesia/pygcup1/XC336358.mp3,calibration
XC376207,pygcup1,Pnoepyga pusilla,Pygmy Cupwing,Karyadi Baskoro,4.0,-7.2435,109.1279,data/xeno_canto_indonesia/pygcup1/XC376207.mp3,calibration
XC376567,pygcup1,Pnoepyga pusilla,Pygmy Cupwing,Karyadi Baskoro,3.0,-7.1731,110.3488,data/xeno_canto_indonesia/pygcup1/XC376567.mp3,calibration
XC39474,pygcup1,Pnoepyga pusilla,Pygmy Cupwing,Brian Cox,5.0,-6.727348,106.97113,data/xeno_canto_indonesia/pygcup1/XC39474.mp3,calibration
XC39487,pygcup1,Pnoepyga pusilla,Pygmy Cupwing,Brian Cox,4.0,-6.6762,106.5164,data/xeno_canto_indonesia/pygcup1/XC39487.mp3,calibration
XC39506,pygcup1,Pnoepyga pusilla,Pygmy Cupwing,Brian Cox,4.0,-4.9667,103.8501,data/xeno_canto_indonesia/pygcup1/XC39506.mp3,calibration
XC431525,pygcup1,Pnoepyga pusilla,Pygmy Cupwing,Brian Cox,4.0,-1.74,101.26,data/xeno_canto_indonesia/pygcup1/XC431525.mp3,calibration
XC431612,pygcup1,Pnoepyga pusilla,Pygmy Cupwing,Brian Cox,4.0,4.3043,96.5658,data/xeno_canto_indonesia/pygcup1/XC431612.mp3,calibration
XC454439,pygcup1,Pnoepyga pusilla,Pygmy Cupwing,Brendan Sloan,4.0,,,data/xeno_canto_indonesia/pygcup1/XC454439.mp3,calibration
XC576879,pygcup1,Pnoepyga pusilla,Pygmy Cupwing,Garry Bakker,4.0,-1.741,101.26,data/xeno_canto_indonesia/pygcup1/XC576879.mp3,calibration
XC633509,pygcup1,Pnoepyga pusilla,Pygmy Cupwing,Jelle Scharringa,4.0,-6.7427,106.9977,data/xeno_canto_indonesia/pygcup1/XC633509.mp3,calibration
XC633510,pygcup1,Pnoepyga pusilla,Pygmy Cupwing,Jelle Scharringa,4.0,-6.7414,107.0019,data/xeno_canto_indonesia/pygcup1/XC633510.mp3,calibration
XC633515,pygcup1,Pnoepyga pusilla,Pygmy Cupwing,Jelle Scharringa,4.0,-6.7714,107.6307,data/xeno_canto_indonesia/pygcup1/XC633515.mp3,calibration
XC776147,pygcup1,Pnoepyga pusilla,Pygmy Cupwing,Jelle Scharringa,4.0,-6.7427,106.9977,data/xeno_canto_indonesia/pygcup1/XC776147.mp3,calibration
XC776148,pygcup1,Pnoepyga pusilla,Pygmy Cupwing,Jelle Scharringa,4.0,-6.7427,106.9977,data/xeno_canto_indonesia/pygcup1/XC776148.mp3,calibration
XC776150,pygcup1,Pnoepyga pusilla,Pygmy Cupwing,Jelle Scharringa,4.0,-6.7414,107.0019,data/xeno_canto_indonesia/pygcup1/XC776150.mp3,calibration
XC777845,pygcup1,Pnoepyga pusilla,Pygmy Cupwing,Jelle Scharringa,4.0,-6.7432,107.0067,data/xeno_canto_indonesia/pygcup1/XC777845.mp3,calibration
XC1075189,rubcuc1,Cacomantis sepulcralis,Rusty-breasted Cuckoo,Richard E. Webster,5.0,-1.3256,120.3089,data/xeno_canto_indonesia/rubcuc1/XC1075189.mp3,calibration
XC1075190,rubcuc1,Cacomantis sepulcralis,Rusty-breasted Cuckoo,Richard E. Webster,4.0,-1.32,120.3,data/xeno_canto_indonesia/rubcuc1/XC1075190.mp3,calibration
XC1075191,rubcuc1,Cacomantis sepulcralis,Rusty-breasted Cuckoo,Richard E. Webster,4.0,0.5887,124.1189,data/xeno_canto_indonesia/rubcuc1/XC1075191.mp3,calibration
XC1075192,rubcuc1,Cacomantis sepulcralis,Rusty-breasted Cuckoo,Richard E. Webster,4.0,0.5887,124.1189,data/xeno_canto_indonesia/rubcuc1/XC1075192.mp3,calibration
XC1075193,rubcuc1,Cacomantis sepulcralis,Rusty-breasted Cuckoo,Richard E. Webster,4.0,-1.3256,120.3089,data/xeno_canto_indonesia/rubcuc1/XC1075193.mp3,calibration
XC1075194,rubcuc1,Cacomantis sepulcralis,Rusty-breasted Cuckoo,Richard E. Webster,4.0,-1.3256,120.3089,data/xeno_canto_indonesia/rubcuc1/XC1075194.mp3,calibration
XC215012,rubcuc1,Cacomantis sepulcralis,Rusty-breasted Cuckoo,Marc Anderson,3.0,-6.7461,106.5182,data/xeno_canto_indonesia/rubcuc1/XC215012.mp3,calibration
XC268523,rubcuc1,Cacomantis sepulcralis,Rusty-breasted Cuckoo,Peter Ericsson,5.0,-8.4895,119.9687,data/xeno_canto_indonesia/rubcuc1/XC268523.mp3,calibration
XC298647,rubcuc1,Cacomantis sepulcralis,Rusty-breasted Cuckoo,Erik Meijaard,4.0,-6.2865,106.7492,data/xeno_canto_indonesia/rubcuc1/XC298647.mp3,calibration
XC31354,rubcuc1,Cacomantis sepulcralis,Rusty-breasted Cuckoo,Allen T. Chartier,2.0,-8.2942,115.1773,data/xeno_canto_indonesia/rubcuc1/XC31354.mp3,calibration
XC468146,rubcuc1,Cacomantis sepulcralis,Rusty-breasted Cuckoo,Prayitno Goenarto,4.0,-6.7515,106.9898,data/xeno_canto_indonesia/rubcuc1/XC468146.mp3,calibration
XC505055,rubcuc1,Cacomantis sepulcralis,Rusty-breasted Cuckoo,Kees Van Reenen,3.0,-8.518,116.3025,data/xeno_canto_indonesia/rubcuc1/XC505055.mp3,calibration
XC582951,rubcuc1,Cacomantis sepulcralis,Rusty-breasted Cuckoo,Muhammad Iqbal,3.0,0.4342,101.876,data/xeno_canto_indonesia/rubcuc1/XC582951.mp3,calibration
XC64673,rubcuc1,Cacomantis sepulcralis,Rusty-breasted Cuckoo,Iain Woxvold,4.0,-0.1126,114.8556,data/xeno_canto_indonesia/rubcuc1/XC64673.mp3,calibration
XC64674,rubcuc1,Cacomantis sepulcralis,Rusty-breasted Cuckoo,Iain Woxvold,4.0,-0.1126,114.8556,data/xeno_canto_indonesia/rubcuc1/XC64674.mp3,calibration
XC105677,savnig1,Caprimulgus affinis,Savanna Nightjar,Kevin Darras,5.0,,,data/xeno_canto_indonesia/savnig1/XC105677.mp3,calibration
XC336685,savnig1,Caprimulgus affinis,Savanna Nightjar,Brendan Sloan,4.0,,,data/xeno_canto_indonesia/savnig1/XC336685.mp3,calibration
XC336687,savnig1,Caprimulgus affinis,Savanna Nightjar,Brendan Sloan,3.0,,,data/xeno_canto_indonesia/savnig1/XC336687.mp3,calibration
XC336689,savnig1,Caprimulgus affinis,Savanna Nightjar,Brendan Sloan,3.0,,,data/xeno_canto_indonesia/savnig1/XC336689.mp3,calibration
XC360828,savnig1,Caprimulgus affinis,Savanna Nightjar,Karyadi Baskoro,4.0,-7.0495,110.4412,data/xeno_canto_indonesia/savnig1/XC360828.mp3,calibration
XC362439,savnig1,Caprimulgus affinis,Savanna Nightjar,Karyadi Baskoro,4.0,-7.0495,110.4412,data/xeno_canto_indonesia/savnig1/XC362439.mp3,calibration
XC36986,savnig1,Caprimulgus affinis,Savanna Nightjar,Swiss Winnasis,4.0,-7.8317,114.4139,data/xeno_canto_indonesia/savnig1/XC36986.mp3,calibration
XC576876,savnig1,Caprimulgus affinis,Savanna Nightjar,Garry Bakker,4.0,3.679,97.656,data/xeno_canto_indonesia/savnig1/XC576876.mp3,calibration
XC929253,savnig1,Caprimulgus affinis,Savanna Nightjar,Ilaria,2.0,-8.6828,115.1627,data/xeno_canto_indonesia/savnig1/XC929253.mp3,calibration
XC1032972,sohbul1,Pycnonotus aurigaster,Sooty-headed Bulbul,Panji Gusti Akbar,5.0,-8.5662,114.3575,data/xeno_canto_indonesia/sohbul1/XC1032972.mp3,calibration
XC1075095,sohbul1,Pycnonotus aurigaster,Sooty-headed Bulbul,Richard E. Webster,5.0,0.7363,124.3128,data/xeno_canto_indonesia/sohbul1/XC1075095.mp3,calibration
XC1075096,sohbul1,Pycnonotus aurigaster,Sooty-headed Bulbul,Richard E. Webster,4.0,1.5647,125.1571,data/xeno_canto_indonesia/sohbul1/XC1075096.mp3,calibration
XC1075097,sohbul1,Pycnonotus aurigaster,Sooty-headed Bulbul,Richard E. Webster,5.0,1.5212,125.1373,data/xeno_canto_indonesia/sohbul1/XC1075097.mp3,calibration
XC1075098,sohbul1,Pycnonotus aurigaster,Sooty-headed Bulbul,Richard E. Webster,4.0,1.5212,125.1373,data/xeno_canto_indonesia/sohbul1/XC1075098.mp3,calibration
XC31436,sohbul1,Pycnonotus aurigaster,Sooty-headed Bulbul,Allen T. Chartier,2.0,-8.7234,115.1703,data/xeno_canto_indonesia/sohbul1/XC31436.mp3,calibration
XC336690,sohbul1,Pycnonotus aurigaster,Sooty-headed Bulbul,Brendan Sloan,2.0,,,data/xeno_canto_indonesia/sohbul1/XC336690.mp3,calibration
XC376192,sohbul1,Pycnonotus aurigaster,Sooty-headed Bulbul,Karyadi Baskoro,3.0,-7.2042,110.3381,data/xeno_canto_indonesia/sohbul1/XC376192.mp3,calibration
XC376551,sohbul1,Pycnonotus aurigaster,Sooty-headed Bulbul,Karyadi Baskoro,3.0,-6.9097,110.2543,data/xeno_canto_indonesia/sohbul1/XC376551.mp3,calibration
XC388228,sohbul1,Pycnonotus aurigaster,Sooty-headed Bulbul,Brendan Sloan,2.0,,,data/xeno_canto_indonesia/sohbul1/XC388228.mp3,calibration
XC414596,sohbul1,Pycnonotus aurigaster,Sooty-headed Bulbul,Marc Anderson,3.0,1.562,125.173,data/xeno_canto_indonesia/sohbul1/XC414596.mp3,calibration
XC479599,sohbul1,Pycnonotus aurigaster,Sooty-headed Bulbul,Prayitno Goenarto,3.0,0.3725,101.8577,data/xeno_canto_indonesia/sohbul1/XC479599.mp3,calibration
XC497488,sohbul1,Pycnonotus aurigaster,Sooty-headed Bulbul,Rendra Pratama,2.0,-6.8614,107.5926,data/xeno_canto_indonesia/sohbul1/XC497488.mp3,calibration
XC571699,sohbul1,Pycnonotus aurigaster,Sooty-headed Bulbul,Panji Gusti Akbar,4.0,-7.8583,112.5376,data/xeno_canto_indonesia/sohbul1/XC571699.mp3,calibration
XC376481,subwar1,Horornis vulcanius,Sunda Bush Warbler,Karyadi Baskoro,5.0,-7.2435,109.1279,data/xeno_canto_indonesia/subwar1/XC376481.mp3,calibration
XC376562,subwar1,Horornis vulcanius,Sunda Bush Warbler,Karyadi Baskoro,4.0,-7.1851,110.3473,data/xeno_canto_indonesia/subwar1/XC376562.mp3,calibration
XC431520,subwar1,Horornis vulcanius,Sunda Bush Warbler,Brian Cox,5.0,-1.74,101.26,data/xeno_canto_indonesia/subwar1/XC431520.mp3,calibration
XC431521,subwar1,Horornis vulcanius,Sunda Bush Warbler,Brian Cox,5.0,-1.74,101.26,data/xeno_canto_indonesia/subwar1/XC431521.mp3,calibration
XC431622,subwar1,Horornis vulcanius,Sunda Bush Warbler,Brian Cox,5.0,4.3043,96.5658,data/xeno_canto_indonesia/subwar1/XC431622.mp3,calibration
XC431623,subwar1,Horornis vulcanius,Sunda Bush Warbler,Brian Cox,5.0,4.3043,96.5658,data/xeno_canto_indonesia/subwar1/XC431623.mp3,calibration
XC453085,subwar1,Horornis vulcanius,Sunda Bush Warbler,Brendan Sloan,5.0,,,data/xeno_canto_indonesia/subwar1/XC453085.mp3,calibration
XC453232,subwar1,Horornis vulcanius,Sunda Bush Warbler,Brendan Sloan,5.0,,,data/xeno_canto_indonesia/subwar1/XC453232.mp3,calibration
XC453239,subwar1,Horornis vulcanius,Sunda Bush Warbler,Brendan Sloan,5.0,,,data/xeno_canto_indonesia/subwar1/XC453239.mp3,calibration
XC576888,subwar1,Horornis vulcanius,Sunda Bush Warbler,Garry Bakker,4.0,-1.735,101.26,data/xeno_canto_indonesia/subwar1/XC576888.mp3,calibration
XC842311,subwar1,Horornis vulcanius,Sunda Bush Warbler,Panji Gusti Akbar,5.0,-7.1662,107.4021,data/xeno_canto_indonesia/subwar1/XC842311.mp3,calibration
XC842312,subwar1,Horornis vulcanius,Sunda Bush Warbler,Panji Gusti Akbar,5.0,-7.1662,107.4021,data/xeno_canto_indonesia/subwar1/XC842312.mp3,calibration
XC842313,subwar1,Horornis vulcanius,Sunda Bush Warbler,Panji Gusti Akbar,5.0,-7.1662,107.4021,data/xeno_canto_indonesia/subwar1/XC842313.mp3,calibration
XC113315,suncuc1,Cuculus lepidus,Sunda Cuckoo,Peter Collaerts,4.0,-8.692,120.449,data/xeno_canto_indonesia/suncuc1/XC113315.mp3,calibration
XC31361,suncuc1,Cuculus lepidus,Sunda Cuckoo,Allen T. Chartier,4.0,-8.2942,115.1773,data/xeno_canto_indonesia/suncuc1/XC31361.mp3,calibration
XC335977,suncuc1,Cuculus lepidus,Sunda Cuckoo,Brendan Sloan,4.0,,,data/xeno_canto_indonesia/suncuc1/XC335977.mp3,calibration
XC376173,suncuc1,Cuculus lepidus,Sunda Cuckoo,Karyadi Baskoro,4.0,-8.1732,112.9796,data/xeno_canto_indonesia/suncuc1/XC376173.mp3,calibration
XC376480,suncuc1,Cuculus lepidus,Sunda Cuckoo,Karyadi Baskoro,4.0,-7.2435,109.1279,data/xeno_canto_indonesia/suncuc1/XC376480.mp3,calibration
XC604764,suncuc1,Cuculus lepidus,Sunda Cuckoo,Jelle Scharringa,4.0,-6.7515,106.9898,data/xeno_canto_indonesia/suncuc1/XC604764.mp3,calibration
XC113308,whbsho1,Brachypteryx montana,White-browed Shortwing,Peter Collaerts,4.0,-8.692,120.449,data/xeno_canto_indonesia/whbsho1/XC113308.mp3,calibration
XC113310,whbsho1,Brachypteryx montana,White-browed Shortwing,Peter Collaerts,3.0,-8.692,120.449,data/xeno_canto_indonesia/whbsho1/XC113310.mp3,calibration
XC431514,whbsho1,Brachypteryx montana,White-browed Shortwing,Brian Cox,4.0,-1.74,101.26,data/xeno_canto_indonesia/whbsho1/XC431514.mp3,calibration
XC646895,whbsho1,Brachypteryx montana,White-browed Shortwing,Jelle Scharringa,3.0,-6.7511,106.989,data/xeno_canto_indonesia/whbsho1/XC646895.mp3,calibration
XC1003648,ashtai1,Orthotomus ruficeps,Ashy Tailorbird,Lucas-Chen,5.0,-6.1047,106.7612,data/xeno_canto_indonesia/ashtai1/XC1003648.mp3,gallery
XC1157504,ashtai1,Orthotomus ruficeps,Ashy Tailorbird,Indra Kusuma,5.0,3.7345,98.6974,data/xeno_canto_indonesia/ashtai1/XC1157504.mp3,gallery
XC208014,ashtai1,Orthotomus ruficeps,Ashy Tailorbird,Frank Lambert,4.0,3.9459,115.6019,data/xeno_canto_indonesia/ashtai1/XC208014.mp3,gallery
XC208015,ashtai1,Orthotomus ruficeps,Ashy Tailorbird,Frank Lambert,4.0,3.9459,115.6019,data/xeno_canto_indonesia/ashtai1/XC208015.mp3,gallery
XC431741,ashtai1,Orthotomus ruficeps,Ashy Tailorbird,Oscar Johnson,3.0,-1.604,99.1631,data/xeno_canto_indonesia/ashtai1/XC431741.mp3,gallery
XC473999,ashtai1,Orthotomus ruficeps,Ashy Tailorbird,Matthew L. Brady,4.0,0.1063,99.8865,data/xeno_canto_indonesia/ashtai1/XC473999.mp3,gallery
XC498822,ashtai1,Orthotomus ruficeps,Ashy Tailorbird,Frank Lambert,4.0,-1.1963,98.9791,data/xeno_canto_indonesia/ashtai1/XC498822.mp3,gallery
XC498823,ashtai1,Orthotomus ruficeps,Ashy Tailorbird,Frank Lambert,4.0,-1.1963,98.9791,data/xeno_canto_indonesia/ashtai1/XC498823.mp3,gallery
XC498824,ashtai1,Orthotomus ruficeps,Ashy Tailorbird,Frank Lambert,4.0,-1.1963,98.9791,data/xeno_canto_indonesia/ashtai1/XC498824.mp3,gallery
XC498825,ashtai1,Orthotomus ruficeps,Ashy Tailorbird,Frank Lambert,4.0,-1.1963,98.9791,data/xeno_canto_indonesia/ashtai1/XC498825.mp3,gallery
XC498826,ashtai1,Orthotomus ruficeps,Ashy Tailorbird,Frank Lambert,4.0,-1.1963,98.9791,data/xeno_canto_indonesia/ashtai1/XC498826.mp3,gallery
XC498827,ashtai1,Orthotomus ruficeps,Ashy Tailorbird,Frank Lambert,4.0,-1.1963,98.9791,data/xeno_canto_indonesia/ashtai1/XC498827.mp3,gallery
XC503737,ashtai1,Orthotomus ruficeps,Ashy Tailorbird,Ding Li Yong,4.0,5.5968,95.3667,data/xeno_canto_indonesia/ashtai1/XC503737.mp3,gallery
XC503919,ashtai1,Orthotomus ruficeps,Ashy Tailorbird,Andres Angulo Rubiano,3.0,-1.7124,103.4003,data/xeno_canto_indonesia/ashtai1/XC503919.mp3,gallery
XC535411,ashtai1,Orthotomus ruficeps,Ashy Tailorbird,Andres Angulo Rubiano,4.0,-1.7124,103.4003,data/xeno_canto_indonesia/ashtai1/XC535411.mp3,gallery
XC578699,ashtai1,Orthotomus ruficeps,Ashy Tailorbird,Okamoto Keita Sin,4.0,0.6837,104.26,data/xeno_canto_indonesia/ashtai1/XC578699.mp3,gallery
XC895137,ashtai1,Orthotomus ruficeps,Ashy Tailorbird,Ding Li Yong,4.0,1.1528,104.5741,data/xeno_canto_indonesia/ashtai1/XC895137.mp3,gallery
XC895144,ashtai1,Orthotomus ruficeps,Ashy Tailorbird,Ding Li Yong,4.0,1.1528,104.5741,data/xeno_canto_indonesia/ashtai1/XC895144.mp3,gallery
XC1003705,colkin1,Todiramphus chloris,Collared Kingfisher,Lucas-Chen,3.0,-6.1782,106.8261,data/xeno_canto_indonesia/colkin1/XC1003705.mp3,gallery
XC1004275,colkin1,Todiramphus chloris,Collared Kingfisher,Lucas-Chen,2.0,-6.114,106.767,data/xeno_canto_indonesia/colkin1/XC1004275.mp3,gallery
XC1059449,colkin1,Todiramphus chloris,Collared Kingfisher,Lucas-Chen,4.0,-6.1053,106.7356,data/xeno_canto_indonesia/colkin1/XC1059449.mp3,gallery
XC121823,colkin1,Todiramphus chloris,Collared Kingfisher,Frank Lambert,2.0,-9.643,119.683,data/xeno_canto_indonesia/colkin1/XC121823.mp3,gallery
XC121824,colkin1,Todiramphus chloris,Collared Kingfisher,Frank Lambert,3.0,-9.643,119.683,data/xeno_canto_indonesia/colkin1/XC121824.mp3,gallery
XC151642,colkin1,Todiramphus chloris,Collared Kingfisher,Bruno Durand,4.0,-8.7868,115.2218,data/xeno_canto_indonesia/colkin1/XC151642.mp3,gallery
XC152653,colkin1,Todiramphus chloris,Collared Kingfisher,Bruno Durand,5.0,-8.7312,115.2357,data/xeno_canto_indonesia/colkin1/XC152653.mp3,gallery
XC166850,colkin1,Todiramphus chloris,Collared Kingfisher,Frank Lambert,3.0,-8.3235,116.4012,data/xeno_canto_indonesia/colkin1/XC166850.mp3,gallery
XC166851,colkin1,Todiramphus chloris,Collared Kingfisher,Frank Lambert,5.0,-8.3235,116.4012,data/xeno_canto_indonesia/colkin1/XC166851.mp3,gallery
XC198433,colkin1,Todiramphus chloris,Collared Kingfisher,Bruno Durand,4.0,-8.8258,115.2124,data/xeno_canto_indonesia/colkin1/XC198433.mp3,gallery
XC286713,colkin1,Todiramphus chloris,Collared Kingfisher,Bruno Durand,5.0,-8.3507,115.2741,data/xeno_canto_indonesia/colkin1/XC286713.mp3,gallery
XC338730,colkin1,Todiramphus chloris,Collared Kingfisher,Bruno Durand,4.0,-8.7361,115.2285,data/xeno_canto_indonesia/colkin1/XC338730.mp3,gallery
XC346529,colkin1,Todiramphus chloris,Collared Kingfisher,Phil Gregory,3.0,-8.2848,114.6043,data/xeno_canto_indonesia/colkin1/XC346529.mp3,gallery
XC413677,colkin1,Todiramphus chloris,Collared Kingfisher,Frank Lambert,4.0,-8.2756,115.1511,data/xeno_canto_indonesia/colkin1/XC413677.mp3,gallery
XC68435,colkin1,Todiramphus chloris,Collared Kingfisher,Frank Lambert,3.0,4.4,126.8,data/xeno_canto_indonesia/colkin1/XC68435.mp3,gallery
XC69653,colkin1,Todiramphus chloris,Collared Kingfisher,Frank Lambert,3.0,-3.25,126.15,data/xeno_canto_indonesia/colkin1/XC69653.mp3,gallery
XC893700,colkin1,Todiramphus chloris,Collared Kingfisher,Ding Li Yong,5.0,1.1528,104.5741,data/xeno_canto_indonesia/colkin1/XC893700.mp3,gallery
XC894014,colkin1,Todiramphus chloris,Collared Kingfisher,Ding Li Yong,5.0,1.1528,104.5741,data/xeno_canto_indonesia/colkin1/XC894014.mp3,gallery
XC89927,colkin1,Todiramphus chloris,Collared Kingfisher,Frank Lambert,4.0,-0.4631,121.8103,data/xeno_canto_indonesia/colkin1/XC89927.mp3,gallery
XC1003838,comior1,Aegithina tiphia,Common Iora,Lucas-Chen,4.0,-6.114,106.767,data/xeno_canto_indonesia/comior1/XC1003838.mp3,gallery
XC1059451,comior1,Aegithina tiphia,Common Iora,Lucas-Chen,3.0,-6.1047,106.7612,data/xeno_canto_indonesia/comior1/XC1059451.mp3,gallery
XC1138167,comior1,Aegithina tiphia,Common Iora,Indra Kusuma,5.0,3.5302,98.6615,data/xeno_canto_indonesia/comior1/XC1138167.mp3,gallery
XC1138175,comior1,Aegithina tiphia,Common Iora,Indra Kusuma,5.0,3.5302,98.6615,data/xeno_canto_indonesia/comior1/XC1138175.mp3,gallery
XC143542,comior1,Aegithina tiphia,Common Iora,Heru Cahyono,3.0,,,data/xeno_canto_indonesia/comior1/XC143542.mp3,gallery
XC150431,comior1,Aegithina tiphia,Common Iora,Bruno Durand,4.0,-8.4923,115.2652,data/xeno_canto_indonesia/comior1/XC150431.mp3,gallery
XC152928,comior1,Aegithina tiphia,Common Iora,Bruno Durand,3.0,-8.7444,115.223,data/xeno_canto_indonesia/comior1/XC152928.mp3,gallery
XC153788,comior1,Aegithina tiphia,Common Iora,Nick Talbot,4.0,-8.7868,115.2218,data/xeno_canto_indonesia/comior1/XC153788.mp3,gallery
XC198426,comior1,Aegithina tiphia,Common Iora,Bruno Durand,4.0,-8.8258,115.2124,data/xeno_canto_indonesia/comior1/XC198426.mp3,gallery
XC198428,comior1,Aegithina tiphia,Common Iora,Bruno Durand,4.0,-8.8258,115.2124,data/xeno_canto_indonesia/comior1/XC198428.mp3,gallery
XC198430,comior1,Aegithina tiphia,Common Iora,Bruno Durand,4.0,-8.8258,115.2124,data/xeno_canto_indonesia/comior1/XC198430.mp3,gallery
XC284765,comior1,Aegithina tiphia,Common Iora,Bas Van Balen,3.0,-6.1745,105.9697,data/xeno_canto_indonesia/comior1/XC284765.mp3,gallery
XC284766,comior1,Aegithina tiphia,Common Iora,Bas Van Balen,4.0,-6.1745,105.9697,data/xeno_canto_indonesia/comior1/XC284766.mp3,gallery
XC284767,comior1,Aegithina tiphia,Common Iora,Bas Van Balen,4.0,-6.1745,105.9697,data/xeno_canto_indonesia/comior1/XC284767.mp3,gallery
XC38504,comior1,Aegithina tiphia,Common Iora,Matthias Feuersenger,4.0,-8.5121,115.2671,data/xeno_canto_indonesia/comior1/XC38504.mp3,gallery
XC38505,comior1,Aegithina tiphia,Common Iora,Matthias Feuersenger,4.0,-8.5121,115.2671,data/xeno_canto_indonesia/comior1/XC38505.mp3,gallery
XC389533,comior1,Aegithina tiphia,Common Iora,Bruno Durand,4.0,-8.4221,115.296,data/xeno_canto_indonesia/comior1/XC389533.mp3,gallery
XC409138,comior1,Aegithina tiphia,Common Iora,Frank Lambert,4.0,-6.2781,105.8537,data/xeno_canto_indonesia/comior1/XC409138.mp3,gallery
XC413662,comior1,Aegithina tiphia,Common Iora,Frank Lambert,4.0,-8.2284,114.5116,data/xeno_canto_indonesia/comior1/XC413662.mp3,gallery
XC938454,comior1,Aegithina tiphia,Common Iora,Oscar Campbell,5.0,-6.1053,106.7356,data/xeno_canto_indonesia/comior1/XC938454.mp3,gallery
XC143550,crseag1,Spilornis cheela,Crested Serpent Eagle,Heru Cahyono,3.0,,,data/xeno_canto_indonesia/crseag1/XC143550.mp3,gallery
XC144914,crseag1,Spilornis cheela,Crested Serpent Eagle,Heru Cahyono,2.0,,,data/xeno_canto_indonesia/crseag1/XC144914.mp3,gallery
XC166746,crseag1,Spilornis cheela,Crested Serpent Eagle,Frank Lambert,4.0,-6.6762,106.5164,data/xeno_canto_indonesia/crseag1/XC166746.mp3,gallery
XC166747,crseag1,Spilornis cheela,Crested Serpent Eagle,Frank Lambert,4.0,-6.7414,107.0019,data/xeno_canto_indonesia/crseag1/XC166747.mp3,gallery
XC207989,crseag1,Spilornis cheela,Crested Serpent Eagle,Frank Lambert,3.0,3.9459,115.6019,data/xeno_canto_indonesia/crseag1/XC207989.mp3,gallery
XC338727,crseag1,Spilornis cheela,Crested Serpent Eagle,Bruno Durand,4.0,-8.2719,115.1552,data/xeno_canto_indonesia/crseag1/XC338727.mp3,gallery
XC338728,crseag1,Spilornis cheela,Crested Serpent Eagle,Bruno Durand,3.0,-8.753,115.168,data/xeno_canto_indonesia/crseag1/XC338728.mp3,gallery
XC409167,crseag1,Spilornis cheela,Crested Serpent Eagle,Frank Lambert,4.0,-6.7182,106.4901,data/xeno_canto_indonesia/crseag1/XC409167.mp3,gallery
XC498466,crseag1,Spilornis cheela,Crested Serpent Eagle,Frank Lambert,3.0,-1.1963,98.9791,data/xeno_canto_indonesia/crseag1/XC498466.mp3,gallery
XC501303,crseag1,Spilornis cheela,Crested Serpent Eagle,Frank Lambert,4.0,2.3814,96.3509,data/xeno_canto_indonesia/crseag1/XC501303.mp3,gallery
XC501304,crseag1,Spilornis cheela,Crested Serpent Eagle,Frank Lambert,4.0,2.3814,96.3509,data/xeno_canto_indonesia/crseag1/XC501304.mp3,gallery
XC501306,crseag1,Spilornis cheela,Crested Serpent Eagle,Frank Lambert,4.0,2.3814,96.3509,data/xeno_canto_indonesia/crseag1/XC501306.mp3,gallery
XC578380,crseag1,Spilornis cheela,Crested Serpent Eagle,Okamoto Keita Sin,4.0,-6.7407,107.0057,data/xeno_canto_indonesia/crseag1/XC578380.mp3,gallery
XC638365,crseag1,Spilornis cheela,Crested Serpent Eagle,Ding Li Yong,4.0,2.4634,96.3007,data/xeno_canto_indonesia/crseag1/XC638365.mp3,gallery
XC69493,crseag1,Spilornis cheela,Crested Serpent Eagle,Frank Lambert,4.0,-1.1167,116.8167,data/xeno_canto_indonesia/crseag1/XC69493.mp3,gallery
XC757143,crseag1,Spilornis cheela,Crested Serpent Eagle,Ding Li Yong,5.0,2.4634,96.3007,data/xeno_canto_indonesia/crseag1/XC757143.mp3,gallery
XC115271,ghcfly1,Culicicapa ceylonensis,Grey-headed Canary-flycatcher,Frank Lambert,4.0,-9.658,119.831,data/xeno_canto_indonesia/ghcfly1/XC115271.mp3,gallery
XC115272,ghcfly1,Culicicapa ceylonensis,Grey-headed Canary-flycatcher,Frank Lambert,4.0,-9.658,119.831,data/xeno_canto_indonesia/ghcfly1/XC115272.mp3,gallery
XC197757,ghcfly1,Culicicapa ceylonensis,Grey-headed Canary-flycatcher,Ding Li Yong,4.0,-6.7182,106.4901,data/xeno_canto_indonesia/ghcfly1/XC197757.mp3,gallery
XC318156,ghcfly1,Culicicapa ceylonensis,Grey-headed Canary-flycatcher,Achmad Ridha,4.0,-6.7419,107.0099,data/xeno_canto_indonesia/ghcfly1/XC318156.mp3,gallery
XC351526,ghcfly1,Culicicapa ceylonensis,Grey-headed Canary-flycatcher,Gareth K.,3.0,-9.7309,119.9393,data/xeno_canto_indonesia/ghcfly1/XC351526.mp3,gallery
XC431740,ghcfly1,Culicicapa ceylonensis,Grey-headed Canary-flycatcher,Oscar Johnson,3.0,-1.604,99.1631,data/xeno_canto_indonesia/ghcfly1/XC431740.mp3,gallery
XC440109,ghcfly1,Culicicapa ceylonensis,Grey-headed Canary-flycatcher,Bruno Durand,4.0,-8.2625,115.1029,data/xeno_canto_indonesia/ghcfly1/XC440109.mp3,gallery
XC468855,ghcfly1,Culicicapa ceylonensis,Grey-headed Canary-flycatcher,Frank Lambert,4.0,-8.0849,114.2364,data/xeno_canto_indonesia/ghcfly1/XC468855.mp3,gallery
XC476546,ghcfly1,Culicicapa ceylonensis,Grey-headed Canary-flycatcher,Matthew L. Brady,4.0,-1.604,99.1631,data/xeno_canto_indonesia/ghcfly1/XC476546.mp3,gallery
XC490228,ghcfly1,Culicicapa ceylonensis,Grey-headed Canary-flycatcher,Ross Gallardy,4.0,-6.7465,106.5373,data/xeno_canto_indonesia/ghcfly1/XC490228.mp3,gallery
XC490229,ghcfly1,Culicicapa ceylonensis,Grey-headed Canary-flycatcher,Ross Gallardy,4.0,-6.7465,106.5373,data/xeno_canto_indonesia/ghcfly1/XC490229.mp3,gallery
XC578378,ghcfly1,Culicicapa ceylonensis,Grey-headed Canary-flycatcher,Okamoto Keita Sin,3.0,-6.746386,106.537563,data/xeno_canto_indonesia/ghcfly1/XC578378.mp3,gallery
XC616845,ghcfly1,Culicicapa ceylonensis,Grey-headed Canary-flycatcher,Ding Li Yong,3.0,-9.5981,119.5444,data/xeno_canto_indonesia/ghcfly1/XC616845.mp3,gallery
XC648654,ghcfly1,Culicicapa ceylonensis,Grey-headed Canary-flycatcher,Ding Li Yong,4.0,2.7848,98.5144,data/xeno_canto_indonesia/ghcfly1/XC648654.mp3,gallery
XC665640,ghcfly1,Culicicapa ceylonensis,Grey-headed Canary-flycatcher,Michael Frankenstein,4.0,,,data/xeno_canto_indonesia/ghcfly1/XC665640.mp3,gallery
XC68077,ghcfly1,Culicicapa ceylonensis,Grey-headed Canary-flycatcher,Frank Lambert,4.0,-6.5,107.3,data/xeno_canto_indonesia/ghcfly1/XC68077.mp3,gallery
XC93386,ghcfly1,Culicicapa ceylonensis,Grey-headed Canary-flycatcher,Todd Mark,3.0,-9.6578,119.8309,data/xeno_canto_indonesia/ghcfly1/XC93386.mp3,gallery
XC1091216,gpipig1,Ducula aenea,Green Imperial Pigeon,Philippe Verbelen,3.0,-5.4104,102.3703,data/xeno_canto_indonesia/gpipig1/XC1091216.mp3,gallery
XC1175247,gpipig1,Ducula aenea,Green Imperial Pigeon,Untung Sarmawi,4.0,-8.5695,119.5007,data/xeno_canto_indonesia/gpipig1/XC1175247.mp3,gallery
XC1175248,gpipig1,Ducula aenea,Green Imperial Pigeon,Untung Sarmawi,4.0,-8.5695,119.5007,data/xeno_canto_indonesia/gpipig1/XC1175248.mp3,gallery
XC1175249,gpipig1,Ducula aenea,Green Imperial Pigeon,Untung Sarmawi,4.0,-8.5695,119.5007,data/xeno_canto_indonesia/gpipig1/XC1175249.mp3,gallery
XC120918,gpipig1,Ducula aenea,Green Imperial Pigeon,Niels Poul Dreyer,3.0,0.5606,123.68,data/xeno_canto_indonesia/gpipig1/XC120918.mp3,gallery
XC176902,gpipig1,Ducula aenea,Green Imperial Pigeon,Peter Wilton,2.0,-1.7622,124.807,data/xeno_canto_indonesia/gpipig1/XC176902.mp3,gallery
XC18858,gpipig1,Ducula aenea,Green Imperial Pigeon,Mike Catsis,4.0,1.5106,125.195,data/xeno_canto_indonesia/gpipig1/XC18858.mp3,gallery
XC284708,gpipig1,Ducula aenea,Green Imperial Pigeon,Bas Van Balen,3.0,-6.7662,105.2765,data/xeno_canto_indonesia/gpipig1/XC284708.mp3,gallery
XC331995,gpipig1,Ducula aenea,Green Imperial Pigeon,Joseph Monkhouse,4.0,-4.4657,123.104,data/xeno_canto_indonesia/gpipig1/XC331995.mp3,gallery
XC350930,gpipig1,Ducula aenea,Green Imperial Pigeon,Raf Drijvers,3.0,-8.5308,121.8007,data/xeno_canto_indonesia/gpipig1/XC350930.mp3,gallery
XC350933,gpipig1,Ducula aenea,Green Imperial Pigeon,Raf Drijvers,4.0,-8.5308,121.8007,data/xeno_canto_indonesia/gpipig1/XC350933.mp3,gallery
XC758173,gpipig1,Ducula aenea,Green Imperial Pigeon,Ding Li Yong,4.0,-9.6786,119.5293,data/xeno_canto_indonesia/gpipig1/XC758173.mp3,gallery
XC89642,gpipig1,Ducula aenea,Green Imperial Pigeon,Frank Lambert,4.0,-0.4239,121.8498,data/xeno_canto_indonesia/gpipig1/XC89642.mp3,gallery
XC89643,gpipig1,Ducula aenea,Green Imperial Pigeon,Frank Lambert,3.0,-0.4239,121.8498,data/xeno_canto_indonesia/gpipig1/XC89643.mp3,gallery
XC90091,gpipig1,Ducula aenea,Green Imperial Pigeon,Frank Lambert,3.0,-0.4239,121.8498,data/xeno_canto_indonesia/gpipig1/XC90091.mp3,gallery
XC926386,gpipig1,Ducula aenea,Green Imperial Pigeon,Ding Li Yong,5.0,1.556,125.17,data/xeno_canto_indonesia/gpipig1/XC926386.mp3,gallery
XC931631,gpipig1,Ducula aenea,Green Imperial Pigeon,Ding Li Yong,4.0,1.556,125.17,data/xeno_canto_indonesia/gpipig1/XC931631.mp3,gallery
XC931732,gpipig1,Ducula aenea,Green Imperial Pigeon,Ding Li Yong,5.0,1.556,125.17,data/xeno_canto_indonesia/gpipig1/XC931732.mp3,gallery
XC95070,gpipig1,Ducula aenea,Green Imperial Pigeon,Frank Lambert,4.0,-1.2309,123.3678,data/xeno_canto_indonesia/gpipig1/XC95070.mp3,gallery
XC95071,gpipig1,Ducula aenea,Green Imperial Pigeon,Frank Lambert,4.0,-1.2309,123.3678,data/xeno_canto_indonesia/gpipig1/XC95071.mp3,gallery
XC998361,gpipig1,Ducula aenea,Green Imperial Pigeon,Ding Li Yong,4.0,2.4634,96.3007,data/xeno_canto_indonesia/gpipig1/XC998361.mp3,gallery
XC1018479,hacdro1,Dicrurus hottentottus,Hair-crested Drongo,Nick Brown,3.0,-8.6814,115.512,data/xeno_canto_indonesia/hacdro1/XC1018479.mp3,gallery
XC1018480,hacdro1,Dicrurus hottentottus,Hair-crested Drongo,Nick Brown,3.0,-8.6814,115.512,data/xeno_canto_indonesia/hacdro1/XC1018480.mp3,gallery
XC1037097,hacdro1,Dicrurus hottentottus,Hair-crested Drongo,Untung Sarmawi,5.0,-8.1692,114.482,data/xeno_canto_indonesia/hacdro1/XC1037097.mp3,gallery
XC176898,hacdro1,Dicrurus hottentottus,Hair-crested Drongo,Peter Wilton,5.0,-1.7622,124.807,data/xeno_canto_indonesia/hacdro1/XC176898.mp3,gallery
XC176899,hacdro1,Dicrurus hottentottus,Hair-crested Drongo,Peter Wilton,5.0,-1.7622,124.807,data/xeno_canto_indonesia/hacdro1/XC176899.mp3,gallery
XC176900,hacdro1,Dicrurus hottentottus,Hair-crested Drongo,Peter Wilton,4.0,-1.7622,124.807,data/xeno_canto_indonesia/hacdro1/XC176900.mp3,gallery
XC18825,hacdro1,Dicrurus hottentottus,Hair-crested Drongo,Mike Catsis,4.0,1.5106,125.195,data/xeno_canto_indonesia/hacdro1/XC18825.mp3,gallery
XC194164,hacdro1,Dicrurus hottentottus,Hair-crested Drongo,Frank Lambert,4.0,0.5667,123.9026,data/xeno_canto_indonesia/hacdro1/XC194164.mp3,gallery
XC196418,hacdro1,Dicrurus hottentottus,Hair-crested Drongo,Frank Lambert,4.0,0.5442,123.9401,data/xeno_canto_indonesia/hacdro1/XC196418.mp3,gallery
XC207820,hacdro1,Dicrurus hottentottus,Hair-crested Drongo,Frank Lambert,4.0,3.9459,115.6019,data/xeno_canto_indonesia/hacdro1/XC207820.mp3,gallery
XC211066,hacdro1,Dicrurus hottentottus,Hair-crested Drongo,Kusumawardati Jufri,3.0,-2.5407,121.36,data/xeno_canto_indonesia/hacdro1/XC211066.mp3,gallery
XC331800,hacdro1,Dicrurus hottentottus,Hair-crested Drongo,Joseph Monkhouse,3.0,-4.4657,123.104,data/xeno_canto_indonesia/hacdro1/XC331800.mp3,gallery
XC412319,hacdro1,Dicrurus hottentottus,Hair-crested Drongo,Ross Gallardy,4.0,-1.3791,127.6462,data/xeno_canto_indonesia/hacdro1/XC412319.mp3,gallery
XC412321,hacdro1,Dicrurus hottentottus,Hair-crested Drongo,Ross Gallardy,5.0,-1.3791,127.6462,data/xeno_canto_indonesia/hacdro1/XC412321.mp3,gallery
XC412322,hacdro1,Dicrurus hottentottus,Hair-crested Drongo,Ross Gallardy,4.0,-1.3791,127.6462,data/xeno_canto_indonesia/hacdro1/XC412322.mp3,gallery
XC412323,hacdro1,Dicrurus hottentottus,Hair-crested Drongo,Ross Gallardy,5.0,-1.3791,127.6462,data/xeno_canto_indonesia/hacdro1/XC412323.mp3,gallery
XC413708,hacdro1,Dicrurus hottentottus,Hair-crested Drongo,Frank Lambert,4.0,0.5667,123.9026,data/xeno_canto_indonesia/hacdro1/XC413708.mp3,gallery
XC413920,hacdro1,Dicrurus hottentottus,Hair-crested Drongo,Ross Gallardy,5.0,3.5126,125.5426,data/xeno_canto_indonesia/hacdro1/XC413920.mp3,gallery
XC413975,hacdro1,Dicrurus hottentottus,Hair-crested Drongo,Ross Gallardy,4.0,0.5667,123.9026,data/xeno_canto_indonesia/hacdro1/XC413975.mp3,gallery
XC443426,hacdro1,Dicrurus hottentottus,Hair-crested Drongo,Joseph Monkhouse,2.0,-3.5754,123.1126,data/xeno_canto_indonesia/hacdro1/XC443426.mp3,gallery
XC498400,hacdro1,Dicrurus hottentottus,Hair-crested Drongo,Frank Lambert,4.0,-1.1963,98.9791,data/xeno_canto_indonesia/hacdro1/XC498400.mp3,gallery
XC498401,hacdro1,Dicrurus hottentottus,Hair-crested Drongo,Frank Lambert,4.0,-1.1963,98.9791,data/xeno_canto_indonesia/hacdro1/XC498401.mp3,gallery
XC498402,hacdro1,Dicrurus hottentottus,Hair-crested Drongo,Frank Lambert,5.0,-1.1963,98.9791,data/xeno_canto_indonesia/hacdro1/XC498402.mp3,gallery
XC498403,hacdro1,Dicrurus hottentottus,Hair-crested Drongo,Frank Lambert,5.0,-1.1963,98.9791,data/xeno_canto_indonesia/hacdro1/XC498403.mp3,gallery
XC498404,hacdro1,Dicrurus hottentottus,Hair-crested Drongo,Frank Lambert,4.0,-1.1963,98.9791,data/xeno_canto_indonesia/hacdro1/XC498404.mp3,gallery
XC498405,hacdro1,Dicrurus hottentottus,Hair-crested Drongo,Frank Lambert,4.0,-1.1963,98.9791,data/xeno_canto_indonesia/hacdro1/XC498405.mp3,gallery
XC498406,hacdro1,Dicrurus hottentottus,Hair-crested Drongo,Frank Lambert,4.0,-1.1963,98.9791,data/xeno_canto_indonesia/hacdro1/XC498406.mp3,gallery
XC498407,hacdro1,Dicrurus hottentottus,Hair-crested Drongo,Frank Lambert,4.0,-1.1963,98.9791,data/xeno_canto_indonesia/hacdro1/XC498407.mp3,gallery
XC498408,hacdro1,Dicrurus hottentottus,Hair-crested Drongo,Frank Lambert,5.0,-1.1963,98.9791,data/xeno_canto_indonesia/hacdro1/XC498408.mp3,gallery
XC498409,hacdro1,Dicrurus hottentottus,Hair-crested Drongo,Frank Lambert,4.0,-1.1963,98.9791,data/xeno_canto_indonesia/hacdro1/XC498409.mp3,gallery
XC498797,hacdro1,Dicrurus hottentottus,Hair-crested Drongo,Frank Lambert,5.0,-1.1963,98.9791,data/xeno_canto_indonesia/hacdro1/XC498797.mp3,gallery
XC498798,hacdro1,Dicrurus hottentottus,Hair-crested Drongo,Frank Lambert,4.0,-1.1963,98.9791,data/xeno_canto_indonesia/hacdro1/XC498798.mp3,gallery
XC598552,hacdro1,Dicrurus hottentottus,Hair-crested Drongo,Frank Lambert,3.0,-3.642,121.0964,data/xeno_canto_indonesia/hacdro1/XC598552.mp3,gallery
XC598553,hacdro1,Dicrurus hottentottus,Hair-crested Drongo,Frank Lambert,5.0,-3.642,121.0964,data/xeno_canto_indonesia/hacdro1/XC598553.mp3,gallery
XC68169,hacdro1,Dicrurus hottentottus,Hair-crested Drongo,Frank Lambert,3.0,2.73,125.39,data/xeno_canto_indonesia/hacdro1/XC68169.mp3,gallery
XC68170,hacdro1,Dicrurus hottentottus,Hair-crested Drongo,Frank Lambert,3.0,2.73,125.39,data/xeno_canto_indonesia/hacdro1/XC68170.mp3,gallery
XC68171,hacdro1,Dicrurus hottentottus,Hair-crested Drongo,Frank Lambert,4.0,2.73,125.39,data/xeno_canto_indonesia/hacdro1/XC68171.mp3,gallery
XC71629,hacdro1,Dicrurus hottentottus,Hair-crested Drongo,Bas Van Balen,3.0,-6.6177,105.2161,data/xeno_canto_indonesia/hacdro1/XC71629.mp3,gallery
XC89543,hacdro1,Dicrurus hottentottus,Hair-crested Drongo,Frank Lambert,4.0,1.562,125.173,data/xeno_canto_indonesia/hacdro1/XC89543.mp3,gallery
XC89588,hacdro1,Dicrurus hottentottus,Hair-crested Drongo,Frank Lambert,4.0,-5.2673,119.8734,data/xeno_canto_indonesia/hacdro1/XC89588.mp3,gallery
XC89589,hacdro1,Dicrurus hottentottus,Hair-crested Drongo,Frank Lambert,4.0,-5.2673,119.8734,data/xeno_canto_indonesia/hacdro1/XC89589.mp3,gallery
XC89590,hacdro1,Dicrurus hottentottus,Hair-crested Drongo,Frank Lambert,3.0,-5.2673,119.8734,data/xeno_canto_indonesia/hacdro1/XC89590.mp3,gallery
XC89639,hacdro1,Dicrurus hottentottus,Hair-crested Drongo,Frank Lambert,3.0,-0.4631,121.8103,data/xeno_canto_indonesia/hacdro1/XC89639.mp3,gallery
XC89640,hacdro1,Dicrurus hottentottus,Hair-crested Drongo,Frank Lambert,4.0,-0.4631,121.8103,data/xeno_canto_indonesia/hacdro1/XC89640.mp3,gallery
XC89641,hacdro1,Dicrurus hottentottus,Hair-crested Drongo,Frank Lambert,4.0,-0.4631,121.8103,data/xeno_canto_indonesia/hacdro1/XC89641.mp3,gallery
XC90069,hacdro1,Dicrurus hottentottus,Hair-crested Drongo,Frank Lambert,4.0,-0.4409,121.8178,data/xeno_canto_indonesia/hacdro1/XC90069.mp3,gallery
XC90086,hacdro1,Dicrurus hottentottus,Hair-crested Drongo,Frank Lambert,4.0,-0.4409,121.8178,data/xeno_canto_indonesia/hacdro1/XC90086.mp3,gallery
XC90088,hacdro1,Dicrurus hottentottus,Hair-crested Drongo,Frank Lambert,4.0,-0.4409,121.8178,data/xeno_canto_indonesia/hacdro1/XC90088.mp3,gallery
XC90089,hacdro1,Dicrurus hottentottus,Hair-crested Drongo,Frank Lambert,4.0,-0.4409,121.8178,data/xeno_canto_indonesia/hacdro1/XC90089.mp3,gallery
XC924367,hacdro1,Dicrurus hottentottus,Hair-crested Drongo,Ding Li Yong,5.0,1.35,124.8664,data/xeno_canto_indonesia/hacdro1/XC924367.mp3,gallery
XC926461,hacdro1,Dicrurus hottentottus,Hair-crested Drongo,Ding Li Yong,5.0,1.556,125.17,data/xeno_canto_indonesia/hacdro1/XC926461.mp3,gallery
XC931276,hacdro1,Dicrurus hottentottus,Hair-crested Drongo,Ding Li Yong,4.0,1.556,125.17,data/xeno_canto_indonesia/hacdro1/XC931276.mp3,gallery
XC931626,hacdro1,Dicrurus hottentottus,Hair-crested Drongo,Ding Li Yong,5.0,1.556,125.17,data/xeno_canto_indonesia/hacdro1/XC931626.mp3,gallery
XC932506,hacdro1,Dicrurus hottentottus,Hair-crested Drongo,Ding Li Yong,4.0,1.556,125.17,data/xeno_canto_indonesia/hacdro1/XC932506.mp3,gallery
XC95049,hacdro1,Dicrurus hottentottus,Hair-crested Drongo,Frank Lambert,3.0,-1.2309,123.3678,data/xeno_canto_indonesia/hacdro1/XC95049.mp3,gallery
XC95050,hacdro1,Dicrurus hottentottus,Hair-crested Drongo,Frank Lambert,2.0,-1.2309,123.3678,data/xeno_canto_indonesia/hacdro1/XC95050.mp3,gallery
XC95051,hacdro1,Dicrurus hottentottus,Hair-crested Drongo,Frank Lambert,3.0,-1.2528,123.3648,data/xeno_canto_indonesia/hacdro1/XC95051.mp3,gallery
XC95052,hacdro1,Dicrurus hottentottus,Hair-crested Drongo,Frank Lambert,4.0,-1.2528,123.3648,data/xeno_canto_indonesia/hacdro1/XC95052.mp3,gallery
XC95053,hacdro1,Dicrurus hottentottus,Hair-crested Drongo,Frank Lambert,4.0,-1.2309,123.3678,data/xeno_canto_indonesia/hacdro1/XC95053.mp3,gallery
XC95698,hacdro1,Dicrurus hottentottus,Hair-crested Drongo,Frank Lambert,3.0,-1.2926,122.8753,data/xeno_canto_indonesia/hacdro1/XC95698.mp3,gallery
XC1029886,hoopit1,Pitta sordida,Hooded Pitta,Kelle Moreau,4.0,-1.0629,136.0557,data/xeno_canto_indonesia/hoopit1/XC1029886.mp3,gallery
XC1029887,hoopit1,Pitta sordida,Hooded Pitta,Kelle Moreau,4.0,-1.0629,136.0557,data/xeno_canto_indonesia/hoopit1/XC1029887.mp3,gallery
XC1029889,hoopit1,Pitta sordida,Hooded Pitta,Kelle Moreau,4.0,-1.0629,136.0557,data/xeno_canto_indonesia/hoopit1/XC1029889.mp3,gallery
XC1029892,hoopit1,Pitta sordida,Hooded Pitta,Kelle Moreau,4.0,-1.0629,136.0557,data/xeno_canto_indonesia/hoopit1/XC1029892.mp3,gallery
XC1029895,hoopit1,Pitta sordida,Hooded Pitta,Kelle Moreau,4.0,-1.0629,136.0557,data/xeno_canto_indonesia/hoopit1/XC1029895.mp3,gallery
XC1037468,hoopit1,Pitta sordida,Hooded Pitta,Kelle Moreau,4.0,-2.5525,140.1441,data/xeno_canto_indonesia/hoopit1/XC1037468.mp3,gallery
XC1037470,hoopit1,Pitta sordida,Hooded Pitta,Kelle Moreau,4.0,-2.5525,140.1441,data/xeno_canto_indonesia/hoopit1/XC1037470.mp3,gallery
XC1037471,hoopit1,Pitta sordida,Hooded Pitta,Kelle Moreau,4.0,-2.5525,140.1441,data/xeno_canto_indonesia/hoopit1/XC1037471.mp3,gallery
XC1060904,hoopit1,Pitta sordida,Hooded Pitta,Kelle Moreau,4.0,-0.8049,131.6392,data/xeno_canto_indonesia/hoopit1/XC1060904.mp3,gallery
XC1062611,hoopit1,Pitta sordida,Hooded Pitta,Kelle Moreau,4.0,-0.8078,131.6333,data/xeno_canto_indonesia/hoopit1/XC1062611.mp3,gallery
XC141989,hoopit1,Pitta sordida,Hooded Pitta,Bas Van Balen,4.0,,,data/xeno_canto_indonesia/hoopit1/XC141989.mp3,gallery
XC163439,hoopit1,Pitta sordida,Hooded Pitta,Frank Lambert,4.0,-0.9471,130.7952,data/xeno_canto_indonesia/hoopit1/XC163439.mp3,gallery
XC166980,hoopit1,Pitta sordida,Hooded Pitta,Frank Lambert,4.0,-0.9865,135.9386,data/xeno_canto_indonesia/hoopit1/XC166980.mp3,gallery
XC166981,hoopit1,Pitta sordida,Hooded Pitta,Frank Lambert,5.0,-0.9865,135.9386,data/xeno_canto_indonesia/hoopit1/XC166981.mp3,gallery
XC166983,hoopit1,Pitta sordida,Hooded Pitta,Frank Lambert,4.0,-0.9865,135.9386,data/xeno_canto_indonesia/hoopit1/XC166983.mp3,gallery
XC166984,hoopit1,Pitta sordida,Hooded Pitta,Frank Lambert,4.0,-0.9865,135.9386,data/xeno_canto_indonesia/hoopit1/XC166984.mp3,gallery
XC166987,hoopit1,Pitta sordida,Hooded Pitta,Frank Lambert,4.0,-0.9865,135.9386,data/xeno_canto_indonesia/hoopit1/XC166987.mp3,gallery
XC168880,hoopit1,Pitta sordida,Hooded Pitta,Syahputra,2.0,-2.3244,106.1812,data/xeno_canto_indonesia/hoopit1/XC168880.mp3,gallery
XC168881,hoopit1,Pitta sordida,Hooded Pitta,Syahputra,4.0,-2.3244,106.1812,data/xeno_canto_indonesia/hoopit1/XC168881.mp3,gallery
XC177799,hoopit1,Pitta sordida,Hooded Pitta,Johannes Fischer,3.0,0.2334,113.3689,data/xeno_canto_indonesia/hoopit1/XC177799.mp3,gallery
XC177909,hoopit1,Pitta sordida,Hooded Pitta,Johannes Fischer,4.0,0.2334,113.3689,data/xeno_canto_indonesia/hoopit1/XC177909.mp3,gallery
XC179716,hoopit1,Pitta sordida,Hooded Pitta,Stijn Cooleman,4.0,3.492,125.5358,data/xeno_canto_indonesia/hoopit1/XC179716.mp3,gallery
XC202672,hoopit1,Pitta sordida,Hooded Pitta,Stijn Cooleman,4.0,-1.3607,104.3957,data/xeno_canto_indonesia/hoopit1/XC202672.mp3,gallery
XC202673,hoopit1,Pitta sordida,Hooded Pitta,Stijn Cooleman,4.0,-1.3607,104.3957,data/xeno_canto_indonesia/hoopit1/XC202673.mp3,gallery
XC202674,hoopit1,Pitta sordida,Hooded Pitta,Stijn Cooleman,4.0,-1.3607,104.3957,data/xeno_canto_indonesia/hoopit1/XC202674.mp3,gallery
XC205501,hoopit1,Pitta sordida,Hooded Pitta,Stijn Cooleman,4.0,3.492,125.5358,data/xeno_canto_indonesia/hoopit1/XC205501.mp3,gallery
XC205502,hoopit1,Pitta sordida,Hooded Pitta,Stijn Cooleman,4.0,3.492,125.5358,data/xeno_canto_indonesia/hoopit1/XC205502.mp3,gallery
XC384062,hoopit1,Pitta sordida,Hooded Pitta,Daniel Lopez Velasco,4.0,-0.9825,134.8668,data/xeno_canto_indonesia/hoopit1/XC384062.mp3,gallery
XC395234,hoopit1,Pitta sordida,Hooded Pitta,Jacob Hervé,2.0,-0.9865,135.9386,data/xeno_canto_indonesia/hoopit1/XC395234.mp3,gallery
XC395313,hoopit1,Pitta sordida,Hooded Pitta,Jacob Hervé,3.0,-0.9825,134.8668,data/xeno_canto_indonesia/hoopit1/XC395313.mp3,gallery
XC395428,hoopit1,Pitta sordida,Hooded Pitta,Jacob Hervé,3.0,-2.5831,140.1608,data/xeno_canto_indonesia/hoopit1/XC395428.mp3,gallery
XC395636,hoopit1,Pitta sordida,Hooded Pitta,Marc Thibault,4.0,-1.0984,136.2006,data/xeno_canto_indonesia/hoopit1/XC395636.mp3,gallery
XC401715,hoopit1,Pitta sordida,Hooded Pitta,Marc Thibault,5.0,-1.0793,134.8639,data/xeno_canto_indonesia/hoopit1/XC401715.mp3,gallery
XC40342,hoopit1,Pitta sordida,Hooded Pitta,Patrik Åberg,4.0,-0.8909,131.0295,data/xeno_canto_indonesia/hoopit1/XC40342.mp3,gallery
XC40343,hoopit1,Pitta sordida,Hooded Pitta,Patrik Åberg,4.0,-0.8909,131.0295,data/xeno_canto_indonesia/hoopit1/XC40343.mp3,gallery
XC409486,hoopit1,Pitta sordida,Hooded Pitta,Ross Gallardy,4.0,-0.4174,130.7739,data/xeno_canto_indonesia/hoopit1/XC409486.mp3,gallery
XC409487,hoopit1,Pitta sordida,Hooded Pitta,Ross Gallardy,5.0,-0.4174,130.7739,data/xeno_canto_indonesia/hoopit1/XC409487.mp3,gallery
XC409824,hoopit1,Pitta sordida,Hooded Pitta,Ross Gallardy,5.0,-1.0707,136.2708,data/xeno_canto_indonesia/hoopit1/XC409824.mp3,gallery
XC409825,hoopit1,Pitta sordida,Hooded Pitta,Ross Gallardy,5.0,-1.0707,136.2708,data/xeno_canto_indonesia/hoopit1/XC409825.mp3,gallery
XC582432,hoopit1,Pitta sordida,Hooded Pitta,Ken Behrens,4.0,-1.071483,136.250817,data/xeno_canto_indonesia/hoopit1/XC582432.mp3,gallery
XC75884,hoopit1,Pitta sordida,Hooded Pitta,Bas Van Balen,2.0,,,data/xeno_canto_indonesia/hoopit1/XC75884.mp3,gallery
XC75915,hoopit1,Pitta sordida,Hooded Pitta,Bas Van Balen,3.0,-0.8289,135.8773,data/xeno_canto_indonesia/hoopit1/XC75915.mp3,gallery
XC75916,hoopit1,Pitta sordida,Hooded Pitta,Bas Van Balen,3.0,-0.8289,135.8773,data/xeno_canto_indonesia/hoopit1/XC75916.mp3,gallery
XC75917,hoopit1,Pitta sordida,Hooded Pitta,Bas Van Balen,4.0,-0.8289,135.8773,data/xeno_canto_indonesia/hoopit1/XC75917.mp3,gallery
XC937759,hoopit1,Pitta sordida,Hooded Pitta,Oscar Campbell,4.0,-1.1708,136.1116,data/xeno_canto_indonesia/hoopit1/XC937759.mp3,gallery
XC954620,hoopit1,Pitta sordida,Hooded Pitta,Oscar Campbell,4.0,-0.7597,131.7811,data/xeno_canto_indonesia/hoopit1/XC954620.mp3,gallery
XC141913,horbab1,Malacocincla sepiaria,Horsfield's Babbler,Frank Lambert,4.0,-6.6762,106.5164,data/xeno_canto_indonesia/horbab1/XC141913.mp3,gallery
XC143538,horbab1,Malacocincla sepiaria,Horsfield's Babbler,Heru Cahyono,3.0,,,data/xeno_canto_indonesia/horbab1/XC143538.mp3,gallery
XC177810,horbab1,Malacocincla sepiaria,Horsfield's Babbler,Johannes Fischer,3.0,0.2334,113.3689,data/xeno_canto_indonesia/horbab1/XC177810.mp3,gallery
XC182646,horbab1,Malacocincla sepiaria,Horsfield's Babbler,Ding Li Yong,5.0,-6.5998,106.7962,data/xeno_canto_indonesia/horbab1/XC182646.mp3,gallery
XC206061,horbab1,Malacocincla sepiaria,Horsfield's Babbler,Sidiq Pambudi,5.0,-6.7694,107.6217,data/xeno_canto_indonesia/horbab1/XC206061.mp3,gallery
XC318219,horbab1,Malacocincla sepiaria,Horsfield's Babbler,Achmad Ridha,5.0,-6.7473,106.9949,data/xeno_canto_indonesia/horbab1/XC318219.mp3,gallery
XC357328,horbab1,Malacocincla sepiaria,Horsfield's Babbler,Asman Adi Purwanto,4.0,-7.7463,110.1308,data/xeno_canto_indonesia/horbab1/XC357328.mp3,gallery
XC409166,horbab1,Malacocincla sepiaria,Horsfield's Babbler,Frank Lambert,4.0,-6.7182,106.4901,data/xeno_canto_indonesia/horbab1/XC409166.mp3,gallery
XC409399,horbab1,Malacocincla sepiaria,Horsfield's Babbler,Frank Lambert,4.0,-2.0498,101.3073,data/xeno_canto_indonesia/horbab1/XC409399.mp3,gallery
XC413675,horbab1,Malacocincla sepiaria,Horsfield's Babbler,Frank Lambert,5.0,-8.2756,115.1511,data/xeno_canto_indonesia/horbab1/XC413675.mp3,gallery
XC413676,horbab1,Malacocincla sepiaria,Horsfield's Babbler,Frank Lambert,5.0,-8.2756,115.1511,data/xeno_canto_indonesia/horbab1/XC413676.mp3,gallery
XC464728,horbab1,Malacocincla sepiaria,Horsfield's Babbler,Bent Rønsholdt,5.0,-8.2771,114.1041,data/xeno_canto_indonesia/horbab1/XC464728.mp3,gallery
XC468873,horbab1,Malacocincla sepiaria,Horsfield's Babbler,Frank Lambert,5.0,-8.0849,114.2364,data/xeno_canto_indonesia/horbab1/XC468873.mp3,gallery
XC468874,horbab1,Malacocincla sepiaria,Horsfield's Babbler,Frank Lambert,5.0,-8.0849,114.2364,data/xeno_canto_indonesia/horbab1/XC468874.mp3,gallery
XC474578,horbab1,Malacocincla sepiaria,Horsfield's Babbler,Matthew L. Brady,4.0,0.0908,99.9593,data/xeno_canto_indonesia/horbab1/XC474578.mp3,gallery
XC490257,horbab1,Malacocincla sepiaria,Horsfield's Babbler,Ross Gallardy,5.0,-6.7515,106.9898,data/xeno_canto_indonesia/horbab1/XC490257.mp3,gallery
XC530073,horbab1,Malacocincla sepiaria,Horsfield's Babbler,Matt Slaymaker,4.0,1.6025,117.1795,data/xeno_canto_indonesia/horbab1/XC530073.mp3,gallery
XC576403,horbab1,Malacocincla sepiaria,Horsfield's Babbler,Okamoto Keita Sin,3.0,-6.746386,106.537563,data/xeno_canto_indonesia/horbab1/XC576403.mp3,gallery
XC576404,horbab1,Malacocincla sepiaria,Horsfield's Babbler,Okamoto Keita Sin,5.0,-7.831191,114.387551,data/xeno_canto_indonesia/horbab1/XC576404.mp3,gallery
XC582939,horbab1,Malacocincla sepiaria,Horsfield's Babbler,Mark Havard,4.0,-6.5853,106.7992,data/xeno_canto_indonesia/horbab1/XC582939.mp3,gallery
XC586230,horbab1,Malacocincla sepiaria,Horsfield's Babbler,Mark Havard,5.0,-6.5853,106.7992,data/xeno_canto_indonesia/horbab1/XC586230.mp3,gallery
XC590002,horbab1,Malacocincla sepiaria,Horsfield's Babbler,Mark Havard,4.0,-6.5853,106.7992,data/xeno_canto_indonesia/horbab1/XC590002.mp3,gallery
XC590003,horbab1,Malacocincla sepiaria,Horsfield's Babbler,Mark Havard,4.0,-6.5853,106.7992,data/xeno_canto_indonesia/horbab1/XC590003.mp3,gallery
XC68638,horbab1,Malacocincla sepiaria,Horsfield's Babbler,Frank Lambert,3.0,0.0,114.0,data/xeno_canto_indonesia/horbab1/XC68638.mp3,gallery
XC754133,horbab1,Malacocincla sepiaria,Horsfield's Babbler,Made Surya,5.0,,,data/xeno_canto_indonesia/horbab1/XC754133.mp3,gallery
XC940269,horbab1,Malacocincla sepiaria,Horsfield's Babbler,Ding Li Yong,5.0,-6.7515,106.9898,data/xeno_canto_indonesia/horbab1/XC940269.mp3,gallery
XC940272,horbab1,Malacocincla sepiaria,Horsfield's Babbler,Ding Li Yong,5.0,-6.7515,106.9898,data/xeno_canto_indonesia/horbab1/XC940272.mp3,gallery
XC940645,horbab1,Malacocincla sepiaria,Horsfield's Babbler,Ding Li Yong,5.0,-6.7515,106.9898,data/xeno_canto_indonesia/horbab1/XC940645.mp3,gallery
XC1000904,latnig1,Caprimulgus macrurus,Large-tailed Nightjar,Untung Sarmawi,5.0,-9.875,124.2117,data/xeno_canto_indonesia/latnig1/XC1000904.mp3,gallery
XC1027230,latnig1,Caprimulgus macrurus,Large-tailed Nightjar,Kelle Moreau,4.0,-1.131,136.1355,data/xeno_canto_indonesia/latnig1/XC1027230.mp3,gallery
XC1027232,latnig1,Caprimulgus macrurus,Large-tailed Nightjar,Kelle Moreau,4.0,-1.131,136.1355,data/xeno_canto_indonesia/latnig1/XC1027232.mp3,gallery
XC1166606,latnig1,Caprimulgus macrurus,Large-tailed Nightjar,Ding Li Yong,5.0,-0.4329,130.7881,data/xeno_canto_indonesia/latnig1/XC1166606.mp3,gallery
XC1166609,latnig1,Caprimulgus macrurus,Large-tailed Nightjar,Ding Li Yong,4.0,-0.4329,130.7881,data/xeno_canto_indonesia/latnig1/XC1166609.mp3,gallery
XC141044,latnig1,Caprimulgus macrurus,Large-tailed Nightjar,Bas Van Balen,4.0,-2.4997,133.1694,data/xeno_canto_indonesia/latnig1/XC141044.mp3,gallery
XC141803,latnig1,Caprimulgus macrurus,Large-tailed Nightjar,Frank Lambert,4.0,-6.2781,105.8537,data/xeno_canto_indonesia/latnig1/XC141803.mp3,gallery
XC141804,latnig1,Caprimulgus macrurus,Large-tailed Nightjar,Frank Lambert,3.0,-6.2781,105.8537,data/xeno_canto_indonesia/latnig1/XC141804.mp3,gallery
XC155937,latnig1,Caprimulgus macrurus,Large-tailed Nightjar,Hans Matheve,4.0,-4.1337,138.7087,data/xeno_canto_indonesia/latnig1/XC155937.mp3,gallery
XC161445,latnig1,Caprimulgus macrurus,Large-tailed Nightjar,Frank Lambert,3.0,-7.8797,129.6046,data/xeno_canto_indonesia/latnig1/XC161445.mp3,gallery
XC161446,latnig1,Caprimulgus macrurus,Large-tailed Nightjar,Frank Lambert,4.0,-7.8797,129.6046,data/xeno_canto_indonesia/latnig1/XC161446.mp3,gallery
XC18866,latnig1,Caprimulgus macrurus,Large-tailed Nightjar,Mike Catsis,3.0,1.2659,128.1975,data/xeno_canto_indonesia/latnig1/XC18866.mp3,gallery
XC196627,latnig1,Caprimulgus macrurus,Large-tailed Nightjar,Frank Lambert,4.0,2.1185,128.5616,data/xeno_canto_indonesia/latnig1/XC196627.mp3,gallery
XC200016,latnig1,Caprimulgus macrurus,Large-tailed Nightjar,Bruno Durand,4.0,-8.2719,115.1552,data/xeno_canto_indonesia/latnig1/XC200016.mp3,gallery
XC216318,latnig1,Caprimulgus macrurus,Large-tailed Nightjar,Patrik Åberg,4.0,0.7003,127.83,data/xeno_canto_indonesia/latnig1/XC216318.mp3,gallery
XC239282,latnig1,Caprimulgus macrurus,Large-tailed Nightjar,Stijn Cooleman,4.0,-5.0282,105.7769,data/xeno_canto_indonesia/latnig1/XC239282.mp3,gallery
XC282754,latnig1,Caprimulgus macrurus,Large-tailed Nightjar,Bruno Durand,4.0,-8.2719,115.1552,data/xeno_canto_indonesia/latnig1/XC282754.mp3,gallery
XC351669,latnig1,Caprimulgus macrurus,Large-tailed Nightjar,Gareth K.,4.0,-9.875,124.2117,data/xeno_canto_indonesia/latnig1/XC351669.mp3,gallery
XC351670,latnig1,Caprimulgus macrurus,Large-tailed Nightjar,Gareth K.,4.0,-9.875,124.2117,data/xeno_canto_indonesia/latnig1/XC351670.mp3,gallery
XC417892,latnig1,Caprimulgus macrurus,Large-tailed Nightjar,Ross Gallardy,4.0,-3.1692,129.4714,data/xeno_canto_indonesia/latnig1/XC417892.mp3,gallery
XC582486,latnig1,Caprimulgus macrurus,Large-tailed Nightjar,Ken Behrens,4.0,-7.965683,140.443,data/xeno_canto_indonesia/latnig1/XC582486.mp3,gallery
XC639792,latnig1,Caprimulgus macrurus,Large-tailed Nightjar,Hanom Bashari,4.0,-6.561,106.7594,data/xeno_canto_indonesia/latnig1/XC639792.mp3,gallery
XC864330,latnig1,Caprimulgus macrurus,Large-tailed Nightjar,Untung Sarmawi,4.0,-7.8356,114.435,data/xeno_canto_indonesia/latnig1/XC864330.mp3,gallery
XC89481,latnig1,Caprimulgus macrurus,Large-tailed Nightjar,Frank Lambert,3.0,1.2659,128.1973,data/xeno_canto_indonesia/latnig1/XC89481.mp3,gallery
XC89482,latnig1,Caprimulgus macrurus,Large-tailed Nightjar,Frank Lambert,3.0,1.2659,128.1973,data/xeno_canto_indonesia/latnig1/XC89482.mp3,gallery
XC89505,latnig1,Caprimulgus macrurus,Large-tailed Nightjar,Frank Lambert,3.0,1.2659,128.1973,data/xeno_canto_indonesia/latnig1/XC89505.mp3,gallery
XC89535,latnig1,Caprimulgus macrurus,Large-tailed Nightjar,Frank Lambert,3.0,1.2659,128.1973,data/xeno_canto_indonesia/latnig1/XC89535.mp3,gallery
XC937761,latnig1,Caprimulgus macrurus,Large-tailed Nightjar,Oscar Campbell,4.0,-1.0984,136.2006,data/xeno_canto_indonesia/latnig1/XC937761.mp3,gallery
XC161686,lessho1,Brachypteryx leucophris,Lesser Shortwing,Frank Lambert,3.0,-6.5,107.3,data/xeno_canto_indonesia/lessho1/XC161686.mp3,gallery
XC166493,lessho1,Brachypteryx leucophris,Lesser Shortwing,Frank Lambert,4.0,-8.3235,116.4012,data/xeno_canto_indonesia/lessho1/XC166493.mp3,gallery
XC166494,lessho1,Brachypteryx leucophris,Lesser Shortwing,Frank Lambert,4.0,-8.3235,116.4012,data/xeno_canto_indonesia/lessho1/XC166494.mp3,gallery
XC166495,lessho1,Brachypteryx leucophris,Lesser Shortwing,Frank Lambert,4.0,-8.3235,116.4012,data/xeno_canto_indonesia/lessho1/XC166495.mp3,gallery
XC166496,lessho1,Brachypteryx leucophris,Lesser Shortwing,Frank Lambert,4.0,-8.3235,116.4012,data/xeno_canto_indonesia/lessho1/XC166496.mp3,gallery
XC166497,lessho1,Brachypteryx leucophris,Lesser Shortwing,Frank Lambert,4.0,-8.3235,116.4012,data/xeno_canto_indonesia/lessho1/XC166497.mp3,gallery
XC166498,lessho1,Brachypteryx leucophris,Lesser Shortwing,Frank Lambert,5.0,-8.3235,116.4012,data/xeno_canto_indonesia/lessho1/XC166498.mp3,gallery
XC182846,lessho1,Brachypteryx leucophris,Lesser Shortwing,Ding Li Yong,5.0,-6.7182,106.4901,data/xeno_canto_indonesia/lessho1/XC182846.mp3,gallery
XC195579,lessho1,Brachypteryx leucophris,Lesser Shortwing,Marc Thibault,5.0,-1.7342,101.2512,data/xeno_canto_indonesia/lessho1/XC195579.mp3,gallery
XC206063,lessho1,Brachypteryx leucophris,Lesser Shortwing,Sidiq Pambudi,5.0,-7.5882,110.4273,data/xeno_canto_indonesia/lessho1/XC206063.mp3,gallery
XC278706,lessho1,Brachypteryx leucophris,Lesser Shortwing,Philippe Verbelen,4.0,-10.1164,120.2364,data/xeno_canto_indonesia/lessho1/XC278706.mp3,gallery
XC278707,lessho1,Brachypteryx leucophris,Lesser Shortwing,Philippe Verbelen,5.0,-10.1164,120.2364,data/xeno_canto_indonesia/lessho1/XC278707.mp3,gallery
XC278708,lessho1,Brachypteryx leucophris,Lesser Shortwing,Philippe Verbelen,4.0,-10.1164,120.2364,data/xeno_canto_indonesia/lessho1/XC278708.mp3,gallery
XC278709,lessho1,Brachypteryx leucophris,Lesser Shortwing,Philippe Verbelen,3.0,-10.1164,120.2364,data/xeno_canto_indonesia/lessho1/XC278709.mp3,gallery
XC278710,lessho1,Brachypteryx leucophris,Lesser Shortwing,Philippe Verbelen,4.0,-8.3106,115.3979,data/xeno_canto_indonesia/lessho1/XC278710.mp3,gallery
XC278763,lessho1,Brachypteryx leucophris,Lesser Shortwing,Philippe Verbelen,4.0,-8.292,124.7214,data/xeno_canto_indonesia/lessho1/XC278763.mp3,gallery
XC278765,lessho1,Brachypteryx leucophris,Lesser Shortwing,Philippe Verbelen,4.0,-8.292,124.7214,data/xeno_canto_indonesia/lessho1/XC278765.mp3,gallery
XC278767,lessho1,Brachypteryx leucophris,Lesser Shortwing,Philippe Verbelen,4.0,-8.3005,124.7283,data/xeno_canto_indonesia/lessho1/XC278767.mp3,gallery
XC278810,lessho1,Brachypteryx leucophris,Lesser Shortwing,Philippe Verbelen,4.0,-8.2719,115.1552,data/xeno_canto_indonesia/lessho1/XC278810.mp3,gallery
XC287077,lessho1,Brachypteryx leucophris,Lesser Shortwing,Bruno Durand,5.0,-8.2579,115.0973,data/xeno_canto_indonesia/lessho1/XC287077.mp3,gallery
XC409160,lessho1,Brachypteryx leucophris,Lesser Shortwing,Frank Lambert,4.0,-6.7182,106.4901,data/xeno_canto_indonesia/lessho1/XC409160.mp3,gallery
XC410382,lessho1,Brachypteryx leucophris,Lesser Shortwing,Ross Gallardy,5.0,-8.0764,114.2235,data/xeno_canto_indonesia/lessho1/XC410382.mp3,gallery
XC432413,lessho1,Brachypteryx leucophris,Lesser Shortwing,Michael Hurben,4.0,-8.2453,115.1614,data/xeno_canto_indonesia/lessho1/XC432413.mp3,gallery
XC468841,lessho1,Brachypteryx leucophris,Lesser Shortwing,Frank Lambert,4.0,-8.0849,114.2364,data/xeno_canto_indonesia/lessho1/XC468841.mp3,gallery
XC468842,lessho1,Brachypteryx leucophris,Lesser Shortwing,Frank Lambert,4.0,-8.0849,114.2364,data/xeno_canto_indonesia/lessho1/XC468842.mp3,gallery
XC576635,lessho1,Brachypteryx leucophris,Lesser Shortwing,Okamoto Keita Sin,3.0,-6.7878,106.9819,data/xeno_canto_indonesia/lessho1/XC576635.mp3,gallery
XC67731,lessho1,Brachypteryx leucophris,Lesser Shortwing,Frank Lambert,4.0,-6.5,107.3,data/xeno_canto_indonesia/lessho1/XC67731.mp3,gallery
XC737849,lessho1,Brachypteryx leucophris,Lesser Shortwing,Geoff Carey,5.0,-7.6616,111.1849,data/xeno_canto_indonesia/lessho1/XC737849.mp3,gallery
XC937401,lessho1,Brachypteryx leucophris,Lesser Shortwing,Ding Li Yong,5.0,-6.7182,106.4901,data/xeno_canto_indonesia/lessho1/XC937401.mp3,gallery
XC1000483,moutai1,Phyllergates cucullatus,Mountain Tailorbird,Untung Sarmawi,3.0,-8.1066,114.2417,data/xeno_canto_indonesia/moutai1/XC1000483.mp3,gallery
XC1162378,moutai1,Phyllergates cucullatus,Mountain Tailorbird,Ding Li Yong,5.0,1.348,124.8361,data/xeno_canto_indonesia/moutai1/XC1162378.mp3,gallery
XC121331,moutai1,Phyllergates cucullatus,Mountain Tailorbird,Niels Poul Dreyer,4.0,-1.32,120.3,data/xeno_canto_indonesia/moutai1/XC121331.mp3,gallery
XC121499,moutai1,Phyllergates cucullatus,Mountain Tailorbird,Frank Lambert,4.0,-8.636,120.5263,data/xeno_canto_indonesia/moutai1/XC121499.mp3,gallery
XC122049,moutai1,Phyllergates cucullatus,Mountain Tailorbird,Todd Mark,3.0,-3.1529,129.4773,data/xeno_canto_indonesia/moutai1/XC122049.mp3,gallery
XC122050,moutai1,Phyllergates cucullatus,Mountain Tailorbird,Todd Mark,4.0,-3.1529,129.4773,data/xeno_canto_indonesia/moutai1/XC122050.mp3,gallery
XC161693,moutai1,Phyllergates cucullatus,Mountain Tailorbird,Frank Lambert,4.0,-6.5,107.3,data/xeno_canto_indonesia/moutai1/XC161693.mp3,gallery
XC166711,moutai1,Phyllergates cucullatus,Mountain Tailorbird,Frank Lambert,4.0,-6.7414,107.0019,data/xeno_canto_indonesia/moutai1/XC166711.mp3,gallery
XC176883,moutai1,Phyllergates cucullatus,Mountain Tailorbird,Peter Wilton,4.0,-1.7622,124.807,data/xeno_canto_indonesia/moutai1/XC176883.mp3,gallery
XC176887,moutai1,Phyllergates cucullatus,Mountain Tailorbird,Peter Wilton,4.0,-1.7622,124.807,data/xeno_canto_indonesia/moutai1/XC176887.mp3,gallery
XC176888,moutai1,Phyllergates cucullatus,Mountain Tailorbird,Peter Wilton,3.0,-1.7622,124.807,data/xeno_canto_indonesia/moutai1/XC176888.mp3,gallery
XC176892,moutai1,Phyllergates cucullatus,Mountain Tailorbird,Peter Wilton,4.0,-1.7622,124.807,data/xeno_canto_indonesia/moutai1/XC176892.mp3,gallery
XC176894,moutai1,Phyllergates cucullatus,Mountain Tailorbird,Peter Wilton,4.0,-1.7622,124.807,data/xeno_canto_indonesia/moutai1/XC176894.mp3,gallery
XC176895,moutai1,Phyllergates cucullatus,Mountain Tailorbird,Peter Wilton,4.0,-1.7622,124.807,data/xeno_canto_indonesia/moutai1/XC176895.mp3,gallery
XC176896,moutai1,Phyllergates cucullatus,Mountain Tailorbird,Peter Wilton,4.0,-1.7622,124.807,data/xeno_canto_indonesia/moutai1/XC176896.mp3,gallery
XC179384,moutai1,Phyllergates cucullatus,Mountain Tailorbird,Ding Li Yong,4.0,-1.3184,120.4692,data/xeno_canto_indonesia/moutai1/XC179384.mp3,gallery
XC193901,moutai1,Phyllergates cucullatus,Mountain Tailorbird,Frank Lambert,4.0,-1.3008,120.3073,data/xeno_canto_indonesia/moutai1/XC193901.mp3,gallery
XC193914,moutai1,Phyllergates cucullatus,Mountain Tailorbird,Frank Lambert,4.0,-1.3008,120.3073,data/xeno_canto_indonesia/moutai1/XC193914.mp3,gallery
XC194148,moutai1,Phyllergates cucullatus,Mountain Tailorbird,Frank Lambert,4.0,0.7784,124.4009,data/xeno_canto_indonesia/moutai1/XC194148.mp3,gallery
XC194149,moutai1,Phyllergates cucullatus,Mountain Tailorbird,Frank Lambert,4.0,0.7784,124.4009,data/xeno_canto_indonesia/moutai1/XC194149.mp3,gallery
XC195004,moutai1,Phyllergates cucullatus,Mountain Tailorbird,Stijn De Win,4.0,-1.428,120.314,data/xeno_canto_indonesia/moutai1/XC195004.mp3,gallery
XC196206,moutai1,Phyllergates cucullatus,Mountain Tailorbird,Marc Thibault,5.0,-1.7342,101.2512,data/xeno_canto_indonesia/moutai1/XC196206.mp3,gallery
XC200539,moutai1,Phyllergates cucullatus,Mountain Tailorbird,Bruno Durand,4.0,-8.2719,115.1552,data/xeno_canto_indonesia/moutai1/XC200539.mp3,gallery
XC200542,moutai1,Phyllergates cucullatus,Mountain Tailorbird,Bruno Durand,5.0,-8.2719,115.1552,data/xeno_canto_indonesia/moutai1/XC200542.mp3,gallery
XC201888,moutai1,Phyllergates cucullatus,Mountain Tailorbird,Frank Lambert,4.0,-0.7277,127.5174,data/xeno_canto_indonesia/moutai1/XC201888.mp3,gallery
XC201890,moutai1,Phyllergates cucullatus,Mountain Tailorbird,Frank Lambert,4.0,-0.7277,127.5174,data/xeno_canto_indonesia/moutai1/XC201890.mp3,gallery
XC201891,moutai1,Phyllergates cucullatus,Mountain Tailorbird,Frank Lambert,4.0,-0.7277,127.5174,data/xeno_canto_indonesia/moutai1/XC201891.mp3,gallery
XC201892,moutai1,Phyllergates cucullatus,Mountain Tailorbird,Frank Lambert,4.0,-0.7277,127.5174,data/xeno_canto_indonesia/moutai1/XC201892.mp3,gallery
XC201895,moutai1,Phyllergates cucullatus,Mountain Tailorbird,Frank Lambert,4.0,-0.7277,127.5174,data/xeno_canto_indonesia/moutai1/XC201895.mp3,gallery
XC201897,moutai1,Phyllergates cucullatus,Mountain Tailorbird,Frank Lambert,4.0,-0.7277,127.5174,data/xeno_canto_indonesia/moutai1/XC201897.mp3,gallery
XC201898,moutai1,Phyllergates cucullatus,Mountain Tailorbird,Frank Lambert,4.0,-0.7277,127.5174,data/xeno_canto_indonesia/moutai1/XC201898.mp3,gallery
XC201899,moutai1,Phyllergates cucullatus,Mountain Tailorbird,Frank Lambert,4.0,-0.7277,127.5174,data/xeno_canto_indonesia/moutai1/XC201899.mp3,gallery
XC201902,moutai1,Phyllergates cucullatus,Mountain Tailorbird,Frank Lambert,4.0,-0.7277,127.5174,data/xeno_canto_indonesia/moutai1/XC201902.mp3,gallery
XC201903,moutai1,Phyllergates cucullatus,Mountain Tailorbird,Frank Lambert,4.0,-0.7277,127.5174,data/xeno_canto_indonesia/moutai1/XC201903.mp3,gallery
XC201904,moutai1,Phyllergates cucullatus,Mountain Tailorbird,Frank Lambert,4.0,-0.7277,127.5174,data/xeno_canto_indonesia/moutai1/XC201904.mp3,gallery
XC203879,moutai1,Phyllergates cucullatus,Mountain Tailorbird,Frank Lambert,4.0,-1.3256,120.3089,data/xeno_canto_indonesia/moutai1/XC203879.mp3,gallery
XC206261,moutai1,Phyllergates cucullatus,Mountain Tailorbird,Sidiq Pambudi,5.0,-6.7691,107.6232,data/xeno_canto_indonesia/moutai1/XC206261.mp3,gallery
XC283579,moutai1,Phyllergates cucullatus,Mountain Tailorbird,Bruno Durand,4.0,-8.2719,115.1552,data/xeno_canto_indonesia/moutai1/XC283579.mp3,gallery
XC289594,moutai1,Phyllergates cucullatus,Mountain Tailorbird,Jacob Hervé,4.0,-8.6205,120.5195,data/xeno_canto_indonesia/moutai1/XC289594.mp3,gallery
XC350548,moutai1,Phyllergates cucullatus,Mountain Tailorbird,Raf Drijvers,4.0,-8.7689,121.8221,data/xeno_canto_indonesia/moutai1/XC350548.mp3,gallery
XC350549,moutai1,Phyllergates cucullatus,Mountain Tailorbird,Raf Drijvers,2.0,-8.7689,121.8221,data/xeno_canto_indonesia/moutai1/XC350549.mp3,gallery
XC350550,moutai1,Phyllergates cucullatus,Mountain Tailorbird,Raf Drijvers,4.0,-8.7689,121.8221,data/xeno_canto_indonesia/moutai1/XC350550.mp3,gallery
XC38420,moutai1,Phyllergates cucullatus,Mountain Tailorbird,Mike Catsis,4.0,-3.1667,129.5334,data/xeno_canto_indonesia/moutai1/XC38420.mp3,gallery
XC389505,moutai1,Phyllergates cucullatus,Mountain Tailorbird,Oscar Campbell,5.0,-8.6205,120.5195,data/xeno_canto_indonesia/moutai1/XC389505.mp3,gallery
XC395509,moutai1,Phyllergates cucullatus,Mountain Tailorbird,Jacob Hervé,4.0,-3.0,129.4,data/xeno_canto_indonesia/moutai1/XC395509.mp3,gallery
XC395510,moutai1,Phyllergates cucullatus,Mountain Tailorbird,Jacob Hervé,4.0,-3.0,129.4,data/xeno_canto_indonesia/moutai1/XC395510.mp3,gallery
XC409569,moutai1,Phyllergates cucullatus,Mountain Tailorbird,Frank Lambert,3.0,-1.7342,101.2512,data/xeno_canto_indonesia/moutai1/XC409569.mp3,gallery
XC409571,moutai1,Phyllergates cucullatus,Mountain Tailorbird,Frank Lambert,3.0,-1.7342,101.2512,data/xeno_canto_indonesia/moutai1/XC409571.mp3,gallery
XC413960,moutai1,Phyllergates cucullatus,Mountain Tailorbird,Ross Gallardy,4.0,1.3469,124.8712,data/xeno_canto_indonesia/moutai1/XC413960.mp3,gallery
XC413964,moutai1,Phyllergates cucullatus,Mountain Tailorbird,Ross Gallardy,4.0,1.3469,124.8712,data/xeno_canto_indonesia/moutai1/XC413964.mp3,gallery
XC417535,moutai1,Phyllergates cucullatus,Mountain Tailorbird,Ross Gallardy,4.0,-3.3542,126.5303,data/xeno_canto_indonesia/moutai1/XC417535.mp3,gallery
XC417893,moutai1,Phyllergates cucullatus,Mountain Tailorbird,Ross Gallardy,5.0,-3.1692,129.4714,data/xeno_canto_indonesia/moutai1/XC417893.mp3,gallery
XC468884,moutai1,Phyllergates cucullatus,Mountain Tailorbird,Frank Lambert,4.0,-8.0849,114.2364,data/xeno_canto_indonesia/moutai1/XC468884.mp3,gallery
XC468885,moutai1,Phyllergates cucullatus,Mountain Tailorbird,Frank Lambert,4.0,-8.0849,114.2364,data/xeno_canto_indonesia/moutai1/XC468885.mp3,gallery
XC468886,moutai1,Phyllergates cucullatus,Mountain Tailorbird,Frank Lambert,4.0,-8.0849,114.2364,data/xeno_canto_indonesia/moutai1/XC468886.mp3,gallery
XC474590,moutai1,Phyllergates cucullatus,Mountain Tailorbird,Matthew L. Brady,3.0,0.0908,99.9593,data/xeno_canto_indonesia/moutai1/XC474590.mp3,gallery
XC502210,moutai1,Phyllergates cucullatus,Mountain Tailorbird,Ding Li Yong,4.0,2.8099,98.4942,data/xeno_canto_indonesia/moutai1/XC502210.mp3,gallery
XC528833,moutai1,Phyllergates cucullatus,Mountain Tailorbird,Okamoto Keita Sin,5.0,-6.7878,106.9819,data/xeno_canto_indonesia/moutai1/XC528833.mp3,gallery
XC598382,moutai1,Phyllergates cucullatus,Mountain Tailorbird,Frank Lambert,4.0,-3.6825,121.2143,data/xeno_canto_indonesia/moutai1/XC598382.mp3,gallery
XC598383,moutai1,Phyllergates cucullatus,Mountain Tailorbird,Frank Lambert,4.0,-3.6825,121.2143,data/xeno_canto_indonesia/moutai1/XC598383.mp3,gallery
XC598384,moutai1,Phyllergates cucullatus,Mountain Tailorbird,Frank Lambert,4.0,-3.6825,121.2143,data/xeno_canto_indonesia/moutai1/XC598384.mp3,gallery
XC598385,moutai1,Phyllergates cucullatus,Mountain Tailorbird,Frank Lambert,4.0,-3.6825,121.2143,data/xeno_canto_indonesia/moutai1/XC598385.mp3,gallery
XC598386,moutai1,Phyllergates cucullatus,Mountain Tailorbird,Frank Lambert,4.0,-3.6825,121.2143,data/xeno_canto_indonesia/moutai1/XC598386.mp3,gallery
XC598387,moutai1,Phyllergates cucullatus,Mountain Tailorbird,Frank Lambert,4.0,-3.6825,121.2143,data/xeno_canto_indonesia/moutai1/XC598387.mp3,gallery
XC659852,moutai1,Phyllergates cucullatus,Mountain Tailorbird,Ding Li Yong,4.0,2.8099,98.4942,data/xeno_canto_indonesia/moutai1/XC659852.mp3,gallery
XC669190,moutai1,Phyllergates cucullatus,Mountain Tailorbird,Ding Li Yong,5.0,-1.5159,120.2301,data/xeno_canto_indonesia/moutai1/XC669190.mp3,gallery
XC68926,moutai1,Phyllergates cucullatus,Mountain Tailorbird,Frank Lambert,4.0,-3.25,126.15,data/xeno_canto_indonesia/moutai1/XC68926.mp3,gallery
XC68927,moutai1,Phyllergates cucullatus,Mountain Tailorbird,Frank Lambert,4.0,-6.5,107.3,data/xeno_canto_indonesia/moutai1/XC68927.mp3,gallery
XC68928,moutai1,Phyllergates cucullatus,Mountain Tailorbird,Frank Lambert,4.0,-6.5,107.3,data/xeno_canto_indonesia/moutai1/XC68928.mp3,gallery
XC68929,moutai1,Phyllergates cucullatus,Mountain Tailorbird,Frank Lambert,4.0,-6.5,107.3,data/xeno_canto_indonesia/moutai1/XC68929.mp3,gallery
XC68930,moutai1,Phyllergates cucullatus,Mountain Tailorbird,Frank Lambert,4.0,-6.5,107.3,data/xeno_canto_indonesia/moutai1/XC68930.mp3,gallery
XC68931,moutai1,Phyllergates cucullatus,Mountain Tailorbird,Frank Lambert,4.0,-1.52,120.18,data/xeno_canto_indonesia/moutai1/XC68931.mp3,gallery
XC837095,moutai1,Phyllergates cucullatus,Mountain Tailorbird,Ding Li Yong,3.0,-3.1487,126.5848,data/xeno_canto_indonesia/moutai1/XC837095.mp3,gallery
XC89266,moutai1,Phyllergates cucullatus,Mountain Tailorbird,Frank Lambert,4.0,0.7784,124.4009,data/xeno_canto_indonesia/moutai1/XC89266.mp3,gallery
XC89267,moutai1,Phyllergates cucullatus,Mountain Tailorbird,Frank Lambert,4.0,-1.3256,120.3089,data/xeno_canto_indonesia/moutai1/XC89267.mp3,gallery
XC89268,moutai1,Phyllergates cucullatus,Mountain Tailorbird,Frank Lambert,4.0,-1.3256,120.3089,data/xeno_canto_indonesia/moutai1/XC89268.mp3,gallery
XC89269,moutai1,Phyllergates cucullatus,Mountain Tailorbird,Frank Lambert,4.0,-1.3256,120.3089,data/xeno_canto_indonesia/moutai1/XC89269.mp3,gallery
XC89270,moutai1,Phyllergates cucullatus,Mountain Tailorbird,Frank Lambert,3.0,-1.3256,120.3089,data/xeno_canto_indonesia/moutai1/XC89270.mp3,gallery
XC89580,moutai1,Phyllergates cucullatus,Mountain Tailorbird,Frank Lambert,4.0,-5.2673,119.8734,data/xeno_canto_indonesia/moutai1/XC89580.mp3,gallery
XC89581,moutai1,Phyllergates cucullatus,Mountain Tailorbird,Frank Lambert,4.0,-5.2673,119.8734,data/xeno_canto_indonesia/moutai1/XC89581.mp3,gallery
XC89583,moutai1,Phyllergates cucullatus,Mountain Tailorbird,Frank Lambert,4.0,-5.2673,119.8734,data/xeno_canto_indonesia/moutai1/XC89583.mp3,gallery
XC89608,moutai1,Phyllergates cucullatus,Mountain Tailorbird,Frank Lambert,4.0,-5.2673,119.8734,data/xeno_canto_indonesia/moutai1/XC89608.mp3,gallery
XC89609,moutai1,Phyllergates cucullatus,Mountain Tailorbird,Frank Lambert,4.0,-5.2673,119.8734,data/xeno_canto_indonesia/moutai1/XC89609.mp3,gallery
XC89610,moutai1,Phyllergates cucullatus,Mountain Tailorbird,Frank Lambert,4.0,-5.2673,119.8734,data/xeno_canto_indonesia/moutai1/XC89610.mp3,gallery
XC924328,moutai1,Phyllergates cucullatus,Mountain Tailorbird,Ding Li Yong,5.0,1.35,124.8664,data/xeno_canto_indonesia/moutai1/XC924328.mp3,gallery
XC924373,moutai1,Phyllergates cucullatus,Mountain Tailorbird,Ding Li Yong,5.0,1.35,124.8664,data/xeno_canto_indonesia/moutai1/XC924373.mp3,gallery
XC1029902,olbsun1,Cinnyris jugularis,Olive-backed Sunbird,Kelle Moreau,4.0,-1.0903,136.3563,data/xeno_canto_indonesia/olbsun1/XC1029902.mp3,gallery
XC1161986,olbsun1,Cinnyris jugularis,Olive-backed Sunbird,Ding Li Yong,5.0,1.6013,124.8688,data/xeno_canto_indonesia/olbsun1/XC1161986.mp3,gallery
XC1161987,olbsun1,Cinnyris jugularis,Olive-backed Sunbird,Ding Li Yong,4.0,1.6013,124.8688,data/xeno_canto_indonesia/olbsun1/XC1161987.mp3,gallery
XC1161988,olbsun1,Cinnyris jugularis,Olive-backed Sunbird,Ding Li Yong,5.0,1.6013,124.8688,data/xeno_canto_indonesia/olbsun1/XC1161988.mp3,gallery
XC122004,olbsun1,Cinnyris jugularis,Olive-backed Sunbird,Todd Mark,4.0,-2.9904,129.352,data/xeno_canto_indonesia/olbsun1/XC122004.mp3,gallery
XC141974,olbsun1,Cinnyris jugularis,Olive-backed Sunbird,Bas Van Balen,4.0,,,data/xeno_canto_indonesia/olbsun1/XC141974.mp3,gallery
XC150420,olbsun1,Cinnyris jugularis,Olive-backed Sunbird,Bruno Durand,4.0,-8.5275,115.2632,data/xeno_canto_indonesia/olbsun1/XC150420.mp3,gallery
XC153458,olbsun1,Cinnyris jugularis,Olive-backed Sunbird,Frank Lambert,4.0,-7.098,120.6647,data/xeno_canto_indonesia/olbsun1/XC153458.mp3,gallery
XC153462,olbsun1,Cinnyris jugularis,Olive-backed Sunbird,Frank Lambert,3.0,-7.098,120.6647,data/xeno_canto_indonesia/olbsun1/XC153462.mp3,gallery
XC166865,olbsun1,Cinnyris jugularis,Olive-backed Sunbird,Frank Lambert,4.0,-0.9865,135.9386,data/xeno_canto_indonesia/olbsun1/XC166865.mp3,gallery
XC194527,olbsun1,Cinnyris jugularis,Olive-backed Sunbird,Marc Thibault,4.0,2.1862,128.5764,data/xeno_canto_indonesia/olbsun1/XC194527.mp3,gallery
XC207964,olbsun1,Cinnyris jugularis,Olive-backed Sunbird,Frank Lambert,4.0,3.9459,115.6019,data/xeno_canto_indonesia/olbsun1/XC207964.mp3,gallery
XC216355,olbsun1,Cinnyris jugularis,Olive-backed Sunbird,Patrik Åberg,4.0,0.7003,127.83,data/xeno_canto_indonesia/olbsun1/XC216355.mp3,gallery
XC216356,olbsun1,Cinnyris jugularis,Olive-backed Sunbird,Patrik Åberg,4.0,0.7003,127.83,data/xeno_canto_indonesia/olbsun1/XC216356.mp3,gallery
XC350556,olbsun1,Cinnyris jugularis,Olive-backed Sunbird,Raf Drijvers,4.0,-8.7689,121.8221,data/xeno_canto_indonesia/olbsun1/XC350556.mp3,gallery
XC38407,olbsun1,Cinnyris jugularis,Olive-backed Sunbird,Matthias Feuersenger,3.0,-8.1432,114.6628,data/xeno_canto_indonesia/olbsun1/XC38407.mp3,gallery
XC38414,olbsun1,Cinnyris jugularis,Olive-backed Sunbird,Mike Catsis,3.0,-3.308906,128.999405,data/xeno_canto_indonesia/olbsun1/XC38414.mp3,gallery
XC413716,olbsun1,Cinnyris jugularis,Olive-backed Sunbird,Frank Lambert,4.0,-1.375,120.32,data/xeno_canto_indonesia/olbsun1/XC413716.mp3,gallery
XC468847,olbsun1,Cinnyris jugularis,Olive-backed Sunbird,Frank Lambert,4.0,-8.0849,114.2364,data/xeno_canto_indonesia/olbsun1/XC468847.mp3,gallery
XC468848,olbsun1,Cinnyris jugularis,Olive-backed Sunbird,Frank Lambert,4.0,-8.0849,114.2364,data/xeno_canto_indonesia/olbsun1/XC468848.mp3,gallery
XC68828,olbsun1,Cinnyris jugularis,Olive-backed Sunbird,Frank Lambert,4.0,-5.65,133.01,data/xeno_canto_indonesia/olbsun1/XC68828.mp3,gallery
XC68829,olbsun1,Cinnyris jugularis,Olive-backed Sunbird,Frank Lambert,4.0,-5.65,133.01,data/xeno_canto_indonesia/olbsun1/XC68829.mp3,gallery
XC68830,olbsun1,Cinnyris jugularis,Olive-backed Sunbird,Frank Lambert,4.0,-5.65,133.01,data/xeno_canto_indonesia/olbsun1/XC68830.mp3,gallery
XC68831,olbsun1,Cinnyris jugularis,Olive-backed Sunbird,Frank Lambert,5.0,-5.6,132.77,data/xeno_canto_indonesia/olbsun1/XC68831.mp3,gallery
XC68832,olbsun1,Cinnyris jugularis,Olive-backed Sunbird,Frank Lambert,4.0,2.73,125.39,data/xeno_canto_indonesia/olbsun1/XC68832.mp3,gallery
XC746050,olbsun1,Cinnyris jugularis,Olive-backed Sunbird,Fionn Ó Marcaigh,4.0,-5.1753,122.8938,data/xeno_canto_indonesia/olbsun1/XC746050.mp3,gallery
XC746051,olbsun1,Cinnyris jugularis,Olive-backed Sunbird,Fionn Ó Marcaigh,4.0,-5.1753,122.8938,data/xeno_canto_indonesia/olbsun1/XC746051.mp3,gallery
XC746052,olbsun1,Cinnyris jugularis,Olive-backed Sunbird,Fionn Ó Marcaigh,4.0,-5.1753,122.8938,data/xeno_canto_indonesia/olbsun1/XC746052.mp3,gallery
XC746054,olbsun1,Cinnyris jugularis,Olive-backed Sunbird,Fionn Ó Marcaigh,2.0,-5.1861,122.9079,data/xeno_canto_indonesia/olbsun1/XC746054.mp3,gallery
XC746055,olbsun1,Cinnyris jugularis,Olive-backed Sunbird,Fionn Ó Marcaigh,2.0,-5.1861,122.9079,data/xeno_canto_indonesia/olbsun1/XC746055.mp3,gallery
XC746254,olbsun1,Cinnyris jugularis,Olive-backed Sunbird,Fionn Ó Marcaigh,2.0,-4.6774,123.2069,data/xeno_canto_indonesia/olbsun1/XC746254.mp3,gallery
XC746256,olbsun1,Cinnyris jugularis,Olive-backed Sunbird,Fionn Ó Marcaigh,3.0,-5.2725,121.8031,data/xeno_canto_indonesia/olbsun1/XC746256.mp3,gallery
XC746257,olbsun1,Cinnyris jugularis,Olive-backed Sunbird,Fionn Ó Marcaigh,4.0,-5.2725,121.8031,data/xeno_canto_indonesia/olbsun1/XC746257.mp3,gallery
XC746258,olbsun1,Cinnyris jugularis,Olive-backed Sunbird,Fionn Ó Marcaigh,3.0,-5.2725,121.8031,data/xeno_canto_indonesia/olbsun1/XC746258.mp3,gallery
XC746259,olbsun1,Cinnyris jugularis,Olive-backed Sunbird,Fionn Ó Marcaigh,2.0,-5.2725,121.8031,data/xeno_canto_indonesia/olbsun1/XC746259.mp3,gallery
XC746260,olbsun1,Cinnyris jugularis,Olive-backed Sunbird,Fionn Ó Marcaigh,4.0,-5.2725,121.8031,data/xeno_canto_indonesia/olbsun1/XC746260.mp3,gallery
XC746261,olbsun1,Cinnyris jugularis,Olive-backed Sunbird,Fionn Ó Marcaigh,4.0,-5.2725,121.8031,data/xeno_canto_indonesia/olbsun1/XC746261.mp3,gallery
XC746262,olbsun1,Cinnyris jugularis,Olive-backed Sunbird,Fionn Ó Marcaigh,3.0,-5.2725,121.8031,data/xeno_canto_indonesia/olbsun1/XC746262.mp3,gallery
XC746263,olbsun1,Cinnyris jugularis,Olive-backed Sunbird,Fionn Ó Marcaigh,3.0,-5.2725,121.8031,data/xeno_canto_indonesia/olbsun1/XC746263.mp3,gallery
XC746264,olbsun1,Cinnyris jugularis,Olive-backed Sunbird,Fionn Ó Marcaigh,3.0,-5.2725,121.8031,data/xeno_canto_indonesia/olbsun1/XC746264.mp3,gallery
XC746266,olbsun1,Cinnyris jugularis,Olive-backed Sunbird,Fionn Ó Marcaigh,2.0,-5.2725,121.8031,data/xeno_canto_indonesia/olbsun1/XC746266.mp3,gallery
XC746270,olbsun1,Cinnyris jugularis,Olive-backed Sunbird,Fionn Ó Marcaigh,2.0,-5.2725,121.8031,data/xeno_canto_indonesia/olbsun1/XC746270.mp3,gallery
XC746271,olbsun1,Cinnyris jugularis,Olive-backed Sunbird,Fionn Ó Marcaigh,3.0,-5.2725,121.8031,data/xeno_canto_indonesia/olbsun1/XC746271.mp3,gallery
XC746274,olbsun1,Cinnyris jugularis,Olive-backed Sunbird,Fionn Ó Marcaigh,4.0,-5.2725,121.8031,data/xeno_canto_indonesia/olbsun1/XC746274.mp3,gallery
XC746275,olbsun1,Cinnyris jugularis,Olive-backed Sunbird,Fionn Ó Marcaigh,4.0,-5.2725,121.8031,data/xeno_canto_indonesia/olbsun1/XC746275.mp3,gallery
XC746277,olbsun1,Cinnyris jugularis,Olive-backed Sunbird,Fionn Ó Marcaigh,4.0,-5.2759,121.9205,data/xeno_canto_indonesia/olbsun1/XC746277.mp3,gallery
XC746278,olbsun1,Cinnyris jugularis,Olive-backed Sunbird,Fionn Ó Marcaigh,3.0,-5.2759,121.9205,data/xeno_canto_indonesia/olbsun1/XC746278.mp3,gallery
XC746280,olbsun1,Cinnyris jugularis,Olive-backed Sunbird,Fionn Ó Marcaigh,4.0,-5.2759,121.9205,data/xeno_canto_indonesia/olbsun1/XC746280.mp3,gallery
XC746281,olbsun1,Cinnyris jugularis,Olive-backed Sunbird,Fionn Ó Marcaigh,3.0,-5.2759,121.9205,data/xeno_canto_indonesia/olbsun1/XC746281.mp3,gallery
XC746282,olbsun1,Cinnyris jugularis,Olive-backed Sunbird,Fionn Ó Marcaigh,4.0,-5.2759,121.9205,data/xeno_canto_indonesia/olbsun1/XC746282.mp3,gallery
XC746283,olbsun1,Cinnyris jugularis,Olive-backed Sunbird,Fionn Ó Marcaigh,4.0,-5.2759,121.9205,data/xeno_canto_indonesia/olbsun1/XC746283.mp3,gallery
XC746285,olbsun1,Cinnyris jugularis,Olive-backed Sunbird,Fionn Ó Marcaigh,2.0,-4.424,122.814,data/xeno_canto_indonesia/olbsun1/XC746285.mp3,gallery
XC746286,olbsun1,Cinnyris jugularis,Olive-backed Sunbird,Fionn Ó Marcaigh,2.0,-4.424,122.814,data/xeno_canto_indonesia/olbsun1/XC746286.mp3,gallery
XC746287,olbsun1,Cinnyris jugularis,Olive-backed Sunbird,Fionn Ó Marcaigh,2.0,-4.424,122.814,data/xeno_canto_indonesia/olbsun1/XC746287.mp3,gallery
XC746288,olbsun1,Cinnyris jugularis,Olive-backed Sunbird,Fionn Ó Marcaigh,3.0,-5.9201,124.0461,data/xeno_canto_indonesia/olbsun1/XC746288.mp3,gallery
XC746290,olbsun1,Cinnyris jugularis,Olive-backed Sunbird,Fionn Ó Marcaigh,2.0,-5.9201,124.0461,data/xeno_canto_indonesia/olbsun1/XC746290.mp3,gallery
XC746291,olbsun1,Cinnyris jugularis,Olive-backed Sunbird,Fionn Ó Marcaigh,5.0,-5.9201,124.0461,data/xeno_canto_indonesia/olbsun1/XC746291.mp3,gallery
XC746292,olbsun1,Cinnyris jugularis,Olive-backed Sunbird,Fionn Ó Marcaigh,3.0,-5.9201,124.0461,data/xeno_canto_indonesia/olbsun1/XC746292.mp3,gallery
XC746294,olbsun1,Cinnyris jugularis,Olive-backed Sunbird,Fionn Ó Marcaigh,2.0,-5.9201,124.0461,data/xeno_canto_indonesia/olbsun1/XC746294.mp3,gallery
XC746295,olbsun1,Cinnyris jugularis,Olive-backed Sunbird,Fionn Ó Marcaigh,5.0,-5.4985,123.7563,data/xeno_canto_indonesia/olbsun1/XC746295.mp3,gallery
XC746297,olbsun1,Cinnyris jugularis,Olive-backed Sunbird,Fionn Ó Marcaigh,5.0,-5.4985,123.7563,data/xeno_canto_indonesia/olbsun1/XC746297.mp3,gallery
XC746299,olbsun1,Cinnyris jugularis,Olive-backed Sunbird,Fionn Ó Marcaigh,5.0,-5.4985,123.7563,data/xeno_canto_indonesia/olbsun1/XC746299.mp3,gallery
XC746300,olbsun1,Cinnyris jugularis,Olive-backed Sunbird,Fionn Ó Marcaigh,4.0,-5.4985,123.7563,data/xeno_canto_indonesia/olbsun1/XC746300.mp3,gallery
XC746301,olbsun1,Cinnyris jugularis,Olive-backed Sunbird,Fionn Ó Marcaigh,4.0,-5.4985,123.7563,data/xeno_canto_indonesia/olbsun1/XC746301.mp3,gallery
XC746302,olbsun1,Cinnyris jugularis,Olive-backed Sunbird,Fionn Ó Marcaigh,4.0,-5.4985,123.7563,data/xeno_canto_indonesia/olbsun1/XC746302.mp3,gallery
XC746303,olbsun1,Cinnyris jugularis,Olive-backed Sunbird,Fionn Ó Marcaigh,4.0,-5.4985,123.7563,data/xeno_canto_indonesia/olbsun1/XC746303.mp3,gallery
XC746305,olbsun1,Cinnyris jugularis,Olive-backed Sunbird,Fionn Ó Marcaigh,3.0,-5.4985,123.7563,data/xeno_canto_indonesia/olbsun1/XC746305.mp3,gallery
XC746310,olbsun1,Cinnyris jugularis,Olive-backed Sunbird,Fionn Ó Marcaigh,4.0,-5.3378,123.6148,data/xeno_canto_indonesia/olbsun1/XC746310.mp3,gallery
XC746312,olbsun1,Cinnyris jugularis,Olive-backed Sunbird,Fionn Ó Marcaigh,5.0,-5.3378,123.6148,data/xeno_canto_indonesia/olbsun1/XC746312.mp3,gallery
XC746313,olbsun1,Cinnyris jugularis,Olive-backed Sunbird,Fionn Ó Marcaigh,3.0,-5.3378,123.6148,data/xeno_canto_indonesia/olbsun1/XC746313.mp3,gallery
XC746314,olbsun1,Cinnyris jugularis,Olive-backed Sunbird,Fionn Ó Marcaigh,4.0,-5.3378,123.6148,data/xeno_canto_indonesia/olbsun1/XC746314.mp3,gallery
XC746372,olbsun1,Cinnyris jugularis,Olive-backed Sunbird,Fionn Ó Marcaigh,4.0,-5.3378,123.6148,data/xeno_canto_indonesia/olbsun1/XC746372.mp3,gallery
XC746375,olbsun1,Cinnyris jugularis,Olive-backed Sunbird,Fionn Ó Marcaigh,4.0,-5.3378,123.6148,data/xeno_canto_indonesia/olbsun1/XC746375.mp3,gallery
XC746377,olbsun1,Cinnyris jugularis,Olive-backed Sunbird,Fionn Ó Marcaigh,2.0,-5.3423,123.5459,data/xeno_canto_indonesia/olbsun1/XC746377.mp3,gallery
XC746378,olbsun1,Cinnyris jugularis,Olive-backed Sunbird,Fionn Ó Marcaigh,3.0,-5.3423,123.5459,data/xeno_canto_indonesia/olbsun1/XC746378.mp3,gallery
XC746380,olbsun1,Cinnyris jugularis,Olive-backed Sunbird,Fionn Ó Marcaigh,5.0,-5.3423,123.5459,data/xeno_canto_indonesia/olbsun1/XC746380.mp3,gallery
XC746386,olbsun1,Cinnyris jugularis,Olive-backed Sunbird,Fionn Ó Marcaigh,4.0,-5.3423,123.5459,data/xeno_canto_indonesia/olbsun1/XC746386.mp3,gallery
XC746388,olbsun1,Cinnyris jugularis,Olive-backed Sunbird,Fionn Ó Marcaigh,5.0,-5.3423,123.5459,data/xeno_canto_indonesia/olbsun1/XC746388.mp3,gallery
XC746392,olbsun1,Cinnyris jugularis,Olive-backed Sunbird,Fionn Ó Marcaigh,5.0,-5.3423,123.5459,data/xeno_canto_indonesia/olbsun1/XC746392.mp3,gallery
XC746397,olbsun1,Cinnyris jugularis,Olive-backed Sunbird,Fionn Ó Marcaigh,5.0,-5.3423,123.5459,data/xeno_canto_indonesia/olbsun1/XC746397.mp3,gallery
XC746400,olbsun1,Cinnyris jugularis,Olive-backed Sunbird,Fionn Ó Marcaigh,2.0,-5.3423,123.5459,data/xeno_canto_indonesia/olbsun1/XC746400.mp3,gallery
XC746401,olbsun1,Cinnyris jugularis,Olive-backed Sunbird,Fionn Ó Marcaigh,4.0,-5.3423,123.5459,data/xeno_canto_indonesia/olbsun1/XC746401.mp3,gallery
XC746406,olbsun1,Cinnyris jugularis,Olive-backed Sunbird,Fionn Ó Marcaigh,4.0,-5.3423,123.5459,data/xeno_canto_indonesia/olbsun1/XC746406.mp3,gallery
XC746410,olbsun1,Cinnyris jugularis,Olive-backed Sunbird,Fionn Ó Marcaigh,5.0,-5.3423,123.5459,data/xeno_canto_indonesia/olbsun1/XC746410.mp3,gallery
XC746412,olbsun1,Cinnyris jugularis,Olive-backed Sunbird,Fionn Ó Marcaigh,4.0,-5.3423,123.5459,data/xeno_canto_indonesia/olbsun1/XC746412.mp3,gallery
XC746414,olbsun1,Cinnyris jugularis,Olive-backed Sunbird,Fionn Ó Marcaigh,3.0,-5.3423,123.5459,data/xeno_canto_indonesia/olbsun1/XC746414.mp3,gallery
XC746415,olbsun1,Cinnyris jugularis,Olive-backed Sunbird,Fionn Ó Marcaigh,3.0,-5.3423,123.5459,data/xeno_canto_indonesia/olbsun1/XC746415.mp3,gallery
XC746416,olbsun1,Cinnyris jugularis,Olive-backed Sunbird,Fionn Ó Marcaigh,5.0,-5.3423,123.5459,data/xeno_canto_indonesia/olbsun1/XC746416.mp3,gallery
XC746418,olbsun1,Cinnyris jugularis,Olive-backed Sunbird,Fionn Ó Marcaigh,5.0,-5.3423,123.5459,data/xeno_canto_indonesia/olbsun1/XC746418.mp3,gallery
XC746423,olbsun1,Cinnyris jugularis,Olive-backed Sunbird,Fionn Ó Marcaigh,5.0,-5.3423,123.5459,data/xeno_canto_indonesia/olbsun1/XC746423.mp3,gallery
XC746424,olbsun1,Cinnyris jugularis,Olive-backed Sunbird,Fionn Ó Marcaigh,3.0,-5.3423,123.5459,data/xeno_canto_indonesia/olbsun1/XC746424.mp3,gallery
XC746425,olbsun1,Cinnyris jugularis,Olive-backed Sunbird,Fionn Ó Marcaigh,5.0,-5.3423,123.5459,data/xeno_canto_indonesia/olbsun1/XC746425.mp3,gallery
XC746427,olbsun1,Cinnyris jugularis,Olive-backed Sunbird,Fionn Ó Marcaigh,4.0,-5.3423,123.5459,data/xeno_canto_indonesia/olbsun1/XC746427.mp3,gallery
XC845705,olbsun1,Cinnyris jugularis,Olive-backed Sunbird,Geoff Carey,5.0,-8.5821,115.2888,data/xeno_canto_indonesia/olbsun1/XC845705.mp3,gallery
XC845706,olbsun1,Cinnyris jugularis,Olive-backed Sunbird,Geoff Carey,4.0,-8.5821,115.2888,data/xeno_canto_indonesia/olbsun1/XC845706.mp3,gallery
XC845707,olbsun1,Cinnyris jugularis,Olive-backed Sunbird,Geoff Carey,5.0,-8.5821,115.2888,data/xeno_canto_indonesia/olbsun1/XC845707.mp3,gallery
XC89654,olbsun1,Cinnyris jugularis,Olive-backed Sunbird,Frank Lambert,4.0,-0.4239,121.8498,data/xeno_canto_indonesia/olbsun1/XC89654.mp3,gallery
XC905151,olbsun1,Cinnyris jugularis,Olive-backed Sunbird,Ding Li Yong,5.0,5.5968,95.3667,data/xeno_canto_indonesia/olbsun1/XC905151.mp3,gallery
XC933063,olbsun1,Cinnyris jugularis,Olive-backed Sunbird,Ding Li Yong,4.0,1.5555,124.8335,data/xeno_canto_indonesia/olbsun1/XC933063.mp3,gallery
XC955002,olbsun1,Cinnyris jugularis,Olive-backed Sunbird,Arjun Dutta,4.0,-8.8291,115.0849,data/xeno_canto_indonesia/olbsun1/XC955002.mp3,gallery
XC1174149,pygcup1,Pnoepyga pusilla,Pygmy Cupwing,Untung Sarmawi,5.0,-8.6654,120.4554,data/xeno_canto_indonesia/pygcup1/XC1174149.mp3,gallery
XC161694,pygcup1,Pnoepyga pusilla,Pygmy Cupwing,Frank Lambert,5.0,-6.5,107.3,data/xeno_canto_indonesia/pygcup1/XC161694.mp3,gallery
XC166732,pygcup1,Pnoepyga pusilla,Pygmy Cupwing,Frank Lambert,4.0,-6.7414,107.0019,data/xeno_canto_indonesia/pygcup1/XC166732.mp3,gallery
XC166733,pygcup1,Pnoepyga pusilla,Pygmy Cupwing,Frank Lambert,4.0,-6.7414,107.0019,data/xeno_canto_indonesia/pygcup1/XC166733.mp3,gallery
XC166734,pygcup1,Pnoepyga pusilla,Pygmy Cupwing,Frank Lambert,4.0,-6.6762,106.5164,data/xeno_canto_indonesia/pygcup1/XC166734.mp3,gallery
XC166735,pygcup1,Pnoepyga pusilla,Pygmy Cupwing,Frank Lambert,4.0,-6.6762,106.5164,data/xeno_canto_indonesia/pygcup1/XC166735.mp3,gallery
XC173911,pygcup1,Pnoepyga pusilla,Pygmy Cupwing,Adi Sugiharto,4.0,,,data/xeno_canto_indonesia/pygcup1/XC173911.mp3,gallery
XC182843,pygcup1,Pnoepyga pusilla,Pygmy Cupwing,Ding Li Yong,4.0,-6.7182,106.4901,data/xeno_canto_indonesia/pygcup1/XC182843.mp3,gallery
XC195580,pygcup1,Pnoepyga pusilla,Pygmy Cupwing,Marc Thibault,4.0,-1.7342,101.2512,data/xeno_canto_indonesia/pygcup1/XC195580.mp3,gallery
XC206313,pygcup1,Pnoepyga pusilla,Pygmy Cupwing,Sidiq Pambudi,3.0,-6.771,107.6229,data/xeno_canto_indonesia/pygcup1/XC206313.mp3,gallery
XC24108,pygcup1,Pnoepyga pusilla,Pygmy Cupwing,James Eaton,4.0,-9.5667,124.2334,data/xeno_canto_indonesia/pygcup1/XC24108.mp3,gallery
XC289604,pygcup1,Pnoepyga pusilla,Pygmy Cupwing,Jacob Hervé,4.0,-8.692,120.449,data/xeno_canto_indonesia/pygcup1/XC289604.mp3,gallery
XC301156,pygcup1,Pnoepyga pusilla,Pygmy Cupwing,Gareth K.,4.0,-4.9442,103.8332,data/xeno_canto_indonesia/pygcup1/XC301156.mp3,gallery
XC318231,pygcup1,Pnoepyga pusilla,Pygmy Cupwing,Achmad Ridha,5.0,-6.7511,106.989,data/xeno_canto_indonesia/pygcup1/XC318231.mp3,gallery
XC350530,pygcup1,Pnoepyga pusilla,Pygmy Cupwing,Raf Drijvers,4.0,-8.7689,121.8221,data/xeno_canto_indonesia/pygcup1/XC350530.mp3,gallery
XC350531,pygcup1,Pnoepyga pusilla,Pygmy Cupwing,Raf Drijvers,4.0,-8.7689,121.8221,data/xeno_canto_indonesia/pygcup1/XC350531.mp3,gallery
XC350532,pygcup1,Pnoepyga pusilla,Pygmy Cupwing,Raf Drijvers,4.0,-8.7689,121.8221,data/xeno_canto_indonesia/pygcup1/XC350532.mp3,gallery
XC352875,pygcup1,Pnoepyga pusilla,Pygmy Cupwing,Gareth K.,4.0,-8.0793,114.2289,data/xeno_canto_indonesia/pygcup1/XC352875.mp3,gallery
XC36863,pygcup1,Pnoepyga pusilla,Pygmy Cupwing,Bas Van Balen,4.0,-7.5559,110.4451,data/xeno_canto_indonesia/pygcup1/XC36863.mp3,gallery
XC36876,pygcup1,Pnoepyga pusilla,Pygmy Cupwing,Bas Van Balen,4.0,-7.299,109.2205,data/xeno_canto_indonesia/pygcup1/XC36876.mp3,gallery
XC389504,pygcup1,Pnoepyga pusilla,Pygmy Cupwing,Oscar Campbell,5.0,-8.6205,120.5195,data/xeno_canto_indonesia/pygcup1/XC389504.mp3,gallery
XC389508,pygcup1,Pnoepyga pusilla,Pygmy Cupwing,Oscar Campbell,5.0,-8.642,120.5592,data/xeno_canto_indonesia/pygcup1/XC389508.mp3,gallery
XC409147,pygcup1,Pnoepyga pusilla,Pygmy Cupwing,Frank Lambert,5.0,-6.7515,106.9898,data/xeno_canto_indonesia/pygcup1/XC409147.mp3,gallery
XC409572,pygcup1,Pnoepyga pusilla,Pygmy Cupwing,Frank Lambert,4.0,-1.7342,101.2512,data/xeno_canto_indonesia/pygcup1/XC409572.mp3,gallery
XC410160,pygcup1,Pnoepyga pusilla,Pygmy Cupwing,Ross Gallardy,5.0,-9.5667,124.2334,data/xeno_canto_indonesia/pygcup1/XC410160.mp3,gallery
XC490248,pygcup1,Pnoepyga pusilla,Pygmy Cupwing,Ross Gallardy,4.0,-6.7515,106.9898,data/xeno_canto_indonesia/pygcup1/XC490248.mp3,gallery
XC528829,pygcup1,Pnoepyga pusilla,Pygmy Cupwing,Okamoto Keita Sin,4.0,-6.7878,106.9819,data/xeno_canto_indonesia/pygcup1/XC528829.mp3,gallery
XC528830,pygcup1,Pnoepyga pusilla,Pygmy Cupwing,Okamoto Keita Sin,4.0,-6.7878,106.9819,data/xeno_canto_indonesia/pygcup1/XC528830.mp3,gallery
XC528831,pygcup1,Pnoepyga pusilla,Pygmy Cupwing,Okamoto Keita Sin,4.0,-6.7878,106.9819,data/xeno_canto_indonesia/pygcup1/XC528831.mp3,gallery
XC648655,pygcup1,Pnoepyga pusilla,Pygmy Cupwing,Ding Li Yong,5.0,2.7848,98.5144,data/xeno_canto_indonesia/pygcup1/XC648655.mp3,gallery
XC69228,pygcup1,Pnoepyga pusilla,Pygmy Cupwing,Frank Lambert,4.0,-6.5,107.3,data/xeno_canto_indonesia/pygcup1/XC69228.mp3,gallery
XC69229,pygcup1,Pnoepyga pusilla,Pygmy Cupwing,Frank Lambert,4.0,-9.56,124.23,data/xeno_canto_indonesia/pygcup1/XC69229.mp3,gallery
XC69230,pygcup1,Pnoepyga pusilla,Pygmy Cupwing,Frank Lambert,4.0,-9.56,124.23,data/xeno_canto_indonesia/pygcup1/XC69230.mp3,gallery
XC69231,pygcup1,Pnoepyga pusilla,Pygmy Cupwing,Frank Lambert,4.0,-9.56,124.23,data/xeno_canto_indonesia/pygcup1/XC69231.mp3,gallery
XC69232,pygcup1,Pnoepyga pusilla,Pygmy Cupwing,Frank Lambert,3.0,-9.56,124.23,data/xeno_canto_indonesia/pygcup1/XC69232.mp3,gallery
XC69233,pygcup1,Pnoepyga pusilla,Pygmy Cupwing,Frank Lambert,4.0,-9.56,124.23,data/xeno_canto_indonesia/pygcup1/XC69233.mp3,gallery
XC69234,pygcup1,Pnoepyga pusilla,Pygmy Cupwing,Frank Lambert,4.0,-9.56,124.23,data/xeno_canto_indonesia/pygcup1/XC69234.mp3,gallery
XC69235,pygcup1,Pnoepyga pusilla,Pygmy Cupwing,Frank Lambert,4.0,-9.56,124.23,data/xeno_canto_indonesia/pygcup1/XC69235.mp3,gallery
XC69236,pygcup1,Pnoepyga pusilla,Pygmy Cupwing,Frank Lambert,4.0,-9.56,124.23,data/xeno_canto_indonesia/pygcup1/XC69236.mp3,gallery
XC69237,pygcup1,Pnoepyga pusilla,Pygmy Cupwing,Frank Lambert,4.0,-9.56,124.23,data/xeno_canto_indonesia/pygcup1/XC69237.mp3,gallery
XC69238,pygcup1,Pnoepyga pusilla,Pygmy Cupwing,Frank Lambert,4.0,-9.56,124.23,data/xeno_canto_indonesia/pygcup1/XC69238.mp3,gallery
XC71651,pygcup1,Pnoepyga pusilla,Pygmy Cupwing,Bas Van Balen,4.0,-6.6762,106.5164,data/xeno_canto_indonesia/pygcup1/XC71651.mp3,gallery
XC737848,pygcup1,Pnoepyga pusilla,Pygmy Cupwing,Geoff Carey,5.0,-7.6273,111.1341,data/xeno_canto_indonesia/pygcup1/XC737848.mp3,gallery
XC737857,pygcup1,Pnoepyga pusilla,Pygmy Cupwing,Geoff Carey,5.0,-7.6616,111.1849,data/xeno_canto_indonesia/pygcup1/XC737857.mp3,gallery
XC923993,pygcup1,Pnoepyga pusilla,Pygmy Cupwing,Ding Li Yong,4.0,-6.7182,106.4901,data/xeno_canto_indonesia/pygcup1/XC923993.mp3,gallery
XC93808,pygcup1,Pnoepyga pusilla,Pygmy Cupwing,Todd Mark,5.0,-8.62,120.519,data/xeno_canto_indonesia/pygcup1/XC93808.mp3,gallery
XC940265,pygcup1,Pnoepyga pusilla,Pygmy Cupwing,Ding Li Yong,5.0,-6.7515,106.9898,data/xeno_canto_indonesia/pygcup1/XC940265.mp3,gallery
XC940419,pygcup1,Pnoepyga pusilla,Pygmy Cupwing,Ding Li Yong,4.0,-6.7515,106.9898,data/xeno_canto_indonesia/pygcup1/XC940419.mp3,gallery
XC944655,pygcup1,Pnoepyga pusilla,Pygmy Cupwing,Ding Li Yong,3.0,-6.7515,106.9898,data/xeno_canto_indonesia/pygcup1/XC944655.mp3,gallery
XC120955,rubcuc1,Cacomantis sepulcralis,Rusty-breasted Cuckoo,Niels Poul Dreyer,4.0,0.5606,123.68,data/xeno_canto_indonesia/rubcuc1/XC120955.mp3,gallery
XC142181,rubcuc1,Cacomantis sepulcralis,Rusty-breasted Cuckoo,Feri Irawan,5.0,-8.7392,120.0129,data/xeno_canto_indonesia/rubcuc1/XC142181.mp3,gallery
XC143278,rubcuc1,Cacomantis sepulcralis,Rusty-breasted Cuckoo,Heru Cahyono,3.0,,,data/xeno_canto_indonesia/rubcuc1/XC143278.mp3,gallery
XC143546,rubcuc1,Cacomantis sepulcralis,Rusty-breasted Cuckoo,Heru Cahyono,3.0,,,data/xeno_canto_indonesia/rubcuc1/XC143546.mp3,gallery
XC145301,rubcuc1,Cacomantis sepulcralis,Rusty-breasted Cuckoo,Heru Cahyono,3.0,,,data/xeno_canto_indonesia/rubcuc1/XC145301.mp3,gallery
XC161687,rubcuc1,Cacomantis sepulcralis,Rusty-breasted Cuckoo,Frank Lambert,4.0,-6.5,107.3,data/xeno_canto_indonesia/rubcuc1/XC161687.mp3,gallery
XC166499,rubcuc1,Cacomantis sepulcralis,Rusty-breasted Cuckoo,Frank Lambert,5.0,-6.7414,107.0019,data/xeno_canto_indonesia/rubcuc1/XC166499.mp3,gallery
XC177912,rubcuc1,Cacomantis sepulcralis,Rusty-breasted Cuckoo,Johannes Fischer,2.0,0.2334,113.3689,data/xeno_canto_indonesia/rubcuc1/XC177912.mp3,gallery
XC203853,rubcuc1,Cacomantis sepulcralis,Rusty-breasted Cuckoo,Frank Lambert,5.0,-1.3256,120.3089,data/xeno_canto_indonesia/rubcuc1/XC203853.mp3,gallery
XC203855,rubcuc1,Cacomantis sepulcralis,Rusty-breasted Cuckoo,Frank Lambert,4.0,-1.3256,120.3089,data/xeno_canto_indonesia/rubcuc1/XC203855.mp3,gallery
XC206315,rubcuc1,Cacomantis sepulcralis,Rusty-breasted Cuckoo,Sidiq Pambudi,5.0,-7.1207,107.6053,data/xeno_canto_indonesia/rubcuc1/XC206315.mp3,gallery
XC255441,rubcuc1,Cacomantis sepulcralis,Rusty-breasted Cuckoo,Stijn Cooleman,4.0,-1.3184,120.3039,data/xeno_canto_indonesia/rubcuc1/XC255441.mp3,gallery
XC255442,rubcuc1,Cacomantis sepulcralis,Rusty-breasted Cuckoo,Stijn Cooleman,4.0,-1.3184,120.3039,data/xeno_canto_indonesia/rubcuc1/XC255442.mp3,gallery
XC286518,rubcuc1,Cacomantis sepulcralis,Rusty-breasted Cuckoo,Bas Van Balen,4.0,-7.2131,109.9142,data/xeno_canto_indonesia/rubcuc1/XC286518.mp3,gallery
XC331847,rubcuc1,Cacomantis sepulcralis,Rusty-breasted Cuckoo,Joseph Monkhouse,3.0,-5.1827,122.9108,data/xeno_canto_indonesia/rubcuc1/XC331847.mp3,gallery
XC389516,rubcuc1,Cacomantis sepulcralis,Rusty-breasted Cuckoo,Oscar Campbell,5.0,-8.8021,121.4971,data/xeno_canto_indonesia/rubcuc1/XC389516.mp3,gallery
XC437767,rubcuc1,Cacomantis sepulcralis,Rusty-breasted Cuckoo,Bruno Durand,4.0,-8.2719,115.1552,data/xeno_canto_indonesia/rubcuc1/XC437767.mp3,gallery
XC466305,rubcuc1,Cacomantis sepulcralis,Rusty-breasted Cuckoo,Matt Slaymaker,5.0,-5.1827,122.9108,data/xeno_canto_indonesia/rubcuc1/XC466305.mp3,gallery
XC468844,rubcuc1,Cacomantis sepulcralis,Rusty-breasted Cuckoo,Frank Lambert,5.0,-8.0849,114.2364,data/xeno_canto_indonesia/rubcuc1/XC468844.mp3,gallery
XC468845,rubcuc1,Cacomantis sepulcralis,Rusty-breasted Cuckoo,Frank Lambert,4.0,-8.0849,114.2364,data/xeno_canto_indonesia/rubcuc1/XC468845.mp3,gallery
XC528826,rubcuc1,Cacomantis sepulcralis,Rusty-breasted Cuckoo,Okamoto Keita Sin,5.0,-6.7407,107.0057,data/xeno_canto_indonesia/rubcuc1/XC528826.mp3,gallery
XC575535,rubcuc1,Cacomantis sepulcralis,Rusty-breasted Cuckoo,Okamoto Keita Sin,3.0,-6.746386,106.537563,data/xeno_canto_indonesia/rubcuc1/XC575535.mp3,gallery
XC596828,rubcuc1,Cacomantis sepulcralis,Rusty-breasted Cuckoo,Frank Lambert,5.0,-3.6825,121.2143,data/xeno_canto_indonesia/rubcuc1/XC596828.mp3,gallery
XC596829,rubcuc1,Cacomantis sepulcralis,Rusty-breasted Cuckoo,Frank Lambert,5.0,-3.6825,121.2143,data/xeno_canto_indonesia/rubcuc1/XC596829.mp3,gallery
XC596830,rubcuc1,Cacomantis sepulcralis,Rusty-breasted Cuckoo,Frank Lambert,5.0,-3.6825,121.2143,data/xeno_canto_indonesia/rubcuc1/XC596830.mp3,gallery
XC596831,rubcuc1,Cacomantis sepulcralis,Rusty-breasted Cuckoo,Frank Lambert,5.0,-3.6825,121.2143,data/xeno_canto_indonesia/rubcuc1/XC596831.mp3,gallery
XC596832,rubcuc1,Cacomantis sepulcralis,Rusty-breasted Cuckoo,Frank Lambert,5.0,-3.6825,121.2143,data/xeno_canto_indonesia/rubcuc1/XC596832.mp3,gallery
XC596833,rubcuc1,Cacomantis sepulcralis,Rusty-breasted Cuckoo,Frank Lambert,4.0,-3.6825,121.2143,data/xeno_canto_indonesia/rubcuc1/XC596833.mp3,gallery
XC596834,rubcuc1,Cacomantis sepulcralis,Rusty-breasted Cuckoo,Frank Lambert,5.0,-3.6825,121.2143,data/xeno_canto_indonesia/rubcuc1/XC596834.mp3,gallery
XC67794,rubcuc1,Cacomantis sepulcralis,Rusty-breasted Cuckoo,Frank Lambert,3.0,-6.5,107.3,data/xeno_canto_indonesia/rubcuc1/XC67794.mp3,gallery
XC67795,rubcuc1,Cacomantis sepulcralis,Rusty-breasted Cuckoo,Frank Lambert,4.0,-6.5,107.3,data/xeno_canto_indonesia/rubcuc1/XC67795.mp3,gallery
XC67796,rubcuc1,Cacomantis sepulcralis,Rusty-breasted Cuckoo,Frank Lambert,3.0,-6.5,107.3,data/xeno_canto_indonesia/rubcuc1/XC67796.mp3,gallery
XC67797,rubcuc1,Cacomantis sepulcralis,Rusty-breasted Cuckoo,Frank Lambert,4.0,-6.7598,106.9844,data/xeno_canto_indonesia/rubcuc1/XC67797.mp3,gallery
XC67798,rubcuc1,Cacomantis sepulcralis,Rusty-breasted Cuckoo,Frank Lambert,5.0,-6.5,107.3,data/xeno_canto_indonesia/rubcuc1/XC67798.mp3,gallery
XC67799,rubcuc1,Cacomantis sepulcralis,Rusty-breasted Cuckoo,Frank Lambert,4.0,-6.7,106.99,data/xeno_canto_indonesia/rubcuc1/XC67799.mp3,gallery
XC67800,rubcuc1,Cacomantis sepulcralis,Rusty-breasted Cuckoo,Frank Lambert,4.0,-6.7,106.99,data/xeno_canto_indonesia/rubcuc1/XC67800.mp3,gallery
XC67810,rubcuc1,Cacomantis sepulcralis,Rusty-breasted Cuckoo,Frank Lambert,5.0,-1.32,120.3,data/xeno_canto_indonesia/rubcuc1/XC67810.mp3,gallery
XC67811,rubcuc1,Cacomantis sepulcralis,Rusty-breasted Cuckoo,Frank Lambert,5.0,-1.32,120.3,data/xeno_canto_indonesia/rubcuc1/XC67811.mp3,gallery
XC737841,rubcuc1,Cacomantis sepulcralis,Rusty-breasted Cuckoo,Geoff Carey,5.0,-7.6273,111.1341,data/xeno_canto_indonesia/rubcuc1/XC737841.mp3,gallery
XC737842,rubcuc1,Cacomantis sepulcralis,Rusty-breasted Cuckoo,Geoff Carey,5.0,-7.6273,111.1341,data/xeno_canto_indonesia/rubcuc1/XC737842.mp3,gallery
XC88239,rubcuc1,Cacomantis sepulcralis,Rusty-breasted Cuckoo,Frank Lambert,5.0,-1.3256,120.3089,data/xeno_canto_indonesia/rubcuc1/XC88239.mp3,gallery
XC89636,rubcuc1,Cacomantis sepulcralis,Rusty-breasted Cuckoo,Frank Lambert,4.0,-0.4631,121.8103,data/xeno_canto_indonesia/rubcuc1/XC89636.mp3,gallery
XC90085,rubcuc1,Cacomantis sepulcralis,Rusty-breasted Cuckoo,Frank Lambert,4.0,-0.4409,121.8178,data/xeno_canto_indonesia/rubcuc1/XC90085.mp3,gallery
XC120964,savnig1,Caprimulgus affinis,Savanna Nightjar,Niels Poul Dreyer,4.0,0.5606,123.68,data/xeno_canto_indonesia/savnig1/XC120964.mp3,gallery
XC150446,savnig1,Caprimulgus affinis,Savanna Nightjar,Bruno Durand,4.0,-8.7319,115.2235,data/xeno_canto_indonesia/savnig1/XC150446.mp3,gallery
XC150980,savnig1,Caprimulgus affinis,Savanna Nightjar,Bruno Durand,4.0,-8.7947,115.2292,data/xeno_canto_indonesia/savnig1/XC150980.mp3,gallery
XC152644,savnig1,Caprimulgus affinis,Savanna Nightjar,Bruno Durand,5.0,-8.7319,115.2235,data/xeno_canto_indonesia/savnig1/XC152644.mp3,gallery
XC156491,savnig1,Caprimulgus affinis,Savanna Nightjar,Frank Lambert,4.0,-8.1646,127.6883,data/xeno_canto_indonesia/savnig1/XC156491.mp3,gallery
XC176580,savnig1,Caprimulgus affinis,Savanna Nightjar,Stijn Cooleman,4.0,-8.3925,124.1055,data/xeno_canto_indonesia/savnig1/XC176580.mp3,gallery
XC176586,savnig1,Caprimulgus affinis,Savanna Nightjar,Stijn Cooleman,3.0,-8.3925,124.1055,data/xeno_canto_indonesia/savnig1/XC176586.mp3,gallery
XC40064,savnig1,Caprimulgus affinis,Savanna Nightjar,Patrik Åberg,5.0,-8.7014,115.1742,data/xeno_canto_indonesia/savnig1/XC40064.mp3,gallery
XC42472,savnig1,Caprimulgus affinis,Savanna Nightjar,David Marques,5.0,-8.674,115.261,data/xeno_canto_indonesia/savnig1/XC42472.mp3,gallery
XC643733,savnig1,Caprimulgus affinis,Savanna Nightjar,George Sangster,4.0,-8.718,115.169,data/xeno_canto_indonesia/savnig1/XC643733.mp3,gallery
XC643735,savnig1,Caprimulgus affinis,Savanna Nightjar,George Sangster,4.0,-9.771,120.563,data/xeno_canto_indonesia/savnig1/XC643735.mp3,gallery
XC954966,savnig1,Caprimulgus affinis,Savanna Nightjar,Arjun Dutta,4.0,-8.6727,115.4696,data/xeno_canto_indonesia/savnig1/XC954966.mp3,gallery
XC954967,savnig1,Caprimulgus affinis,Savanna Nightjar,Arjun Dutta,3.0,-8.6727,115.4696,data/xeno_canto_indonesia/savnig1/XC954967.mp3,gallery
XC954968,savnig1,Caprimulgus affinis,Savanna Nightjar,Arjun Dutta,5.0,-8.6727,115.4696,data/xeno_canto_indonesia/savnig1/XC954968.mp3,gallery
XC954969,savnig1,Caprimulgus affinis,Savanna Nightjar,Arjun Dutta,3.0,-8.6727,115.4696,data/xeno_canto_indonesia/savnig1/XC954969.mp3,gallery
XC998788,savnig1,Caprimulgus affinis,Savanna Nightjar,Asman Adi Purwanto,3.0,-7.9745,110.2177,data/xeno_canto_indonesia/savnig1/XC998788.mp3,gallery
XC1003835,sohbul1,Pycnonotus aurigaster,Sooty-headed Bulbul,Lucas-Chen,3.0,-6.1782,106.8261,data/xeno_canto_indonesia/sohbul1/XC1003835.mp3,gallery
XC1029243,sohbul1,Pycnonotus aurigaster,Sooty-headed Bulbul,Kelle Moreau,4.0,-1.1608,136.1105,data/xeno_canto_indonesia/sohbul1/XC1029243.mp3,gallery
XC1059447,sohbul1,Pycnonotus aurigaster,Sooty-headed Bulbul,Lucas-Chen,4.0,-6.1053,106.7356,data/xeno_canto_indonesia/sohbul1/XC1059447.mp3,gallery
XC110294,sohbul1,Pycnonotus aurigaster,Sooty-headed Bulbul,Samuel Jones,3.0,-2.203,113.915,data/xeno_canto_indonesia/sohbul1/XC110294.mp3,gallery
XC153017,sohbul1,Pycnonotus aurigaster,Sooty-headed Bulbul,Bruno Durand,3.0,-8.7312,115.2357,data/xeno_canto_indonesia/sohbul1/XC153017.mp3,gallery
XC284505,sohbul1,Pycnonotus aurigaster,Sooty-headed Bulbul,Bruno Durand,4.0,-8.8253,115.2199,data/xeno_canto_indonesia/sohbul1/XC284505.mp3,gallery
XC285032,sohbul1,Pycnonotus aurigaster,Sooty-headed Bulbul,Bruno Durand,4.0,-8.7312,115.2357,data/xeno_canto_indonesia/sohbul1/XC285032.mp3,gallery
XC40066,sohbul1,Pycnonotus aurigaster,Sooty-headed Bulbul,Patrik Åberg,4.0,-8.7323,115.5342,data/xeno_canto_indonesia/sohbul1/XC40066.mp3,gallery
XC40696,sohbul1,Pycnonotus aurigaster,Sooty-headed Bulbul,Patrik Åberg,4.0,-1.0806,136.2906,data/xeno_canto_indonesia/sohbul1/XC40696.mp3,gallery
XC409901,sohbul1,Pycnonotus aurigaster,Sooty-headed Bulbul,Ross Gallardy,4.0,-10.0402,123.9349,data/xeno_canto_indonesia/sohbul1/XC409901.mp3,gallery
XC445216,sohbul1,Pycnonotus aurigaster,Sooty-headed Bulbul,Guido O. Keijl,3.0,-6.1054,106.7644,data/xeno_canto_indonesia/sohbul1/XC445216.mp3,gallery
XC445221,sohbul1,Pycnonotus aurigaster,Sooty-headed Bulbul,Guido O. Keijl,3.0,-6.1054,106.7644,data/xeno_canto_indonesia/sohbul1/XC445221.mp3,gallery
XC578381,sohbul1,Pycnonotus aurigaster,Sooty-headed Bulbul,Okamoto Keita Sin,3.0,-8.106569,114.241732,data/xeno_canto_indonesia/sohbul1/XC578381.mp3,gallery
XC598556,sohbul1,Pycnonotus aurigaster,Sooty-headed Bulbul,Frank Lambert,3.0,-3.642,121.0964,data/xeno_canto_indonesia/sohbul1/XC598556.mp3,gallery
XC617117,sohbul1,Pycnonotus aurigaster,Sooty-headed Bulbul,Ding Li Yong,3.0,-6.1139,106.767,data/xeno_canto_indonesia/sohbul1/XC617117.mp3,gallery
XC673480,sohbul1,Pycnonotus aurigaster,Sooty-headed Bulbul,Danni Setyawan,2.0,-6.3102,106.8083,data/xeno_canto_indonesia/sohbul1/XC673480.mp3,gallery
XC89307,sohbul1,Pycnonotus aurigaster,Sooty-headed Bulbul,Frank Lambert,4.0,-5.0178,119.68,data/xeno_canto_indonesia/sohbul1/XC89307.mp3,gallery
XC932943,sohbul1,Pycnonotus aurigaster,Sooty-headed Bulbul,Ding Li Yong,5.0,1.5555,124.8335,data/xeno_canto_indonesia/sohbul1/XC932943.mp3,gallery
XC954978,sohbul1,Pycnonotus aurigaster,Sooty-headed Bulbul,Arjun Dutta,5.0,-8.6792,115.4456,data/xeno_canto_indonesia/sohbul1/XC954978.mp3,gallery
XC145300,subwar1,Horornis vulcanius,Sunda Bush Warbler,Heru Cahyono,3.0,,,data/xeno_canto_indonesia/subwar1/XC145300.mp3,gallery
XC153479,subwar1,Horornis vulcanius,Sunda Bush Warbler,Frank Lambert,4.0,-8.2831,124.6388,data/xeno_canto_indonesia/subwar1/XC153479.mp3,gallery
XC154541,subwar1,Horornis vulcanius,Sunda Bush Warbler,Heru Cahyono,3.0,,,data/xeno_canto_indonesia/subwar1/XC154541.mp3,gallery
XC198574,subwar1,Horornis vulcanius,Sunda Bush Warbler,Sidiq Pambudi,4.0,-7.1793,107.4451,data/xeno_canto_indonesia/subwar1/XC198574.mp3,gallery
XC287770,subwar1,Horornis vulcanius,Sunda Bush Warbler,Bas Van Balen,4.0,-7.9773,113.5355,data/xeno_canto_indonesia/subwar1/XC287770.mp3,gallery
XC287816,subwar1,Horornis vulcanius,Sunda Bush Warbler,Bas Van Balen,4.0,-7.9773,113.5355,data/xeno_canto_indonesia/subwar1/XC287816.mp3,gallery
XC30756,subwar1,Horornis vulcanius,Sunda Bush Warbler,Frank Lambert,4.0,-6.715073,107.018166,data/xeno_canto_indonesia/subwar1/XC30756.mp3,gallery
XC38488,subwar1,Horornis vulcanius,Sunda Bush Warbler,Mike Catsis,3.0,,,data/xeno_canto_indonesia/subwar1/XC38488.mp3,gallery
XC410372,subwar1,Horornis vulcanius,Sunda Bush Warbler,Ross Gallardy,5.0,-8.0764,114.2235,data/xeno_canto_indonesia/subwar1/XC410372.mp3,gallery
XC410381,subwar1,Horornis vulcanius,Sunda Bush Warbler,Ross Gallardy,5.0,-8.0764,114.2235,data/xeno_canto_indonesia/subwar1/XC410381.mp3,gallery
XC468865,subwar1,Horornis vulcanius,Sunda Bush Warbler,Frank Lambert,5.0,-8.0849,114.2364,data/xeno_canto_indonesia/subwar1/XC468865.mp3,gallery
XC477169,subwar1,Horornis vulcanius,Sunda Bush Warbler,Matthew L. Brady,5.0,0.0799,99.978,data/xeno_canto_indonesia/subwar1/XC477169.mp3,gallery
XC67913,subwar1,Horornis vulcanius,Sunda Bush Warbler,Frank Lambert,4.0,-9.56,124.23,data/xeno_canto_indonesia/subwar1/XC67913.mp3,gallery
XC67916,subwar1,Horornis vulcanius,Sunda Bush Warbler,Frank Lambert,4.0,-9.56,124.23,data/xeno_canto_indonesia/subwar1/XC67916.mp3,gallery
XC67917,subwar1,Horornis vulcanius,Sunda Bush Warbler,Frank Lambert,4.0,-9.56,124.23,data/xeno_canto_indonesia/subwar1/XC67917.mp3,gallery
XC737850,subwar1,Horornis vulcanius,Sunda Bush Warbler,Geoff Carey,5.0,-7.6616,111.1849,data/xeno_canto_indonesia/subwar1/XC737850.mp3,gallery
XC737851,subwar1,Horornis vulcanius,Sunda Bush Warbler,Geoff Carey,5.0,-7.6616,111.1849,data/xeno_canto_indonesia/subwar1/XC737851.mp3,gallery
XC737852,subwar1,Horornis vulcanius,Sunda Bush Warbler,Geoff Carey,5.0,-7.6616,111.1849,data/xeno_canto_indonesia/subwar1/XC737852.mp3,gallery
XC737853,subwar1,Horornis vulcanius,Sunda Bush Warbler,Geoff Carey,5.0,-7.6616,111.1849,data/xeno_canto_indonesia/subwar1/XC737853.mp3,gallery
XC737854,subwar1,Horornis vulcanius,Sunda Bush Warbler,Geoff Carey,5.0,-7.6616,111.1849,data/xeno_canto_indonesia/subwar1/XC737854.mp3,gallery
XC737855,subwar1,Horornis vulcanius,Sunda Bush Warbler,Geoff Carey,5.0,-7.6616,111.1849,data/xeno_canto_indonesia/subwar1/XC737855.mp3,gallery
XC1048038,suncuc1,Cuculus lepidus,Sunda Cuckoo,Untung Sarmawi,3.0,-8.114,114.242,data/xeno_canto_indonesia/suncuc1/XC1048038.mp3,gallery
XC141809,suncuc1,Cuculus lepidus,Sunda Cuckoo,Frank Lambert,4.0,-6.7273,106.9711,data/xeno_canto_indonesia/suncuc1/XC141809.mp3,gallery
XC142179,suncuc1,Cuculus lepidus,Sunda Cuckoo,Feri Irawan,5.0,-8.7392,120.0129,data/xeno_canto_indonesia/suncuc1/XC142179.mp3,gallery
XC143544,suncuc1,Cuculus lepidus,Sunda Cuckoo,Heru Cahyono,2.0,,,data/xeno_canto_indonesia/suncuc1/XC143544.mp3,gallery
XC166500,suncuc1,Cuculus lepidus,Sunda Cuckoo,Frank Lambert,4.0,-8.3235,116.4012,data/xeno_canto_indonesia/suncuc1/XC166500.mp3,gallery
XC195591,suncuc1,Cuculus lepidus,Sunda Cuckoo,Marc Thibault,5.0,-1.7342,101.2512,data/xeno_canto_indonesia/suncuc1/XC195591.mp3,gallery
XC287965,suncuc1,Cuculus lepidus,Sunda Cuckoo,Bas Van Balen,4.0,-7.9504,113.6248,data/xeno_canto_indonesia/suncuc1/XC287965.mp3,gallery
XC289131,suncuc1,Cuculus lepidus,Sunda Cuckoo,Jacob Hervé,3.0,-8.6347,120.5599,data/xeno_canto_indonesia/suncuc1/XC289131.mp3,gallery
XC338746,suncuc1,Cuculus lepidus,Sunda Cuckoo,Bruno Durand,4.0,-8.2719,115.1552,data/xeno_canto_indonesia/suncuc1/XC338746.mp3,gallery
XC350526,suncuc1,Cuculus lepidus,Sunda Cuckoo,Raf Drijvers,4.0,-8.7689,121.8221,data/xeno_canto_indonesia/suncuc1/XC350526.mp3,gallery
XC350529,suncuc1,Cuculus lepidus,Sunda Cuckoo,Raf Drijvers,4.0,-8.7689,121.8221,data/xeno_canto_indonesia/suncuc1/XC350529.mp3,gallery
XC360726,suncuc1,Cuculus lepidus,Sunda Cuckoo,Bruno Durand,4.0,-8.2547,115.1743,data/xeno_canto_indonesia/suncuc1/XC360726.mp3,gallery
XC361000,suncuc1,Cuculus lepidus,Sunda Cuckoo,Bruno Durand,5.0,-8.2785,115.1534,data/xeno_canto_indonesia/suncuc1/XC361000.mp3,gallery
XC36872,suncuc1,Cuculus lepidus,Sunda Cuckoo,Bas Van Balen,4.0,-7.299,109.2205,data/xeno_canto_indonesia/suncuc1/XC36872.mp3,gallery
XC37944,suncuc1,Cuculus lepidus,Sunda Cuckoo,Matthias Feuersenger,4.0,-8.2785,115.1534,data/xeno_canto_indonesia/suncuc1/XC37944.mp3,gallery
XC389503,suncuc1,Cuculus lepidus,Sunda Cuckoo,Oscar Campbell,3.0,-8.6205,120.5195,data/xeno_canto_indonesia/suncuc1/XC389503.mp3,gallery
XC409754,suncuc1,Cuculus lepidus,Sunda Cuckoo,Bruno Durand,5.0,-8.2719,115.1552,data/xeno_canto_indonesia/suncuc1/XC409754.mp3,gallery
XC410383,suncuc1,Cuculus lepidus,Sunda Cuckoo,Ross Gallardy,5.0,-8.0764,114.2235,data/xeno_canto_indonesia/suncuc1/XC410383.mp3,gallery
XC410391,suncuc1,Cuculus lepidus,Sunda Cuckoo,Ross Gallardy,3.0,-8.6342,120.526,data/xeno_canto_indonesia/suncuc1/XC410391.mp3,gallery
XC468854,suncuc1,Cuculus lepidus,Sunda Cuckoo,Frank Lambert,4.0,-8.0849,114.2364,data/xeno_canto_indonesia/suncuc1/XC468854.mp3,gallery
XC68067,suncuc1,Cuculus lepidus,Sunda Cuckoo,Frank Lambert,5.0,-6.5,107.3,data/xeno_canto_indonesia/suncuc1/XC68067.mp3,gallery
XC68068,suncuc1,Cuculus lepidus,Sunda Cuckoo,Frank Lambert,4.0,-1.74,101.26,data/xeno_canto_indonesia/suncuc1/XC68068.mp3,gallery
XC71626,suncuc1,Cuculus lepidus,Sunda Cuckoo,Bas Van Balen,3.0,-6.7552,106.989,data/xeno_canto_indonesia/suncuc1/XC71626.mp3,gallery
XC141801,whbsho1,Brachypteryx montana,White-browed Shortwing,Frank Lambert,5.0,-6.7273,106.9711,data/xeno_canto_indonesia/whbsho1/XC141801.mp3,gallery
XC141802,whbsho1,Brachypteryx montana,White-browed Shortwing,Frank Lambert,5.0,-6.7273,106.9711,data/xeno_canto_indonesia/whbsho1/XC141802.mp3,gallery
XC141900,whbsho1,Brachypteryx montana,White-browed Shortwing,Frank Lambert,4.0,-6.7273,106.9711,data/xeno_canto_indonesia/whbsho1/XC141900.mp3,gallery
XC195596,whbsho1,Brachypteryx montana,White-browed Shortwing,Marc Thibault,5.0,-1.7342,101.2512,data/xeno_canto_indonesia/whbsho1/XC195596.mp3,gallery
XC206314,whbsho1,Brachypteryx montana,White-browed Shortwing,Sidiq Pambudi,5.0,-7.2989,107.7263,data/xeno_canto_indonesia/whbsho1/XC206314.mp3,gallery
XC284666,whbsho1,Brachypteryx montana,White-browed Shortwing,Bas Van Balen,5.0,-6.7013,106.9951,data/xeno_canto_indonesia/whbsho1/XC284666.mp3,gallery
XC294218,whbsho1,Brachypteryx montana,White-browed Shortwing,Stijn De Win,5.0,-8.636,120.5263,data/xeno_canto_indonesia/whbsho1/XC294218.mp3,gallery
XC409528,whbsho1,Brachypteryx montana,White-browed Shortwing,Frank Lambert,5.0,-1.7342,101.2512,data/xeno_canto_indonesia/whbsho1/XC409528.mp3,gallery
XC409530,whbsho1,Brachypteryx montana,White-browed Shortwing,Frank Lambert,3.0,-1.7342,101.2512,data/xeno_canto_indonesia/whbsho1/XC409530.mp3,gallery
XC410395,whbsho1,Brachypteryx montana,White-browed Shortwing,Ross Gallardy,5.0,-8.6342,120.526,data/xeno_canto_indonesia/whbsho1/XC410395.mp3,gallery
XC490247,whbsho1,Brachypteryx montana,White-browed Shortwing,Ross Gallardy,5.0,-6.7515,106.9898,data/xeno_canto_indonesia/whbsho1/XC490247.mp3,gallery
XC511158,whbsho1,Brachypteryx montana,White-browed Shortwing,Raphaël Jordan,5.0,-1.74,101.26,data/xeno_canto_indonesia/whbsho1/XC511158.mp3,gallery
XC576634,whbsho1,Brachypteryx montana,White-browed Shortwing,Okamoto Keita Sin,5.0,-6.7878,106.9819,data/xeno_canto_indonesia/whbsho1/XC576634.mp3,gallery
XC67742,whbsho1,Brachypteryx montana,White-browed Shortwing,Frank Lambert,4.0,-6.7,107.0,data/xeno_canto_indonesia/whbsho1/XC67742.mp3,gallery
XC67743,whbsho1,Brachypteryx montana,White-browed Shortwing,Frank Lambert,4.0,-6.7,107.0,data/xeno_canto_indonesia/whbsho1/XC67743.mp3,gallery
XC1098429,ashtai1,Orthotomus ruficeps,Ashy Tailorbird,Yasinchumaedi,5.0,2.9262,117.5281,data/xeno_canto_indonesia/ashtai1/XC1098429.mp3,query_clean
XC20097,ashtai1,Orthotomus ruficeps,Ashy Tailorbird,Sander Pieterse &Amp; Ben Wielstra,5.0,-1.3806,116.1306,data/xeno_canto_indonesia/ashtai1/XC20097.mp3,query_clean
XC20098,ashtai1,Orthotomus ruficeps,Ashy Tailorbird,Sander Pieterse &Amp; Ben Wielstra,3.0,-1.3806,116.1306,data/xeno_canto_indonesia/ashtai1/XC20098.mp3,query_clean
XC214420,ashtai1,Orthotomus ruficeps,Ashy Tailorbird,Paulo Alves,4.0,-6.0187,106.1947,data/xeno_canto_indonesia/ashtai1/XC214420.mp3,query_clean
XC236330,ashtai1,Orthotomus ruficeps,Ashy Tailorbird,Paulo Alves,4.0,-2.9955,114.3742,data/xeno_canto_indonesia/ashtai1/XC236330.mp3,query_clean
XC34503,ashtai1,Orthotomus ruficeps,Ashy Tailorbird,Tjalle Boorsma,4.0,-1.3806,116.1306,data/xeno_canto_indonesia/ashtai1/XC34503.mp3,query_clean
XC151815,colkin1,Todiramphus chloris,Collared Kingfisher,Mike Nelson,4.0,1.5675,125.1595,data/xeno_canto_indonesia/colkin1/XC151815.mp3,query_clean
XC152005,colkin1,Todiramphus chloris,Collared Kingfisher,Mike Nelson,4.0,0.5126,123.9109,data/xeno_canto_indonesia/colkin1/XC152005.mp3,query_clean
XC152203,colkin1,Todiramphus chloris,Collared Kingfisher,Mike Nelson,4.0,-1.0265,119.9483,data/xeno_canto_indonesia/colkin1/XC152203.mp3,query_clean
XC19639,colkin1,Todiramphus chloris,Collared Kingfisher,David Farrow,4.0,0.5606,123.68,data/xeno_canto_indonesia/colkin1/XC19639.mp3,query_clean
XC204535,colkin1,Todiramphus chloris,Collared Kingfisher,Mike Nelson,4.0,-7.098,120.6647,data/xeno_canto_indonesia/colkin1/XC204535.mp3,query_clean
XC204898,colkin1,Todiramphus chloris,Collared Kingfisher,Mike Nelson,4.0,-8.1646,127.6883,data/xeno_canto_indonesia/colkin1/XC204898.mp3,query_clean
XC205073,colkin1,Todiramphus chloris,Collared Kingfisher,Mike Nelson,4.0,-8.0105,131.0847,data/xeno_canto_indonesia/colkin1/XC205073.mp3,query_clean
XC205148,colkin1,Todiramphus chloris,Collared Kingfisher,Mike Nelson,4.0,-7.8679,131.2988,data/xeno_canto_indonesia/colkin1/XC205148.mp3,query_clean
XC217355,colkin1,Todiramphus chloris,Collared Kingfisher,Paulo Alves,4.0,-6.5998,106.7962,data/xeno_canto_indonesia/colkin1/XC217355.mp3,query_clean
XC293219,colkin1,Todiramphus chloris,Collared Kingfisher,Mike Nelson,4.0,0.5126,123.9109,data/xeno_canto_indonesia/colkin1/XC293219.mp3,query_clean
XC42618,colkin1,Todiramphus chloris,Collared Kingfisher,David Farrow,5.0,1.5106,125.195,data/xeno_canto_indonesia/colkin1/XC42618.mp3,query_clean
XC618710,colkin1,Todiramphus chloris,Collared Kingfisher,Teus Luijendijk,4.0,-6.7691,106.9792,data/xeno_canto_indonesia/colkin1/XC618710.mp3,query_clean
XC619809,colkin1,Todiramphus chloris,Collared Kingfisher,Teus Luijendijk,3.0,-6.7273,106.9711,data/xeno_canto_indonesia/colkin1/XC619809.mp3,query_clean
XC823277,colkin1,Todiramphus chloris,Collared Kingfisher,Greg Irving,4.0,0.7784,124.4009,data/xeno_canto_indonesia/colkin1/XC823277.mp3,query_clean
XC1082290,comior1,Aegithina tiphia,Common Iora,Kalvin Chan,3.0,-1.1322,100.3646,data/xeno_canto_indonesia/comior1/XC1082290.mp3,query_clean
XC214418,comior1,Aegithina tiphia,Common Iora,Paulo Alves,4.0,-6.0187,106.1947,data/xeno_canto_indonesia/comior1/XC214418.mp3,query_clean
XC236320,comior1,Aegithina tiphia,Common Iora,Paulo Alves,4.0,-2.9444,114.1861,data/xeno_canto_indonesia/comior1/XC236320.mp3,query_clean
XC243350,comior1,Aegithina tiphia,Common Iora,Mike Nelson,4.0,-4.9178,105.7489,data/xeno_canto_indonesia/comior1/XC243350.mp3,query_clean
XC618428,comior1,Aegithina tiphia,Common Iora,Teus Luijendijk,2.0,-6.2781,105.8537,data/xeno_canto_indonesia/comior1/XC618428.mp3,query_clean
XC90734,comior1,Aegithina tiphia,Common Iora,Fabian Ducry &Amp; David Marques,3.0,-6.2781,105.8537,data/xeno_canto_indonesia/comior1/XC90734.mp3,query_clean
XC204119,crseag1,Spilornis cheela,Crested Serpent Eagle,Mike Nelson,4.0,-6.7461,106.5182,data/xeno_canto_indonesia/crseag1/XC204119.mp3,query_clean
XC215378,crseag1,Spilornis cheela,Crested Serpent Eagle,Paulo Alves,4.0,-6.7515,106.9898,data/xeno_canto_indonesia/crseag1/XC215378.mp3,query_clean
XC241042,crseag1,Spilornis cheela,Crested Serpent Eagle,Paulo Alves,3.0,-6.7515,106.9898,data/xeno_canto_indonesia/crseag1/XC241042.mp3,query_clean
XC241631,crseag1,Spilornis cheela,Crested Serpent Eagle,Mike Nelson,4.0,-1.7342,101.2512,data/xeno_canto_indonesia/crseag1/XC241631.mp3,query_clean
XC242268,crseag1,Spilornis cheela,Crested Serpent Eagle,Mike Nelson,4.0,-2.0498,101.3073,data/xeno_canto_indonesia/crseag1/XC242268.mp3,query_clean
XC243351,crseag1,Spilornis cheela,Crested Serpent Eagle,Mike Nelson,4.0,-4.9178,105.7489,data/xeno_canto_indonesia/crseag1/XC243351.mp3,query_clean
XC245915,crseag1,Spilornis cheela,Crested Serpent Eagle,Paulo Alves,4.0,-6.3233,105.8357,data/xeno_canto_indonesia/crseag1/XC245915.mp3,query_clean
XC33419,crseag1,Spilornis cheela,Crested Serpent Eagle,Tjalle Boorsma,4.0,-1.1167,116.8167,data/xeno_canto_indonesia/crseag1/XC33419.mp3,query_clean
XC33420,crseag1,Spilornis cheela,Crested Serpent Eagle,Tjalle Boorsma,4.0,-1.1167,116.8167,data/xeno_canto_indonesia/crseag1/XC33420.mp3,query_clean
XC482238,crseag1,Spilornis cheela,Crested Serpent Eagle,Frank Rheindt,3.0,1.001,97.494,data/xeno_canto_indonesia/crseag1/XC482238.mp3,query_clean
XC482239,crseag1,Spilornis cheela,Crested Serpent Eagle,Frank Rheindt,4.0,1.001,97.494,data/xeno_canto_indonesia/crseag1/XC482239.mp3,query_clean
XC618811,crseag1,Spilornis cheela,Crested Serpent Eagle,Teus Luijendijk,3.0,-6.7691,106.9792,data/xeno_canto_indonesia/crseag1/XC618811.mp3,query_clean
XC965048,crseag1,Spilornis cheela,Crested Serpent Eagle,Daan Drukker,2.0,-1.7274,99.2248,data/xeno_canto_indonesia/crseag1/XC965048.mp3,query_clean
XC204130,ghcfly1,Culicicapa ceylonensis,Grey-headed Canary-flycatcher,Mike Nelson,4.0,-6.7461,106.5182,data/xeno_canto_indonesia/ghcfly1/XC204130.mp3,query_clean
XC204131,ghcfly1,Culicicapa ceylonensis,Grey-headed Canary-flycatcher,Mike Nelson,4.0,-6.7461,106.5182,data/xeno_canto_indonesia/ghcfly1/XC204131.mp3,query_clean
XC237544,ghcfly1,Culicicapa ceylonensis,Grey-headed Canary-flycatcher,Paulo Alves,4.0,-6.7465,106.5373,data/xeno_canto_indonesia/ghcfly1/XC237544.mp3,query_clean
XC241648,ghcfly1,Culicicapa ceylonensis,Grey-headed Canary-flycatcher,Mike Nelson,4.0,-1.7342,101.2512,data/xeno_canto_indonesia/ghcfly1/XC241648.mp3,query_clean
XC242468,ghcfly1,Culicicapa ceylonensis,Grey-headed Canary-flycatcher,Mike Nelson,4.0,-2.0498,101.3073,data/xeno_canto_indonesia/ghcfly1/XC242468.mp3,query_clean
XC242479,ghcfly1,Culicicapa ceylonensis,Grey-headed Canary-flycatcher,Mike Nelson,4.0,-2.0498,101.3073,data/xeno_canto_indonesia/ghcfly1/XC242479.mp3,query_clean
XC242486,ghcfly1,Culicicapa ceylonensis,Grey-headed Canary-flycatcher,Mike Nelson,4.0,-2.0498,101.3073,data/xeno_canto_indonesia/ghcfly1/XC242486.mp3,query_clean
XC292228,ghcfly1,Culicicapa ceylonensis,Grey-headed Canary-flycatcher,Mike Nelson,4.0,-9.7369,119.9381,data/xeno_canto_indonesia/ghcfly1/XC292228.mp3,query_clean
XC292229,ghcfly1,Culicicapa ceylonensis,Grey-headed Canary-flycatcher,Mike Nelson,4.0,-9.7369,119.9381,data/xeno_canto_indonesia/ghcfly1/XC292229.mp3,query_clean
XC292230,ghcfly1,Culicicapa ceylonensis,Grey-headed Canary-flycatcher,Mike Nelson,4.0,-9.7369,119.9381,data/xeno_canto_indonesia/ghcfly1/XC292230.mp3,query_clean
XC292378,ghcfly1,Culicicapa ceylonensis,Grey-headed Canary-flycatcher,Mike Nelson,4.0,-9.7369,119.9381,data/xeno_canto_indonesia/ghcfly1/XC292378.mp3,query_clean
XC34507,ghcfly1,Culicicapa ceylonensis,Grey-headed Canary-flycatcher,Tjalle Boorsma,3.0,-1.1167,116.8167,data/xeno_canto_indonesia/ghcfly1/XC34507.mp3,query_clean
XC40453,ghcfly1,Culicicapa ceylonensis,Grey-headed Canary-flycatcher,David Edwards,4.0,-6.6762,106.5164,data/xeno_canto_indonesia/ghcfly1/XC40453.mp3,query_clean
XC40454,ghcfly1,Culicicapa ceylonensis,Grey-headed Canary-flycatcher,David Edwards,4.0,-6.6762,106.5164,data/xeno_canto_indonesia/ghcfly1/XC40454.mp3,query_clean
XC151826,gpipig1,Ducula aenea,Green Imperial Pigeon,Mike Nelson,4.0,1.5675,125.1595,data/xeno_canto_indonesia/gpipig1/XC151826.mp3,query_clean
XC151828,gpipig1,Ducula aenea,Green Imperial Pigeon,Mike Nelson,3.0,1.5675,125.1595,data/xeno_canto_indonesia/gpipig1/XC151828.mp3,query_clean
XC19690,gpipig1,Ducula aenea,Green Imperial Pigeon,David Farrow,4.0,0.5606,123.68,data/xeno_canto_indonesia/gpipig1/XC19690.mp3,query_clean
XC20214,gpipig1,Ducula aenea,Green Imperial Pigeon,Sander Pieterse &Amp; Ben Wielstra,3.0,-1.3806,116.1306,data/xeno_canto_indonesia/gpipig1/XC20214.mp3,query_clean
XC203842,gpipig1,Ducula aenea,Green Imperial Pigeon,Mike Nelson,4.0,1.5675,125.1595,data/xeno_canto_indonesia/gpipig1/XC203842.mp3,query_clean
XC611790,gpipig1,Ducula aenea,Green Imperial Pigeon,Teus Luijendijk,3.0,1.562,125.173,data/xeno_canto_indonesia/gpipig1/XC611790.mp3,query_clean
XC612114,gpipig1,Ducula aenea,Green Imperial Pigeon,Teus Luijendijk,3.0,0.5606,123.68,data/xeno_canto_indonesia/gpipig1/XC612114.mp3,query_clean
XC820628,gpipig1,Ducula aenea,Green Imperial Pigeon,Greg Irving,3.0,1.562,125.173,data/xeno_canto_indonesia/gpipig1/XC820628.mp3,query_clean
XC820629,gpipig1,Ducula aenea,Green Imperial Pigeon,Greg Irving,3.0,1.562,125.173,data/xeno_canto_indonesia/gpipig1/XC820629.mp3,query_clean
XC820630,gpipig1,Ducula aenea,Green Imperial Pigeon,Greg Irving,3.0,1.562,125.173,data/xeno_canto_indonesia/gpipig1/XC820630.mp3,query_clean
XC820631,gpipig1,Ducula aenea,Green Imperial Pigeon,Greg Irving,4.0,1.562,125.173,data/xeno_canto_indonesia/gpipig1/XC820631.mp3,query_clean
XC1099352,hacdro1,Dicrurus hottentottus,Hair-crested Drongo,Yasinchumaedi,5.0,0.696,121.8333,data/xeno_canto_indonesia/hacdro1/XC1099352.mp3,query_clean
XC151837,hacdro1,Dicrurus hottentottus,Hair-crested Drongo,Mike Nelson,4.0,1.5675,125.1595,data/xeno_canto_indonesia/hacdro1/XC151837.mp3,query_clean
XC151838,hacdro1,Dicrurus hottentottus,Hair-crested Drongo,Mike Nelson,4.0,1.5675,125.1595,data/xeno_canto_indonesia/hacdro1/XC151838.mp3,query_clean
XC151839,hacdro1,Dicrurus hottentottus,Hair-crested Drongo,Mike Nelson,4.0,1.5675,125.1595,data/xeno_canto_indonesia/hacdro1/XC151839.mp3,query_clean
XC151985,hacdro1,Dicrurus hottentottus,Hair-crested Drongo,Mike Nelson,4.0,0.5442,123.9401,data/xeno_canto_indonesia/hacdro1/XC151985.mp3,query_clean
XC19721,hacdro1,Dicrurus hottentottus,Hair-crested Drongo,David Farrow,4.0,-1.32,120.3,data/xeno_canto_indonesia/hacdro1/XC19721.mp3,query_clean
XC203306,hacdro1,Dicrurus hottentottus,Hair-crested Drongo,Mike Nelson,3.0,-5.0268,119.7389,data/xeno_canto_indonesia/hacdro1/XC203306.mp3,query_clean
XC203637,hacdro1,Dicrurus hottentottus,Hair-crested Drongo,Mike Nelson,4.0,0.5442,123.9401,data/xeno_canto_indonesia/hacdro1/XC203637.mp3,query_clean
XC611793,hacdro1,Dicrurus hottentottus,Hair-crested Drongo,Teus Luijendijk,2.0,1.562,125.173,data/xeno_canto_indonesia/hacdro1/XC611793.mp3,query_clean
XC615530,hacdro1,Dicrurus hottentottus,Hair-crested Drongo,Teus Luijendijk,3.0,-1.5159,120.2301,data/xeno_canto_indonesia/hacdro1/XC615530.mp3,query_clean
XC823278,hacdro1,Dicrurus hottentottus,Hair-crested Drongo,Greg Irving,3.0,1.35,124.8664,data/xeno_canto_indonesia/hacdro1/XC823278.mp3,query_clean
XC823279,hacdro1,Dicrurus hottentottus,Hair-crested Drongo,Greg Irving,4.0,1.562,125.173,data/xeno_canto_indonesia/hacdro1/XC823279.mp3,query_clean
XC823280,hacdro1,Dicrurus hottentottus,Hair-crested Drongo,Greg Irving,5.0,1.562,125.173,data/xeno_canto_indonesia/hacdro1/XC823280.mp3,query_clean
XC825282,hacdro1,Dicrurus hottentottus,Hair-crested Drongo,Greg Irving,5.0,1.35,124.8664,data/xeno_canto_indonesia/hacdro1/XC825282.mp3,query_clean
XC825283,hacdro1,Dicrurus hottentottus,Hair-crested Drongo,Greg Irving,4.0,1.35,124.8664,data/xeno_canto_indonesia/hacdro1/XC825283.mp3,query_clean
XC1097813,hoopit1,Pitta sordida,Hooded Pitta,Yasinchumaedi,4.0,-0.6904,132.2134,data/xeno_canto_indonesia/hoopit1/XC1097813.mp3,query_clean
XC22089,hoopit1,Pitta sordida,Hooded Pitta,Sander Pieterse &Amp; Ben Wielstra,4.0,-1.3806,116.1306,data/xeno_canto_indonesia/hoopit1/XC22089.mp3,query_clean
XC23126,hoopit1,Pitta sordida,Hooded Pitta,George Wagner,4.0,-1.0806,136.2906,data/xeno_canto_indonesia/hoopit1/XC23126.mp3,query_clean
XC23268,hoopit1,Pitta sordida,Hooded Pitta,George Wagner,5.0,-0.8959,130.6678,data/xeno_canto_indonesia/hoopit1/XC23268.mp3,query_clean
XC33651,hoopit1,Pitta sordida,Hooded Pitta,Tjalle Boorsma,4.0,-1.3806,116.1306,data/xeno_canto_indonesia/hoopit1/XC33651.mp3,query_clean
XC33652,hoopit1,Pitta sordida,Hooded Pitta,Tjalle Boorsma,4.0,-1.3806,116.1306,data/xeno_canto_indonesia/hoopit1/XC33652.mp3,query_clean
XC681136,hoopit1,Pitta sordida,Hooded Pitta,Mike Nelson,4.0,-4.9178,105.7489,data/xeno_canto_indonesia/hoopit1/XC681136.mp3,query_clean
XC681137,hoopit1,Pitta sordida,Hooded Pitta,Mike Nelson,4.0,-4.9178,105.7489,data/xeno_canto_indonesia/hoopit1/XC681137.mp3,query_clean
XC835488,hoopit1,Pitta sordida,Hooded Pitta,Richard Payne,1.0,-1.1167,116.8167,data/xeno_canto_indonesia/hoopit1/XC835488.mp3,query_clean
XC197381,horbab1,Malacocincla sepiaria,Horsfield's Babbler,Paulo Alves,4.0,-6.7515,106.9898,data/xeno_canto_indonesia/horbab1/XC197381.mp3,query_clean
XC204059,horbab1,Malacocincla sepiaria,Horsfield's Babbler,Mike Nelson,4.0,-6.2781,105.8537,data/xeno_canto_indonesia/horbab1/XC204059.mp3,query_clean
XC204060,horbab1,Malacocincla sepiaria,Horsfield's Babbler,Mike Nelson,5.0,-6.2781,105.8537,data/xeno_canto_indonesia/horbab1/XC204060.mp3,query_clean
XC204061,horbab1,Malacocincla sepiaria,Horsfield's Babbler,Mike Nelson,5.0,-6.2781,105.8537,data/xeno_canto_indonesia/horbab1/XC204061.mp3,query_clean
XC204132,horbab1,Malacocincla sepiaria,Horsfield's Babbler,Mike Nelson,4.0,-6.7461,106.5182,data/xeno_canto_indonesia/horbab1/XC204132.mp3,query_clean
XC214643,horbab1,Malacocincla sepiaria,Horsfield's Babbler,Paulo Alves,4.0,-6.5902,106.9137,data/xeno_canto_indonesia/horbab1/XC214643.mp3,query_clean
XC242623,horbab1,Malacocincla sepiaria,Horsfield's Babbler,Mike Nelson,4.0,-2.0498,101.3073,data/xeno_canto_indonesia/horbab1/XC242623.mp3,query_clean
XC34476,horbab1,Malacocincla sepiaria,Horsfield's Babbler,Tjalle Boorsma,5.0,-1.1167,116.8167,data/xeno_canto_indonesia/horbab1/XC34476.mp3,query_clean
XC34477,horbab1,Malacocincla sepiaria,Horsfield's Babbler,Tjalle Boorsma,3.0,-1.1167,116.8167,data/xeno_canto_indonesia/horbab1/XC34477.mp3,query_clean
XC40438,horbab1,Malacocincla sepiaria,Horsfield's Babbler,David Edwards,4.0,-6.727348,106.97113,data/xeno_canto_indonesia/horbab1/XC40438.mp3,query_clean
XC618419,horbab1,Malacocincla sepiaria,Horsfield's Babbler,Teus Luijendijk,5.0,-6.2781,105.8537,data/xeno_canto_indonesia/horbab1/XC618419.mp3,query_clean
XC618420,horbab1,Malacocincla sepiaria,Horsfield's Babbler,Teus Luijendijk,5.0,-6.2781,105.8537,data/xeno_canto_indonesia/horbab1/XC618420.mp3,query_clean
XC618421,horbab1,Malacocincla sepiaria,Horsfield's Babbler,Teus Luijendijk,5.0,-6.2781,105.8537,data/xeno_canto_indonesia/horbab1/XC618421.mp3,query_clean
XC618423,horbab1,Malacocincla sepiaria,Horsfield's Babbler,Teus Luijendijk,5.0,-6.2781,105.8537,data/xeno_canto_indonesia/horbab1/XC618423.mp3,query_clean
XC691490,horbab1,Malacocincla sepiaria,Horsfield's Babbler,Mike Nelson,4.0,-6.6762,106.5164,data/xeno_canto_indonesia/horbab1/XC691490.mp3,query_clean
XC70206,horbab1,Malacocincla sepiaria,Horsfield's Babbler,David Gibbs,5.0,-6.2781,105.8537,data/xeno_canto_indonesia/horbab1/XC70206.mp3,query_clean
XC791737,horbab1,Malacocincla sepiaria,Horsfield's Babbler,Chi-Hsuan Shao,4.0,-6.2878,105.8402,data/xeno_canto_indonesia/horbab1/XC791737.mp3,query_clean
XC804471,horbab1,Malacocincla sepiaria,Horsfield's Babbler,D. Septa,5.0,-6.6237,106.8615,data/xeno_canto_indonesia/horbab1/XC804471.mp3,query_clean
XC90717,horbab1,Malacocincla sepiaria,Horsfield's Babbler,Fabian Ducry &Amp; David Marques,5.0,-6.7514788116479,106.9897899629,data/xeno_canto_indonesia/horbab1/XC90717.mp3,query_clean
XC90720,horbab1,Malacocincla sepiaria,Horsfield's Babbler,Fabian Ducry &Amp; David Marques,5.0,-6.751479,106.98979,data/xeno_canto_indonesia/horbab1/XC90720.mp3,query_clean
XC90727,horbab1,Malacocincla sepiaria,Horsfield's Babbler,Fabian Ducry &Amp; David Marques,5.0,-6.2781,105.8537,data/xeno_canto_indonesia/horbab1/XC90727.mp3,query_clean
XC90930,horbab1,Malacocincla sepiaria,Horsfield's Babbler,Fabian Ducry &Amp; David Marques,5.0,-4.9667,103.8501,data/xeno_canto_indonesia/horbab1/XC90930.mp3,query_clean
XC90931,horbab1,Malacocincla sepiaria,Horsfield's Babbler,Fabian Ducry &Amp; David Marques,5.0,-4.9667,103.8501,data/xeno_canto_indonesia/horbab1/XC90931.mp3,query_clean
XC151699,latnig1,Caprimulgus macrurus,Large-tailed Nightjar,Mike Nelson,3.0,0.4218,127.9019,data/xeno_canto_indonesia/latnig1/XC151699.mp3,query_clean
XC204788,latnig1,Caprimulgus macrurus,Large-tailed Nightjar,Mike Nelson,4.0,-7.7072,126.2796,data/xeno_canto_indonesia/latnig1/XC204788.mp3,query_clean
XC204789,latnig1,Caprimulgus macrurus,Large-tailed Nightjar,Mike Nelson,4.0,-7.7072,126.2796,data/xeno_canto_indonesia/latnig1/XC204789.mp3,query_clean
XC243369,latnig1,Caprimulgus macrurus,Large-tailed Nightjar,Mike Nelson,3.0,-4.9178,105.7489,data/xeno_canto_indonesia/latnig1/XC243369.mp3,query_clean
XC245918,latnig1,Caprimulgus macrurus,Large-tailed Nightjar,Paulo Alves,4.0,-6.3233,105.8357,data/xeno_canto_indonesia/latnig1/XC245918.mp3,query_clean
XC42291,latnig1,Caprimulgus macrurus,Large-tailed Nightjar,George Wagner,3.0,-3.1345,126.2356,data/xeno_canto_indonesia/latnig1/XC42291.mp3,query_clean
XC612584,latnig1,Caprimulgus macrurus,Large-tailed Nightjar,Teus Luijendijk,4.0,0.9281,127.5623,data/xeno_canto_indonesia/latnig1/XC612584.mp3,query_clean
XC612586,latnig1,Caprimulgus macrurus,Large-tailed Nightjar,Teus Luijendijk,2.0,0.9281,127.5623,data/xeno_canto_indonesia/latnig1/XC612586.mp3,query_clean
XC691494,latnig1,Caprimulgus macrurus,Large-tailed Nightjar,Mike Nelson,4.0,-6.2781,105.8537,data/xeno_canto_indonesia/latnig1/XC691494.mp3,query_clean
XC103157,lessho1,Brachypteryx leucophris,Lesser Shortwing,Colin Trainor,4.0,-8.292,124.7214,data/xeno_canto_indonesia/lessho1/XC103157.mp3,query_clean
XC105149,lessho1,Brachypteryx leucophris,Lesser Shortwing,Colin Trainor,5.0,-8.292,124.7214,data/xeno_canto_indonesia/lessho1/XC105149.mp3,query_clean
XC105844,lessho1,Brachypteryx leucophris,Lesser Shortwing,Colin Trainor,4.0,-8.292,124.7214,data/xeno_canto_indonesia/lessho1/XC105844.mp3,query_clean
XC105845,lessho1,Brachypteryx leucophris,Lesser Shortwing,Colin Trainor,4.0,-8.292,124.7214,data/xeno_canto_indonesia/lessho1/XC105845.mp3,query_clean
XC204137,lessho1,Brachypteryx leucophris,Lesser Shortwing,Mike Nelson,4.0,-6.7461,106.5182,data/xeno_canto_indonesia/lessho1/XC204137.mp3,query_clean
XC204302,lessho1,Brachypteryx leucophris,Lesser Shortwing,Mike Nelson,4.0,-6.7273,106.9711,data/xeno_canto_indonesia/lessho1/XC204302.mp3,query_clean
XC214638,lessho1,Brachypteryx leucophris,Lesser Shortwing,Paulo Alves,4.0,-6.7515,106.9898,data/xeno_canto_indonesia/lessho1/XC214638.mp3,query_clean
XC215395,lessho1,Brachypteryx leucophris,Lesser Shortwing,Paulo Alves,3.0,-6.7515,106.9898,data/xeno_canto_indonesia/lessho1/XC215395.mp3,query_clean
XC227068,lessho1,Brachypteryx leucophris,Lesser Shortwing,Paulo Alves,4.0,-6.7515,106.9898,data/xeno_canto_indonesia/lessho1/XC227068.mp3,query_clean
XC241654,lessho1,Brachypteryx leucophris,Lesser Shortwing,Mike Nelson,4.0,-1.7342,101.2512,data/xeno_canto_indonesia/lessho1/XC241654.mp3,query_clean
XC241656,lessho1,Brachypteryx leucophris,Lesser Shortwing,Mike Nelson,4.0,-1.7342,101.2512,data/xeno_canto_indonesia/lessho1/XC241656.mp3,query_clean
XC241658,lessho1,Brachypteryx leucophris,Lesser Shortwing,Mike Nelson,4.0,-1.7342,101.2512,data/xeno_canto_indonesia/lessho1/XC241658.mp3,query_clean
XC241660,lessho1,Brachypteryx leucophris,Lesser Shortwing,Mike Nelson,4.0,-1.7342,101.2512,data/xeno_canto_indonesia/lessho1/XC241660.mp3,query_clean
XC242624,lessho1,Brachypteryx leucophris,Lesser Shortwing,Mike Nelson,4.0,-2.0498,101.3073,data/xeno_canto_indonesia/lessho1/XC242624.mp3,query_clean
XC391063,lessho1,Brachypteryx leucophris,Lesser Shortwing,Irene Dy,4.0,-1.74,101.26,data/xeno_canto_indonesia/lessho1/XC391063.mp3,query_clean
XC40471,lessho1,Brachypteryx leucophris,Lesser Shortwing,David Edwards,4.0,-6.6762,106.5164,data/xeno_canto_indonesia/lessho1/XC40471.mp3,query_clean
XC618708,lessho1,Brachypteryx leucophris,Lesser Shortwing,Teus Luijendijk,3.0,-6.7691,106.9792,data/xeno_canto_indonesia/lessho1/XC618708.mp3,query_clean
XC619422,lessho1,Brachypteryx leucophris,Lesser Shortwing,Teus Luijendijk,3.0,-6.7273,106.9711,data/xeno_canto_indonesia/lessho1/XC619422.mp3,query_clean
XC681095,lessho1,Brachypteryx leucophris,Lesser Shortwing,Mike Nelson,4.0,-6.7273,106.9711,data/xeno_canto_indonesia/lessho1/XC681095.mp3,query_clean
XC797774,lessho1,Brachypteryx leucophris,Lesser Shortwing,Chi-Hsuan Shao,2.0,-6.7414,107.0019,data/xeno_canto_indonesia/lessho1/XC797774.mp3,query_clean
XC810954,lessho1,Brachypteryx leucophris,Lesser Shortwing,D. Septa,5.0,-6.7295,106.9525,data/xeno_canto_indonesia/lessho1/XC810954.mp3,query_clean
XC819517,lessho1,Brachypteryx leucophris,Lesser Shortwing,D. Septa,5.0,-6.7295,106.9525,data/xeno_canto_indonesia/lessho1/XC819517.mp3,query_clean
XC90802,lessho1,Brachypteryx leucophris,Lesser Shortwing,Fabian Ducry &Amp; David Marques,4.0,-1.7342,101.2512,data/xeno_canto_indonesia/lessho1/XC90802.mp3,query_clean
XC152076,moutai1,Phyllergates cucullatus,Mountain Tailorbird,Mike Nelson,4.0,1.35,124.8664,data/xeno_canto_indonesia/moutai1/XC152076.mp3,query_clean
XC152077,moutai1,Phyllergates cucullatus,Mountain Tailorbird,Mike Nelson,4.0,1.35,124.8664,data/xeno_canto_indonesia/moutai1/XC152077.mp3,query_clean
XC152078,moutai1,Phyllergates cucullatus,Mountain Tailorbird,Mike Nelson,4.0,1.35,124.8664,data/xeno_canto_indonesia/moutai1/XC152078.mp3,query_clean
XC152134,moutai1,Phyllergates cucullatus,Mountain Tailorbird,Mike Nelson,4.0,-1.5159,120.2301,data/xeno_canto_indonesia/moutai1/XC152134.mp3,query_clean
XC152137,moutai1,Phyllergates cucullatus,Mountain Tailorbird,Mike Nelson,4.0,-1.5159,120.2301,data/xeno_canto_indonesia/moutai1/XC152137.mp3,query_clean
XC152138,moutai1,Phyllergates cucullatus,Mountain Tailorbird,Mike Nelson,4.0,-1.5159,120.2301,data/xeno_canto_indonesia/moutai1/XC152138.mp3,query_clean
XC152139,moutai1,Phyllergates cucullatus,Mountain Tailorbird,Mike Nelson,4.0,-1.5159,120.2301,data/xeno_canto_indonesia/moutai1/XC152139.mp3,query_clean
XC152140,moutai1,Phyllergates cucullatus,Mountain Tailorbird,Mike Nelson,4.0,-1.5159,120.2301,data/xeno_canto_indonesia/moutai1/XC152140.mp3,query_clean
XC152141,moutai1,Phyllergates cucullatus,Mountain Tailorbird,Mike Nelson,4.0,-1.5159,120.2301,data/xeno_canto_indonesia/moutai1/XC152141.mp3,query_clean
XC152142,moutai1,Phyllergates cucullatus,Mountain Tailorbird,Mike Nelson,4.0,-1.5159,120.2301,data/xeno_canto_indonesia/moutai1/XC152142.mp3,query_clean
XC152143,moutai1,Phyllergates cucullatus,Mountain Tailorbird,Mike Nelson,3.0,-1.5159,120.2301,data/xeno_canto_indonesia/moutai1/XC152143.mp3,query_clean
XC203353,moutai1,Phyllergates cucullatus,Mountain Tailorbird,Mike Nelson,3.0,-1.5159,120.2301,data/xeno_canto_indonesia/moutai1/XC203353.mp3,query_clean
XC203355,moutai1,Phyllergates cucullatus,Mountain Tailorbird,Mike Nelson,4.0,-1.5159,120.2301,data/xeno_canto_indonesia/moutai1/XC203355.mp3,query_clean
XC203358,moutai1,Phyllergates cucullatus,Mountain Tailorbird,Mike Nelson,4.0,-1.5159,120.2301,data/xeno_canto_indonesia/moutai1/XC203358.mp3,query_clean
XC203360,moutai1,Phyllergates cucullatus,Mountain Tailorbird,Mike Nelson,4.0,-1.5159,120.2301,data/xeno_canto_indonesia/moutai1/XC203360.mp3,query_clean
XC204312,moutai1,Phyllergates cucullatus,Mountain Tailorbird,Mike Nelson,3.0,-6.7273,106.9711,data/xeno_canto_indonesia/moutai1/XC204312.mp3,query_clean
XC210756,moutai1,Phyllergates cucullatus,Mountain Tailorbird,Paulo Alves,2.0,-6.7515,106.9898,data/xeno_canto_indonesia/moutai1/XC210756.mp3,query_clean
XC227687,moutai1,Phyllergates cucullatus,Mountain Tailorbird,Paulo Alves,2.0,-6.7515,106.9898,data/xeno_canto_indonesia/moutai1/XC227687.mp3,query_clean
XC241672,moutai1,Phyllergates cucullatus,Mountain Tailorbird,Mike Nelson,4.0,-1.7342,101.2512,data/xeno_canto_indonesia/moutai1/XC241672.mp3,query_clean
XC241673,moutai1,Phyllergates cucullatus,Mountain Tailorbird,Mike Nelson,4.0,-1.7342,101.2512,data/xeno_canto_indonesia/moutai1/XC241673.mp3,query_clean
XC241674,moutai1,Phyllergates cucullatus,Mountain Tailorbird,Mike Nelson,2.0,-1.7342,101.2512,data/xeno_canto_indonesia/moutai1/XC241674.mp3,query_clean
XC292569,moutai1,Phyllergates cucullatus,Mountain Tailorbird,Mike Nelson,3.0,-8.6148,120.5801,data/xeno_canto_indonesia/moutai1/XC292569.mp3,query_clean
XC42373,moutai1,Phyllergates cucullatus,Mountain Tailorbird,George Wagner,5.0,-8.0739,114.2237,data/xeno_canto_indonesia/moutai1/XC42373.mp3,query_clean
XC615441,moutai1,Phyllergates cucullatus,Mountain Tailorbird,Teus Luijendijk,3.0,-1.5159,120.2301,data/xeno_canto_indonesia/moutai1/XC615441.mp3,query_clean
XC615522,moutai1,Phyllergates cucullatus,Mountain Tailorbird,Teus Luijendijk,3.0,-1.3184,120.3039,data/xeno_canto_indonesia/moutai1/XC615522.mp3,query_clean
XC619807,moutai1,Phyllergates cucullatus,Mountain Tailorbird,Teus Luijendijk,3.0,-6.7273,106.9711,data/xeno_canto_indonesia/moutai1/XC619807.mp3,query_clean
XC619808,moutai1,Phyllergates cucullatus,Mountain Tailorbird,Teus Luijendijk,3.0,-6.7273,106.9711,data/xeno_canto_indonesia/moutai1/XC619808.mp3,query_clean
XC681405,moutai1,Phyllergates cucullatus,Mountain Tailorbird,Mike Nelson,3.0,-1.7342,101.2512,data/xeno_canto_indonesia/moutai1/XC681405.mp3,query_clean
XC687359,moutai1,Phyllergates cucullatus,Mountain Tailorbird,Mike Nelson,4.0,-5.2686,119.877,data/xeno_canto_indonesia/moutai1/XC687359.mp3,query_clean
XC70231,moutai1,Phyllergates cucullatus,Mountain Tailorbird,David Gibbs,4.0,-6.727348,106.97113,data/xeno_canto_indonesia/moutai1/XC70231.mp3,query_clean
XC70234,moutai1,Phyllergates cucullatus,Mountain Tailorbird,David Gibbs,4.0,-1.3214,120.3009,data/xeno_canto_indonesia/moutai1/XC70234.mp3,query_clean
XC820627,moutai1,Phyllergates cucullatus,Mountain Tailorbird,Greg Irving,4.0,1.35,124.8664,data/xeno_canto_indonesia/moutai1/XC820627.mp3,query_clean
XC823483,moutai1,Phyllergates cucullatus,Mountain Tailorbird,Greg Irving,4.0,1.35,124.8664,data/xeno_canto_indonesia/moutai1/XC823483.mp3,query_clean
XC823484,moutai1,Phyllergates cucullatus,Mountain Tailorbird,Greg Irving,4.0,1.35,124.8664,data/xeno_canto_indonesia/moutai1/XC823484.mp3,query_clean
XC823486,moutai1,Phyllergates cucullatus,Mountain Tailorbird,Greg Irving,5.0,1.35,124.8664,data/xeno_canto_indonesia/moutai1/XC823486.mp3,query_clean
XC823687,moutai1,Phyllergates cucullatus,Mountain Tailorbird,Greg Irving,4.0,0.7769,124.3939,data/xeno_canto_indonesia/moutai1/XC823687.mp3,query_clean
XC823688,moutai1,Phyllergates cucullatus,Mountain Tailorbird,Greg Irving,5.0,0.7769,124.3939,data/xeno_canto_indonesia/moutai1/XC823688.mp3,query_clean
XC825291,moutai1,Phyllergates cucullatus,Mountain Tailorbird,Greg Irving,4.0,1.35,124.8664,data/xeno_canto_indonesia/moutai1/XC825291.mp3,query_clean
XC151662,olbsun1,Cinnyris jugularis,Olive-backed Sunbird,Mike Nelson,4.0,0.4218,127.9019,data/xeno_canto_indonesia/olbsun1/XC151662.mp3,query_clean
XC151845,olbsun1,Cinnyris jugularis,Olive-backed Sunbird,Mike Nelson,4.0,1.5675,125.1595,data/xeno_canto_indonesia/olbsun1/XC151845.mp3,query_clean
XC152034,olbsun1,Cinnyris jugularis,Olive-backed Sunbird,Mike Nelson,4.0,0.6512,124.2202,data/xeno_canto_indonesia/olbsun1/XC152034.mp3,query_clean
XC204547,olbsun1,Cinnyris jugularis,Olive-backed Sunbird,Mike Nelson,4.0,-7.098,120.6647,data/xeno_canto_indonesia/olbsun1/XC204547.mp3,query_clean
XC204548,olbsun1,Cinnyris jugularis,Olive-backed Sunbird,Mike Nelson,4.0,-7.098,120.6647,data/xeno_canto_indonesia/olbsun1/XC204548.mp3,query_clean
XC204551,olbsun1,Cinnyris jugularis,Olive-backed Sunbird,Mike Nelson,4.0,-7.098,120.6647,data/xeno_canto_indonesia/olbsun1/XC204551.mp3,query_clean
XC204552,olbsun1,Cinnyris jugularis,Olive-backed Sunbird,Mike Nelson,4.0,-7.098,120.6647,data/xeno_canto_indonesia/olbsun1/XC204552.mp3,query_clean
XC611791,olbsun1,Cinnyris jugularis,Olive-backed Sunbird,Teus Luijendijk,2.0,1.562,125.173,data/xeno_canto_indonesia/olbsun1/XC611791.mp3,query_clean
XC823476,olbsun1,Cinnyris jugularis,Olive-backed Sunbird,Greg Irving,3.0,1.562,125.173,data/xeno_canto_indonesia/olbsun1/XC823476.mp3,query_clean
XC1082253,pygcup1,Pnoepyga pusilla,Pygmy Cupwing,Kalvin Chan,5.0,-1.7099,101.3891,data/xeno_canto_indonesia/pygcup1/XC1082253.mp3,query_clean
XC178456,pygcup1,Pnoepyga pusilla,Pygmy Cupwing,Lau Jia Sheng,2.0,,,data/xeno_canto_indonesia/pygcup1/XC178456.mp3,query_clean
XC204140,pygcup1,Pnoepyga pusilla,Pygmy Cupwing,Mike Nelson,4.0,-6.7461,106.5182,data/xeno_canto_indonesia/pygcup1/XC204140.mp3,query_clean
XC204314,pygcup1,Pnoepyga pusilla,Pygmy Cupwing,Mike Nelson,4.0,-6.7273,106.9711,data/xeno_canto_indonesia/pygcup1/XC204314.mp3,query_clean
XC215396,pygcup1,Pnoepyga pusilla,Pygmy Cupwing,Paulo Alves,4.0,-6.7515,106.9898,data/xeno_canto_indonesia/pygcup1/XC215396.mp3,query_clean
XC215398,pygcup1,Pnoepyga pusilla,Pygmy Cupwing,Paulo Alves,4.0,-6.7419,107.0079,data/xeno_canto_indonesia/pygcup1/XC215398.mp3,query_clean
XC237120,pygcup1,Pnoepyga pusilla,Pygmy Cupwing,Paulo Alves,4.0,-6.7515,106.9898,data/xeno_canto_indonesia/pygcup1/XC237120.mp3,query_clean
XC241681,pygcup1,Pnoepyga pusilla,Pygmy Cupwing,Mike Nelson,4.0,-1.7342,101.2512,data/xeno_canto_indonesia/pygcup1/XC241681.mp3,query_clean
XC241682,pygcup1,Pnoepyga pusilla,Pygmy Cupwing,Mike Nelson,4.0,-1.7342,101.2512,data/xeno_canto_indonesia/pygcup1/XC241682.mp3,query_clean
XC241683,pygcup1,Pnoepyga pusilla,Pygmy Cupwing,Mike Nelson,4.0,-1.7342,101.2512,data/xeno_canto_indonesia/pygcup1/XC241683.mp3,query_clean
XC241685,pygcup1,Pnoepyga pusilla,Pygmy Cupwing,Mike Nelson,4.0,-1.7342,101.2512,data/xeno_canto_indonesia/pygcup1/XC241685.mp3,query_clean
XC242633,pygcup1,Pnoepyga pusilla,Pygmy Cupwing,Mike Nelson,4.0,-2.0498,101.3073,data/xeno_canto_indonesia/pygcup1/XC242633.mp3,query_clean
XC292408,pygcup1,Pnoepyga pusilla,Pygmy Cupwing,Mike Nelson,4.0,-9.5667,124.2334,data/xeno_canto_indonesia/pygcup1/XC292408.mp3,query_clean
XC292409,pygcup1,Pnoepyga pusilla,Pygmy Cupwing,Mike Nelson,4.0,-9.5667,124.2334,data/xeno_canto_indonesia/pygcup1/XC292409.mp3,query_clean
XC292523,pygcup1,Pnoepyga pusilla,Pygmy Cupwing,Mike Nelson,4.0,-8.692,120.449,data/xeno_canto_indonesia/pygcup1/XC292523.mp3,query_clean
XC292531,pygcup1,Pnoepyga pusilla,Pygmy Cupwing,Mike Nelson,4.0,-8.692,120.449,data/xeno_canto_indonesia/pygcup1/XC292531.mp3,query_clean
XC42265,pygcup1,Pnoepyga pusilla,Pygmy Cupwing,George Wagner,5.0,-6.727348,106.97113,data/xeno_canto_indonesia/pygcup1/XC42265.mp3,query_clean
XC618714,pygcup1,Pnoepyga pusilla,Pygmy Cupwing,Teus Luijendijk,2.0,-6.7691,106.9792,data/xeno_canto_indonesia/pygcup1/XC618714.mp3,query_clean
XC618740,pygcup1,Pnoepyga pusilla,Pygmy Cupwing,Teus Luijendijk,3.0,-6.7691,106.9792,data/xeno_canto_indonesia/pygcup1/XC618740.mp3,query_clean
XC681096,pygcup1,Pnoepyga pusilla,Pygmy Cupwing,Mike Nelson,4.0,-6.7273,106.9711,data/xeno_canto_indonesia/pygcup1/XC681096.mp3,query_clean
XC691485,pygcup1,Pnoepyga pusilla,Pygmy Cupwing,Mike Nelson,4.0,-6.774,106.9775,data/xeno_canto_indonesia/pygcup1/XC691485.mp3,query_clean
XC70243,pygcup1,Pnoepyga pusilla,Pygmy Cupwing,David Gibbs,4.0,-6.727348,106.97113,data/xeno_canto_indonesia/pygcup1/XC70243.mp3,query_clean
XC70295,pygcup1,Pnoepyga pusilla,Pygmy Cupwing,David Gibbs,4.0,-1.7401,101.2601,data/xeno_canto_indonesia/pygcup1/XC70295.mp3,query_clean
XC791743,pygcup1,Pnoepyga pusilla,Pygmy Cupwing,Chi-Hsuan Shao,4.0,-6.7515,106.9898,data/xeno_canto_indonesia/pygcup1/XC791743.mp3,query_clean
XC810950,pygcup1,Pnoepyga pusilla,Pygmy Cupwing,D. Septa,5.0,-6.7295,106.9525,data/xeno_canto_indonesia/pygcup1/XC810950.mp3,query_clean
XC90919,pygcup1,Pnoepyga pusilla,Pygmy Cupwing,Fabian Ducry &Amp; David Marques,4.0,-4.9667,103.8501,data/xeno_canto_indonesia/pygcup1/XC90919.mp3,query_clean
XC90936,pygcup1,Pnoepyga pusilla,Pygmy Cupwing,Fabian Ducry &Amp; David Marques,4.0,-4.9667,103.8501,data/xeno_canto_indonesia/pygcup1/XC90936.mp3,query_clean
XC963404,pygcup1,Pnoepyga pusilla,Pygmy Cupwing,Daan Drukker,4.0,-1.7385,101.2599,data/xeno_canto_indonesia/pygcup1/XC963404.mp3,query_clean
XC105141,rubcuc1,Cacomantis sepulcralis,Rusty-breasted Cuckoo,Colin Trainor,5.0,-8.292,124.7214,data/xeno_canto_indonesia/rubcuc1/XC105141.mp3,query_clean
XC105144,rubcuc1,Cacomantis sepulcralis,Rusty-breasted Cuckoo,Colin Trainor,4.0,-8.292,124.7214,data/xeno_canto_indonesia/rubcuc1/XC105144.mp3,query_clean
XC151989,rubcuc1,Cacomantis sepulcralis,Rusty-breasted Cuckoo,Mike Nelson,4.0,0.5442,123.9401,data/xeno_canto_indonesia/rubcuc1/XC151989.mp3,query_clean
XC151990,rubcuc1,Cacomantis sepulcralis,Rusty-breasted Cuckoo,Mike Nelson,4.0,0.5442,123.9401,data/xeno_canto_indonesia/rubcuc1/XC151990.mp3,query_clean
XC151991,rubcuc1,Cacomantis sepulcralis,Rusty-breasted Cuckoo,Mike Nelson,4.0,0.5442,123.9401,data/xeno_canto_indonesia/rubcuc1/XC151991.mp3,query_clean
XC151992,rubcuc1,Cacomantis sepulcralis,Rusty-breasted Cuckoo,Mike Nelson,4.0,0.5442,123.9401,data/xeno_canto_indonesia/rubcuc1/XC151992.mp3,query_clean
XC151993,rubcuc1,Cacomantis sepulcralis,Rusty-breasted Cuckoo,Mike Nelson,4.0,0.5442,123.9401,data/xeno_canto_indonesia/rubcuc1/XC151993.mp3,query_clean
XC152159,rubcuc1,Cacomantis sepulcralis,Rusty-breasted Cuckoo,Mike Nelson,5.0,-1.5159,120.2301,data/xeno_canto_indonesia/rubcuc1/XC152159.mp3,query_clean
XC152160,rubcuc1,Cacomantis sepulcralis,Rusty-breasted Cuckoo,Mike Nelson,4.0,-1.5159,120.2301,data/xeno_canto_indonesia/rubcuc1/XC152160.mp3,query_clean
XC152167,rubcuc1,Cacomantis sepulcralis,Rusty-breasted Cuckoo,Mike Nelson,4.0,-1.5159,120.2301,data/xeno_canto_indonesia/rubcuc1/XC152167.mp3,query_clean
XC19846,rubcuc1,Cacomantis sepulcralis,Rusty-breasted Cuckoo,David Farrow,5.0,-1.5159,120.2301,data/xeno_canto_indonesia/rubcuc1/XC19846.mp3,query_clean
XC203369,rubcuc1,Cacomantis sepulcralis,Rusty-breasted Cuckoo,Mike Nelson,4.0,-1.5159,120.2301,data/xeno_canto_indonesia/rubcuc1/XC203369.mp3,query_clean
XC203526,rubcuc1,Cacomantis sepulcralis,Rusty-breasted Cuckoo,Mike Nelson,4.0,0.458,123.989,data/xeno_canto_indonesia/rubcuc1/XC203526.mp3,query_clean
XC203527,rubcuc1,Cacomantis sepulcralis,Rusty-breasted Cuckoo,Mike Nelson,4.0,0.458,123.989,data/xeno_canto_indonesia/rubcuc1/XC203527.mp3,query_clean
XC212365,rubcuc1,Cacomantis sepulcralis,Rusty-breasted Cuckoo,Jakub Vlcek,3.0,-6.723,107.0248,data/xeno_canto_indonesia/rubcuc1/XC212365.mp3,query_clean
XC215400,rubcuc1,Cacomantis sepulcralis,Rusty-breasted Cuckoo,Paulo Alves,5.0,-6.7515,106.9898,data/xeno_canto_indonesia/rubcuc1/XC215400.mp3,query_clean
XC215401,rubcuc1,Cacomantis sepulcralis,Rusty-breasted Cuckoo,Paulo Alves,5.0,-6.7515,106.9898,data/xeno_canto_indonesia/rubcuc1/XC215401.mp3,query_clean
XC242640,rubcuc1,Cacomantis sepulcralis,Rusty-breasted Cuckoo,Mike Nelson,4.0,-2.0498,101.3073,data/xeno_canto_indonesia/rubcuc1/XC242640.mp3,query_clean
XC246121,rubcuc1,Cacomantis sepulcralis,Rusty-breasted Cuckoo,Paulo Alves,5.0,-6.7515,106.9898,data/xeno_canto_indonesia/rubcuc1/XC246121.mp3,query_clean
XC292567,rubcuc1,Cacomantis sepulcralis,Rusty-breasted Cuckoo,Mike Nelson,4.0,-8.642,120.5592,data/xeno_canto_indonesia/rubcuc1/XC292567.mp3,query_clean
XC40242,rubcuc1,Cacomantis sepulcralis,Rusty-breasted Cuckoo,Frank Rheindt,4.0,-5.3389,119.9251,data/xeno_canto_indonesia/rubcuc1/XC40242.mp3,query_clean
XC40243,rubcuc1,Cacomantis sepulcralis,Rusty-breasted Cuckoo,Frank Rheindt,5.0,-5.3389,119.9251,data/xeno_canto_indonesia/rubcuc1/XC40243.mp3,query_clean
XC618464,rubcuc1,Cacomantis sepulcralis,Rusty-breasted Cuckoo,Teus Luijendijk,3.0,-6.2781,105.8537,data/xeno_canto_indonesia/rubcuc1/XC618464.mp3,query_clean
XC619810,rubcuc1,Cacomantis sepulcralis,Rusty-breasted Cuckoo,Teus Luijendijk,5.0,-6.7273,106.9711,data/xeno_canto_indonesia/rubcuc1/XC619810.mp3,query_clean
XC687365,rubcuc1,Cacomantis sepulcralis,Rusty-breasted Cuckoo,Mike Nelson,4.0,-1.5159,120.2301,data/xeno_canto_indonesia/rubcuc1/XC687365.mp3,query_clean
XC69936,rubcuc1,Cacomantis sepulcralis,Rusty-breasted Cuckoo,David Gibbs,4.0,0.5667,123.9026,data/xeno_canto_indonesia/rubcuc1/XC69936.mp3,query_clean
XC820624,rubcuc1,Cacomantis sepulcralis,Rusty-breasted Cuckoo,Greg Irving,5.0,1.35,124.8664,data/xeno_canto_indonesia/rubcuc1/XC820624.mp3,query_clean
XC1098971,savnig1,Caprimulgus affinis,Savanna Nightjar,Yasinchumaedi,4.0,-6.3102,106.8083,data/xeno_canto_indonesia/savnig1/XC1098971.mp3,query_clean
XC204922,savnig1,Caprimulgus affinis,Savanna Nightjar,Mike Nelson,4.0,-8.1646,127.6883,data/xeno_canto_indonesia/savnig1/XC204922.mp3,query_clean
XC236333,savnig1,Caprimulgus affinis,Savanna Nightjar,Paulo Alves,4.0,-2.9955,114.3742,data/xeno_canto_indonesia/savnig1/XC236333.mp3,query_clean
XC292326,savnig1,Caprimulgus affinis,Savanna Nightjar,Mike Nelson,4.0,-10.5634,123.3257,data/xeno_canto_indonesia/savnig1/XC292326.mp3,query_clean
XC317621,savnig1,Caprimulgus affinis,Savanna Nightjar,Justin Rayboun,4.0,-7.7136,110.0078,data/xeno_canto_indonesia/savnig1/XC317621.mp3,query_clean
XC543657,savnig1,Caprimulgus affinis,Savanna Nightjar,Kim Liljehult,4.0,1.5642,99.2653,data/xeno_canto_indonesia/savnig1/XC543657.mp3,query_clean
XC1099331,sohbul1,Pycnonotus aurigaster,Sooty-headed Bulbul,Yasinchumaedi,2.0,-6.3102,106.8083,data/xeno_canto_indonesia/sohbul1/XC1099331.mp3,query_clean
XC1175920,sohbul1,Pycnonotus aurigaster,Sooty-headed Bulbul,Yasinchumaedi,4.0,-6.3037,106.7815,data/xeno_canto_indonesia/sohbul1/XC1175920.mp3,query_clean
XC151862,sohbul1,Pycnonotus aurigaster,Sooty-headed Bulbul,Mike Nelson,3.0,1.5675,125.1595,data/xeno_canto_indonesia/sohbul1/XC151862.mp3,query_clean
XC19858,sohbul1,Pycnonotus aurigaster,Sooty-headed Bulbul,David Farrow,3.0,1.4834,124.8473,data/xeno_canto_indonesia/sohbul1/XC19858.mp3,query_clean
XC204142,sohbul1,Pycnonotus aurigaster,Sooty-headed Bulbul,Mike Nelson,3.0,-6.7461,106.5182,data/xeno_canto_indonesia/sohbul1/XC204142.mp3,query_clean
XC233697,sohbul1,Pycnonotus aurigaster,Sooty-headed Bulbul,Paulo Alves,3.0,-6.5998,106.7962,data/xeno_canto_indonesia/sohbul1/XC233697.mp3,query_clean
XC236318,sohbul1,Pycnonotus aurigaster,Sooty-headed Bulbul,Paulo Alves,3.0,-2.9955,114.3742,data/xeno_canto_indonesia/sohbul1/XC236318.mp3,query_clean
XC482292,sohbul1,Pycnonotus aurigaster,Sooty-headed Bulbul,Tom Squires,3.0,-8.1647,114.4386,data/xeno_canto_indonesia/sohbul1/XC482292.mp3,query_clean
XC823084,sohbul1,Pycnonotus aurigaster,Sooty-headed Bulbul,Greg Irving,4.0,0.7784,124.4009,data/xeno_canto_indonesia/sohbul1/XC823084.mp3,query_clean
XC823085,sohbul1,Pycnonotus aurigaster,Sooty-headed Bulbul,Greg Irving,4.0,1.562,125.173,data/xeno_canto_indonesia/sohbul1/XC823085.mp3,query_clean
XC823878,sohbul1,Pycnonotus aurigaster,Sooty-headed Bulbul,Greg Irving,5.0,0.7784,124.4009,data/xeno_canto_indonesia/sohbul1/XC823878.mp3,query_clean
XC241731,subwar1,Horornis vulcanius,Sunda Bush Warbler,Mike Nelson,4.0,-1.7342,101.2512,data/xeno_canto_indonesia/subwar1/XC241731.mp3,query_clean
XC241732,subwar1,Horornis vulcanius,Sunda Bush Warbler,Mike Nelson,4.0,-1.7342,101.2512,data/xeno_canto_indonesia/subwar1/XC241732.mp3,query_clean
XC241734,subwar1,Horornis vulcanius,Sunda Bush Warbler,Mike Nelson,4.0,-1.7342,101.2512,data/xeno_canto_indonesia/subwar1/XC241734.mp3,query_clean
XC241735,subwar1,Horornis vulcanius,Sunda Bush Warbler,Mike Nelson,4.0,-1.7342,101.2512,data/xeno_canto_indonesia/subwar1/XC241735.mp3,query_clean
XC241736,subwar1,Horornis vulcanius,Sunda Bush Warbler,Mike Nelson,4.0,-1.7342,101.2512,data/xeno_canto_indonesia/subwar1/XC241736.mp3,query_clean
XC256655,subwar1,Horornis vulcanius,Sunda Bush Warbler,Paulo Alves,5.0,-6.7013,106.9951,data/xeno_canto_indonesia/subwar1/XC256655.mp3,query_clean
XC263337,subwar1,Horornis vulcanius,Sunda Bush Warbler,Paulo Alves,3.0,-7.2042,110.3381,data/xeno_canto_indonesia/subwar1/XC263337.mp3,query_clean
XC292337,subwar1,Horornis vulcanius,Sunda Bush Warbler,Mike Nelson,4.0,-10.0608,123.9118,data/xeno_canto_indonesia/subwar1/XC292337.mp3,query_clean
XC58384,subwar1,Horornis vulcanius,Sunda Bush Warbler,Richard Thomas,3.0,-6.7273,106.9712,data/xeno_canto_indonesia/subwar1/XC58384.mp3,query_clean
XC618724,subwar1,Horornis vulcanius,Sunda Bush Warbler,Teus Luijendijk,5.0,-6.7691,106.9792,data/xeno_canto_indonesia/subwar1/XC618724.mp3,query_clean
XC618791,subwar1,Horornis vulcanius,Sunda Bush Warbler,Teus Luijendijk,5.0,-6.7691,106.9792,data/xeno_canto_indonesia/subwar1/XC618791.mp3,query_clean
XC70225,subwar1,Horornis vulcanius,Sunda Bush Warbler,David Gibbs,3.0,-6.727348,106.97113,data/xeno_canto_indonesia/subwar1/XC70225.mp3,query_clean
XC70336,subwar1,Horornis vulcanius,Sunda Bush Warbler,David Gibbs,3.0,-1.7401,101.2601,data/xeno_canto_indonesia/subwar1/XC70336.mp3,query_clean
XC963452,subwar1,Horornis vulcanius,Sunda Bush Warbler,Daan Drukker,4.0,-1.729,101.2623,data/xeno_canto_indonesia/subwar1/XC963452.mp3,query_clean
XC204329,suncuc1,Cuculus lepidus,Sunda Cuckoo,Mike Nelson,4.0,-6.7273,106.9711,data/xeno_canto_indonesia/suncuc1/XC204329.mp3,query_clean
XC215404,suncuc1,Cuculus lepidus,Sunda Cuckoo,Paulo Alves,3.0,-6.7515,106.9898,data/xeno_canto_indonesia/suncuc1/XC215404.mp3,query_clean
XC227096,suncuc1,Cuculus lepidus,Sunda Cuckoo,Paulo Alves,5.0,-6.7515,106.9898,data/xeno_canto_indonesia/suncuc1/XC227096.mp3,query_clean
XC237110,suncuc1,Cuculus lepidus,Sunda Cuckoo,Paulo Alves,5.0,-6.7515,106.9898,data/xeno_canto_indonesia/suncuc1/XC237110.mp3,query_clean
XC237111,suncuc1,Cuculus lepidus,Sunda Cuckoo,Paulo Alves,4.0,-6.7515,106.9898,data/xeno_canto_indonesia/suncuc1/XC237111.mp3,query_clean
XC237112,suncuc1,Cuculus lepidus,Sunda Cuckoo,Paulo Alves,4.0,-6.7515,106.9898,data/xeno_canto_indonesia/suncuc1/XC237112.mp3,query_clean
XC241737,suncuc1,Cuculus lepidus,Sunda Cuckoo,Mike Nelson,3.0,-1.7342,101.2512,data/xeno_canto_indonesia/suncuc1/XC241737.mp3,query_clean
XC292571,suncuc1,Cuculus lepidus,Sunda Cuckoo,Mike Nelson,4.0,-8.6148,120.5801,data/xeno_canto_indonesia/suncuc1/XC292571.mp3,query_clean
XC618722,suncuc1,Cuculus lepidus,Sunda Cuckoo,Teus Luijendijk,4.0,-6.7691,106.9792,data/xeno_canto_indonesia/suncuc1/XC618722.mp3,query_clean
XC618806,suncuc1,Cuculus lepidus,Sunda Cuckoo,Teus Luijendijk,4.0,-6.7691,106.9792,data/xeno_canto_indonesia/suncuc1/XC618806.mp3,query_clean
XC619425,suncuc1,Cuculus lepidus,Sunda Cuckoo,Teus Luijendijk,4.0,-6.7273,106.9711,data/xeno_canto_indonesia/suncuc1/XC619425.mp3,query_clean
XC70236,suncuc1,Cuculus lepidus,Sunda Cuckoo,David Gibbs,4.0,-6.7273,106.9712,data/xeno_canto_indonesia/suncuc1/XC70236.mp3,query_clean
XC90714,suncuc1,Cuculus lepidus,Sunda Cuckoo,Fabian Ducry &Amp; David Marques,4.0,,,data/xeno_canto_indonesia/suncuc1/XC90714.mp3,query_clean
XC204332,whbsho1,Brachypteryx montana,White-browed Shortwing,Mike Nelson,4.0,-6.7273,106.9711,data/xeno_canto_indonesia/whbsho1/XC204332.mp3,query_clean
XC204333,whbsho1,Brachypteryx montana,White-browed Shortwing,Mike Nelson,4.0,-6.7273,106.9711,data/xeno_canto_indonesia/whbsho1/XC204333.mp3,query_clean
XC204334,whbsho1,Brachypteryx montana,White-browed Shortwing,Mike Nelson,5.0,-6.7273,106.9711,data/xeno_canto_indonesia/whbsho1/XC204334.mp3,query_clean
XC227646,whbsho1,Brachypteryx montana,White-browed Shortwing,Paulo Alves,3.0,-6.7515,106.9898,data/xeno_canto_indonesia/whbsho1/XC227646.mp3,query_clean
XC241723,whbsho1,Brachypteryx montana,White-browed Shortwing,Mike Nelson,4.0,-1.7342,101.2512,data/xeno_canto_indonesia/whbsho1/XC241723.mp3,query_clean
XC241724,whbsho1,Brachypteryx montana,White-browed Shortwing,Mike Nelson,3.0,-1.7342,101.2512,data/xeno_canto_indonesia/whbsho1/XC241724.mp3,query_clean
XC241725,whbsho1,Brachypteryx montana,White-browed Shortwing,Mike Nelson,4.0,-1.7342,101.2512,data/xeno_canto_indonesia/whbsho1/XC241725.mp3,query_clean
XC241726,whbsho1,Brachypteryx montana,White-browed Shortwing,Mike Nelson,4.0,-1.7342,101.2512,data/xeno_canto_indonesia/whbsho1/XC241726.mp3,query_clean
XC391045,whbsho1,Brachypteryx montana,White-browed Shortwing,Irene Dy,5.0,-1.74,101.26,data/xeno_canto_indonesia/whbsho1/XC391045.mp3,query_clean
XC56929,whbsho1,Brachypteryx montana,White-browed Shortwing,Fabian Ducry &Amp; David Marques,5.0,-1.7342,101.2512,data/xeno_canto_indonesia/whbsho1/XC56929.mp3,query_clean
XC58377,whbsho1,Brachypteryx montana,White-browed Shortwing,Richard Thomas,3.0,-6.7273,106.9712,data/xeno_canto_indonesia/whbsho1/XC58377.mp3,query_clean
XC58379,whbsho1,Brachypteryx montana,White-browed Shortwing,Richard Thomas,4.0,-6.7273,106.9712,data/xeno_canto_indonesia/whbsho1/XC58379.mp3,query_clean
XC618731,whbsho1,Brachypteryx montana,White-browed Shortwing,Teus Luijendijk,4.0,-6.7691,106.9792,data/xeno_canto_indonesia/whbsho1/XC618731.mp3,query_clean
XC618795,whbsho1,Brachypteryx montana,White-browed Shortwing,Teus Luijendijk,4.0,-6.7691,106.9792,data/xeno_canto_indonesia/whbsho1/XC618795.mp3,query_clean
XC681090,whbsho1,Brachypteryx montana,White-browed Shortwing,Mike Nelson,5.0,-6.7273,106.9711,data/xeno_canto_indonesia/whbsho1/XC681090.mp3,query_clean
XC681091,whbsho1,Brachypteryx montana,White-browed Shortwing,Mike Nelson,5.0,-6.7273,106.9711,data/xeno_canto_indonesia/whbsho1/XC681091.mp3,query_clean
XC70338,whbsho1,Brachypteryx montana,White-browed Shortwing,David Gibbs,4.0,-6.7273,106.9712,data/xeno_canto_indonesia/whbsho1/XC70338.mp3,query_clean
XC70339,whbsho1,Brachypteryx montana,White-browed Shortwing,David Gibbs,4.0,-6.7273,106.9712,data/xeno_canto_indonesia/whbsho1/XC70339.mp3,query_clean
XC70340,whbsho1,Brachypteryx montana,White-browed Shortwing,David Gibbs,3.0,-1.7401,101.2601,data/xeno_canto_indonesia/whbsho1/XC70340.mp3,query_clean
XC791748,whbsho1,Brachypteryx montana,White-browed Shortwing,Chi-Hsuan Shao,3.0,-6.7691,106.9792,data/xeno_canto_indonesia/whbsho1/XC791748.mp3,query_clean
XC90803,whbsho1,Brachypteryx montana,White-browed Shortwing,Fabian Ducry &Amp; David Marques,5.0,-1.7342,101.2512,data/xeno_canto_indonesia/whbsho1/XC90803.mp3,query_clean
