recording_id,species_key,scientific_name,author,file_path,status,http_code,bytes,sha256,duration_sec,sr_native,is_decodable,error_msg
XC1003648,ashtai1,Orthotomus ruficeps,Lucas-Chen,data/xeno_canto_indonesia/ashtai1/XC1003648.mp3,SUCCESS,200.0,13646242,e09aeb848d78deb376b944f8d6c60cef0bbf8612450c31dc7b3ab6d012b7fd56,35.54,48000,True,
XC1098429,ashtai1,Orthotomus ruficeps,Yasinchumaedi,data/xeno_canto_indonesia/ashtai1/XC1098429.mp3,SUCCESS,200.0,646270,db23ace02b82dde0519c3d3a14de6b746f5c43b6e9d263c0121dcd0521abbe52,26.87,44100,True,
XC1157504,ashtai1,Orthotomus ruficeps,Indra Kusuma,data/xeno_canto_indonesia/ashtai1/XC1157504.mp3,SUCCESS,200.0,5294132,c8ebb58cc018ff2b5bb532cd5fc2e60879e9d97eb2f48185d10fe3a80d620586,30.01,44100,True,
XC20097,ashtai1,Orthotomus ruficeps,Sander Pieterse &Amp; Ben Wielstra,data/xeno_canto_indonesia/ashtai1/XC20097.mp3,SUCCESS,200.0,317508,6d299544661235e996e1b9a9566b323dc1a2f0176437d015404a3877601a1e5e,39.08,44100,True,
XC20098,ashtai1,Orthotomus ruficeps,Sander Pieterse &Amp; Ben Wielstra,data/xeno_canto_indonesia/ashtai1/XC20098.mp3,SUCCESS,200.0,151733,a4e2afa7218ff20983143fd8b1bed32425c8c6d62da3266e2b720510683d13eb,18.36,44100,True,
XC208014,ashtai1,Orthotomus ruficeps,Frank Lambert,data/xeno_canto_indonesia/ashtai1/XC208014.mp3,SUCCESS,200.0,1473814,e1558925a06a2073c5ff60125cf77185bcf6aec4525914bb8d2fcea34e4cb81a,36.73,44100,True,
XC208015,ashtai1,Orthotomus ruficeps,Frank Lambert,data/xeno_canto_indonesia/ashtai1/XC208015.mp3,SUCCESS,200.0,1542816,a3b31268d0ecebfe0e2006cedd62bf55df2beee4dd98001fa5882bf425f784e8,38.45,44100,True,
XC214420,ashtai1,Orthotomus ruficeps,Paulo Alves,data/xeno_canto_indonesia/ashtai1/XC214420.mp3,SUCCESS,200.0,33974,5c8616295afde762670fbe09d6b86c97cef2f50feaf47edf0de8eb37a3484e9f,1.77,44100,True,
XC236330,ashtai1,Orthotomus ruficeps,Paulo Alves,data/xeno_canto_indonesia/ashtai1/XC236330.mp3,SUCCESS,200.0,58188,7fe8e8a868d5977ad1246e564f24947336b59b38d1d2a4303d0643a2a9a75fd4,3.29,44100,True,
XC34503,ashtai1,Orthotomus ruficeps,Tjalle Boorsma,data/xeno_canto_indonesia/ashtai1/XC34503.mp3,SUCCESS,200.0,294458,9918eedde4e19f42523444b53abbe1cab28def59f52e89a60ffb704543b9138e,18.1,44100,True,
XC431487,ashtai1,Orthotomus ruficeps,Brian Cox,data/xeno_canto_indonesia/ashtai1/XC431487.mp3,SUCCESS,200.0,171148,c21ab84a11e681835e18f5e9a3d3a826b468660e01c53ba69a96ec6008a258c4,9.51,22050,True,
XC431497,ashtai1,Orthotomus ruficeps,Brian Cox,data/xeno_canto_indonesia/ashtai1/XC431497.mp3,SUCCESS,200.0,777621,73d6b66d9209771a31bf7454a498dd9b72f6cfd05a667142b990d2d2485bf11e,43.22,22050,True,
XC431498,ashtai1,Orthotomus ruficeps,Brian Cox,data/xeno_canto_indonesia/ashtai1/XC431498.mp3,SUCCESS,200.0,406148,298a2f2c2ff6fd6758d33e5184bb39370c4fe4a77a895251f94a8f86d6aa3cb2,22.57,22050,True,
XC431741,ashtai1,Orthotomus ruficeps,Oscar Johnson,data/xeno_canto_indonesia/ashtai1/XC431741.mp3,SUCCESS,200.0,1747905,253b512b09f15caa380b18e383e6fb7ccc4d68ee787e5cf0d006e3725d070243,134.05,48000,True,
XC473999,ashtai1,Orthotomus ruficeps,Matthew L. Brady,data/xeno_canto_indonesia/ashtai1/XC473999.mp3,SUCCESS,200.0,726101,5e21044eb6196bc05d283e4f2fdd45f078b1017f321e33e4b3ed17591f26ed84,58.59,44100,True,
XC498822,ashtai1,Orthotomus ruficeps,Frank Lambert,data/xeno_canto_indonesia/ashtai1/XC498822.mp3,SUCCESS,200.0,3522876,0366860937956cfdffc68e12ce6e215b8cccec0087339bc8ab6f8b71737e23ee,87.95,44100,True,
XC498823,ashtai1,Orthotomus ruficeps,Frank Lambert,data/xeno_canto_indonesia/ashtai1/XC498823.mp3,SUCCESS,200.0,1200057,8a9285d7794733be5b844f6830194338f4a079e91829f3fadcf7c03e440219c3,29.88,44100,True,
XC498824,ashtai1,Orthotomus ruficeps,Frank Lambert,data/xeno_canto_indonesia/ashtai1/XC498824.mp3,SUCCESS,200.0,1791470,1196291d534d4dd879820bc6ec6c7b9643e57f638d96bcb2f90a87798b94aacb,44.67,44100,True,
XC498825,ashtai1,Orthotomus ruficeps,Frank Lambert,data/xeno_canto_indonesia/ashtai1/XC498825.mp3,SUCCESS,200.0,1892825,6b08e1dce69ec95f8f0d67d5d52c898a36e7a08a20689be112cc9d04c8ad24e4,47.2,44100,True,
XC498826,ashtai1,Orthotomus ruficeps,Frank Lambert,data/xeno_canto_indonesia/ashtai1/XC498826.mp3,SUCCESS,200.0,411159,32d505b6b517304957dfdf9f7794196442d1e5560cfa4288f15caab38a06e62c,10.16,44100,True,
XC498827,ashtai1,Orthotomus ruficeps,Frank Lambert,data/xeno_canto_indonesia/ashtai1/XC498827.mp3,SUCCESS,200.0,2220923,158bbec50458cbe210f3205d863b579ed89c57f9e1c353b03d903507162bbf89,55.41,44100,True,
XC503737,ashtai1,Orthotomus ruficeps,Ding Li Yong,data/xeno_canto_indonesia/ashtai1/XC503737.mp3,SUCCESS,200.0,534602,8cf8e31a08b393846e6cf3d74783f9705e10c22684a73de61a5b66984ddb086b,33.07,48000,True,
XC503919,ashtai1,Orthotomus ruficeps,Andres Angulo Rubiano,data/xeno_canto_indonesia/ashtai1/XC503919.mp3,SUCCESS,200.0,374399,d3ac54f51a0b27a82c3de8a77157e9dad1a43268b0a2a34cbf6f9dd2e20124b1,23.0,22050,True,
XC535411,ashtai1,Orthotomus ruficeps,Andres Angulo Rubiano,data/xeno_canto_indonesia/ashtai1/XC535411.mp3,SUCCESS,200.0,863847,792f320e13fc15daeabd428d5d7fcd5c84b11a7d2a82141b23cc1dd95f14ecfc,42.86,22050,True,
XC571751,ashtai1,Orthotomus ruficeps,Muhammad Iqbal,data/xeno_canto_indonesia/ashtai1/XC571751.mp3,SUCCESS,200.0,173656,daa6d97e830b85ce88b1671d3fa605b83d3babe5048dc5387fe7ff4103e4b292,10.5,44100,True,
XC578699,ashtai1,Orthotomus ruficeps,Okamoto Keita Sin,data/xeno_canto_indonesia/ashtai1/XC578699.mp3,SUCCESS,200.0,1374073,c8ecf500dd3c5d09fb3a46c21e945af796e0b7674f2458f482291508e3740895,43.37,48000,True,
XC604617,ashtai1,Orthotomus ruficeps,Prayitno Goenarto,data/xeno_canto_indonesia/ashtai1/XC604617.mp3,SUCCESS,200.0,487095,e916f0787ab23fe8901e8290b94c2c7aec60338347c10c6115affad342255a43,15.0,44100,True,
XC610884,ashtai1,Orthotomus ruficeps,Muhammad Iqbal,data/xeno_canto_indonesia/ashtai1/XC610884.mp3,SUCCESS,200.0,1035020,8793f06ceb09feed4dd4386695c7cae4b98fde8787ccf0a4d43d2698a0a7d718,25.7,44100,True,
XC895137,ashtai1,Orthotomus ruficeps,Ding Li Yong,data/xeno_canto_indonesia/ashtai1/XC895137.mp3,SUCCESS,200.0,890491,13cc7aba5ebaad7f77e5becfa45768516981af703cb62499f0fcfa701c0cd3ad,35.27,48000,True,
XC895144,ashtai1,Orthotomus ruficeps,Ding Li Yong,data/xeno_canto_indonesia/ashtai1/XC895144.mp3,SUCCESS,200.0,1145266,4199636d7e875ba3c2b0b363f89d723929051179bf7ae0c07b4e2cc0d99fbeb8,46.82,48000,True,
XC1003705,colkin1,Todiramphus chloris,Lucas-Chen,data/xeno_canto_indonesia/colkin1/XC1003705.mp3,SUCCESS,200.0,1719546,d84c736d5681cc7f865200a0512d0a7ce763c5c7af9a07917766dbd5728827b2,4.48,48000,True,
XC1004275,colkin1,Todiramphus chloris,Lucas-Chen,data/xeno_canto_indonesia/colkin1/XC1004275.mp3,SUCCESS,200.0,6467042,ecb7e1928ee08ee797458ae848554664da2696738c9e238008e339c0bed026bb,16.84,48000,True,
XC1059449,colkin1,Todiramphus chloris,Lucas-Chen,data/xeno_canto_indonesia/colkin1/XC1059449.mp3,SUCCESS,200.0,7115524,ed6c4b9edb00c7c75316e9cd15c1286383efcb1265c908bfdadfaee01a39e8ff,6.18,192000,True,
XC1075897,colkin1,Todiramphus chloris,Richard E. Webster,data/xeno_canto_indonesia/colkin1/XC1075897.mp3,SUCCESS,200.0,323201,e98d66b250b0869177bc1bf5517f4aeb37bd06fd761ddab7f0004f4e79ea7fa4,13.0,48000,True,
XC1075899,colkin1,Todiramphus chloris,Richard E. Webster,data/xeno_canto_indonesia/colkin1/XC1075899.mp3,SUCCESS,200.0,884614,41b35919661fb2a17fd67a49d9667fc9aa7832363093725a6a70953f568f9dda,36.4,48000,True,
XC1075900,colkin1,Todiramphus chloris,Richard E. Webster,data/xeno_canto_indonesia/colkin1/XC1075900.mp3,SUCCESS,200.0,254594,b19ddaaf91668911998cdc7cb7f020c427df24ecd30e5266653c1f9c0cc097dd,10.15,48000,True,
XC121823,colkin1,Todiramphus chloris,Frank Lambert,data/xeno_canto_indonesia/colkin1/XC121823.mp3,SUCCESS,200.0,919573,4fb64ec987226cf33674d03e3f9e61c4c6c2b2db22c554bff0e857fe00c07e2e,22.87,48000,True,
XC121824,colkin1,Todiramphus chloris,Frank Lambert,data/xeno_canto_indonesia/colkin1/XC121824.mp3,SUCCESS,200.0,1959291,9744957b938eb7be1da9a2eea08b2a972dcee3b1133f426c57f07a7ab2145c31,48.86,48000,True,
XC151642,colkin1,Todiramphus chloris,Bruno Durand,data/xeno_canto_indonesia/colkin1/XC151642.mp3,SUCCESS,200.0,1486033,93582ceb94797f9c8f7dcf8ee539d0d7501a8be5ece81a1c9d6b9cfd72cf9197,37.03,48000,True,
XC151815,colkin1,Todiramphus chloris,Mike Nelson,data/xeno_canto_indonesia/colkin1/XC151815.mp3,SUCCESS,200.0,200286,816e666271c7c49335e3a30d68680ff845da0df52631806b036bc16e211c13ca,12.15,44100,True,
XC152005,colkin1,Todiramphus chloris,Mike Nelson,data/xeno_canto_indonesia/colkin1/XC152005.mp3,SUCCESS,200.0,81600,e112bfe6e1ae0be8c61c173f08221aecfca02a6d481d4e914cb16c909e567233,4.73,44100,True,
XC152203,colkin1,Todiramphus chloris,Mike Nelson,data/xeno_canto_indonesia/colkin1/XC152203.mp3,SUCCESS,200.0,770388,f12c9c7d28f502652fa0ee7d853c0d1f0793f7a73c6e8c50eb0244a57cdb3976,47.8,44100,True,
XC152653,colkin1,Todiramphus chloris,Bruno Durand,data/xeno_canto_indonesia/colkin1/XC152653.mp3,SUCCESS,200.0,384905,a87334a609f458d5382265498d86e1ce4e1b1ffe69a5fd2cfd253b314fdfddeb,9.5,48000,True,
XC166850,colkin1,Todiramphus chloris,Frank Lambert,data/xeno_canto_indonesia/colkin1/XC166850.mp3,SUCCESS,200.0,519281,12e670cfaa90ff58ab10333d832ab82ca180652f929f8ab3e25010b81915359a,12.86,48000,True,
XC166851,colkin1,Todiramphus chloris,Frank Lambert,data/xeno_canto_indonesia/colkin1/XC166851.mp3,SUCCESS,200.0,821715,48d8b99326f956abad9d3256fd2a878e43cbb19afa3360dd8163a295b9d37848,20.42,48000,True,
XC19639,colkin1,Todiramphus chloris,David Farrow,data/xeno_canto_indonesia/colkin1/XC19639.mp3,SUCCESS,200.0,152274,7307f46c49a969962f7ffe326bbf8bdceaf2022ea3c441f0e95f930ac0def5f0,12.3,44100,True,
XC198433,colkin1,Todiramphus chloris,Bruno Durand,data/xeno_canto_indonesia/colkin1/XC198433.mp3,SUCCESS,200.0,429010,19bb9d51ea823db8424fb4fddc97ac1f4a55644e671a1aa01b5019ed299cc82d,10.61,48000,True,
XC204535,colkin1,Todiramphus chloris,Mike Nelson,data/xeno_canto_indonesia/colkin1/XC204535.mp3,SUCCESS,200.0,125040,5dbfa449d7507e3938f0b3c59526cf481edf5ad80f204aa11a0e01ed10494b78,7.46,44100,True,
XC204898,colkin1,Todiramphus chloris,Mike Nelson,data/xeno_canto_indonesia/colkin1/XC204898.mp3,SUCCESS,200.0,235405,6d74ea1ac98e1a24c143de9184306ab1117a98b3ac8792a71977f83acf4ecd9b,14.34,44100,True,
XC205073,colkin1,Todiramphus chloris,Mike Nelson,data/xeno_canto_indonesia/colkin1/XC205073.mp3,SUCCESS,200.0,134262,a98e2930716ad0dd654c1f0434f47334b9cb60d95411c18ac8d0f42560fc50b7,8.04,44100,True,
XC205148,colkin1,Todiramphus chloris,Mike Nelson,data/xeno_canto_indonesia/colkin1/XC205148.mp3,SUCCESS,200.0,109183,5eae5587463c90b7285e59c65a6f6d71ced54e8e6747307415b1b6501e6d2d0b,6.45,44100,True,
XC217355,colkin1,Todiramphus chloris,Paulo Alves,data/xeno_canto_indonesia/colkin1/XC217355.mp3,SUCCESS,200.0,100815,df6da5c0353c23db648910bd89a8f6e30d03ee170bd1e09266d42db34929bfeb,5.95,44100,True,
XC286713,colkin1,Todiramphus chloris,Bruno Durand,data/xeno_canto_indonesia/colkin1/XC286713.mp3,SUCCESS,200.0,682264,9d95501acaa0f261010917cde21594dbced9bbc0f3c0c82355639c2c39ee10e1,16.95,44100,True,
XC293219,colkin1,Todiramphus chloris,Mike Nelson,data/xeno_canto_indonesia/colkin1/XC293219.mp3,SUCCESS,200.0,1342157,8173d3eb7ad74a7a858136da3736cbf647eb7226ccc3e0788b0f7dbd8acfef72,83.53,44100,True,
XC338730,colkin1,Todiramphus chloris,Bruno Durand,data/xeno_canto_indonesia/colkin1/XC338730.mp3,SUCCESS,200.0,1816165,ada512a5aab46716b3e90e32cb8e5569535d8e1dacc0f971bfc6b8baa563413e,45.32,44100,True,
XC346529,colkin1,Todiramphus chloris,Phil Gregory,data/xeno_canto_indonesia/colkin1/XC346529.mp3,SUCCESS,200.0,283814,ea81f2e8bc9478d87cff4ff11c06ca39787a5f9af0efe2adc718fb9e38fd82b8,12.59,44100,True,
XC376315,colkin1,Todiramphus chloris,Karyadi Baskoro,data/xeno_canto_indonesia/colkin1/XC376315.mp3,SUCCESS,200.0,91631,f743cddec76211d50c824bb1b046fd38c18a4d26f8b613435496f72f1414ddd6,10.87,44100,True,
XC376316,colkin1,Todiramphus chloris,Karyadi Baskoro,data/xeno_canto_indonesia/colkin1/XC376316.mp3,SUCCESS,200.0,77211,31f2e2d35682917a2ca408480eb218c61343722e97d3a9776e323d141d8e8902,9.06,44100,True,
XC413677,colkin1,Todiramphus chloris,Frank Lambert,data/xeno_canto_indonesia/colkin1/XC413677.mp3,SUCCESS,200.0,517329,eda729718dd1e41bc40503d1a29a925156f34d579487662bf73c149a0f0220b7,12.82,48000,True,
XC42618,colkin1,Todiramphus chloris,David Farrow,data/xeno_canto_indonesia/colkin1/XC42618.mp3,SUCCESS,200.0,747040,b5738afe7642400f12f03a778522e696c826b7db73a05115149b0c1708e7ff64,18.57,44100,True,
XC479214,colkin1,Todiramphus chloris,Prayitno Goenarto,data/xeno_canto_indonesia/colkin1/XC479214.mp3,SUCCESS,200.0,326540,a91234222c79f0c4406bfd3f5eb05ec57552c5d431bc3f048b0fff0c4f0967f9,10.0,44100,True,
XC618710,colkin1,Todiramphus chloris,Teus Luijendijk,data/xeno_canto_indonesia/colkin1/XC618710.mp3,SUCCESS,200.0,628723,92d9511fd6fc09989ad0c02e0c20395c501d456e1568e10612bfffaba6664957,20.12,44100,True,
XC619809,colkin1,Todiramphus chloris,Teus Luijendijk,data/xeno_canto_indonesia/colkin1/XC619809.mp3,SUCCESS,200.0,985516,6b9437861d45158cefcf9f6e0361ce89762e0838115b8515e1710ae7ab8619be,32.62,44100,True,
XC68435,colkin1,Todiramphus chloris,Frank Lambert,data/xeno_canto_indonesia/colkin1/XC68435.mp3,SUCCESS,200.0,315525,5961c4b685c418c56376a799e75742cea8f5fb9a2701648621ac8dfa1a023f47,38.74,44100,True,
XC69653,colkin1,Todiramphus chloris,Frank Lambert,data/xeno_canto_indonesia/colkin1/XC69653.mp3,SUCCESS,200.0,227898,cbe36e139f64333393390151f35351dfe42ba3ff72458abe8f621efe25f985d2,27.79,44100,True,
XC823277,colkin1,Todiramphus chloris,Greg Irving,data/xeno_canto_indonesia/colkin1/XC823277.mp3,SUCCESS,200.0,1016484,4cf87f0332f605f59d653aef05bc2d20fee2fa348e4dee2a928c4c6bb095bd16,25.23,48000,True,
XC825797,colkin1,Todiramphus chloris,Simon Elliott,data/xeno_canto_indonesia/colkin1/XC825797.mp3,SUCCESS,200.0,18476490,65884a0494d0a1792a6a5d81f342bc22895da969cf3ac14ed1d5a041a0ac68e1,64.15,48000,True,
XC893700,colkin1,Todiramphus chloris,Ding Li Yong,data/xeno_canto_indonesia/colkin1/XC893700.mp3,SUCCESS,200.0,1655697,f8179156b4bedae16d14774c082eff6cdccd3b91e3a174b2a660757d1c663c62,69.38,48000,True,
XC894014,colkin1,Todiramphus chloris,Ding Li Yong,data/xeno_canto_indonesia/colkin1/XC894014.mp3,SUCCESS,200.0,666252,bca6ad46bb966dd30aeebd289f2b04290d3b762b42172a6404a8caa2d42aca11,27.49,48000,True,
XC89927,colkin1,Todiramphus chloris,Frank Lambert,data/xeno_canto_indonesia/colkin1/XC89927.mp3,SUCCESS,200.0,344871,cbddc1e8dbb30b744e1d785701768ffef67a143e7421c6e2ead068a1b2df5a46,21.26,44100,True,
XC1003838,comior1,Aegithina tiphia,Lucas-Chen,data/xeno_canto_indonesia/comior1/XC1003838.mp3,SUCCESS,200.0,4391106,f391f488ee749e9fdb3d34ba638bf13352366d0a6fca08ebb03b134bf868475b,11.43,48000,True,
XC1059451,comior1,Aegithina tiphia,Lucas-Chen,data/xeno_canto_indonesia/comior1/XC1059451.mp3,SUCCESS,200.0,8205076,6ddf36a62ebccbc1eead83e03b758d5e3de1314de56239213a654ff1933523f4,7.12,192000,True,
XC1082290,comior1,Aegithina tiphia,Kalvin Chan,data/xeno_canto_indonesia/comior1/XC1082290.mp3,SUCCESS,200.0,2837548,d290d73192b2b77d123b4c69097271fed151bd7c699234ae1c3ae670dfebfbaa,32.17,44100,True,
XC1138167,comior1,Aegithina tiphia,Indra Kusuma,data/xeno_canto_indonesia/comior1/XC1138167.mp3,SUCCESS,200.0,1149042,b26f0224491ba80c1d5331552d920185dd65b90bd2f83ec7a3327876199368f9,28.65,44100,True,
XC1138175,comior1,Aegithina tiphia,Indra Kusuma,data/xeno_canto_indonesia/comior1/XC1138175.mp3,SUCCESS,200.0,840797,f3a79f58be75f59007719a548c78f9d11c19d2fbce641497c67a9b61586320d2,20.95,44100,True,
XC143542,comior1,Aegithina tiphia,Heru Cahyono,data/xeno_canto_indonesia/comior1/XC143542.mp3,SUCCESS,200.0,399347,feb19da8f97b69687f4a3e871552e8c78dde8b89f80bc66afa5690e656f7b615,49.32,8000,True,
XC150431,comior1,Aegithina tiphia,Bruno Durand,data/xeno_canto_indonesia/comior1/XC150431.mp3,SUCCESS,200.0,1083783,3a53571876cce2b9d19e5908f7153de999813b4c42ee092930c8e092ac861ba6,26.98,48000,True,
XC152928,comior1,Aegithina tiphia,Bruno Durand,data/xeno_canto_indonesia/comior1/XC152928.mp3,SUCCESS,200.0,3671973,088d70167f027f0aa92471d75332ba4946ffe6dae452c2196546e4b5637a1e11,91.68,48000,True,
XC153788,comior1,Aegithina tiphia,Nick Talbot,data/xeno_canto_indonesia/comior1/XC153788.mp3,SUCCESS,200.0,105258,506609a3c769b32dbde152b34e70850e5ffb5f76ee08f62913a2cfb920e16440,6.27,44100,True,
XC198426,comior1,Aegithina tiphia,Bruno Durand,data/xeno_canto_indonesia/comior1/XC198426.mp3,SUCCESS,200.0,863942,aaa82bc0ea1ff0ca78a9104f0bc88760e4e613a3f5961e1ebacf62a0743dcff8,21.48,48000,True,
XC198428,comior1,Aegithina tiphia,Bruno Durand,data/xeno_canto_indonesia/comior1/XC198428.mp3,SUCCESS,200.0,711252,27092f958136dc12f0f5757995956e7923bc4b0f73988b9064dc90a4ecfe2c2f,17.66,48000,True,
XC198430,comior1,Aegithina tiphia,Bruno Durand,data/xeno_canto_indonesia/comior1/XC198430.mp3,SUCCESS,200.0,1432212,8f7f0f52427a76970711a3f91508ca3992267b1bd05f14f39c6891cc9a9222bb,35.69,48000,True,
XC214418,comior1,Aegithina tiphia,Paulo Alves,data/xeno_canto_indonesia/comior1/XC214418.mp3,SUCCESS,200.0,1119885,38ba0864e18643ba514c08fe1d1a419e0f82d991555f8a8d93b377f9943cc134,69.63,44100,True,
XC236320,comior1,Aegithina tiphia,Paulo Alves,data/xeno_canto_indonesia/comior1/XC236320.mp3,SUCCESS,200.0,247103,b3df5fa4b1d6e2fa0d13f8e09614c42fbb0705d8f59c1fa2e1824201f97540ea,15.08,44100,True,
XC243350,comior1,Aegithina tiphia,Mike Nelson,data/xeno_canto_indonesia/comior1/XC243350.mp3,SUCCESS,200.0,280941,bf881e334dccf039bea28efa421e136524ee01a1091fb38fd01f891796259a16,17.2,44100,True,
XC284765,comior1,Aegithina tiphia,Bas Van Balen,data/xeno_canto_indonesia/comior1/XC284765.mp3,SUCCESS,200.0,294618,aa1a98b51549fef86906b387b216b6ab1dd75568834122f0620ed0d03c0a3434,18.06,48000,True,
XC284766,comior1,Aegithina tiphia,Bas Van Balen,data/xeno_canto_indonesia/comior1/XC284766.mp3,SUCCESS,200.0,919426,2502085ff05b4ef51552357ee96dfade4932935815cae3d13409957e8ca99ce8,57.1,48000,True,
XC284767,comior1,Aegithina tiphia,Bas Van Balen,data/xeno_canto_indonesia/comior1/XC284767.mp3,SUCCESS,200.0,295810,91c891f878ee663dc63ce417dffdc5e1733a5d5f315cf3f84d24734d1b988f5d,18.11,48000,True,
XC376482,comior1,Aegithina tiphia,Karyadi Baskoro,data/xeno_canto_indonesia/comior1/XC376482.mp3,SUCCESS,200.0,554510,fb92ae457461279c5d7eae38507975ccecca9c2080bc31732765461d7da7cbe8,22.91,44100,True,
XC376560,comior1,Aegithina tiphia,Karyadi Baskoro,data/xeno_canto_indonesia/comior1/XC376560.mp3,SUCCESS,200.0,1109975,4fe0a010559e087ddd6a201500aac27c853d34bb55b388822f350c761aa097c9,46.05,44100,True,
XC376572,comior1,Aegithina tiphia,Karyadi Baskoro,data/xeno_canto_indonesia/comior1/XC376572.mp3,SUCCESS,200.0,775816,b31467a6a88326a1275eac6133c2d79c4827f0b0609c6b7fe69ff24df4467438,32.13,44100,True,
XC38504,comior1,Aegithina tiphia,Matthias Feuersenger,data/xeno_canto_indonesia/comior1/XC38504.mp3,SUCCESS,200.0,73200,e5773fb40f2630634208323705f4158172535b576583e29392462de6009e3f68,4.28,44100,True,
XC38505,comior1,Aegithina tiphia,Matthias Feuersenger,data/xeno_canto_indonesia/comior1/XC38505.mp3,SUCCESS,200.0,183756,4f860e974df52ecd08533f1c88840e866693051c6eb4202f69857e92c3248698,11.21,44100,True,
XC388231,comior1,Aegithina tiphia,Brendan Sloan,data/xeno_canto_indonesia/comior1/XC388231.mp3,SUCCESS,200.0,401770,83378422092a7dc288e1827ae67a5282444c03b422f007a5a24dd57d48c86430,17.66,44100,True,
XC389533,comior1,Aegithina tiphia,Bruno Durand,data/xeno_canto_indonesia/comior1/XC389533.mp3,SUCCESS,200.0,2527081,a0f619a433bcf3569e0a4cdb3fb526190f8123fc2d52bfa21ae5eec0f74bde36,63.11,44100,True,
XC393660,comior1,Aegithina tiphia,Brendan Sloan,data/xeno_canto_indonesia/comior1/XC393660.mp3,SUCCESS,200.0,497866,a6cd7044e3988f75dfaee5b0ab5b87d5689afb1d49054cec4689caa1024a5455,21.42,44100,True,
XC394245,comior1,Aegithina tiphia,Brendan Sloan,data/xeno_canto_indonesia/comior1/XC394245.mp3,SUCCESS,200.0,5251426,31e5f66b76fe96d4f5ab6b60949f9acc3f7c0b9fa7dfa3ed220349b548d54357,239.82,44100,True,
XC409138,comior1,Aegithina tiphia,Frank Lambert,data/xeno_canto_indonesia/comior1/XC409138.mp3,SUCCESS,200.0,2447862,060808a012ee1eb6794b9e04b05ae43d2bbad6c49228cca7df28ed1ee7f3ce03,61.08,48000,True,
XC413662,comior1,Aegithina tiphia,Frank Lambert,data/xeno_canto_indonesia/comior1/XC413662.mp3,SUCCESS,200.0,2341338,6a469708a17f905603f353bd78a2d023cc7b8c0de0c498479a5a0df803937864,58.42,48000,True,
XC478346,comior1,Aegithina tiphia,Prayitno Goenarto,data/xeno_canto_indonesia/comior1/XC478346.mp3,SUCCESS,200.0,2470710,dc1440026123486e00a998b9ea3f50cbc34423a90505ab1b5b8641a5c6efec1e,77.0,44100,True,
XC479207,comior1,Aegithina tiphia,Prayitno Goenarto,data/xeno_canto_indonesia/comior1/XC479207.mp3,SUCCESS,200.0,135110,cef81153142414803cd15f0c83b11decb624cf84292c1d082ff9c7508fe90f30,4.0,44100,True,
XC479597,comior1,Aegithina tiphia,Prayitno Goenarto,data/xeno_canto_indonesia/comior1/XC479597.mp3,SUCCESS,200.0,73233,89c50ca0c003801fa2f14f874dc878dd038205c620c79bb18dac9fd65fb5989b,2.08,44100,True,
XC479859,comior1,Aegithina tiphia,Prayitno Goenarto,data/xeno_canto_indonesia/comior1/XC479859.mp3,SUCCESS,200.0,135107,6983ba6c4e4e7aac7334f562a73208d38a70d49799cac3c819182183d8c8cbca,4.0,44100,True,
XC479861,comior1,Aegithina tiphia,Prayitno Goenarto,data/xeno_canto_indonesia/comior1/XC479861.mp3,SUCCESS,200.0,70738,4ee4990e4ccc1a2387bab31150dec10c0b925d980cf24ae204460ec20d3c87f3,2.0,44100,True,
XC479862,comior1,Aegithina tiphia,Prayitno Goenarto,data/xeno_canto_indonesia/comior1/XC479862.mp3,SUCCESS,200.0,102503,d47c1172ed055bec60ca5ed14045d056f8c69cb1239e7699dc922b26db2d6479,3.0,44100,True,
XC618428,comior1,Aegithina tiphia,Teus Luijendijk,data/xeno_canto_indonesia/comior1/XC618428.mp3,SUCCESS,200.0,2222184,8b3fed5d9f50fb86a3d112759c61c13d9ca0b7bbd4a065c35c6eca711200828d,72.02,44100,True,
XC661284,comior1,Aegithina tiphia,Panji Gusti Akbar,data/xeno_canto_indonesia/comior1/XC661284.mp3,SUCCESS,200.0,1073751,64942f1614c9e16b7d161e69b4d0330f4d43d6e57b317b2a49b5862a0062ba54,26.66,44100,True,
XC90734,comior1,Aegithina tiphia,Fabian Ducry &Amp; David Marques,data/xeno_canto_indonesia/comior1/XC90734.mp3,SUCCESS,200.0,836022,71f356719340ec559bbef6e23d84230e8b8b443a87a911c5efa04002351cda21,34.55,44100,True,
XC938454,comior1,Aegithina tiphia,Oscar Campbell,data/xeno_canto_indonesia/comior1/XC938454.mp3,SUCCESS,200.0,8214488,e1ef16c155c537280eae04821883a4f0e8135987aace678ba5bdae599da88504,46.57,44100,True,
XC143550,crseag1,Spilornis cheela,Heru Cahyono,data/xeno_canto_indonesia/crseag1/XC143550.mp3,SUCCESS,200.0,232281,1d2309569df0f9e4f6de5e9fb19e92b9c1916f57dbb54ef26d6fa4934a195bc6,28.44,8000,True,
XC144914,crseag1,Spilornis cheela,Heru Cahyono,data/xeno_canto_indonesia/crseag1/XC144914.mp3,SUCCESS,200.0,455227,28e5c872662c73f05818f6f045d05cd4b299936e7fbb94dbc3cffd23ef85d9e1,56.3,8000,True,
XC166746,crseag1,Spilornis cheela,Frank Lambert,data/xeno_canto_indonesia/crseag1/XC166746.mp3,SUCCESS,200.0,3213959,83193d6a94af148597b00a9616c43dfa0ef7256dc8cb0379f45a44bce610d488,80.23,48000,True,
XC166747,crseag1,Spilornis cheela,Frank Lambert,data/xeno_canto_indonesia/crseag1/XC166747.mp3,SUCCESS,200.0,417529,2fe865708d476b3dee263d90e8eccf7709c066bb8890e49a374606bfa006d358,10.32,48000,True,
XC204119,crseag1,Spilornis cheela,Mike Nelson,data/xeno_canto_indonesia/crseag1/XC204119.mp3,SUCCESS,200.0,783766,dcb42171d4b8d9b2675671b45be3ac5201b58544f0406182bfcfba997dbeb5d3,48.62,44100,True,
XC207989,crseag1,Spilornis cheela,Frank Lambert,data/xeno_canto_indonesia/crseag1/XC207989.mp3,SUCCESS,200.0,1529200,9b0a1b83475705417919bec07868a7fb77e1de15a1545b44132587ba70f59d45,38.11,44100,True,
XC214698,crseag1,Spilornis cheela,Marc Anderson,data/xeno_canto_indonesia/crseag1/XC214698.mp3,SUCCESS,200.0,585277,8d93d27c9904133a6615c3f1c943eb05c7f6a63b9b3ac79fed23ea2cadb85bbf,24.13,48000,True,
XC214699,crseag1,Spilornis cheela,Marc Anderson,data/xeno_canto_indonesia/crseag1/XC214699.mp3,SUCCESS,200.0,413629,2864b3ca548505ba33f14465a0b19d8806ff17711dacdf7b5b52cbc5c179c284,16.99,48000,True,
XC214978,crseag1,Spilornis cheela,Marc Anderson,data/xeno_canto_indonesia/crseag1/XC214978.mp3,SUCCESS,200.0,543793,557ec4047171ee3249c2af68c4bc7f76ec069fbeaebe4dc4e813a88a4f7c5dc6,22.41,48000,True,
XC215378,crseag1,Spilornis cheela,Paulo Alves,data/xeno_canto_indonesia/crseag1/XC215378.mp3,SUCCESS,200.0,1533246,0efa8ed98af3e2ad719f46d8c4b4ef651ff3aec473493277c1eb2a9d4373d6a4,95.46,44100,True,
XC241042,crseag1,Spilornis cheela,Paulo Alves,data/xeno_canto_indonesia/crseag1/XC241042.mp3,SUCCESS,200.0,1687143,635f75c5152d54221246fe6dfb55a0eebb43fda7864900e15b0d40f467732e74,105.08,44100,True,
XC241631,crseag1,Spilornis cheela,Mike Nelson,data/xeno_canto_indonesia/crseag1/XC241631.mp3,SUCCESS,200.0,807593,e276d5ff392cd22f92ec1ba62bfd0d3be5c5da3ddfce251ff45c8eb1e53097c3,50.12,44100,True,
XC242268,crseag1,Spilornis cheela,Mike Nelson,data/xeno_canto_indonesia/crseag1/XC242268.mp3,SUCCESS,200.0,245011,b8edc7e9948afb4a888a85bd30c4a347a415cf75168f6477f6e0eccdb0a00fdc,14.96,44100,True,
XC243351,crseag1,Spilornis cheela,Mike Nelson,data/xeno_canto_indonesia/crseag1/XC243351.mp3,SUCCESS,200.0,39370,a785244a83ea87f0efb897cfa6943b51c7d94f5b4c79c4806eac530fd3d96623,2.11,44100,True,
XC245915,crseag1,Spilornis cheela,Paulo Alves,data/xeno_canto_indonesia/crseag1/XC245915.mp3,SUCCESS,200.0,1079697,33046e72969b22482763a8ce729873cb00bdff394feabf8540ef5c7ff9bd663a,67.12,44100,True,
XC33419,crseag1,Spilornis cheela,Tjalle Boorsma,data/xeno_canto_indonesia/crseag1/XC33419.mp3,SUCCESS,200.0,75015,ad5fcb127b67a518ae051b3bd6c71b33e8d7070cbfea787de2207488a68b0971,4.39,44100,True,
XC33420,crseag1,Spilornis cheela,Tjalle Boorsma,data/xeno_canto_indonesia/crseag1/XC33420.mp3,SUCCESS,200.0,175743,e8c9c0755edb8653d084776bdf545a803d16ee2b4ab17a945cab6336b5cb27ad,10.68,44100,True,
XC338727,crseag1,Spilornis cheela,Bruno Durand,data/xeno_canto_indonesia/crseag1/XC338727.mp3,SUCCESS,200.0,412887,a08baec70e419179371617226b8f06c5f50ca0a221cfed69ab1498a6d1ab6b4c,10.21,44100,True,
XC338728,crseag1,Spilornis cheela,Bruno Durand,data/xeno_canto_indonesia/crseag1/XC338728.mp3,SUCCESS,200.0,97146,90312a99a9818f17e7842025708defa4a8d5abc2cd368234b850e12e383b104c,3.87,44100,True,
XC393380,crseag1,Spilornis cheela,Brendan Sloan,data/xeno_canto_indonesia/crseag1/XC393380.mp3,SUCCESS,200.0,781278,3670de20ebfd748135792ef794e55db2048356fec218d6e4db42f236687cf936,35.02,44100,True,
XC409167,crseag1,Spilornis cheela,Frank Lambert,data/xeno_canto_indonesia/crseag1/XC409167.mp3,SUCCESS,200.0,435740,27d39fb67967cfe4571e983fee71993beca7385a3d879061a316a45e85c62f01,10.78,48000,True,
XC482238,crseag1,Spilornis cheela,Frank Rheindt,data/xeno_canto_indonesia/crseag1/XC482238.mp3,SUCCESS,200.0,1407935,cc837709d9859321bbae0995f309a22b8ecbefb3e04f8afe28773b5c54371058,35.02,44100,True,
XC482239,crseag1,Spilornis cheela,Frank Rheindt,data/xeno_canto_indonesia/crseag1/XC482239.mp3,SUCCESS,200.0,2005616,26d9ee45b40fae6061d535513e575a87ec7bbd02d4fd51ae6b910e3bd9ced5b2,49.97,44100,True,
XC498466,crseag1,Spilornis cheela,Frank Lambert,data/xeno_canto_indonesia/crseag1/XC498466.mp3,SUCCESS,200.0,2746539,2d701791738f96c823dc46dcf42a6877aface5980d40d2be0fe0baf89666eb0b,68.55,44100,True,
XC501303,crseag1,Spilornis cheela,Frank Lambert,data/xeno_canto_indonesia/crseag1/XC501303.mp3,SUCCESS,200.0,2167636,4ba74d407418729d628d16aa8341d139ae6b730f677fd9f15e92335b6bb67a32,54.07,44100,True,
XC501304,crseag1,Spilornis cheela,Frank Lambert,data/xeno_canto_indonesia/crseag1/XC501304.mp3,SUCCESS,200.0,2369301,5c6b2380c645f42a88b35fa9a85bace9d68db52e8a3c945e9e0c38e2afc4b4ce,59.12,44100,True,
XC501306,crseag1,Spilornis cheela,Frank Lambert,data/xeno_canto_indonesia/crseag1/XC501306.mp3,SUCCESS,200.0,3045418,2903b39f547d2d3320e3a9b7321437e290df449d201550565b605360dee8124f,76.02,44100,True,
XC570921,crseag1,Spilornis cheela,Muhammad Iqbal,data/xeno_canto_indonesia/crseag1/XC570921.mp3,SUCCESS,200.0,296132,2ee8e9c7d9109fc11aa627b831b7d5d048e6b2de54c281bc65eb0ae36c1935d4,18.13,44100,True,
XC578380,crseag1,Spilornis cheela,Okamoto Keita Sin,data/xeno_canto_indonesia/crseag1/XC578380.mp3,SUCCESS,200.0,2985882,6e373a38274ce93e1fc0d00c45af81c026e5e40c8be8a9ef37a8e6a90b7887db,90.81,44100,True,
XC618811,crseag1,Spilornis cheela,Teus Luijendijk,data/xeno_canto_indonesia/crseag1/XC618811.mp3,SUCCESS,200.0,1768056,ef614cdbee1dfbef06506f7bf889fcf9c58020c6eed7b7a12e713aceb707956e,58.12,44100,True,
XC638365,crseag1,Spilornis cheela,Ding Li Yong,data/xeno_canto_indonesia/crseag1/XC638365.mp3,SUCCESS,200.0,777453,cc8b1f50bf81be669be697172dc3109ebcce061c7631e1b7a7adfb5485d621f9,47.45,44100,True,
XC65381,crseag1,Spilornis cheela,Iain Woxvold,data/xeno_canto_indonesia/crseag1/XC65381.mp3,SUCCESS,200.0,1004531,2f8bc2142fd82bd1cdacb3fe3649fd35d659b5abe74ec24baae480c03bb54535,31.24,44100,True,
XC69493,crseag1,Spilornis cheela,Frank Lambert,data/xeno_canto_indonesia/crseag1/XC69493.mp3,SUCCESS,200.0,551485,dbfd1b234df681b8f4e48c165c8ce7625fb1160f4758c7ff35a0a95103fcfa97,68.26,44100,True,
XC757143,crseag1,Spilornis cheela,Ding Li Yong,data/xeno_canto_indonesia/crseag1/XC757143.mp3,SUCCESS,200.0,972540,a1d1de1af73f7ace02939fdde193c4d1cab068c485ed6b9bde4c8caacb8ee85d,5.51,44100,True,
XC965048,crseag1,Spilornis cheela,Daan Drukker,data/xeno_canto_indonesia/crseag1/XC965048.mp3,SUCCESS,200.0,548830,30985598fb001df7e6cbf57a4dd2c181dd2345e6b0cc9f003b321c372a00133f,13.45,48000,True,
XC115271,ghcfly1,Culicicapa ceylonensis,Frank Lambert,data/xeno_canto_indonesia/ghcfly1/XC115271.mp3,SUCCESS,200.0,1228732,ca9c3e55edec1954085024b23c0469357f6b0694d3a762881f53c6f7659dc6e8,30.6,48000,True,
XC115272,ghcfly1,Culicicapa ceylonensis,Frank Lambert,data/xeno_canto_indonesia/ghcfly1/XC115272.mp3,SUCCESS,200.0,872598,8156bde819116f83d3f58d8229d1f465d21e2d6518a7bca2c43f221d5ee43425,21.7,48000,True,
XC197757,ghcfly1,Culicicapa ceylonensis,Ding Li Yong,data/xeno_canto_indonesia/ghcfly1/XC197757.mp3,SUCCESS,200.0,69973,b000f1aef9201baec125eba00c858d7fae56e95702caebef3669118a354db914,4.0,44100,True,
XC204130,ghcfly1,Culicicapa ceylonensis,Mike Nelson,data/xeno_canto_indonesia/ghcfly1/XC204130.mp3,SUCCESS,200.0,38542,d1dd1a98c97eb9fcb521fa7408ab7629a7a1d23f7a89a3514758446ced59ad98,2.04,44100,True,
XC204131,ghcfly1,Culicicapa ceylonensis,Mike Nelson,data/xeno_canto_indonesia/ghcfly1/XC204131.mp3,SUCCESS,200.0,47737,9928b36ce1594cd1cb0a6ed9f03bc9aff4d2d2a93c2fe57f23da6020f8122152,2.64,44100,True,
XC237544,ghcfly1,Culicicapa ceylonensis,Paulo Alves,data/xeno_canto_indonesia/ghcfly1/XC237544.mp3,SUCCESS,200.0,40265,732203658cc94f23f6a0a58c2c9022061e99ed26d6b3d2dd063222f88c4f5448,2.16,44100,True,
XC241648,ghcfly1,Culicicapa ceylonensis,Mike Nelson,data/xeno_canto_indonesia/ghcfly1/XC241648.mp3,SUCCESS,200.0,46497,296ff09aa0e3e66052aa68eec12eddd848c353aae917d1288700fface3669819,2.55,44100,True,
XC242468,ghcfly1,Culicicapa ceylonensis,Mike Nelson,data/xeno_canto_indonesia/ghcfly1/XC242468.mp3,SUCCESS,200.0,1226811,f5b41b5e3030677d1b3ce2d73625bc95bf39878bc7a346aa39221a67598a386a,76.32,44100,True,
XC242479,ghcfly1,Culicicapa ceylonensis,Mike Nelson,data/xeno_canto_indonesia/ghcfly1/XC242479.mp3,SUCCESS,200.0,296852,ca3c4d5e642db2473a320678390c7abbe2853accc10faffe1aa236679753f416,18.2,44100,True,
XC242486,ghcfly1,Culicicapa ceylonensis,Mike Nelson,data/xeno_canto_indonesia/ghcfly1/XC242486.mp3,SUCCESS,200.0,331543,d9c428e23f55b1c79338ee7ba65bdce5ffc7e20414b03dac3ca5b00c30ec9c99,20.36,44100,True,
XC292228,ghcfly1,Culicicapa ceylonensis,Mike Nelson,data/xeno_canto_indonesia/ghcfly1/XC292228.mp3,SUCCESS,200.0,185976,955187d416166fb90fda39eaf3de189386956c1317e6ae123e332d503a778af8,9.06,44100,True,
XC292229,ghcfly1,Culicicapa ceylonensis,Mike Nelson,data/xeno_canto_indonesia/ghcfly1/XC292229.mp3,SUCCESS,200.0,123804,bde5d8ea6755e691f9db34f358a887a1256135ec6f25bd4f54a1a334894d137d,5.96,44100,True,
XC292230,ghcfly1,Culicicapa ceylonensis,Mike Nelson,data/xeno_canto_indonesia/ghcfly1/XC292230.mp3,SUCCESS,200.0,1242890,dea8d469131430bed2ec94eb94f0ddcebe3bc5bb452736d99646530b25b90e84,61.91,44100,True,
XC292378,ghcfly1,Culicicapa ceylonensis,Mike Nelson,data/xeno_canto_indonesia/ghcfly1/XC292378.mp3,SUCCESS,200.0,234540,6b22319e4b9d18dd3e0b696ee4aeaa04cd062fc877acb8fa0d5adabc6511fa6c,14.31,44100,True,
XC31362,ghcfly1,Culicicapa ceylonensis,Allen T. Chartier,data/xeno_canto_indonesia/ghcfly1/XC31362.mp3,SUCCESS,200.0,333000,b63fdb348e9d0559a35104c03b625d215ddfe91ac2d4bf5462bc44da56585bf7,24.1,44100,True,
XC318156,ghcfly1,Culicicapa ceylonensis,Achmad Ridha,data/xeno_canto_indonesia/ghcfly1/XC318156.mp3,SUCCESS,200.0,309740,2d586c4f49fe859994cc28686df3dc9c712e097796ef412099c19938681aebd8,13.79,44100,True,
XC34507,ghcfly1,Culicicapa ceylonensis,Tjalle Boorsma,data/xeno_canto_indonesia/ghcfly1/XC34507.mp3,SUCCESS,200.0,115574,acfa6a4982be7f770b1974b8301b8ca81f3874a0529bc3db4a35cde9d101ff24,6.92,44100,True,
XC351526,ghcfly1,Culicicapa ceylonensis,Gareth K.,data/xeno_canto_indonesia/ghcfly1/XC351526.mp3,SUCCESS,200.0,896999,3303e279279c3eff971d8fc41d3a38b8ca7c9a5c3dddc29b6ac34638434aecfd,22.23,44100,True,
XC40453,ghcfly1,Culicicapa ceylonensis,David Edwards,data/xeno_canto_indonesia/ghcfly1/XC40453.mp3,SUCCESS,200.0,336139,1beb7a7518fd8203b010926d5dad9012ddd9074a97457fe5681c062c574a11e6,27.62,48000,True,
XC40454,ghcfly1,Culicicapa ceylonensis,David Edwards,data/xeno_canto_indonesia/ghcfly1/XC40454.mp3,SUCCESS,200.0,314827,109b00e2be6670420615ce1d06a4340bded56abafdbdcf762c48122cb63c0851,25.85,48000,True,
XC431554,ghcfly1,Culicicapa ceylonensis,Brian Cox,data/xeno_canto_indonesia/ghcfly1/XC431554.mp3,SUCCESS,200.0,321509,66bb77874e3f5dce481712ea731164f0e1690ba243813b960d1600c2909b1613,17.87,22050,True,
XC431740,ghcfly1,Culicicapa ceylonensis,Oscar Johnson,data/xeno_canto_indonesia/ghcfly1/XC431740.mp3,SUCCESS,200.0,2414374,fa5cb9178044c55711a1040fa023582f826a88756d91ccd03d01404e77783092,179.25,48000,True,
XC440109,ghcfly1,Culicicapa ceylonensis,Bruno Durand,data/xeno_canto_indonesia/ghcfly1/XC440109.mp3,SUCCESS,200.0,475325,a010ab731b309be8c035d83034ad578597b6869bebd4d3f96b95e369824d3d37,29.38,44100,True,
XC452811,ghcfly1,Culicicapa ceylonensis,Brendan Sloan,data/xeno_canto_indonesia/ghcfly1/XC452811.mp3,SUCCESS,200.0,296266,23b400d2b09c35d2adefcfb51ed2e9251db22a8dc69c6069214e91402dc2b69d,11.71,44100,True,
XC452815,ghcfly1,Culicicapa ceylonensis,Brendan Sloan,data/xeno_canto_indonesia/ghcfly1/XC452815.mp3,SUCCESS,200.0,341554,3d1cdc9d41f40ea52349fa1762a209f363de72e56d1586f51b5c75c8f3cc331c,14.28,44100,True,
XC453064,ghcfly1,Culicicapa ceylonensis,Brendan Sloan,data/xeno_canto_indonesia/ghcfly1/XC453064.mp3,SUCCESS,200.0,653358,a10531785d426afb2156621878defc77aba2b31f5a39445a9a1932a9fcc9b637,27.7,44100,True,
XC453066,ghcfly1,Culicicapa ceylonensis,Brendan Sloan,data/xeno_canto_indonesia/ghcfly1/XC453066.mp3,SUCCESS,200.0,937848,f3e29eb2869616d9b549b4c6f3d074921369104d1e866a913ee688f2be569d98,41.05,44100,True,
XC468855,ghcfly1,Culicicapa ceylonensis,Frank Lambert,data/xeno_canto_indonesia/ghcfly1/XC468855.mp3,SUCCESS,200.0,695402,e4f901c4d4adddca768b095eea71b44baf28f50c791cd3f42c113c176b248099,17.27,44100,True,
XC476546,ghcfly1,Culicicapa ceylonensis,Matthew L. Brady,data/xeno_canto_indonesia/ghcfly1/XC476546.mp3,SUCCESS,200.0,596965,646cc61c22da1c288e1969046124cfe0af96d04400b5dd60a331d61ff876d817,43.43,44100,True,
XC490228,ghcfly1,Culicicapa ceylonensis,Ross Gallardy,data/xeno_canto_indonesia/ghcfly1/XC490228.mp3,SUCCESS,200.0,299266,0866b2a9b778afd5cba4e2ed5c151ea71723955c50b1cd371c1ae6f5286e6552,18.35,48000,True,
XC490229,ghcfly1,Culicicapa ceylonensis,Ross Gallardy,data/xeno_canto_indonesia/ghcfly1/XC490229.mp3,SUCCESS,200.0,425218,28bc89ab4ee1485a75204c7d89c7b84e5958b6d4339853f0cb97054f5c9241b5,26.21,48000,True,
XC553058,ghcfly1,Culicicapa ceylonensis,Kim Chuah Lim,data/xeno_canto_indonesia/ghcfly1/XC553058.mp3,SUCCESS,200.0,606445,a4cd0e1baaf6ef6c5d7ae88064929b101fa54ea4558e598fe562c4634bc3b2d9,32.23,48000,True,
XC578378,ghcfly1,Culicicapa ceylonensis,Okamoto Keita Sin,data/xeno_canto_indonesia/ghcfly1/XC578378.mp3,SUCCESS,200.0,1345276,eb945495ea92996e93f0493e03ebf816455aabea57c85f5589d11396fbb13ac3,37.01,44100,True,
XC616845,ghcfly1,Culicicapa ceylonensis,Ding Li Yong,data/xeno_canto_indonesia/ghcfly1/XC616845.mp3,SUCCESS,200.0,517388,bfa2ff0a19d4f64f1aab3098ac8adc3ee8b309cf27d32f2a7f61dc71ac63ee78,28.27,44100,True,
XC648654,ghcfly1,Culicicapa ceylonensis,Ding Li Yong,data/xeno_canto_indonesia/ghcfly1/XC648654.mp3,SUCCESS,200.0,817297,92c72b7d11ff33a0fa111a31b19319437f432c7efa55dcc3829fa9e1da3ef649,37.96,48000,True,
XC665640,ghcfly1,Culicicapa ceylonensis,Michael Frankenstein,data/xeno_canto_indonesia/ghcfly1/XC665640.mp3,SUCCESS,200.0,278123,465c356de773dc76b09d8d41a3faf158e877dc7b8adf18f34b878022a44d3352,17.02,44100,True,
XC68077,ghcfly1,Culicicapa ceylonensis,Frank Lambert,data/xeno_canto_indonesia/ghcfly1/XC68077.mp3,SUCCESS,200.0,240414,8040e25a558c5e7e3da78b889f7086b7c6950a9537e136b22cdb26b33538a22a,29.35,44100,True,
XC93386,ghcfly1,Culicicapa ceylonensis,Todd Mark,data/xeno_canto_indonesia/ghcfly1/XC93386.mp3,SUCCESS,200.0,1088002,e6668f4cf13feed785794c69c63731ebc151c0503d49e4e832b5aa5e6da682e4,45.14,44100,True,
XC1075681,gpipig1,Ducula aenea,Richard E. Webster,data/xeno_canto_indonesia/gpipig1/XC1075681.mp3,SUCCESS,200.0,1988746,51c0be9d854a9c1172919de74105b83d228e2a445d8535c5ff7864263e59c13a,82.39,48000,True,
XC1075692,gpipig1,Ducula aenea,Richard E. Webster,data/xeno_canto_indonesia/gpipig1/XC1075692.mp3,SUCCESS,200.0,855700,ad3b5f1e7cf33a50ecfbde9dd1454984b53b6f95a7920e7d45fb86d831addfb9,35.15,48000,True,
XC1075698,gpipig1,Ducula aenea,Richard E. Webster,data/xeno_canto_indonesia/gpipig1/XC1075698.mp3,SUCCESS,200.0,1743659,6ba711d50f34858586f610ba6ed581a2df4a9ff49edda20887977614dd9ed349,72.18,48000,True,
XC1075705,gpipig1,Ducula aenea,Richard E. Webster,data/xeno_canto_indonesia/gpipig1/XC1075705.mp3,SUCCESS,200.0,472969,8fd9290961a2e67b08f357a5c81e1984a60e9071a4f206e11e206671a348704d,19.23,48000,True,
XC1075706,gpipig1,Ducula aenea,Richard E. Webster,data/xeno_canto_indonesia/gpipig1/XC1075706.mp3,SUCCESS,200.0,994519,a0ad0b1f683c2befd77be36adeb474c701a86631f20a17b2063f7ea423246830,40.91,48000,True,
XC1075707,gpipig1,Ducula aenea,Richard E. Webster,data/xeno_canto_indonesia/gpipig1/XC1075707.mp3,SUCCESS,200.0,554072,68e6311096f3d9e99eea497d9086b21c84fd76f7b85ce3a5d5abcc9ae97ddfee,22.61,48000,True,
XC1075710,gpipig1,Ducula aenea,Richard E. Webster,data/xeno_canto_indonesia/gpipig1/XC1075710.mp3,SUCCESS,200.0,1615277,7b5b458e34b1794f07722146c3d75e1e52119e603904fb546374fe5a0e19cb09,66.83,48000,True,
XC1091216,gpipig1,Ducula aenea,Philippe Verbelen,data/xeno_canto_indonesia/gpipig1/XC1091216.mp3,SUCCESS,200.0,385002,cfbf7a43a16735e4f4a831508a6f1340b47d3586d8ba3a49ca308e107e105c84,37.23,44100,True,
XC1175247,gpipig1,Ducula aenea,Untung Sarmawi,data/xeno_canto_indonesia/gpipig1/XC1175247.mp3,SUCCESS,200.0,1004200,22c24f0d8f3c475a3f91751414e814e4ad764bc2f8ad2cb7b30ccc09450dfc34,24.6,48000,True,
XC1175248,gpipig1,Ducula aenea,Untung Sarmawi,data/xeno_canto_indonesia/gpipig1/XC1175248.mp3,SUCCESS,200.0,864074,7dfad164f6155f9da06498799ae7fb2450ea4644541d8d4f53a4fbca757aff03,21.12,48000,True,
XC1175249,gpipig1,Ducula aenea,Untung Sarmawi,data/xeno_canto_indonesia/gpipig1/XC1175249.mp3,SUCCESS,200.0,817963,1e1a9a515db1b9f529af33802d6bb8dc201bbe0f68d06cf8be3b8d120b167ae4,19.95,48000,True,
XC120918,gpipig1,Ducula aenea,Niels Poul Dreyer,data/xeno_canto_indonesia/gpipig1/XC120918.mp3,SUCCESS,200.0,328685,5cfe2b1381778f592dbb1bad78a11eed1d1d1de023ddce30aa0fcd5937c807d7,20.3,44100,True,
XC151826,gpipig1,Ducula aenea,Mike Nelson,data/xeno_canto_indonesia/gpipig1/XC151826.mp3,SUCCESS,200.0,1367632,2c9c651f41a53885f62c71b63af3b9e772361b01cd1177b093262245f953ad19,85.13,44100,True,
XC151828,gpipig1,Ducula aenea,Mike Nelson,data/xeno_canto_indonesia/gpipig1/XC151828.mp3,SUCCESS,200.0,1464181,9428cca98463fafdbeec6cc57aa7d7f06543c2ba8c288a61b84f87b7563142c0,91.14,44100,True,
XC176902,gpipig1,Ducula aenea,Peter Wilton,data/xeno_canto_indonesia/gpipig1/XC176902.mp3,SUCCESS,200.0,100631,ba7825db20cc5d3d357369afa7576bdf0f3ccd83db55d3d8b800c2dcbb3935ef,3.94,44100,True,
XC18858,gpipig1,Ducula aenea,Mike Catsis,data/xeno_canto_indonesia/gpipig1/XC18858.mp3,SUCCESS,200.0,947836,0b1f9c59c435992d495c4a10b53b281669910a0bf917b6c591e627f7f3a8bd85,58.94,48000,True,
XC19690,gpipig1,Ducula aenea,David Farrow,data/xeno_canto_indonesia/gpipig1/XC19690.mp3,SUCCESS,200.0,228440,61d66c711850d5947877ab9b7e1978d63ddf52350aedcf6c8f04a27a468b1d06,18.65,44100,True,
XC20214,gpipig1,Ducula aenea,Sander Pieterse &Amp; Ben Wielstra,data/xeno_canto_indonesia/gpipig1/XC20214.mp3,SUCCESS,200.0,37771,4dccbf15bb5d752184c22e537290e99b969fe71cd25b879db3b8361ad048b101,2.06,44100,True,
XC203842,gpipig1,Ducula aenea,Mike Nelson,data/xeno_canto_indonesia/gpipig1/XC203842.mp3,SUCCESS,200.0,532550,c4ae2f9a6b9a05d0fec33e4ad1d5b7aeca1cb6960168c317a1db5a913daefd20,32.94,44100,True,
XC20587,gpipig1,Ducula aenea,Martjan Lammertink,data/xeno_canto_indonesia/gpipig1/XC20587.mp3,SUCCESS,200.0,129591,abe795ced788cb6485bdf21596fd28918e65a9b18c3a40918786732f47b0b2c3,15.62,44100,True,
XC20588,gpipig1,Ducula aenea,Martjan Lammertink,data/xeno_canto_indonesia/gpipig1/XC20588.mp3,SUCCESS,200.0,127293,162c1a0436aa6da8b6cacde6959bb24c14bf085e8e45d011bea2ff395e47c6c9,15.33,44100,True,
XC284708,gpipig1,Ducula aenea,Bas Van Balen,data/xeno_canto_indonesia/gpipig1/XC284708.mp3,SUCCESS,200.0,1405899,f8b657d8cd733e40527d5f729c7abaf239c65b2a5bb36d3e21bf292c309fbd9b,87.49,48000,True,
XC31373,gpipig1,Ducula aenea,Allen T. Chartier,data/xeno_canto_indonesia/gpipig1/XC31373.mp3,SUCCESS,200.0,878506,a361d7df7680fbeb90b3449e05ca3fcd2d0aebe68d4fda9180dcfd3187cda023,60.53,44100,True,
XC331995,gpipig1,Ducula aenea,Joseph Monkhouse,data/xeno_canto_indonesia/gpipig1/XC331995.mp3,SUCCESS,200.0,790889,a471ba515b7a73d7afad143fba18e8a663d5f9189ed6ef79855ea74bac9ded4f,32.71,44100,True,
XC350930,gpipig1,Ducula aenea,Raf Drijvers,data/xeno_canto_indonesia/gpipig1/XC350930.mp3,SUCCESS,200.0,628828,31c1943e3bc5ce295e2f21711ef3c37903d3681bb87dcc6a1820577758d23f31,36.7,44100,True,
XC350933,gpipig1,Ducula aenea,Raf Drijvers,data/xeno_canto_indonesia/gpipig1/XC350933.mp3,SUCCESS,200.0,2113510,0000f3102ad23f5c57e84e57609fde13dbd26e730c2d520b8e9036b711825b2a,125.66,44100,True,
XC414777,gpipig1,Ducula aenea,Marc Anderson,data/xeno_canto_indonesia/gpipig1/XC414777.mp3,SUCCESS,200.0,2909488,3428d3622197bc912dcb6e3374c6dcb6813b9b612292812001a2b21d8d9b99c1,72.56,44100,True,
XC414778,gpipig1,Ducula aenea,Marc Anderson,data/xeno_canto_indonesia/gpipig1/XC414778.mp3,SUCCESS,200.0,2609664,da84214820c2cba0eee4d32aa8148f634ecab4609148c5b6c6f15a082ec1cd8a,65.06,44100,True,
XC415148,gpipig1,Ducula aenea,Marc Anderson,data/xeno_canto_indonesia/gpipig1/XC415148.mp3,SUCCESS,200.0,2537568,54391104b54cdf6f9392a89ba1e2fd778f3abccb87b04935b88e182b618b28b2,63.25,44100,True,
XC611790,gpipig1,Ducula aenea,Teus Luijendijk,data/xeno_canto_indonesia/gpipig1/XC611790.mp3,SUCCESS,200.0,1312080,c75c886bef5bc45df50e72ed443c80c623eea04f2f4217de35c6a6b01039a229,42.17,44100,True,
XC612114,gpipig1,Ducula aenea,Teus Luijendijk,data/xeno_canto_indonesia/gpipig1/XC612114.mp3,SUCCESS,200.0,1393184,4d20a6e6fb14f28eb1b4bd4f618c9de664995be5cdf780b7e02153606daab163,44.58,44100,True,
XC758173,gpipig1,Ducula aenea,Ding Li Yong,data/xeno_canto_indonesia/gpipig1/XC758173.mp3,SUCCESS,200.0,906949,137b17b96cc55eadea87f2e1ba8adeb66e3d2e32bf4069846ad38b0ba7319c40,30.55,44100,True,
XC820628,gpipig1,Ducula aenea,Greg Irving,data/xeno_canto_indonesia/gpipig1/XC820628.mp3,SUCCESS,200.0,286857,5ec389304f0638daf760b67c50f5ef11cfa4df92ed90f43184bb8c60b5eb62a0,6.99,48000,True,
XC820629,gpipig1,Ducula aenea,Greg Irving,data/xeno_canto_indonesia/gpipig1/XC820629.mp3,SUCCESS,200.0,9399177,500ae5314bd1a95bdc31c54c772db9f74f3e0f118a4e84a1c803222af77c0e3b,234.82,48000,True,
XC820630,gpipig1,Ducula aenea,Greg Irving,data/xeno_canto_indonesia/gpipig1/XC820630.mp3,SUCCESS,200.0,2042697,27d148c9f63a75e55e4774f74ec1cf9d3510138c11363850b9965c354bca5070,50.9,48000,True,
XC820631,gpipig1,Ducula aenea,Greg Irving,data/xeno_canto_indonesia/gpipig1/XC820631.mp3,SUCCESS,200.0,3400137,b6c82529ab9ac7b8647e5f2c8897ab2fea717c60e5cafc9210a3029d19378168,84.82,48000,True,
XC89642,gpipig1,Ducula aenea,Frank Lambert,data/xeno_canto_indonesia/gpipig1/XC89642.mp3,SUCCESS,200.0,267552,d72529a969e72d9f58aca32a909f1697bebc36822d1170d7e039a02bc367977f,16.43,44100,True,
XC89643,gpipig1,Ducula aenea,Frank Lambert,data/xeno_canto_indonesia/gpipig1/XC89643.mp3,SUCCESS,200.0,1306154,08022923ba5539da920349f71b85c1c5a228645c3bf40e6827a5312fa69d7e77,81.35,44100,True,
XC90091,gpipig1,Ducula aenea,Frank Lambert,data/xeno_canto_indonesia/gpipig1/XC90091.mp3,SUCCESS,200.0,321024,aa867f96fe8a2024157a45a616cb5485b6f6c82a5383d30be0d539f27fd0aa8e,19.77,44100,True,
XC926386,gpipig1,Ducula aenea,Ding Li Yong,data/xeno_canto_indonesia/gpipig1/XC926386.mp3,SUCCESS,200.0,2066696,7f27eae9691f0c57d0975b079ceb3ec55f16c1da5559684e89528c74210cc4e9,86.21,48000,True,
XC931631,gpipig1,Ducula aenea,Ding Li Yong,data/xeno_canto_indonesia/gpipig1/XC931631.mp3,SUCCESS,200.0,1655003,c352398801c8ed8e678fbd33ebeb4001016c5e3847bfc7e276d607677dbffb43,48.2,48000,True,
XC931732,gpipig1,Ducula aenea,Ding Li Yong,data/xeno_canto_indonesia/gpipig1/XC931732.mp3,SUCCESS,200.0,29310266,0683ed740b3315a54a8cd870bccd3edfa49b8651b0495b581451df2cc0e96285,55.39,88200,True,
XC95070,gpipig1,Ducula aenea,Frank Lambert,data/xeno_canto_indonesia/gpipig1/XC95070.mp3,SUCCESS,200.0,855176,4e91c0d58fe948766568a3e3c61f3f115cb52672a55e1ca6aafa50343074e40a,53.16,44100,True,
XC95071,gpipig1,Ducula aenea,Frank Lambert,data/xeno_canto_indonesia/gpipig1/XC95071.mp3,SUCCESS,200.0,763345,1b129f11f1dc1250aad5ea19040da7567a97a4e62337d6b1ce323ebcdd11a284,47.41,44100,True,
XC998361,gpipig1,Ducula aenea,Ding Li Yong,data/xeno_canto_indonesia/gpipig1/XC998361.mp3,SUCCESS,200.0,247050,78f92d232593834f859a753d205aa1b53b7ebc670371a0e062cce881b24d1ce5,6.0,44100,True,
XC1018479,hacdro1,Dicrurus hottentottus,Nick Brown,data/xeno_canto_indonesia/hacdro1/XC1018479.mp3,SUCCESS,200.0,2477618,5809a055b8b66c416f6d939430fb7632c1078d5fc3bdb3853b625ba35cfbfa3e,28.09,44100,True,
XC1018480,hacdro1,Dicrurus hottentottus,Nick Brown,data/xeno_canto_indonesia/hacdro1/XC1018480.mp3,SUCCESS,200.0,5409554,c53ae3a402ca5f2b4b9865936085bdecb447a77932f8ae139dc07870149a9678,61.33,44100,True,
XC1037097,hacdro1,Dicrurus hottentottus,Untung Sarmawi,data/xeno_canto_indonesia/hacdro1/XC1037097.mp3,SUCCESS,200.0,2447549,44ce8f403c70ed7024278e75ab5e83a9379ab666785be1d40a3e32260bef9505,60.65,48000,True,
XC1075197,hacdro1,Dicrurus hottentottus,Richard E. Webster,data/xeno_canto_indonesia/hacdro1/XC1075197.mp3,SUCCESS,200.0,383578,ceb7d5a31ae3f878a2dc82a8044d1bf06261906a5fedba0cd9dd3c24b7e576ea,15.51,48000,True,
XC1075198,hacdro1,Dicrurus hottentottus,Richard E. Webster,data/xeno_canto_indonesia/hacdro1/XC1075198.mp3,SUCCESS,200.0,10437925,2577ac771707dc25b198f41653d6256c186de5e8a85ddfaa85fe8cea617acb55,434.4,48000,True,
XC1075199,hacdro1,Dicrurus hottentottus,Richard E. Webster,data/xeno_canto_indonesia/hacdro1/XC1075199.mp3,SUCCESS,200.0,3129278,181e15ed5b7aef529920ada6826ac809520bea099386206a1b1d74419b02923a,129.94,48000,True,
XC1075206,hacdro1,Dicrurus hottentottus,Richard E. Webster,data/xeno_canto_indonesia/hacdro1/XC1075206.mp3,SUCCESS,200.0,1641373,518bffd8d1be18f9742f81b761690f056a15cadb612e892b1e701f32e6f7d287,67.92,48000,True,
XC1075209,hacdro1,Dicrurus hottentottus,Richard E. Webster,data/xeno_canto_indonesia/hacdro1/XC1075209.mp3,SUCCESS,200.0,2225740,fae6215a96afd161eb5f9fb6972c4d101ff06671d2f76b106593a99d9402cfd6,92.26,48000,True,
XC1075210,hacdro1,Dicrurus hottentottus,Richard E. Webster,data/xeno_canto_indonesia/hacdro1/XC1075210.mp3,SUCCESS,200.0,3524162,25c2cd39c3c49dce62cb0dc9443ec1a01f80acb7a88f2b85f5f98103c5cd070b,146.34,48000,True,
XC1075211,hacdro1,Dicrurus hottentottus,Richard E. Webster,data/xeno_canto_indonesia/hacdro1/XC1075211.mp3,SUCCESS,200.0,5115194,1a2afb0fd9c27cbc78cba8006ca5abc9b73e0c36e1de91c725d6916d8d6d60d3,212.64,48000,True,
XC1075213,hacdro1,Dicrurus hottentottus,Richard E. Webster,data/xeno_canto_indonesia/hacdro1/XC1075213.mp3,SUCCESS,200.0,3466490,bfc5ad9281729fb89bef51978748fc16323df66a29d0bf28e43c634d334a70ad,143.95,48000,True,
XC1075214,hacdro1,Dicrurus hottentottus,Richard E. Webster,data/xeno_canto_indonesia/hacdro1/XC1075214.mp3,SUCCESS,200.0,4612450,53938969662f023a551433aa0813ddd9558519b226476ba0376e87d01b185914,191.71,48000,True,
XC1099352,hacdro1,Dicrurus hottentottus,Yasinchumaedi,data/xeno_canto_indonesia/hacdro1/XC1099352.mp3,SUCCESS,200.0,273980,427b8df1d20436597aa14c857a12bf8beaf641a3786e36507850c7cbd39ec6c0,17.02,48000,True,
XC151837,hacdro1,Dicrurus hottentottus,Mike Nelson,data/xeno_canto_indonesia/hacdro1/XC151837.mp3,SUCCESS,200.0,1510663,7647f085efef63e29d0050f2bfc3f8e98c96ad03932c1aeec9d8742101a4ffad,94.07,44100,True,
XC151838,hacdro1,Dicrurus hottentottus,Mike Nelson,data/xeno_canto_indonesia/hacdro1/XC151838.mp3,SUCCESS,200.0,688955,a54846939c358b97f1458506b2badfaa5710813ab27ad2e97e1a35ef80fd298c,42.7,44100,True,
XC151839,hacdro1,Dicrurus hottentottus,Mike Nelson,data/xeno_canto_indonesia/hacdro1/XC151839.mp3,SUCCESS,200.0,698642,cf960f1a467c34d4aa17338d0ce37737c5389b327c530738e3aa3d62855ca3d9,43.3,44100,True,
XC151985,hacdro1,Dicrurus hottentottus,Mike Nelson,data/xeno_canto_indonesia/hacdro1/XC151985.mp3,SUCCESS,200.0,835999,d27fcdf4b2fb949ca5203eda8b7c66ba1e1b58342176daaa59b5ce21c402ebd1,51.89,44100,True,
XC176898,hacdro1,Dicrurus hottentottus,Peter Wilton,data/xeno_canto_indonesia/hacdro1/XC176898.mp3,SUCCESS,200.0,1624729,9e6d5e48a468fe03ff3d501b564cadb7a94c5fb885b3a9ac79ccbb7deade8325,67.43,44100,True,
XC176899,hacdro1,Dicrurus hottentottus,Peter Wilton,data/xeno_canto_indonesia/hacdro1/XC176899.mp3,SUCCESS,200.0,175265,d239b076352b609b82304a32413665455fc62e8f2ee1643941e9a86a7335c857,7.03,44100,True,
XC176900,hacdro1,Dicrurus hottentottus,Peter Wilton,data/xeno_canto_indonesia/hacdro1/XC176900.mp3,SUCCESS,200.0,280551,8fc3bacce0784c11b58c5b5089e65149763d5ab474655e88843005f0129765fd,11.42,44100,True,
XC18825,hacdro1,Dicrurus hottentottus,Mike Catsis,data/xeno_canto_indonesia/hacdro1/XC18825.mp3,SUCCESS,200.0,379476,3dc60a6c681d0f9985706ee73bf33fef52489a8cb3f6b954a65942f5d8880d4c,46.85,48000,True,
XC194164,hacdro1,Dicrurus hottentottus,Frank Lambert,data/xeno_canto_indonesia/hacdro1/XC194164.mp3,SUCCESS,200.0,862517,7c245a412d9a8ca2cac22e44eb3be28b318fb6f460a1411a848d3207d578573a,21.45,44100,True,
XC196418,hacdro1,Dicrurus hottentottus,Frank Lambert,data/xeno_canto_indonesia/hacdro1/XC196418.mp3,SUCCESS,200.0,2475919,8eb6b11d38c2d15663348ade7e85548ed262ee0cad46fb7b5b217829cb75ef39,61.78,44100,True,
XC19721,hacdro1,Dicrurus hottentottus,David Farrow,data/xeno_canto_indonesia/hacdro1/XC19721.mp3,SUCCESS,200.0,284529,4d2d40c212fd707ef43d65f8d96137b13b04e2233684930b878f1194a0b3c143,23.33,44100,True,
XC203306,hacdro1,Dicrurus hottentottus,Mike Nelson,data/xeno_canto_indonesia/hacdro1/XC203306.mp3,SUCCESS,200.0,835191,fb8e749b1872a341526cf183aa70eb057e8d41835c4837a60cfe7b4e7c3a1c0d,51.84,44100,True,
XC203637,hacdro1,Dicrurus hottentottus,Mike Nelson,data/xeno_canto_indonesia/hacdro1/XC203637.mp3,SUCCESS,200.0,397560,1c8ceb8d50287778ed92b5773a3b401e1671ccacdc61481971d27980038ea91e,24.49,44100,True,
XC207820,hacdro1,Dicrurus hottentottus,Frank Lambert,data/xeno_canto_indonesia/hacdro1/XC207820.mp3,SUCCESS,200.0,3168728,1a190be528b4ef0805dc029dd8de0015b9dfd0687ebb582e0c96e5bb4aaa9f7f,79.1,44100,True,
XC211066,hacdro1,Dicrurus hottentottus,Kusumawardati Jufri,data/xeno_canto_indonesia/hacdro1/XC211066.mp3,SUCCESS,200.0,5952717,5a2740c83d178eb18dada1c96c4bcb9a44f2c80869f05333616a3e33ceb8b7ae,247.77,44100,True,
XC331800,hacdro1,Dicrurus hottentottus,Joseph Monkhouse,data/xeno_canto_indonesia/hacdro1/XC331800.mp3,SUCCESS,200.0,3030378,b8299e540d4bfa5368b0bb72da638c062b1346344cbcfeaa92533890b3f6cac8,126.02,44100,True,
XC412319,hacdro1,Dicrurus hottentottus,Ross Gallardy,data/xeno_canto_indonesia/hacdro1/XC412319.mp3,SUCCESS,200.0,1104857,5ee09382985ef51555678c88c26fad5210dd61021126a6e1729be265d0134cc9,68.7,48000,True,
XC412321,hacdro1,Dicrurus hottentottus,Ross Gallardy,data/xeno_canto_indonesia/hacdro1/XC412321.mp3,SUCCESS,200.0,308441,c9258cbd74487c5073ce9a00f45921d99a91ff9f416b4568e16ebad4ff20fdcc,18.91,48000,True,
XC412322,hacdro1,Dicrurus hottentottus,Ross Gallardy,data/xeno_canto_indonesia/hacdro1/XC412322.mp3,SUCCESS,200.0,938585,88e9e84d87bf7fb53b30975c4e395aa492d0a409dabde3d18e93fdfc8125c914,58.31,48000,True,
XC412323,hacdro1,Dicrurus hottentottus,Ross Gallardy,data/xeno_canto_indonesia/hacdro1/XC412323.mp3,SUCCESS,200.0,834535,c675657e7d8aac8f829642cff0719c6648400aa63a02b633723874ba3e2658a5,51.81,48000,True,
XC413708,hacdro1,Dicrurus hottentottus,Frank Lambert,data/xeno_canto_indonesia/hacdro1/XC413708.mp3,SUCCESS,200.0,410728,80bb5ec751c7ff2c4309e5ebcbcdf17a8e90f6a22fc7b0b5775ce62860a099f8,10.15,48000,True,
XC413920,hacdro1,Dicrurus hottentottus,Ross Gallardy,data/xeno_canto_indonesia/hacdro1/XC413920.mp3,SUCCESS,200.0,1625174,f7538c3835a7f7540961876257df167f875c52ca8cb981af94540e32ab6872eb,101.22,48000,True,
XC413975,hacdro1,Dicrurus hottentottus,Ross Gallardy,data/xeno_canto_indonesia/hacdro1/XC413975.mp3,SUCCESS,200.0,405939,f2105d5fb67442f22cae1a83ceb3183ef83d07c3739e7b69093dd8f6cadaeb0f,25.02,48000,True,
XC414601,hacdro1,Dicrurus hottentottus,Marc Anderson,data/xeno_canto_indonesia/hacdro1/XC414601.mp3,SUCCESS,200.0,2208418,80b761abd76df1507042c0add877e4dd06a23cc77fcfa27c5ab6e81d2b8a15ae,55.03,44100,True,
XC414602,hacdro1,Dicrurus hottentottus,Marc Anderson,data/xeno_canto_indonesia/hacdro1/XC414602.mp3,SUCCESS,200.0,1851040,fdddcc1d5136268e4c50fb5aef2f582a52ecef8806f9227c84d58b87d53ba499,46.09,44100,True,
XC414751,hacdro1,Dicrurus hottentottus,Marc Anderson,data/xeno_canto_indonesia/hacdro1/XC414751.mp3,SUCCESS,200.0,5060912,e9ad30af6f2179950283c2dff324507100e7f08f3be67f568d662fa9d7c7a24b,126.35,44100,True,
XC431492,hacdro1,Dicrurus hottentottus,Brian Cox,data/xeno_canto_indonesia/hacdro1/XC431492.mp3,SUCCESS,200.0,486706,f94017f01e18b8f34b9048c880588c76120987c65ab410524c7a4229ac80e410,27.05,22050,True,
XC431493,hacdro1,Dicrurus hottentottus,Brian Cox,data/xeno_canto_indonesia/hacdro1/XC431493.mp3,SUCCESS,200.0,747254,ba17353d2404f965641f32fccb788110327a73c757adbca19b0e459f5060ec9c,41.53,22050,True,
XC431494,hacdro1,Dicrurus hottentottus,Brian Cox,data/xeno_canto_indonesia/hacdro1/XC431494.mp3,SUCCESS,200.0,203770,a7a8461252acffd2fa44a36ef14618f4e3bb9dfd7c7e1c6e5c57c03415672639,11.33,22050,True,
XC443426,hacdro1,Dicrurus hottentottus,Joseph Monkhouse,data/xeno_canto_indonesia/hacdro1/XC443426.mp3,SUCCESS,200.0,1817680,2610b0403a958a7493c950cab39729fcfddfe8b58b1815bf5515340be1f6ab76,45.32,44100,True,
XC498147,hacdro1,Dicrurus hottentottus,Panji Gusti Akbar,data/xeno_canto_indonesia/hacdro1/XC498147.mp3,SUCCESS,200.0,592146,88b05ba36baa2a28acb2619e8e47d95c0833d4ef1013a1178d8bd2f943fcb3e1,14.61,44100,True,
XC498400,hacdro1,Dicrurus hottentottus,Frank Lambert,data/xeno_canto_indonesia/hacdro1/XC498400.mp3,SUCCESS,200.0,2635730,b53e3b56a9aa6287c3f3fa39b49dfb4418cdaa945017138662fcf04941075393,65.78,44100,True,
XC498401,hacdro1,Dicrurus hottentottus,Frank Lambert,data/xeno_canto_indonesia/hacdro1/XC498401.mp3,SUCCESS,200.0,1070473,c7796367864cb42a5033cb9027503333c1541f777e0df7573fb4769fb275a391,26.64,44100,True,
XC498402,hacdro1,Dicrurus hottentottus,Frank Lambert,data/xeno_canto_indonesia/hacdro1/XC498402.mp3,SUCCESS,200.0,4080824,efcb44b5cccf21e17b20c808671206c3f0f418a7878d9dd7d40015cb8ea5d04c,101.9,44100,True,
XC498403,hacdro1,Dicrurus hottentottus,Frank Lambert,data/xeno_canto_indonesia/hacdro1/XC498403.mp3,SUCCESS,200.0,1042261,1f6361cc9e6a9d95fa13c262282963d5ee58f2259fd3544395b39126a3e7351c,25.94,44100,True,
XC498404,hacdro1,Dicrurus hottentottus,Frank Lambert,data/xeno_canto_indonesia/hacdro1/XC498404.mp3,SUCCESS,200.0,3454930,5628205fde0d703699c916972846c8bb374f2d7f420668f3bca9cba14d1f1e7d,86.26,44100,True,
XC498405,hacdro1,Dicrurus hottentottus,Frank Lambert,data/xeno_canto_indonesia/hacdro1/XC498405.mp3,SUCCESS,200.0,4222948,3ba2360f1c54b13b1ddf16d5099d9262ebf898dfb8be43b1ac9f37c465470763,105.46,44100,True,
XC498406,hacdro1,Dicrurus hottentottus,Frank Lambert,data/xeno_canto_indonesia/hacdro1/XC498406.mp3,SUCCESS,200.0,1457103,daa18f2440d41facb79013e8b409401252ea58deb9f6636b91c3e7628f327499,36.31,44100,True,
XC498407,hacdro1,Dicrurus hottentottus,Frank Lambert,data/xeno_canto_indonesia/hacdro1/XC498407.mp3,SUCCESS,200.0,3224026,02d4c89e6f6efb3617052676f16e0bd641c1bc66a43a1e43f4e5d2ba896f86d1,80.48,44100,True,
XC498408,hacdro1,Dicrurus hottentottus,Frank Lambert,data/xeno_canto_indonesia/hacdro1/XC498408.mp3,SUCCESS,200.0,1307683,642dd2886ed15c9ff5f209faa6b08717f6053ef659b0a18fee3a2119e31d1bf4,32.57,44100,True,
XC498409,hacdro1,Dicrurus hottentottus,Frank Lambert,data/xeno_canto_indonesia/hacdro1/XC498409.mp3,SUCCESS,200.0,5070383,5f3f618d7af26ae18018299be1cf093c74c4b25ad52da6356aad413dd139f78b,126.64,44100,True,
XC498797,hacdro1,Dicrurus hottentottus,Frank Lambert,data/xeno_canto_indonesia/hacdro1/XC498797.mp3,SUCCESS,200.0,4810186,816c440fe774d920a29d2de5b7b4b65778cb87c885f4459e74434ae50cc7471a,120.14,44100,True,
XC498798,hacdro1,Dicrurus hottentottus,Frank Lambert,data/xeno_canto_indonesia/hacdro1/XC498798.mp3,SUCCESS,200.0,2530365,ac2bc6967d9f68bc09c61d9ee64f226f7daf86f630247fdf22665b247aef5a1b,63.14,44100,True,
XC598552,hacdro1,Dicrurus hottentottus,Frank Lambert,data/xeno_canto_indonesia/hacdro1/XC598552.mp3,SUCCESS,200.0,3439304,274e870ef4da120aa711c5ee134b958ecf2f752d95363b76c499fb544b4f0e58,85.86,44100,True,
XC598553,hacdro1,Dicrurus hottentottus,Frank Lambert,data/xeno_canto_indonesia/hacdro1/XC598553.mp3,SUCCESS,200.0,3206291,eff76aef04a835bc440f8303a173a233624f998f10699caf7f08f0758d2cad14,80.04,44100,True,
XC611793,hacdro1,Dicrurus hottentottus,Teus Luijendijk,data/xeno_canto_indonesia/hacdro1/XC611793.mp3,SUCCESS,200.0,584289,9017ae7fa594a076a558648ba3fb4201f26a4a6d52f0235f60aefd141305bb77,18.77,44100,True,
XC615530,hacdro1,Dicrurus hottentottus,Teus Luijendijk,data/xeno_canto_indonesia/hacdro1/XC615530.mp3,SUCCESS,200.0,1474147,5272e3762fe8d5e9d86357220cc183757ccb6bcca866576b44e3dd1460ae7240,48.24,44100,True,
XC68169,hacdro1,Dicrurus hottentottus,Frank Lambert,data/xeno_canto_indonesia/hacdro1/XC68169.mp3,SUCCESS,200.0,730299,bbad002d73aff674b07852180a991bba98f98cece59ff7d1975daf0f34194c4b,90.6,44100,True,
XC68170,hacdro1,Dicrurus hottentottus,Frank Lambert,data/xeno_canto_indonesia/hacdro1/XC68170.mp3,SUCCESS,200.0,72424,34a233f5659c7c5f9f334cc9a018f2d1c826cd2d5b80710b79d50ce3b2b57edb,8.37,44100,True,
XC68171,hacdro1,Dicrurus hottentottus,Frank Lambert,data/xeno_canto_indonesia/hacdro1/XC68171.mp3,SUCCESS,200.0,641648,413dba9c0f81391273a4f43dc50c0702e154b2660b329f7aad21da9b32ab24ec,79.51,44100,True,
XC71629,hacdro1,Dicrurus hottentottus,Bas Van Balen,data/xeno_canto_indonesia/hacdro1/XC71629.mp3,SUCCESS,200.0,417436,eb6dfc61c348616fa8bca1379835ee43853d5f83bc91743da1c1af56be7ae1bb,25.8,48000,True,
XC823278,hacdro1,Dicrurus hottentottus,Greg Irving,data/xeno_canto_indonesia/hacdro1/XC823278.mp3,SUCCESS,200.0,2829918,a9bc6959d6b9c1b01cb18b3da31d0daa29309a27ecfba23896d46b62e8abe2d3,70.58,48000,True,
XC823279,hacdro1,Dicrurus hottentottus,Greg Irving,data/xeno_canto_indonesia/hacdro1/XC823279.mp3,SUCCESS,200.0,3303184,9fa2a13cf8d01e98fd65c5f551e5383e2632b041f4993c17cc3c3bc3c7b7f7eb,82.4,48000,True,
XC823280,hacdro1,Dicrurus hottentottus,Greg Irving,data/xeno_canto_indonesia/hacdro1/XC823280.mp3,SUCCESS,200.0,3819664,7da2490a22d51da134bcb837df565081bf5ca9e25c97cbec16322e766384da27,95.31,48000,True,
XC825282,hacdro1,Dicrurus hottentottus,Greg Irving,data/xeno_canto_indonesia/hacdro1/XC825282.mp3,SUCCESS,200.0,1456158,7cbad65b4c029c4c916d39dbe1b7c79ced056d17ef7d66851be9a97addd0b092,36.23,48000,True,
XC825283,hacdro1,Dicrurus hottentottus,Greg Irving,data/xeno_canto_indonesia/hacdro1/XC825283.mp3,SUCCESS,200.0,1361118,697f2e5e809f21678a56d2b74200d2c9fca0f72ef2d9ab3ffd24f19147e21394,33.86,48000,True,
XC89543,hacdro1,Dicrurus hottentottus,Frank Lambert,data/xeno_canto_indonesia/hacdro1/XC89543.mp3,SUCCESS,200.0,629903,a12b3d11863a5241acabd7bafb6d46d07e9fa30b0d9cea7bdc55a51712981487,39.08,44100,True,
XC89588,hacdro1,Dicrurus hottentottus,Frank Lambert,data/xeno_canto_indonesia/hacdro1/XC89588.mp3,SUCCESS,200.0,663773,cf5fb3c50f8df42725736333d878558a8a42d1fad55adc2a53274cac1b611212,41.2,44100,True,
XC89589,hacdro1,Dicrurus hottentottus,Frank Lambert,data/xeno_canto_indonesia/hacdro1/XC89589.mp3,SUCCESS,200.0,821838,35fad56491f9719970350e1d54e56c8e85adb9a7fda8475c6166b999a4026114,51.07,44100,True,
XC89590,hacdro1,Dicrurus hottentottus,Frank Lambert,data/xeno_canto_indonesia/hacdro1/XC89590.mp3,SUCCESS,200.0,196571,7deb31a4166dcd3952101509db9df3f5293c04aafe5ae39c3d87a49cc90c607b,11.99,44100,True,
XC89639,hacdro1,Dicrurus hottentottus,Frank Lambert,data/xeno_canto_indonesia/hacdro1/XC89639.mp3,SUCCESS,200.0,1348511,e644c97346e9e16cb10c67705bc7da940b94230c7386cdf04c5733d68b0b3cc8,83.98,44100,True,
XC89640,hacdro1,Dicrurus hottentottus,Frank Lambert,data/xeno_canto_indonesia/hacdro1/XC89640.mp3,SUCCESS,200.0,963152,ef1b061e85a70732ee51eb6c0550eeb84fd52888b819f598018a031f426c5047,59.9,44100,True,
XC89641,hacdro1,Dicrurus hottentottus,Frank Lambert,data/xeno_canto_indonesia/hacdro1/XC89641.mp3,SUCCESS,200.0,1624782,6a5c21f211ef5390b85aebcb325a6a06234867844cdd42b647a5ae0907503c67,101.25,44100,True,
XC90069,hacdro1,Dicrurus hottentottus,Frank Lambert,data/xeno_canto_indonesia/hacdro1/XC90069.mp3,SUCCESS,200.0,727015,0922c284361c280691135dcd320d9d8e21ff6f2521a75a0a87c7f16ea90c3950,45.14,44100,True,
XC90086,hacdro1,Dicrurus hottentottus,Frank Lambert,data/xeno_canto_indonesia/hacdro1/XC90086.mp3,SUCCESS,200.0,746140,40ee7d0df20f288bba8a0f23078187380a3abcd6a67b7df05cd55796f0b87f88,46.34,44100,True,
XC90088,hacdro1,Dicrurus hottentottus,Frank Lambert,data/xeno_canto_indonesia/hacdro1/XC90088.mp3,SUCCESS,200.0,675891,30b056adb0fa9948bd333d04d5b038d4d828462c8bb8d6ae2ab69d6be91e971c,41.95,44100,True,
XC90089,hacdro1,Dicrurus hottentottus,Frank Lambert,data/xeno_canto_indonesia/hacdro1/XC90089.mp3,SUCCESS,200.0,754091,f96bc32840a86c07a4e516d35a67c710fba1821ea49af03fc85e12071fd43fe2,46.84,44100,True,
XC924367,hacdro1,Dicrurus hottentottus,Ding Li Yong,data/xeno_canto_indonesia/hacdro1/XC924367.mp3,SUCCESS,200.0,376545,22ffe67e710c97d17e5d7627f60e83b4ad04ff5d4ee5996b7b9ca8053e0af005,15.1,48000,True,
XC926461,hacdro1,Dicrurus hottentottus,Ding Li Yong,data/xeno_canto_indonesia/hacdro1/XC926461.mp3,SUCCESS,200.0,1762287,c6d1d1384b0bd73e018cba581e50ae5da63e42347a43538a9d0b412d6d473d6d,45.89,48000,True,
XC931276,hacdro1,Dicrurus hottentottus,Ding Li Yong,data/xeno_canto_indonesia/hacdro1/XC931276.mp3,SUCCESS,200.0,1359407,15294d1598e9b145bf87342251b4b100b1426a30d429eb84cdadff5c9ebcd6f7,38.2,48000,True,
XC931626,hacdro1,Dicrurus hottentottus,Ding Li Yong,data/xeno_canto_indonesia/hacdro1/XC931626.mp3,SUCCESS,200.0,3626031,218127b2ef63287b9f890649067cf76bb4332d2260015076f1232170145ecf63,91.03,48000,True,
XC932506,hacdro1,Dicrurus hottentottus,Ding Li Yong,data/xeno_canto_indonesia/hacdro1/XC932506.mp3,SUCCESS,200.0,1372405,1d3f31238626c525b837c30ec669d73735d4fd715ee8133e4a536ca60d4d6956,43.03,44100,True,
XC95049,hacdro1,Dicrurus hottentottus,Frank Lambert,data/xeno_canto_indonesia/hacdro1/XC95049.mp3,SUCCESS,200.0,1054723,4af26aeeaef03bac5d59f70344bf0c70fa2c7bdb2e4c6fdf836ac6b93af47611,65.62,44100,True,
XC95050,hacdro1,Dicrurus hottentottus,Frank Lambert,data/xeno_canto_indonesia/hacdro1/XC95050.mp3,SUCCESS,200.0,529849,026b91015ab7fc42d62bf5400e83c9fae203137ef44701354222ddb31dc53bd7,32.81,44100,True,
XC95051,hacdro1,Dicrurus hottentottus,Frank Lambert,data/xeno_canto_indonesia/hacdro1/XC95051.mp3,SUCCESS,200.0,491793,b6a64aeb01c19eacfb104c3829f304a4fa22e61f6e9899e5bc0b1b25bf8154cf,30.43,44100,True,
XC95052,hacdro1,Dicrurus hottentottus,Frank Lambert,data/xeno_canto_indonesia/hacdro1/XC95052.mp3,SUCCESS,200.0,690734,0d93ef0aa8b8cef1f83052d0471a0e3a7ad4e6d7a4d86fdb26198d39a600a4af,42.87,44100,True,
XC95053,hacdro1,Dicrurus hottentottus,Frank Lambert,data/xeno_canto_indonesia/hacdro1/XC95053.mp3,SUCCESS,200.0,1005576,45bc1a156706e74411d3d3bece106e795544317469f4e4a06058e5ff53fd31ef,62.54,44100,True,
XC95698,hacdro1,Dicrurus hottentottus,Frank Lambert,data/xeno_canto_indonesia/hacdro1/XC95698.mp3,SUCCESS,200.0,912827,96132c8cff0c20c325203a7be47951566093a2718069233f4a2cddfcf60a67df,22.7,44100,True,
XC1029886,hoopit1,Pitta sordida,Kelle Moreau,data/xeno_canto_indonesia/hoopit1/XC1029886.mp3,SUCCESS,200.0,254988,15a1d5093e7905e0ad9b06ccf5f0b9d668472064e2d5b25cbacd8278f6648c78,15.65,44100,True,
XC1029887,hoopit1,Pitta sordida,Kelle Moreau,data/xeno_canto_indonesia/hoopit1/XC1029887.mp3,SUCCESS,200.0,446413,1801e130710df90d300e977830adc886222347d8d082a74d308dbbe1ba9eda9a,27.61,44100,True,
XC1029889,hoopit1,Pitta sordida,Kelle Moreau,data/xeno_canto_indonesia/hoopit1/XC1029889.mp3,SUCCESS,200.0,592281,69299cd548e1e2f1ace29baa0aab185a6f38dc69f8a52b4301bdd76e064196f8,36.73,44100,True,
XC1029892,hoopit1,Pitta sordida,Kelle Moreau,data/xeno_canto_indonesia/hoopit1/XC1029892.mp3,SUCCESS,200.0,1002299,f4391f66c363b14736a36b29a82d0ad64339bb8f7f6d549ef537b34e8ad6024e,62.35,44100,True,
XC1029895,hoopit1,Pitta sordida,Kelle Moreau,data/xeno_canto_indonesia/hoopit1/XC1029895.mp3,SUCCESS,200.0,350306,ee806de0771d63348b05f01643be2c72770b74646512b6bc525a8f3194d29108,21.6,44100,True,
XC1037468,hoopit1,Pitta sordida,Kelle Moreau,data/xeno_canto_indonesia/hoopit1/XC1037468.mp3,SUCCESS,200.0,1347146,969ae3b2b51dd9f4db3a20f6d5a9be3ab01b706da39588f96f71060ac85f9596,83.91,44100,True,
XC1037470,hoopit1,Pitta sordida,Kelle Moreau,data/xeno_canto_indonesia/hoopit1/XC1037470.mp3,SUCCESS,200.0,533798,62acd6d3e47b88bd451545358952b44eabfa44c3e63145d4b9fce79fab9fd7e0,33.07,44100,True,
XC1037471,hoopit1,Pitta sordida,Kelle Moreau,data/xeno_canto_indonesia/hoopit1/XC1037471.mp3,SUCCESS,200.0,1151542,db585a31d70c8984cc1f28aa2edfd730b648c27779b9613d7f109820f6115830,71.68,44100,True,
XC1060904,hoopit1,Pitta sordida,Kelle Moreau,data/xeno_canto_indonesia/hoopit1/XC1060904.mp3,SUCCESS,200.0,725612,da99c35212fffaef29f1916723cdd4b739bbfe4f1ae5d8915abd7a7504c0b424,45.06,44100,True,
XC1062611,hoopit1,Pitta sordida,Kelle Moreau,data/xeno_canto_indonesia/hoopit1/XC1062611.mp3,SUCCESS,200.0,864375,347928d06d67e14ddad524212b9d8fbda645893f6e532f8adc03c447046cc9cd,53.73,44100,True,
XC1097813,hoopit1,Pitta sordida,Yasinchumaedi,data/xeno_canto_indonesia/hoopit1/XC1097813.mp3,SUCCESS,200.0,1650680,a047bc3c01bc05213b0765a8ac8962dc834ad1faab8ec2735382691c04f29e7a,37.43,44100,True,
XC141989,hoopit1,Pitta sordida,Bas Van Balen,data/xeno_canto_indonesia/hoopit1/XC141989.mp3,SUCCESS,200.0,941202,db81a05d14f48b7143f88dc2e92d7f69e76d28f1c6ae18c1bda69299958e520d,58.47,48000,True,
XC163439,hoopit1,Pitta sordida,Frank Lambert,data/xeno_canto_indonesia/hoopit1/XC163439.mp3,SUCCESS,200.0,6994446,ed06ae1caf15e41cbc35dd86339ce9b200e58138bdc2f2477758e509eaaf4b00,174.74,48000,True,
XC166980,hoopit1,Pitta sordida,Frank Lambert,data/xeno_canto_indonesia/hoopit1/XC166980.mp3,SUCCESS,200.0,1408197,cf7b629234c95ded4a1bcf9a83e2a07b668611f2c02f36b68f6cfb0e4780685c,35.09,48000,True,
XC166981,hoopit1,Pitta sordida,Frank Lambert,data/xeno_canto_indonesia/hoopit1/XC166981.mp3,SUCCESS,200.0,1197989,52a834464cd7545a90e6de20771061b37aae88e7bc68ac3b90e99d1323020515,29.83,48000,True,
XC166983,hoopit1,Pitta sordida,Frank Lambert,data/xeno_canto_indonesia/hoopit1/XC166983.mp3,SUCCESS,200.0,3222639,70bafc93103f6544a05a22743a64c72c52927986a227801d70894b761a6969bd,80.45,48000,True,
XC166984,hoopit1,Pitta sordida,Frank Lambert,data/xeno_canto_indonesia/hoopit1/XC166984.mp3,SUCCESS,200.0,3577878,6c07015fc3106a98917ed7b2ba6bfb7e93d302bb8b2bec347e4e47ca9e00e770,89.33,48000,True,
XC166987,hoopit1,Pitta sordida,Frank Lambert,data/xeno_canto_indonesia/hoopit1/XC166987.mp3,SUCCESS,200.0,3778472,f7f05683855996aae86b19a504feceb06fd32ecd42a65b1adcde50f47e74a19f,94.34,48000,True,
XC168880,hoopit1,Pitta sordida,Syahputra,data/xeno_canto_indonesia/hoopit1/XC168880.mp3,SUCCESS,200.0,27179,8d29d3be31c81db91fbd3822ebc9a0e05acb55af094e609056e4a675bc88d076,11.23,8000,True,
XC168881,hoopit1,Pitta sordida,Syahputra,data/xeno_canto_indonesia/hoopit1/XC168881.mp3,SUCCESS,200.0,176947,64a21a10dae688d3375346837151295153dc2174c47c542c05604464c8cc6230,21.53,8000,True,
XC177799,hoopit1,Pitta sordida,Johannes Fischer,data/xeno_canto_indonesia/hoopit1/XC177799.mp3,SUCCESS,200.0,762864,73ce5299f410854f2bc4de0f68c3e75a2a0b7f429886da5f0692816b7c19dfca,23.64,44100,True,
XC177909,hoopit1,Pitta sordida,Johannes Fischer,data/xeno_canto_indonesia/hoopit1/XC177909.mp3,SUCCESS,200.0,617413,5ddc0da3293dc7115203983ed0c48b927bebcf139900f042e7d5a205a76fbfe1,19.1,44100,True,
XC179716,hoopit1,Pitta sordida,Stijn Cooleman,data/xeno_canto_indonesia/hoopit1/XC179716.mp3,SUCCESS,200.0,3353684,a9dfd603c2c12d0decbf7e2db3446801da8d7ce6934ba4030a7011b2897a6fea,83.66,44100,True,
XC202672,hoopit1,Pitta sordida,Stijn Cooleman,data/xeno_canto_indonesia/hoopit1/XC202672.mp3,SUCCESS,200.0,1245004,aeaf64ca4f90a602e95b4f103938086672d4a12d4c7d751bfdf680fd8da30fc1,30.94,44100,True,
XC202673,hoopit1,Pitta sordida,Stijn Cooleman,data/xeno_canto_indonesia/hoopit1/XC202673.mp3,SUCCESS,200.0,717308,0c99958bc1605f5043199aed4eb2e110d2b5b57c1b8f81e0894928cb92c9aa4d,17.74,44100,True,
XC202674,hoopit1,Pitta sordida,Stijn Cooleman,data/xeno_canto_indonesia/hoopit1/XC202674.mp3,SUCCESS,200.0,1887617,729365123e5312a01a2a8d93bf11037f394851fdaa068bafc4136f4a39e5301a,47.0,44100,True,
XC205501,hoopit1,Pitta sordida,Stijn Cooleman,data/xeno_canto_indonesia/hoopit1/XC205501.mp3,SUCCESS,200.0,914889,818e3782967e086ac46a6c9c4d237410b7b894048aed89a2a1b7de267c86c607,22.69,44100,True,
XC205502,hoopit1,Pitta sordida,Stijn Cooleman,data/xeno_canto_indonesia/hoopit1/XC205502.mp3,SUCCESS,200.0,675549,2be54eb71a6979d7fee6907122e3c7b5d81b5c151b2afeb80b9968e6187b7481,16.71,44100,True,
XC22089,hoopit1,Pitta sordida,Sander Pieterse &Amp; Ben Wielstra,data/xeno_canto_indonesia/hoopit1/XC22089.mp3,SUCCESS,200.0,626969,bab4ef97cbc2412def0597c2eb6acbd6e82f2205ecd2c157e163f9106ba7f18f,77.74,44100,True,
XC23126,hoopit1,Pitta sordida,George Wagner,data/xeno_canto_indonesia/hoopit1/XC23126.mp3,SUCCESS,200.0,175146,8ea157ac49eff60c6c758f26aed3e238308d72df7cc90de7cb978a630ff2cac9,10.66,44100,True,
XC23268,hoopit1,Pitta sordida,George Wagner,data/xeno_canto_indonesia/hoopit1/XC23268.mp3,SUCCESS,200.0,810034,286e30da2f2ed4c1f5fe88a3cf2ed0af4e8b9c64cad227bdb77912d5fc86ebba,50.34,44100,True,
XC33651,hoopit1,Pitta sordida,Tjalle Boorsma,data/xeno_canto_indonesia/hoopit1/XC33651.mp3,SUCCESS,200.0,340835,e39b84a79b662ec5e8a59c8369c4e7c3fba408cf1d18c94db8fbf654b4b3ab96,21.0,44100,True,
XC33652,hoopit1,Pitta sordida,Tjalle Boorsma,data/xeno_canto_indonesia/hoopit1/XC33652.mp3,SUCCESS,200.0,268528,1dbeff9ae3650c8e7b18975654d8735ceb5bb7854aeb6e05563a96e855db119b,16.48,44100,True,
XC384062,hoopit1,Pitta sordida,Daniel Lopez Velasco,data/xeno_canto_indonesia/hoopit1/XC384062.mp3,SUCCESS,200.0,28627,be25a1efc811da9bcecd3b11389d74c99b9d31e6603072bcbfd5873e5fbcf953,21.31,8000,True,
XC395234,hoopit1,Pitta sordida,Jacob Hervé,data/xeno_canto_indonesia/hoopit1/XC395234.mp3,SUCCESS,200.0,293105,b012ee1759413bd70241090db2eb76d49249a55e26d69779b6f533fbd49bf126,20.38,44100,True,
XC395313,hoopit1,Pitta sordida,Jacob Hervé,data/xeno_canto_indonesia/hoopit1/XC395313.mp3,SUCCESS,200.0,1301299,719361ea230947e702cbcb99e8e91c3a501ad86b729d3c552f7816c61dbae908,40.45,44100,True,
XC395428,hoopit1,Pitta sordida,Jacob Hervé,data/xeno_canto_indonesia/hoopit1/XC395428.mp3,SUCCESS,200.0,738727,c56d2b65027cf8d9e600c5f6287bb7a5d31a41638fdf6852c00ef4bdc850c280,22.85,44100,True,
XC395636,hoopit1,Pitta sordida,Marc Thibault,data/xeno_canto_indonesia/hoopit1/XC395636.mp3,SUCCESS,200.0,350316,c646bc470ffb59e6774984bac9763ccccd7d3b4bd9339838033d884618e6a2ac,21.53,44100,True,
XC401715,hoopit1,Pitta sordida,Marc Thibault,data/xeno_canto_indonesia/hoopit1/XC401715.mp3,SUCCESS,200.0,1055022,8bbdfc3c1660644d867cf5c9fe4ed6b7597ab87290d85da6b9f791fc8d5f23a2,65.57,44100,True,
XC40342,hoopit1,Pitta sordida,Patrik Åberg,data/xeno_canto_indonesia/hoopit1/XC40342.mp3,SUCCESS,200.0,2800245,841445745f5ff0f284b232bd96b54a1e9705db31968c5c6c127569f8b7765175,175.12,44100,True,
XC40343,hoopit1,Pitta sordida,Patrik Åberg,data/xeno_canto_indonesia/hoopit1/XC40343.mp3,SUCCESS,200.0,1445839,170d53c5cfdcc5c1f9efff72ed928f5d4f1504854614817c4394dfeb100baa84,90.28,44100,True,
XC409486,hoopit1,Pitta sordida,Ross Gallardy,data/xeno_canto_indonesia/hoopit1/XC409486.mp3,SUCCESS,200.0,1151297,74e407e1105ea431284e51b1713195a8e7d59506b9ad6fe2bb0b3d612db115b6,71.6,48000,True,
XC409487,hoopit1,Pitta sordida,Ross Gallardy,data/xeno_canto_indonesia/hoopit1/XC409487.mp3,SUCCESS,200.0,696641,ad372f5134b5c873e25f36a1b93fbc6cb061f3a7190e6dec79a4762f6af8acc2,43.19,48000,True,
XC409824,hoopit1,Pitta sordida,Ross Gallardy,data/xeno_canto_indonesia/hoopit1/XC409824.mp3,SUCCESS,200.0,842563,268ca8621a95de3571f88f3d68bdb9a26cec13d4a346ecb8e82bd10050a3cf14,52.31,48000,True,
XC409825,hoopit1,Pitta sordida,Ross Gallardy,data/xeno_canto_indonesia/hoopit1/XC409825.mp3,SUCCESS,200.0,526147,ad42539b560a08cff0ad4d3de83a2d4feba08963826f2dae1b6507dbca6fbc4d,32.54,48000,True,
XC434935,hoopit1,Pitta sordida,Peter Ericsson,data/xeno_canto_indonesia/hoopit1/XC434935.mp3,SUCCESS,200.0,982761,99b0f6fb85be6902a3dc53fea9441aaac674dbb200c51eeb64feb2a8c6a4c6cf,49.28,44100,True,
XC499221,hoopit1,Pitta sordida,Marc Anderson,data/xeno_canto_indonesia/hoopit1/XC499221.mp3,SUCCESS,200.0,2381692,8133c44bc21515cce072329a0c9bcd95fe26b622cb24d01061bd02bc2ef420e3,59.36,48000,True,
XC504664,hoopit1,Pitta sordida,Marc Anderson,data/xeno_canto_indonesia/hoopit1/XC504664.mp3,SUCCESS,200.0,449170,4dccbc571916707af7ff9ef610116802672e0ad3cd29856b69579cdb40e92c6a,11.05,48000,True,
XC582432,hoopit1,Pitta sordida,Ken Behrens,data/xeno_canto_indonesia/hoopit1/XC582432.mp3,SUCCESS,200.0,1226113,4ef51c96efe4a28ed41293fe3dbdb57a816ff0cdb01337ac54ec3cdc35e67761,30.48,44100,True,
XC632640,hoopit1,Pitta sordida,Marc Anderson,data/xeno_canto_indonesia/hoopit1/XC632640.mp3,SUCCESS,200.0,559507,03c29f30d747061066e780fb42b292253fd6d80ab2bd9bc0510ad45925ad5a4b,13.81,44100,True,
XC632641,hoopit1,Pitta sordida,Marc Anderson,data/xeno_canto_indonesia/hoopit1/XC632641.mp3,SUCCESS,200.0,400891,08827e7102466e602d63450a4bab4bc5cd2e22c86a6eff3ccce6188550f41a57,12.33,44100,True,
XC681136,hoopit1,Pitta sordida,Mike Nelson,data/xeno_canto_indonesia/hoopit1/XC681136.mp3,SUCCESS,200.0,121275,82b7c1c5d5dced8ddf268c3d5cf32f799f7ee3252bedbdcf30551c794b8e0ad6,7.22,44100,True,
XC681137,hoopit1,Pitta sordida,Mike Nelson,data/xeno_canto_indonesia/hoopit1/XC681137.mp3,SUCCESS,200.0,107065,6a27134792c9a184deedbcaadc6526cd7637986a9f5b7267d4ccc0c05f07abae,6.34,44100,True,
XC691989,hoopit1,Pitta sordida,Panji Gusti Akbar,data/xeno_canto_indonesia/hoopit1/XC691989.mp3,SUCCESS,200.0,2394232,ffc7c01bb8f6b2ef8a4e1e5c7cb763f3c47b7e46681ac367a5a3f88d0c00b4b6,59.69,48000,True,
XC698132,hoopit1,Pitta sordida,Panji Gusti Akbar,data/xeno_canto_indonesia/hoopit1/XC698132.mp3,SUCCESS,200.0,2283809,c745dcb34b793e46d052645041b117ed58a679d9183f15cac46fe352fb6829de,56.91,48000,True,
XC75884,hoopit1,Pitta sordida,Bas Van Balen,data/xeno_canto_indonesia/hoopit1/XC75884.mp3,SUCCESS,200.0,55594,4cb59ae443100f1f244696e389394f1d0385ec8f0345b95827b313149fa92759,3.19,44100,True,
XC75915,hoopit1,Pitta sordida,Bas Van Balen,data/xeno_canto_indonesia/hoopit1/XC75915.mp3,SUCCESS,200.0,401268,78d48adbf27e1bf36d5df6ebe2a237c25b47a5618f815332e5212ac0556539c6,24.79,44100,True,
XC75916,hoopit1,Pitta sordida,Bas Van Balen,data/xeno_canto_indonesia/hoopit1/XC75916.mp3,SUCCESS,200.0,1755873,79d7728a5e1ff964c83f4d77a1cbe4b6ffdf040ad2bea4b11f3e23c1a9f34a97,109.45,44100,True,
XC75917,hoopit1,Pitta sordida,Bas Van Balen,data/xeno_canto_indonesia/hoopit1/XC75917.mp3,SUCCESS,200.0,1659325,ff97635a8f910ecc161f67f40c56c80755cd500cb6e56997d242a1e0e3c271fe,103.42,44100,True,
XC835488,hoopit1,Pitta sordida,Richard Payne,data/xeno_canto_indonesia/hoopit1/XC835488.mp3,SUCCESS,200.0,3115304,eae61acee346c26d6e502eccce5f59a71877e978d2bd9442669ea2f9d6af8953,17.66,44100,True,
XC937759,hoopit1,Pitta sordida,Oscar Campbell,data/xeno_canto_indonesia/hoopit1/XC937759.mp3,SUCCESS,200.0,21670748,a4eb84f633d3ad1645c326cf31da08246bf96820418afe4f0457343bc0179229,122.85,44100,True,
XC954620,hoopit1,Pitta sordida,Oscar Campbell,data/xeno_canto_indonesia/hoopit1/XC954620.mp3,SUCCESS,200.0,11560332,d9e98486491e7c61bf2b4a79ab87017006b8bfd6e34d0144b29884baef4ca979,65.53,44100,True,
XC1074018,horbab1,Malacocincla sepiaria,Panji Gusti Akbar,data/xeno_canto_indonesia/horbab1/XC1074018.mp3,SUCCESS,200.0,2638266,6386cd2401cf8c54f0484d6c3e689c69a34f690c037a6ef86d5a06ac2e855e8c,27.48,48000,True,
XC141913,horbab1,Malacocincla sepiaria,Frank Lambert,data/xeno_canto_indonesia/horbab1/XC141913.mp3,SUCCESS,200.0,1931426,831e9f0d38b2162ef43362b6bc51a7f3cc059b3a089da084bf946ee231dcdebd,48.17,48000,True,
XC143538,horbab1,Malacocincla sepiaria,Heru Cahyono,data/xeno_canto_indonesia/horbab1/XC143538.mp3,SUCCESS,200.0,31864,bfd59c18f772929fee4b7ace65b7426c47c281d36ab9531e5495a39c60fcc91e,3.38,8000,True,
XC177810,horbab1,Malacocincla sepiaria,Johannes Fischer,data/xeno_canto_indonesia/horbab1/XC177810.mp3,SUCCESS,200.0,319010,f0afb8ade233fcfccb9795b3c595e474fd9988c72ca15d0d59471d4b410a89b9,9.75,44100,True,
XC182646,horbab1,Malacocincla sepiaria,Ding Li Yong,data/xeno_canto_indonesia/horbab1/XC182646.mp3,SUCCESS,200.0,244608,216e041b7226904c2623b984996c50817783763b16ebe5bd7c0780d0071608d9,14.92,44100,True,
XC197381,horbab1,Malacocincla sepiaria,Paulo Alves,data/xeno_canto_indonesia/horbab1/XC197381.mp3,SUCCESS,200.0,740742,73a1168cbc3fb800aa55754e35081717b2fa05c888ec0be4e5142b9fccced81d,45.94,44100,True,
XC204059,horbab1,Malacocincla sepiaria,Mike Nelson,data/xeno_canto_indonesia/horbab1/XC204059.mp3,SUCCESS,200.0,486571,db6e619fa360349b15a9c9720431f1a776d5e0ae430ffb22b6771b097f7b7186,30.06,44100,True,
XC204060,horbab1,Malacocincla sepiaria,Mike Nelson,data/xeno_canto_indonesia/horbab1/XC204060.mp3,SUCCESS,200.0,557625,224ad8d31b8f7ff55ca55ae816a8a13ae3d112bc9c8c9689acf8b9adc4fa67d3,34.49,44100,True,
XC204061,horbab1,Malacocincla sepiaria,Mike Nelson,data/xeno_canto_indonesia/horbab1/XC204061.mp3,SUCCESS,200.0,392113,401e5fe0328c2aba28c3828ff7a285869d18716fe6c509794ff3aad79d884032,24.14,44100,True,
XC204132,horbab1,Malacocincla sepiaria,Mike Nelson,data/xeno_canto_indonesia/horbab1/XC204132.mp3,SUCCESS,200.0,1800228,47e80dad3bd7463aac34d8f662d7ee0519cab0aeb20491aed555b486e4067e5c,112.15,44100,True,
XC206061,horbab1,Malacocincla sepiaria,Sidiq Pambudi,data/xeno_canto_indonesia/horbab1/XC206061.mp3,SUCCESS,200.0,5733475,028c782dfeec5331ecec1daad796504c9eb9e0785940d674aad1ee1f26dc8778,143.16,48000,True,
XC214643,horbab1,Malacocincla sepiaria,Paulo Alves,data/xeno_canto_indonesia/horbab1/XC214643.mp3,SUCCESS,200.0,454857,394a4cb6e363d8819febc9a884b176903fc51cba4fc895b378c7310b14e13c54,28.08,44100,True,
XC214975,horbab1,Malacocincla sepiaria,Marc Anderson,data/xeno_canto_indonesia/horbab1/XC214975.mp3,SUCCESS,200.0,2082321,3b0bf564cb4f1c7c165af5b9797860f1653bc3d4e5ae5ebd5cf70279a92bd294,86.5,48000,True,
XC215020,horbab1,Malacocincla sepiaria,Marc Anderson,data/xeno_canto_indonesia/horbab1/XC215020.mp3,SUCCESS,200.0,1351357,c24d9bf1b14b38816a3229cec0b901cc99a51c86043fb9623161247217fbf158,56.05,48000,True,
XC215148,horbab1,Malacocincla sepiaria,Marc Anderson,data/xeno_canto_indonesia/horbab1/XC215148.mp3,SUCCESS,200.0,970612,502d8e0a8330aaae222b7bf6827c35edae7beb27f4f857a00c424adef35f5e3c,40.19,48000,True,
XC242623,horbab1,Malacocincla sepiaria,Mike Nelson,data/xeno_canto_indonesia/horbab1/XC242623.mp3,SUCCESS,200.0,675180,9da9339ddd469b5e36cad70aa1b6a5f43bb6e00641618eee34149d5cc0a24295,41.83,44100,True,
XC318219,horbab1,Malacocincla sepiaria,Achmad Ridha,data/xeno_canto_indonesia/horbab1/XC318219.mp3,SUCCESS,200.0,646093,458ca73f4b86f1c970bf5af28711d25b86d5e10757d594aa33c07da49ec06375,35.81,44100,True,
XC335965,horbab1,Malacocincla sepiaria,Brendan Sloan,data/xeno_canto_indonesia/horbab1/XC335965.mp3,SUCCESS,200.0,636995,a77d777bd64813d1959e1766d7065dac48b30f06e4509180f5e5a7f012617696,39.46,44100,True,
XC34476,horbab1,Malacocincla sepiaria,Tjalle Boorsma,data/xeno_canto_indonesia/horbab1/XC34476.mp3,SUCCESS,200.0,370932,2499d82a130cafa3065cf868402b4841a2adc585907a4aa19d8a9257730a4eb1,22.88,44100,True,
XC34477,horbab1,Malacocincla sepiaria,Tjalle Boorsma,data/xeno_canto_indonesia/horbab1/XC34477.mp3,SUCCESS,200.0,115559,d61ce293cd745ad5fce7ba3111c4bf49c8077805838d8c1618528c07cb4ebe0e,6.92,44100,True,
XC357328,horbab1,Malacocincla sepiaria,Asman Adi Purwanto,data/xeno_canto_indonesia/horbab1/XC357328.mp3,SUCCESS,200.0,458802,7b6fb330a589040824fb9259059307e2c10252065d66b966aa56ca9c4aafaddc,72.35,44100,True,
XC36893,horbab1,Malacocincla sepiaria,Swiss Winnasis,data/xeno_canto_indonesia/horbab1/XC36893.mp3,SUCCESS,200.0,285954,2b20590f4de7c9c750c80ab190d4f61c3a523988bf2e7eb250a7ccbce4cdb3c6,17.5,44100,True,
XC376181,horbab1,Malacocincla sepiaria,Karyadi Baskoro,data/xeno_canto_indonesia/horbab1/XC376181.mp3,SUCCESS,200.0,230612,af9868b9da2c4aef0f1cf92f7750f63267e31c8581177a4336372766e335bb89,28.24,44100,True,
XC376183,horbab1,Malacocincla sepiaria,Karyadi Baskoro,data/xeno_canto_indonesia/horbab1/XC376183.mp3,SUCCESS,200.0,320892,295b22a83a960f48ffbf09dcef32719a2d4b716b09660daf5e3759a8d57eddab,39.52,44100,True,
XC376483,horbab1,Malacocincla sepiaria,Karyadi Baskoro,data/xeno_canto_indonesia/horbab1/XC376483.mp3,SUCCESS,200.0,4088601,945341b183504072635b0a47cccfa6e79d03b47d3a2c717a0fab921494d09c94,170.16,44100,True,
XC388222,horbab1,Malacocincla sepiaria,Brendan Sloan,data/xeno_canto_indonesia/horbab1/XC388222.mp3,SUCCESS,200.0,631947,cb054e1d294bf0f53f641ad7c47ff11d0e3dd3eb4e92cf8cde3e3e254f99e06a,28.22,44100,True,
XC39495,horbab1,Malacocincla sepiaria,Brian Cox,data/xeno_canto_indonesia/horbab1/XC39495.mp3,SUCCESS,200.0,463237,0dbffce61cd077c8750753bc2875c8f428446687996e6b4c91e66b5b583c7f24,22.93,32000,True,
XC39505,horbab1,Malacocincla sepiaria,Brian Cox,data/xeno_canto_indonesia/horbab1/XC39505.mp3,SUCCESS,200.0,296261,5f3f66c9246906c517d22e44d179ef7dced3b877df865087449126e00e13e660,14.58,32000,True,
XC40438,horbab1,Malacocincla sepiaria,David Edwards,data/xeno_canto_indonesia/horbab1/XC40438.mp3,SUCCESS,200.0,668783,9f8fa644d54ac616561a3ad0d7e01fcceb523538cac0a55e1f3336cbbee25293,55.34,48000,True,
XC409166,horbab1,Malacocincla sepiaria,Frank Lambert,data/xeno_canto_indonesia/horbab1/XC409166.mp3,SUCCESS,200.0,1521500,dfdfa02d9372fd6e3bdf2e073fc027831dcec9b2a685271a72f03e5fc50c446e,37.92,48000,True,
XC409399,horbab1,Malacocincla sepiaria,Frank Lambert,data/xeno_canto_indonesia/horbab1/XC409399.mp3,SUCCESS,200.0,2082129,21f40127cca8e9c23c52ac173ebb03fdfa494d4095f61ce7b84d2f8093895c7b,51.94,48000,True,
XC413675,horbab1,Malacocincla sepiaria,Frank Lambert,data/xeno_canto_indonesia/horbab1/XC413675.mp3,SUCCESS,200.0,1329511,d83ca14f52aea6a84a919f074422ec04756d48540f3f1cbdac144e8dbaaae6b1,33.12,48000,True,
XC413676,horbab1,Malacocincla sepiaria,Frank Lambert,data/xeno_canto_indonesia/horbab1/XC413676.mp3,SUCCESS,200.0,1267133,1a35410687ddb9ecc29e60ec17a4a918ce908d5841db73f915e73ff3e29c64d1,31.56,48000,True,
XC464728,horbab1,Malacocincla sepiaria,Bent Rønsholdt,data/xeno_canto_indonesia/horbab1/XC464728.mp3,SUCCESS,200.0,565454,6e33ae9989cdcbfc66953444b66173bd0ea8d26bc875da38337ed9d9687dd63c,35.03,44100,True,
XC468873,horbab1,Malacocincla sepiaria,Frank Lambert,data/xeno_canto_indonesia/horbab1/XC468873.mp3,SUCCESS,200.0,687032,1c3458e09bfa932021f7caa19759d9da3e400cd04682ac237da96b75c440ea2f,17.06,44100,True,
XC468874,horbab1,Malacocincla sepiaria,Frank Lambert,data/xeno_canto_indonesia/horbab1/XC468874.mp3,SUCCESS,200.0,1741334,562582f4a5dc8e92ae883a3ea3454e1bcafa2060b5390f6faf9abf27d597517c,43.42,44100,True,
XC474578,horbab1,Malacocincla sepiaria,Matthew L. Brady,data/xeno_canto_indonesia/horbab1/XC474578.mp3,SUCCESS,200.0,857149,225157947c53dd92e6d7b32e556f548db76c5f876946a78de430e3ea4e82f01b,70.21,44100,True,
XC490257,horbab1,Malacocincla sepiaria,Ross Gallardy,data/xeno_canto_indonesia/horbab1/XC490257.mp3,SUCCESS,200.0,57310,d4a0324ba1ed4480b03b47f24d3ef0e51315f313c5450f0899424cc88dcbaff0,3.23,48000,True,
XC530073,horbab1,Malacocincla sepiaria,Matt Slaymaker,data/xeno_canto_indonesia/horbab1/XC530073.mp3,SUCCESS,200.0,847939,b50887f8d5e2ccde05d2ead92902d337cd2b522006249d5fd71a495487dcb555,21.02,44100,True,
XC576403,horbab1,Malacocincla sepiaria,Okamoto Keita Sin,data/xeno_canto_indonesia/horbab1/XC576403.mp3,SUCCESS,200.0,340872,216fe953822ad29746541122c16f42e5885cee2b64bf83a9c83ca99ef928bb71,11.75,44100,True,
XC576404,horbab1,Malacocincla sepiaria,Okamoto Keita Sin,data/xeno_canto_indonesia/horbab1/XC576404.mp3,SUCCESS,200.0,1471250,88bf788a039728bf3f077ccc4f70e595505e9e026928e9da8a52433e71228afc,49.77,44100,True,
XC582939,horbab1,Malacocincla sepiaria,Mark Havard,data/xeno_canto_indonesia/horbab1/XC582939.mp3,SUCCESS,200.0,118487,3bcfd275cff440dfeb8822f414296d3fe2feb7024c0eaa4b013b1a052f42e427,7.01,44100,True,
XC586230,horbab1,Malacocincla sepiaria,Mark Havard,data/xeno_canto_indonesia/horbab1/XC586230.mp3,SUCCESS,200.0,529742,4c7374ad3a155e338accc6dfda0fc3033801068b82511443149ddec38e961118,32.72,44100,True,
XC590002,horbab1,Malacocincla sepiaria,Mark Havard,data/xeno_canto_indonesia/horbab1/XC590002.mp3,SUCCESS,200.0,529274,de394ef1769ec89b8c48fa121bf1140d8125a6c2d961d94e27142607bca21f6b,32.72,44100,True,
XC590003,horbab1,Malacocincla sepiaria,Mark Havard,data/xeno_canto_indonesia/horbab1/XC590003.mp3,SUCCESS,200.0,118002,96678a2e6aefcb595a684d5492c7f1d6d818a67776a30f45f0a4c15373fb9f7a,7.01,44100,True,
XC618419,horbab1,Malacocincla sepiaria,Teus Luijendijk,data/xeno_canto_indonesia/horbab1/XC618419.mp3,SUCCESS,200.0,1648324,abe9c3c72ba60a9913c921b860f90cc26daebd7412a712250dcc03b863a10402,53.05,44100,True,
XC618420,horbab1,Malacocincla sepiaria,Teus Luijendijk,data/xeno_canto_indonesia/horbab1/XC618420.mp3,SUCCESS,200.0,989065,83dbdbf0e8889ab0ace53d8401ae00f6560da1d369ebfceca93d2db36cf765c4,32.66,44100,True,
XC618421,horbab1,Malacocincla sepiaria,Teus Luijendijk,data/xeno_canto_indonesia/horbab1/XC618421.mp3,SUCCESS,200.0,1151212,697eeb1a0d94cb0c75b66c0f4aeb1f1d1deaf2882b7ce4c753e73327efcbdabe,37.37,44100,True,
XC618423,horbab1,Malacocincla sepiaria,Teus Luijendijk,data/xeno_canto_indonesia/horbab1/XC618423.mp3,SUCCESS,200.0,1057208,0b043427d0a223679ab3599d435744b69bcc00399e97aa1979bfdbdb62617d96,33.7,44100,True,
XC64647,horbab1,Malacocincla sepiaria,Iain Woxvold,data/xeno_canto_indonesia/horbab1/XC64647.mp3,SUCCESS,200.0,1788775,7193e0fe72af0d0cc06c8c7db4441ac071e5fdc33adee627ea7a44a703fbe75d,55.75,44100,True,
XC660381,horbab1,Malacocincla sepiaria,Panji Gusti Akbar,data/xeno_canto_indonesia/horbab1/XC660381.mp3,SUCCESS,200.0,1946110,4a81f1e2450b451925fc3f30c48f11fce009628b55c24f6262570a959b9bfa19,48.46,48000,True,
XC660383,horbab1,Malacocincla sepiaria,Panji Gusti Akbar,data/xeno_canto_indonesia/horbab1/XC660383.mp3,SUCCESS,200.0,2650776,596648e583301494cf28eec8ac9d3858adf0ccb0ccd002a83d4b55934c329f9a,66.08,48000,True,
XC669917,horbab1,Malacocincla sepiaria,Jelle Scharringa,data/xeno_canto_indonesia/horbab1/XC669917.mp3,SUCCESS,200.0,839566,22ab089280474c6972ff6794d08bf3893375491bde6dacfe993cb41e21a54c2e,51.47,44100,True,
XC68638,horbab1,Malacocincla sepiaria,Frank Lambert,data/xeno_canto_indonesia/horbab1/XC68638.mp3,SUCCESS,200.0,393628,e886cbf61fb4879e7eb125210a076c7b75db36ed74d495cb25aebb0fbb277446,48.5,44100,True,
XC691490,horbab1,Malacocincla sepiaria,Mike Nelson,data/xeno_canto_indonesia/horbab1/XC691490.mp3,SUCCESS,200.0,1308737,1fc33c32730580b590b52d3e6f504f05a7477ea7cbb95f17b4f88c20d7de913c,81.45,44100,True,
XC70206,horbab1,Malacocincla sepiaria,David Gibbs,data/xeno_canto_indonesia/horbab1/XC70206.mp3,SUCCESS,200.0,417981,fe8d99274e7d099955e9b583b2b404ebef6e2fb036acbcbf0368e8c766485ea7,25.84,44100,True,
XC754133,horbab1,Malacocincla sepiaria,Made Surya,data/xeno_canto_indonesia/horbab1/XC754133.mp3,SUCCESS,200.0,2265160,c4df290609e020ae363e9fae6add54fb52c8da34742aecdcc3e7da6a816aa035,11.8,48000,True,
XC791737,horbab1,Malacocincla sepiaria,Chi-Hsuan Shao,data/xeno_canto_indonesia/horbab1/XC791737.mp3,SUCCESS,200.0,353878,c21f31792ecd314e4d32e47dfcd5047a5470c0a5d42101d80c0dd8c5f546ebc7,21.77,48000,True,
XC804471,horbab1,Malacocincla sepiaria,D. Septa,data/xeno_canto_indonesia/horbab1/XC804471.mp3,SUCCESS,200.0,359220,5085d4bfeb4b0a70dd64652e074a19699c9e19680aae2733fa07853387773db1,15.51,48000,True,
XC90717,horbab1,Malacocincla sepiaria,Fabian Ducry &Amp; David Marques,data/xeno_canto_indonesia/horbab1/XC90717.mp3,SUCCESS,200.0,254875,120de3be023757369e72bb652776aea8fa48ab0f3bc898ae15ace0ab32c78c9c,10.34,44100,True,
XC90720,horbab1,Malacocincla sepiaria,Fabian Ducry &Amp; David Marques,data/xeno_canto_indonesia/horbab1/XC90720.mp3,SUCCESS,200.0,657979,5017596584775294cd7a8fc16c495b45c1431526e6f9d8ebc504f84d1cc49344,27.13,44100,True,
XC90727,horbab1,Malacocincla sepiaria,Fabian Ducry &Amp; David Marques,data/xeno_canto_indonesia/horbab1/XC90727.mp3,SUCCESS,200.0,936327,91fd5cf2d46bf7ae6a3952d0cdcaaae70c6926aab3bdd0b0536a84cca9b3cc4d,38.73,44100,True,
XC90930,horbab1,Malacocincla sepiaria,Fabian Ducry &Amp; David Marques,data/xeno_canto_indonesia/horbab1/XC90930.mp3,SUCCESS,200.0,398420,0efa7f4c4b10061270facb915a2c49a5f1087b9a497aafe1f051ae18b3f3e35f,16.32,44100,True,
XC90931,horbab1,Malacocincla sepiaria,Fabian Ducry &Amp; David Marques,data/xeno_canto_indonesia/horbab1/XC90931.mp3,SUCCESS,200.0,374596,60baf7fdfba9611b1b68eee296f4702e827901ae229ccad13a62b49d4071304b,15.32,44100,True,
XC940269,horbab1,Malacocincla sepiaria,Ding Li Yong,data/xeno_canto_indonesia/horbab1/XC940269.mp3,SUCCESS,200.0,1121244,e3bc3298bbdac4ee9956f00dd4977c870e2ed07e38bbe8918bf2941c18f47c51,27.96,48000,True,
XC940272,horbab1,Malacocincla sepiaria,Ding Li Yong,data/xeno_canto_indonesia/horbab1/XC940272.mp3,SUCCESS,200.0,1745086,d51f26f8e6dfd8949a52c877b76b2a9855f1b21f1ec45e48718461fdb64b1f10,45.28,48000,True,
XC940645,horbab1,Malacocincla sepiaria,Ding Li Yong,data/xeno_canto_indonesia/horbab1/XC940645.mp3,SUCCESS,200.0,1065510,53f5ce1c23beea4d53e8e058b65e3ae7527a39ce6baf505a81f01bec881de9dd,42.63,48000,True,
XC943927,horbab1,Malacocincla sepiaria,Kim Chuah Lim,data/xeno_canto_indonesia/horbab1/XC943927.mp3,SUCCESS,200.0,483881,108a132a591db2955b520958c86d319c2e371af753a60e96f6becceabbc7c9ea,41.27,48000,True,
XC1000904,latnig1,Caprimulgus macrurus,Untung Sarmawi,data/xeno_canto_indonesia/latnig1/XC1000904.mp3,SUCCESS,200.0,2649134,fb6a8606c5374b9af3935a40b6d93a8665cc7cf92194aa809d1932472a251327,65.7,48000,True,
XC1027230,latnig1,Caprimulgus macrurus,Kelle Moreau,data/xeno_canto_indonesia/latnig1/XC1027230.mp3,SUCCESS,200.0,229972,0ce95b70aef342a3d27803c42aa6f717bfff38f69eaa0c0b346545954a379d0e,14.08,44100,True,
XC1027232,latnig1,Caprimulgus macrurus,Kelle Moreau,data/xeno_canto_indonesia/latnig1/XC1027232.mp3,SUCCESS,200.0,1713370,af63ee4826383327c2a0ba43c06dfe53096e8caacf6dc7368cd909101e069248,106.79,44100,True,
XC1073400,latnig1,Caprimulgus macrurus,Panji Gusti Akbar,data/xeno_canto_indonesia/latnig1/XC1073400.mp3,SUCCESS,200.0,2733392,fd32dbd81e2e7e2105566688c98808ec8c684d80ff0f16bc9d8d1dcf6bf908c0,30.98,44100,True,
XC1073401,latnig1,Caprimulgus macrurus,Panji Gusti Akbar,data/xeno_canto_indonesia/latnig1/XC1073401.mp3,SUCCESS,200.0,2733392,fd32dbd81e2e7e2105566688c98808ec8c684d80ff0f16bc9d8d1dcf6bf908c0,30.98,44100,True,
XC1166606,latnig1,Caprimulgus macrurus,Ding Li Yong,data/xeno_canto_indonesia/latnig1/XC1166606.mp3,SUCCESS,200.0,1623861,57df4dda517af723e32cd63027e8c4dd5682f68f49dc60096d117012765f03c4,40.52,48000,True,
XC1166609,latnig1,Caprimulgus macrurus,Ding Li Yong,data/xeno_canto_indonesia/latnig1/XC1166609.mp3,SUCCESS,200.0,1147701,4aa3ca30a2327f009b80ed74b4f60c76e97ef9a496a9b2aea64364c02d6fb9ce,28.61,48000,True,
XC141044,latnig1,Caprimulgus macrurus,Bas Van Balen,data/xeno_canto_indonesia/latnig1/XC141044.mp3,SUCCESS,200.0,443168,1a9c5de8dd54567b62a3b1607df957a872b1baf175d0905b923f36bc77981966,27.35,48000,True,
XC141803,latnig1,Caprimulgus macrurus,Frank Lambert,data/xeno_canto_indonesia/latnig1/XC141803.mp3,SUCCESS,200.0,1881524,afbe5bc701f21dd1b15a1362844a52f0fa5447b87b9df72c37617c57010a4892,46.92,48000,True,
XC141804,latnig1,Caprimulgus macrurus,Frank Lambert,data/xeno_canto_indonesia/latnig1/XC141804.mp3,SUCCESS,200.0,677643,785aaddd720af51636c58144c9bc58ba1b30a07c2d8751b7e5a9e68519bb2978,16.82,48000,True,
XC151699,latnig1,Caprimulgus macrurus,Mike Nelson,data/xeno_canto_indonesia/latnig1/XC151699.mp3,SUCCESS,200.0,1668220,3df0cd389da235fd70beae4b977c4d5d46bf511d8345a3698b827fcac3b2a3c9,103.9,44100,True,
XC155937,latnig1,Caprimulgus macrurus,Hans Matheve,data/xeno_canto_indonesia/latnig1/XC155937.mp3,SUCCESS,200.0,812621,b38d36de3849c0072d2cca83c1f5896d0fd60fbe3d9b5317e04e8e37296ee3cc,31.78,48000,True,
XC161445,latnig1,Caprimulgus macrurus,Frank Lambert,data/xeno_canto_indonesia/latnig1/XC161445.mp3,SUCCESS,200.0,1630937,8f70d10348a77b009ab9343037e99ce7601c2b285395224615ed20e9b98f7a0e,40.66,48000,True,
XC161446,latnig1,Caprimulgus macrurus,Frank Lambert,data/xeno_canto_indonesia/latnig1/XC161446.mp3,SUCCESS,200.0,920750,1fe50446284512db799f4dde1d72ae5833689f7abb7357feb0482558287ea277,22.9,48000,True,
XC18866,latnig1,Caprimulgus macrurus,Mike Catsis,data/xeno_canto_indonesia/latnig1/XC18866.mp3,SUCCESS,200.0,431359,c88888c0331f2818a648846f91ef7fa9de702c3d9d57895b91c5921242527713,21.34,48000,True,
XC196627,latnig1,Caprimulgus macrurus,Frank Lambert,data/xeno_canto_indonesia/latnig1/XC196627.mp3,SUCCESS,200.0,1683847,d5475f10dfd72b92108726e233ca4c86efa86a172dc656ca08da0a5f67b34470,41.98,44100,True,
XC200016,latnig1,Caprimulgus macrurus,Bruno Durand,data/xeno_canto_indonesia/latnig1/XC200016.mp3,SUCCESS,200.0,2671656,3f9d6bbcd1476cc0f83763c0f4d9d91e9fb8dab4f4f53320bcefa69264a84e14,66.67,48000,True,
XC204788,latnig1,Caprimulgus macrurus,Mike Nelson,data/xeno_canto_indonesia/latnig1/XC204788.mp3,SUCCESS,200.0,1054236,83e4f4fa4ee3b4858c3e15afe187b8b2fe1238344a472f93360b35d11798c820,65.52,44100,True,
XC204789,latnig1,Caprimulgus macrurus,Mike Nelson,data/xeno_canto_indonesia/latnig1/XC204789.mp3,SUCCESS,200.0,658011,4f6206bcbcf15d26cc7594a3103462b49134806ab97ffeddb934858543f95761,40.76,44100,True,
XC216318,latnig1,Caprimulgus macrurus,Patrik Åberg,data/xeno_canto_indonesia/latnig1/XC216318.mp3,SUCCESS,200.0,4263705,a756cd4a8a09870c936209ee2ce1f34cfb7e555763fb69e3b00d43bbd297a1b0,106.48,44100,True,
XC239282,latnig1,Caprimulgus macrurus,Stijn Cooleman,data/xeno_canto_indonesia/latnig1/XC239282.mp3,SUCCESS,200.0,936802,02c1886018348c75998bfdb5dfab03a81ffe40bfe98c7cc1b4aa305667172f4b,23.24,44100,True,
XC243369,latnig1,Caprimulgus macrurus,Mike Nelson,data/xeno_canto_indonesia/latnig1/XC243369.mp3,SUCCESS,200.0,439439,7fc73883c3f2efb5d9c5e1c9601c25e89a8725c48e48feccd119578687c73487,27.1,44100,True,
XC245918,latnig1,Caprimulgus macrurus,Paulo Alves,data/xeno_canto_indonesia/latnig1/XC245918.mp3,SUCCESS,200.0,357858,95f5a591701867ddad630af70789ccd19bcc7ea152be3cfdc897ecbe4d0f59d6,22.0,44100,True,
XC282754,latnig1,Caprimulgus macrurus,Bruno Durand,data/xeno_canto_indonesia/latnig1/XC282754.mp3,SUCCESS,200.0,475404,cee4c9dcddec5e78ac46d29a656e202b7bf0af87f89f4759d2987b8276db0c1b,29.35,44100,True,
XC351669,latnig1,Caprimulgus macrurus,Gareth K.,data/xeno_canto_indonesia/latnig1/XC351669.mp3,SUCCESS,200.0,1053766,84333de1d07cd3182e2594dd3871e7667aa2d6715e31089a9d9b93dbea923865,26.15,44100,True,
XC351670,latnig1,Caprimulgus macrurus,Gareth K.,data/xeno_canto_indonesia/latnig1/XC351670.mp3,SUCCESS,200.0,3150876,6987557fecad882f45a61ad5d313b41542b712d347f0dc98ffdd1bdd38b55ca5,78.58,44100,True,
XC377589,latnig1,Caprimulgus macrurus,Karyadi Baskoro,data/xeno_canto_indonesia/latnig1/XC377589.mp3,SUCCESS,200.0,604112,96d500ab49e34c215bce4fa26d5e52f2ec1087012f85dcca66de30fd63578467,24.97,44100,True,
XC378237,latnig1,Caprimulgus macrurus,Karyadi Baskoro,data/xeno_canto_indonesia/latnig1/XC378237.mp3,SUCCESS,200.0,262372,74837458c504e192d66b4744cbf627784b8d7f009839edbe8e74fc27e741583c,16.1,48000,True,
XC38187,latnig1,Caprimulgus macrurus,Swiss Winnasis,data/xeno_canto_indonesia/latnig1/XC38187.mp3,SUCCESS,200.0,176026,ad6f3cfed8bbbafd519c2e3aa2c3d9344cfbc24f1ae587b11c1006fd9faf6635,10.64,44100,True,
XC393262,latnig1,Caprimulgus macrurus,Brendan Sloan,data/xeno_canto_indonesia/latnig1/XC393262.mp3,SUCCESS,200.0,765838,86c29df941c51314c74137b05367ada455dd4bac6d62b536cd1694ce55ca004b,32.35,44100,True,
XC393264,latnig1,Caprimulgus macrurus,Brendan Sloan,data/xeno_canto_indonesia/latnig1/XC393264.mp3,SUCCESS,200.0,1142517,49a49d3428d2476c9e8b74cd4add4dce91cda16bb67878a566f25961e339ef7f,48.16,44100,True,
XC417892,latnig1,Caprimulgus macrurus,Ross Gallardy,data/xeno_canto_indonesia/latnig1/XC417892.mp3,SUCCESS,200.0,515413,accbf9fa1fdd5fd8b772cdb4207391f87e32791aae57b3bf78268d19885d4afe,31.85,48000,True,
XC42291,latnig1,Caprimulgus macrurus,George Wagner,data/xeno_canto_indonesia/latnig1/XC42291.mp3,SUCCESS,200.0,311429,346f41d68ad18aa728ac0d08251ea4b798c8ba8d71a631df56785973a05b61d3,19.17,44100,True,
XC480757,latnig1,Caprimulgus macrurus,Prayitno Goenarto,data/xeno_canto_indonesia/latnig1/XC480757.mp3,SUCCESS,200.0,1414988,9e6606fc42d7c8ce726d9a54abaaeec5a6920209b60c2e35660a77da0c336ae1,44.0,44100,True,
XC497037,latnig1,Caprimulgus macrurus,Muhammad Iqbal,data/xeno_canto_indonesia/latnig1/XC497037.mp3,SUCCESS,200.0,444792,e70997a6930839880690bc67a9c3b86b674f0e4986f487abce2bf303af704021,27.45,44100,True,
XC530322,latnig1,Caprimulgus macrurus,Marc Anderson,data/xeno_canto_indonesia/latnig1/XC530322.mp3,SUCCESS,200.0,622903,863bb1e5df126d09d92b0943b90e52e2ba3a948d0bc4a07aeada983ca61b0539,15.39,48000,True,
XC530323,latnig1,Caprimulgus macrurus,Marc Anderson,data/xeno_canto_indonesia/latnig1/XC530323.mp3,SUCCESS,200.0,2315384,76d3237399f31f2d24c8032de185e6e9e843d206825d86ff9dd8ff25d4b615d8,57.71,48000,True,
XC582486,latnig1,Caprimulgus macrurus,Ken Behrens,data/xeno_canto_indonesia/latnig1/XC582486.mp3,SUCCESS,200.0,800858,f5717353659cf9043da76579e837eed8c86bde98a9e12b6a3d7099a8d586b465,19.85,44100,True,
XC612584,latnig1,Caprimulgus macrurus,Teus Luijendijk,data/xeno_canto_indonesia/latnig1/XC612584.mp3,SUCCESS,200.0,458715,175edcab31011916f5f3befd8219acdbf201416d86cd0b36c6f740d2cbff72c5,15.08,44100,True,
XC612586,latnig1,Caprimulgus macrurus,Teus Luijendijk,data/xeno_canto_indonesia/latnig1/XC612586.mp3,SUCCESS,200.0,1146420,8d0ef029388e2d179953b93fcbf78fe85f2ae0ccf21e59c0bc1beee1be3fec67,36.7,44100,True,
XC639792,latnig1,Caprimulgus macrurus,Hanom Bashari,data/xeno_canto_indonesia/latnig1/XC639792.mp3,SUCCESS,200.0,134984,6bf5d4348ce9f9e112895b638d47edc2760175ef0d1bccb8adb0491afb72b6a7,29.3,48000,True,
XC691494,latnig1,Caprimulgus macrurus,Mike Nelson,data/xeno_canto_indonesia/latnig1/XC691494.mp3,SUCCESS,200.0,455667,89e5e70608b31b66ab51d72a4e1f907f52b4dd30d03498b45cbad852023ca01d,28.12,44100,True,
XC864330,latnig1,Caprimulgus macrurus,Untung Sarmawi,data/xeno_canto_indonesia/latnig1/XC864330.mp3,SUCCESS,200.0,168796,df8bd089b34717fe0d6f3ad76ee489733ea7ffdf976294710c0f68e23d22e573,14.05,48000,True,
XC89481,latnig1,Caprimulgus macrurus,Frank Lambert,data/xeno_canto_indonesia/latnig1/XC89481.mp3,SUCCESS,200.0,379542,0323667e848526564ee6326488d428c0c4640d5541698a80a21164afc2b3bf68,23.43,44100,True,
XC89482,latnig1,Caprimulgus macrurus,Frank Lambert,data/xeno_canto_indonesia/latnig1/XC89482.mp3,SUCCESS,200.0,535024,61814f03f0842bebcd9864589f11a37770477f3b15f8c8ace58270e0fd62d784,33.15,44100,True,
XC89505,latnig1,Caprimulgus macrurus,Frank Lambert,data/xeno_canto_indonesia/latnig1/XC89505.mp3,SUCCESS,200.0,2153369,1a3f10ae0e2e03e0dddddcb6c32361c497802e59956093431d86c936ede55ca3,134.3,44100,True,
XC89535,latnig1,Caprimulgus macrurus,Frank Lambert,data/xeno_canto_indonesia/latnig1/XC89535.mp3,SUCCESS,200.0,466540,0b09bcd0ff1ab6fb83fb6cfeb44dc7c5e2677d70355ceab5e7934ad028a3367c,28.87,44100,True,
XC937761,latnig1,Caprimulgus macrurus,Oscar Campbell,data/xeno_canto_indonesia/latnig1/XC937761.mp3,SUCCESS,200.0,13551664,11514a4636426f4bc3fd7d721a6451e78582a1afbd1c62b5882c702537c01d54,76.82,44100,True,
XC103157,lessho1,Brachypteryx leucophris,Colin Trainor,data/xeno_canto_indonesia/lessho1/XC103157.mp3,SUCCESS,200.0,507903,424d9745f53eb05a523ee389366d3458906235e224c1fa9cfdeeb90be9f1dde5,31.37,44100,True,
XC105149,lessho1,Brachypteryx leucophris,Colin Trainor,data/xeno_canto_indonesia/lessho1/XC105149.mp3,SUCCESS,200.0,285145,8eba2f8414c20520382e848f695c74bde5c5c41bd3be2f7a115e4f1b740efb0f,17.45,44100,True,
XC105844,lessho1,Brachypteryx leucophris,Colin Trainor,data/xeno_canto_indonesia/lessho1/XC105844.mp3,SUCCESS,200.0,44810,1a45c4a72feacd4f770dff6f8ee512a8e1d347b0551f6486dbb018cf3efd095e,2.42,44100,True,
XC105845,lessho1,Brachypteryx leucophris,Colin Trainor,data/xeno_canto_indonesia/lessho1/XC105845.mp3,SUCCESS,200.0,151747,f3f215aec2fd469198e63349d75e275cc73958d70b2a19fab05e66255d878f49,9.12,44100,True,
XC161686,lessho1,Brachypteryx leucophris,Frank Lambert,data/xeno_canto_indonesia/lessho1/XC161686.mp3,SUCCESS,200.0,2963440,4c63f07b3faa0a3b44201b12a5c2f46fb2257c98834642a8e426e8522d7ba129,73.97,48000,True,
XC166493,lessho1,Brachypteryx leucophris,Frank Lambert,data/xeno_canto_indonesia/lessho1/XC166493.mp3,SUCCESS,200.0,1208621,7761e1ddb39fc4eb9549a2f7a3e3a7c3a554a83291f8b602791675bbe979d18e,30.1,48000,True,
XC166494,lessho1,Brachypteryx leucophris,Frank Lambert,data/xeno_canto_indonesia/lessho1/XC166494.mp3,SUCCESS,200.0,528049,574ec74d9b2799b5f915600dd145113a2211bc5123509c2e9a0fef43f1d4359a,13.08,48000,True,
XC166495,lessho1,Brachypteryx leucophris,Frank Lambert,data/xeno_canto_indonesia/lessho1/XC166495.mp3,SUCCESS,200.0,535761,be031116194d5cdeabc18a4176adbebe3c8e554db71df2f0aa88b25a12fe8f82,13.27,48000,True,
XC166496,lessho1,Brachypteryx leucophris,Frank Lambert,data/xeno_canto_indonesia/lessho1/XC166496.mp3,SUCCESS,200.0,671991,b0ba6b75ea67f90ca16bdb826eeaafc01227a5d82d23277e66fd7d31e714cb27,16.68,48000,True,
XC166497,lessho1,Brachypteryx leucophris,Frank Lambert,data/xeno_canto_indonesia/lessho1/XC166497.mp3,SUCCESS,200.0,4219147,99c240a91450bf42401db55de94107475498dc6fc680423ea00459b385a97dd7,105.36,48000,True,
XC166498,lessho1,Brachypteryx leucophris,Frank Lambert,data/xeno_canto_indonesia/lessho1/XC166498.mp3,SUCCESS,200.0,6222690,a37f67fda634f8dd67414608ca44dabeebb8552eaeff93f9f915aebe4e27bcf0,155.45,48000,True,
XC182846,lessho1,Brachypteryx leucophris,Ding Li Yong,data/xeno_canto_indonesia/lessho1/XC182846.mp3,SUCCESS,200.0,166503,dba3525544ea428038506ccc75e29f6aa4f4031778e4fe01b16369aca7829648,10.05,44100,True,
XC195579,lessho1,Brachypteryx leucophris,Marc Thibault,data/xeno_canto_indonesia/lessho1/XC195579.mp3,SUCCESS,200.0,466557,cdf6642231d104fc9d63ef8406ac47d20aeac252a3a5455cf4080a2a2b70b270,28.81,44100,True,
XC204137,lessho1,Brachypteryx leucophris,Mike Nelson,data/xeno_canto_indonesia/lessho1/XC204137.mp3,SUCCESS,200.0,173948,a5d1a792d8ae67472dd52c7f22326003064125682c3fe0be6f54020d9e194dc3,10.51,44100,True,
XC204302,lessho1,Brachypteryx leucophris,Mike Nelson,data/xeno_canto_indonesia/lessho1/XC204302.mp3,SUCCESS,200.0,179802,d0b148e08a3eb6fac09a6e8ac8d2058c0ce4b4ff3c95f1cbd0a0c5f8454fb91a,10.88,44100,True,
XC206063,lessho1,Brachypteryx leucophris,Sidiq Pambudi,data/xeno_canto_indonesia/lessho1/XC206063.mp3,SUCCESS,200.0,289370,23090157885bde7296cbae06f28bd610c570d4921b75939435e11ed52b6889ae,7.05,44100,True,
XC214638,lessho1,Brachypteryx leucophris,Paulo Alves,data/xeno_canto_indonesia/lessho1/XC214638.mp3,SUCCESS,200.0,82040,3eff4d69152796f5198020f00ac520aa081ed72e6491b6a533c3985eacb09385,4.76,44100,True,
XC215016,lessho1,Brachypteryx leucophris,Marc Anderson,data/xeno_canto_indonesia/lessho1/XC215016.mp3,SUCCESS,200.0,148083,aa8484c2959bb6a087dfac66c5781d12ff9f0b60994a8e82302484d7892b4455,5.91,48000,True,
XC215395,lessho1,Brachypteryx leucophris,Paulo Alves,data/xeno_canto_indonesia/lessho1/XC215395.mp3,SUCCESS,200.0,91217,cfdd15a440eb2535f3e808cbc8d00353fb396b5b265d60e882a290f459dd45a0,5.35,44100,True,
XC227068,lessho1,Brachypteryx leucophris,Paulo Alves,data/xeno_canto_indonesia/lessho1/XC227068.mp3,SUCCESS,200.0,473292,ca48bf29d98976f45a92cee4be4590db466fe516bf4d5ec9de5f2e2655267253,29.21,44100,True,
XC241654,lessho1,Brachypteryx leucophris,Mike Nelson,data/xeno_canto_indonesia/lessho1/XC241654.mp3,SUCCESS,200.0,1694492,12a0dbbad0273668324df8f78b83ea81bfbe8caa185cebb50570ef7f753932c7,105.54,44100,True,
XC241656,lessho1,Brachypteryx leucophris,Mike Nelson,data/xeno_canto_indonesia/lessho1/XC241656.mp3,SUCCESS,200.0,432673,f00b326a44261b3cfa9307718317c63cf083ea6999a27416d90d39cfcd127be5,26.68,44100,True,
XC241658,lessho1,Brachypteryx leucophris,Mike Nelson,data/xeno_canto_indonesia/lessho1/XC241658.mp3,SUCCESS,200.0,654609,fde4a2ba70efcda9354126169a96e63dd178d43c8c35e6400906349bb64e6dfe,40.55,44100,True,
XC241660,lessho1,Brachypteryx leucophris,Mike Nelson,data/xeno_canto_indonesia/lessho1/XC241660.mp3,SUCCESS,200.0,776401,b73b1c5910748684e9c4329d9c7456e00ea27e9dcca0cd234b2ba1bee45c3e10,48.15,44100,True,
XC242624,lessho1,Brachypteryx leucophris,Mike Nelson,data/xeno_canto_indonesia/lessho1/XC242624.mp3,SUCCESS,200.0,108750,b36d8cc1474b4326213a49d954d0eddcd6eb63b82e53f3dd7081406399e038cd,6.45,44100,True,
XC278706,lessho1,Brachypteryx leucophris,Philippe Verbelen,data/xeno_canto_indonesia/lessho1/XC278706.mp3,SUCCESS,200.0,960644,28d0c711ea1b1ebc4d9c20994cbd4f766d506240e1094f8d78029b9ddb11612c,59.69,44100,True,
XC278707,lessho1,Brachypteryx leucophris,Philippe Verbelen,data/xeno_canto_indonesia/lessho1/XC278707.mp3,SUCCESS,200.0,703599,32758c664f649297a5210ed41b356e5da6c2ab5f62b75f7f2798db91281d3a81,43.6,44100,True,
XC278708,lessho1,Brachypteryx leucophris,Philippe Verbelen,data/xeno_canto_indonesia/lessho1/XC278708.mp3,SUCCESS,200.0,2616341,2566675f341d7b979a8234e4f875ca87fac1a0de16d521b4a0400a3aa449fc56,108.75,44100,True,
XC278709,lessho1,Brachypteryx leucophris,Philippe Verbelen,data/xeno_canto_indonesia/lessho1/XC278709.mp3,SUCCESS,200.0,533908,e9c5844799faa8e2e9e272e71ad8f53c1dbfcea0abc2723034272d237a0c8fb3,33.0,44100,True,
XC278710,lessho1,Brachypteryx leucophris,Philippe Verbelen,data/xeno_canto_indonesia/lessho1/XC278710.mp3,SUCCESS,200.0,156033,5ae2538647ecf9173787e5068414c5a476ff0fd6586f74f7983e4eb2dfb2f1a6,9.4,44100,True,
XC278763,lessho1,Brachypteryx leucophris,Philippe Verbelen,data/xeno_canto_indonesia/lessho1/XC278763.mp3,SUCCESS,200.0,436680,1ce9cced46f1fd93ee153ca03ef26d09f53cbea39cedc4751cf37e86abb6fb17,26.94,48000,True,
XC278765,lessho1,Brachypteryx leucophris,Philippe Verbelen,data/xeno_canto_indonesia/lessho1/XC278765.mp3,SUCCESS,200.0,324581,8d2a8a6c79a96579d54643a9601c5bd1e839d75092c23b293532a6882be95e84,19.94,48000,True,
XC278767,lessho1,Brachypteryx leucophris,Philippe Verbelen,data/xeno_canto_indonesia/lessho1/XC278767.mp3,SUCCESS,200.0,1182926,4f3eec94c8075681b414856f2473653f90506161883ec3120d496b83a1f7cb0a,73.64,44100,True,
XC278810,lessho1,Brachypteryx leucophris,Philippe Verbelen,data/xeno_canto_indonesia/lessho1/XC278810.mp3,SUCCESS,200.0,410953,eeba477d9b32b4f8cae05f9a656ac6d8e34b90379bc69469dee32a318b693b5a,25.33,44100,True,
XC287077,lessho1,Brachypteryx leucophris,Bruno Durand,data/xeno_canto_indonesia/lessho1/XC287077.mp3,SUCCESS,200.0,453017,84eb237e0ef7a6ec9b4c5beef963fd244bb0c3af29e87d50b694e4e063108d54,11.21,48000,True,
XC31351,lessho1,Brachypteryx leucophris,Allen T. Chartier,data/xeno_canto_indonesia/lessho1/XC31351.mp3,SUCCESS,200.0,81576,efe3d0db8dce06f44d7a6c41c19d74233fed3834240e91a9ec7f55fc01dd950d,5.74,44100,True,
XC31352,lessho1,Brachypteryx leucophris,Allen T. Chartier,data/xeno_canto_indonesia/lessho1/XC31352.mp3,SUCCESS,200.0,588106,0c8b7f7626357c046841000ca44d29de55db7112bd6e3daf6744667ac37d6444,43.07,44100,True,
XC336459,lessho1,Brachypteryx leucophris,Brendan Sloan,data/xeno_canto_indonesia/lessho1/XC336459.mp3,SUCCESS,200.0,909949,5698ab7e414f5b5b972347db5cf48a754553f5d55a8c506f3df94d8f0d1ac320,56.53,44100,True,
XC336460,lessho1,Brachypteryx leucophris,Brendan Sloan,data/xeno_canto_indonesia/lessho1/XC336460.mp3,SUCCESS,200.0,592310,f1063adc6a96453fb8bd0a74ada5a3ffa5f085165a13c16296b14fcd8a4382a4,36.68,44100,True,
XC336694,lessho1,Brachypteryx leucophris,Brendan Sloan,data/xeno_canto_indonesia/lessho1/XC336694.mp3,SUCCESS,200.0,503697,f2328f8a16c8e45c3f257599783bd4620d31b996faafbdf129ac31ee6ae4fac5,31.14,44100,True,
XC336768,lessho1,Brachypteryx leucophris,Karyadi Baskoro,data/xeno_canto_indonesia/lessho1/XC336768.mp3,SUCCESS,200.0,1023256,9806901517bba75ac46b868c778040d9c8fed481140923c570d0210b77e3b4a7,63.66,44100,True,
XC391063,lessho1,Brachypteryx leucophris,Irene Dy,data/xeno_canto_indonesia/lessho1/XC391063.mp3,SUCCESS,200.0,211113,91480689c9a4fe393bbbf787da36a8431b4800d964ef949537ee9301333b49c4,9.34,44100,True,
XC393371,lessho1,Brachypteryx leucophris,Brendan Sloan,data/xeno_canto_indonesia/lessho1/XC393371.mp3,SUCCESS,200.0,737561,6bdf56558c762667269506acb7c201d316f0327fee79300fbce7d5dd3c697f21,33.8,44100,True,
XC39485,lessho1,Brachypteryx leucophris,Brian Cox,data/xeno_canto_indonesia/lessho1/XC39485.mp3,SUCCESS,200.0,115516,83c7ec78f742a5ad716036492dcfdc078d3a64a94ea7a0d265137abfd0746fff,5.54,32000,True,
XC396750,lessho1,Brachypteryx leucophris,Sander Lagerveld,data/xeno_canto_indonesia/lessho1/XC396750.mp3,SUCCESS,200.0,112973,a0554eba4c9b5335a7343592195716a315a3ba24505553dea2659d840ba408b6,8.68,44100,True,
XC40471,lessho1,Brachypteryx leucophris,David Edwards,data/xeno_canto_indonesia/lessho1/XC40471.mp3,SUCCESS,200.0,159290,ae91f677cb05ac3a65b0ecc5a37a3fe7f854879d757b5561403bcf3bc19c7560,12.89,48000,True,
XC409160,lessho1,Brachypteryx leucophris,Frank Lambert,data/xeno_canto_indonesia/lessho1/XC409160.mp3,SUCCESS,200.0,1693323,f4fa1090c2dbc5d8622faee4b682e9cd2183793f1479accf28ce5dfcd53b1de5,42.22,48000,True,
XC410382,lessho1,Brachypteryx leucophris,Ross Gallardy,data/xeno_canto_indonesia/lessho1/XC410382.mp3,SUCCESS,200.0,99533,f1b8fd4515c1fb13db5ab3ab37b3cc9b6b17845fafa2b2f1a16e8d5acc968cfa,5.88,48000,True,
XC432413,lessho1,Brachypteryx leucophris,Michael Hurben,data/xeno_canto_indonesia/lessho1/XC432413.mp3,SUCCESS,200.0,1197885,9fb70a7b828c5534d337183fbbc3f8fb3fddf2d565f4533662e424efe9e60688,73.2,44100,True,
XC453243,lessho1,Brachypteryx leucophris,Brendan Sloan,data/xeno_canto_indonesia/lessho1/XC453243.mp3,SUCCESS,200.0,193997,3e257885202922578d68e2bfbc57fbe47b25ebb8b7d64769c8cdd7d78149f4ed,8.38,44100,True,
XC468841,lessho1,Brachypteryx leucophris,Frank Lambert,data/xeno_canto_indonesia/lessho1/XC468841.mp3,SUCCESS,200.0,3174929,b86825e2df9762746ab9f0db9240c9a149b49189219731e6c5200f123c8cc0b0,79.26,44100,True,
XC468842,lessho1,Brachypteryx leucophris,Frank Lambert,data/xeno_canto_indonesia/lessho1/XC468842.mp3,SUCCESS,200.0,425803,6194bdab7d392272a43ef663b408d17987c156ac03527cbe30bb745552e0bd51,10.53,44100,True,
XC576635,lessho1,Brachypteryx leucophris,Okamoto Keita Sin,data/xeno_canto_indonesia/lessho1/XC576635.mp3,SUCCESS,200.0,76701,56b6f2197a624b066b2bc833704e5870894e2019b98cd4678372eed3a147e804,2.98,44100,True,
XC618708,lessho1,Brachypteryx leucophris,Teus Luijendijk,data/xeno_canto_indonesia/lessho1/XC618708.mp3,SUCCESS,200.0,386254,c29d1a19161012c1094ba9fe0618ee3f76fe5df00c4ce062e457f996c36e82b1,12.22,44100,True,
XC619422,lessho1,Brachypteryx leucophris,Teus Luijendijk,data/xeno_canto_indonesia/lessho1/XC619422.mp3,SUCCESS,200.0,1736321,5df2a8151b45c5e0f2224823f09a0bad06fc141717a925d70ccba1c7bbacd225,56.12,44100,True,
XC645952,lessho1,Brachypteryx leucophris,Jelle Scharringa,data/xeno_canto_indonesia/lessho1/XC645952.mp3,SUCCESS,200.0,400617,4bf9e50980fdd442f3650cb6dde2255445c9093a5b59bc88f8f79c639e0b1d3a,24.67,44100,True,
XC67731,lessho1,Brachypteryx leucophris,Frank Lambert,data/xeno_canto_indonesia/lessho1/XC67731.mp3,SUCCESS,200.0,293506,2de054055d5ffe816282fab35ae3bb5f87eec38e97c2c5f375d2cf8748ccb382,36.0,44100,True,
XC681095,lessho1,Brachypteryx leucophris,Mike Nelson,data/xeno_canto_indonesia/lessho1/XC681095.mp3,SUCCESS,200.0,1545285,7d33e3a6ea3a2f1090ba868ff9b2559e9d233145b055da536830b176430e0525,96.21,44100,True,
XC737849,lessho1,Brachypteryx leucophris,Geoff Carey,data/xeno_canto_indonesia/lessho1/XC737849.mp3,SUCCESS,200.0,2171346,590eedc97bfaca222a96e4a23e47095d91c6cb0184e18d84d1682eb59d0425c7,57.56,48000,True,
XC776276,lessho1,Brachypteryx leucophris,Jelle Scharringa,data/xeno_canto_indonesia/lessho1/XC776276.mp3,SUCCESS,200.0,585053,99ad13b0440814bdcd14815ad508a3dcf3112e04578ce266a91b7652659a53dc,32.55,44100,True,
XC776882,lessho1,Brachypteryx leucophris,Jelle Scharringa,data/xeno_canto_indonesia/lessho1/XC776882.mp3,SUCCESS,200.0,936269,5abdcf2865c7e144b6a4ad3aed7e52aa6ac197bbfdca05e6f752b252f33a53d8,59.6,44100,True,
XC797774,lessho1,Brachypteryx leucophris,Chi-Hsuan Shao,data/xeno_canto_indonesia/lessho1/XC797774.mp3,SUCCESS,200.0,107767,1686170a913fa7c77771255d4234d8d0f99707ffac77eb6c2d6e513e69e96934,6.39,48000,True,
XC810954,lessho1,Brachypteryx leucophris,D. Septa,data/xeno_canto_indonesia/lessho1/XC810954.mp3,SUCCESS,200.0,1321544,159b38a2c4c85f43798b7de1fdc87241be2af34986c7f9d383027e4b92d8bed2,6.88,48000,True,
XC819517,lessho1,Brachypteryx leucophris,D. Septa,data/xeno_canto_indonesia/lessho1/XC819517.mp3,SUCCESS,200.0,842532,263c03dcf068fe103dee7335d9969b813448c2633bf5a2785c80be1e4fa99a03,4.39,48000,True,
XC90802,lessho1,Brachypteryx leucophris,Fabian Ducry &Amp; David Marques,data/xeno_canto_indonesia/lessho1/XC90802.mp3,SUCCESS,200.0,709985,baad469df558cdc06f276df837ef3bc2219c7ebcf43b0185e64813e34ce83bcd,29.32,44100,True,
XC937401,lessho1,Brachypteryx leucophris,Ding Li Yong,data/xeno_canto_indonesia/lessho1/XC937401.mp3,SUCCESS,200.0,2817082,e8f5f7b1cac52ee26a2d065bc5cfdc1e5c5e850cdca4e372726708d00847789d,10.65,44100,True,
XC1000483,moutai1,Phyllergates cucullatus,Untung Sarmawi,data/xeno_canto_indonesia/moutai1/XC1000483.mp3,SUCCESS,200.0,858708,631065cb14fba7b995c158cb9ad8e46bd165e1871835b4f3ac0284a8e74f85b9,20.93,48000,True,
XC1076571,moutai1,Phyllergates cucullatus,Richard E. Webster,data/xeno_canto_indonesia/moutai1/XC1076571.mp3,SUCCESS,200.0,2966774,5fab5155b9cadcc24707f49c7d7c13ea8647ed0bb1c47140aed4ae8eb06b4ca3,123.17,48000,True,
XC1076572,moutai1,Phyllergates cucullatus,Richard E. Webster,data/xeno_canto_indonesia/moutai1/XC1076572.mp3,SUCCESS,200.0,1888650,5872f725f88ca00c86e9ac326238d077420f9a13c1e7ced851df344bee8f6e98,78.22,48000,True,
XC1076573,moutai1,Phyllergates cucullatus,Richard E. Webster,data/xeno_canto_indonesia/moutai1/XC1076573.mp3,SUCCESS,200.0,2438540,ad483ba6691e9cac8cecebd2bad126ab174246e4d42e832e641c9e241205cd88,101.13,48000,True,
XC1076574,moutai1,Phyllergates cucullatus,Richard E. Webster,data/xeno_canto_indonesia/moutai1/XC1076574.mp3,SUCCESS,200.0,4396325,db261adb4d6af8e0b9e03ae4d47a42c007a4f7d4d03d155bfa65e08c5afd786d,182.7,48000,True,
XC1076576,moutai1,Phyllergates cucullatus,Richard E. Webster,data/xeno_canto_indonesia/moutai1/XC1076576.mp3,SUCCESS,200.0,2358314,45e441938b65271f4cd3ce443c7d15b775c668574322e251180e5c3ab16bd78a,97.78,48000,True,
XC1076577,moutai1,Phyllergates cucullatus,Richard E. Webster,data/xeno_canto_indonesia/moutai1/XC1076577.mp3,SUCCESS,200.0,1664782,aee30c19f51ad50db66b3203ec86d9e6162a8169a1fb7acfc08e65bdb9a3bd28,68.9,48000,True,
XC1162378,moutai1,Phyllergates cucullatus,Ding Li Yong,data/xeno_canto_indonesia/moutai1/XC1162378.mp3,SUCCESS,200.0,7355696,368b286d8ae0e618047f152ae9db3a5c4e426dec1388d95f14bf22ba8a864f88,38.31,48000,True,
XC121331,moutai1,Phyllergates cucullatus,Niels Poul Dreyer,data/xeno_canto_indonesia/moutai1/XC121331.mp3,SUCCESS,200.0,156892,a2325464f6b0fed98e986156d02f3a59ffaecc822a99b33bc9f9b4fd4868ca6d,9.53,44100,True,
XC121499,moutai1,Phyllergates cucullatus,Frank Lambert,data/xeno_canto_indonesia/moutai1/XC121499.mp3,SUCCESS,200.0,2857871,2211dd9c4151595cc4beb00c8a2cc46d55124f5de2c950d920a2ac4e802771d1,71.33,48000,True,
XC122049,moutai1,Phyllergates cucullatus,Todd Mark,data/xeno_canto_indonesia/moutai1/XC122049.mp3,SUCCESS,200.0,612943,b60b0959bf458fad43e6f8430b1dbd00d69f0275819cedff88d75f1bf0362a54,25.27,44100,True,
XC122050,moutai1,Phyllergates cucullatus,Todd Mark,data/xeno_canto_indonesia/moutai1/XC122050.mp3,SUCCESS,200.0,739586,579123dff88895dbb32ba1e6f24ba1bf6436df43b79dc83945d825191819d66b,30.53,44100,True,
XC151617,moutai1,Phyllergates cucullatus,Yann Muzika,data/xeno_canto_indonesia/moutai1/XC151617.mp3,SUCCESS,200.0,1469223,7a07c4a3afd6a31f0c0b1e8b0f1d5712a65dfffd654a42b91c36952858fb15b4,60.93,44100,True,
XC152076,moutai1,Phyllergates cucullatus,Mike Nelson,data/xeno_canto_indonesia/moutai1/XC152076.mp3,SUCCESS,200.0,391294,5901000c505abba22499fb263342ca8248d8b27ffd350d844dafbf918a4b03a9,24.11,44100,True,
XC152077,moutai1,Phyllergates cucullatus,Mike Nelson,data/xeno_canto_indonesia/moutai1/XC152077.mp3,SUCCESS,200.0,948851,e82233afe50800aff1b99527c7dc3c711b0789f5bda675fd6c217883505971b6,58.95,44100,True,
XC152078,moutai1,Phyllergates cucullatus,Mike Nelson,data/xeno_canto_indonesia/moutai1/XC152078.mp3,SUCCESS,200.0,509158,184ade83b054b943a57302da48da8aa7cfc83eeac180f67ea281139db82028cb,31.47,44100,True,
XC152134,moutai1,Phyllergates cucullatus,Mike Nelson,data/xeno_canto_indonesia/moutai1/XC152134.mp3,SUCCESS,200.0,624930,a101a394fbe103e783e9bfb843ed96193ede07a04ef5466472d81991076fd0ed,38.7,44100,True,
XC152137,moutai1,Phyllergates cucullatus,Mike Nelson,data/xeno_canto_indonesia/moutai1/XC152137.mp3,SUCCESS,200.0,1168696,d7d0694f9e9b31e419c186755ff07da9bea0826629e62e5a32c62a4656f6a96a,72.69,44100,True,
XC152138,moutai1,Phyllergates cucullatus,Mike Nelson,data/xeno_canto_indonesia/moutai1/XC152138.mp3,SUCCESS,200.0,517515,1943aa4cff309f77505369c07d6c9983861f1673f94485ff5c5ff79111220a2b,31.99,44100,True,
XC152139,moutai1,Phyllergates cucullatus,Mike Nelson,data/xeno_canto_indonesia/moutai1/XC152139.mp3,SUCCESS,200.0,815938,0a5dde0386210c1728f2eee4f92e961aa7b0ccaf585f06770b003a4b9dc20096,50.65,44100,True,
XC152140,moutai1,Phyllergates cucullatus,Mike Nelson,data/xeno_canto_indonesia/moutai1/XC152140.mp3,SUCCESS,200.0,915831,06efae893fe5da841c9f4b40eacbea6616dbecfeb4d7ee9fa4f1ba21daa3085f,56.88,44100,True,
XC152141,moutai1,Phyllergates cucullatus,Mike Nelson,data/xeno_canto_indonesia/moutai1/XC152141.mp3,SUCCESS,200.0,315641,b0ef42c89787f7988f1d2e9e339888d0f81da63aa013ea0c9244c927d7aff288,19.38,44100,True,
XC152142,moutai1,Phyllergates cucullatus,Mike Nelson,data/xeno_canto_indonesia/moutai1/XC152142.mp3,SUCCESS,200.0,122544,b3c9f9f1a5c9c502277f4df34adba06d118e5f44da46b0e0f4947ae58c95d858,7.3,44100,True,
XC152143,moutai1,Phyllergates cucullatus,Mike Nelson,data/xeno_canto_indonesia/moutai1/XC152143.mp3,SUCCESS,200.0,663042,010ef5337e173ca0ca93b34ba30fe709b44fe31b2976ee8c2a0b135b8b714430,41.08,44100,True,
XC161693,moutai1,Phyllergates cucullatus,Frank Lambert,data/xeno_canto_indonesia/moutai1/XC161693.mp3,SUCCESS,200.0,1941983,874b6b34052368f10e654cc9df251a206c396cc14fa9a52212fd89d8d4abdf7a,48.43,48000,True,
XC166711,moutai1,Phyllergates cucullatus,Frank Lambert,data/xeno_canto_indonesia/moutai1/XC166711.mp3,SUCCESS,200.0,2170463,88f9335f513b03fbfd40340c5ec89e4684715b4db35373adca68f71d30d71719,54.14,48000,True,
XC176883,moutai1,Phyllergates cucullatus,Peter Wilton,data/xeno_canto_indonesia/moutai1/XC176883.mp3,SUCCESS,200.0,743282,d5755ea6be62e6e154c3fec36dfc6a3ed5926f7b3b6da0412840153461b8f475,30.72,44100,True,
XC176887,moutai1,Phyllergates cucullatus,Peter Wilton,data/xeno_canto_indonesia/moutai1/XC176887.mp3,SUCCESS,200.0,578421,7652fecf5024ec2f3f2a34e90026aea81a5c43c283aa432ee8543462764593cf,23.83,44100,True,
XC176888,moutai1,Phyllergates cucullatus,Peter Wilton,data/xeno_canto_indonesia/moutai1/XC176888.mp3,SUCCESS,200.0,162110,eef03e024c661610a774677cf9ccb2a21c577ca37189194a0dd7ce7db4ebc268,6.48,44100,True,
XC176892,moutai1,Phyllergates cucullatus,Peter Wilton,data/xeno_canto_indonesia/moutai1/XC176892.mp3,SUCCESS,200.0,752056,607612472b3aa5b9509ab32085dd03d40e9be416bd67ac2ad9478f1b53124e0e,31.07,44100,True,
XC176894,moutai1,Phyllergates cucullatus,Peter Wilton,data/xeno_canto_indonesia/moutai1/XC176894.mp3,SUCCESS,200.0,634824,ba69f59c323b74e5f9b2a07ec171ef5f85a742d8dfc9911bb4dd7a7df6a4e1fe,26.19,44100,True,
XC176895,moutai1,Phyllergates cucullatus,Peter Wilton,data/xeno_canto_indonesia/moutai1/XC176895.mp3,SUCCESS,200.0,3807730,aa5de98b4816d362c680a94b367e2ecfe17ad19f6cbb3ee4e889d16af2e4b777,158.41,44100,True,
XC176896,moutai1,Phyllergates cucullatus,Peter Wilton,data/xeno_canto_indonesia/moutai1/XC176896.mp3,SUCCESS,200.0,642334,939c95041807cb0550426bca32d16dbda474b447294dccd60b713298687db9e8,26.5,44100,True,
XC179384,moutai1,Phyllergates cucullatus,Ding Li Yong,data/xeno_canto_indonesia/moutai1/XC179384.mp3,SUCCESS,200.0,483667,dabed1336e99d1bf2deae75947866834645afc3baf0db942bc444e939182b431,29.86,44100,True,
XC193901,moutai1,Phyllergates cucullatus,Frank Lambert,data/xeno_canto_indonesia/moutai1/XC193901.mp3,SUCCESS,200.0,1470697,d67451f6b2374ab145315984b02ea7ec9d5691c0e74c924447171bdc6a7b1751,36.65,44100,True,
XC193914,moutai1,Phyllergates cucullatus,Frank Lambert,data/xeno_canto_indonesia/moutai1/XC193914.mp3,SUCCESS,200.0,1924219,296056c8caabbba1c28f7f4c1a0efdb3501027404f6bd04cad61f2c6f9514ea0,47.99,44100,True,
XC194148,moutai1,Phyllergates cucullatus,Frank Lambert,data/xeno_canto_indonesia/moutai1/XC194148.mp3,SUCCESS,200.0,834332,be1db78b619f38cb8d1cd289ef74fe547d857d5aa5b9543f99c2cef5f4b9e1cd,20.74,44100,True,
XC194149,moutai1,Phyllergates cucullatus,Frank Lambert,data/xeno_canto_indonesia/moutai1/XC194149.mp3,SUCCESS,200.0,3066264,2232159aafa0896ddfae7becce5fb6c8d4688b9527ba92db80ba3f5691c29fc9,76.54,44100,True,
XC195004,moutai1,Phyllergates cucullatus,Stijn De Win,data/xeno_canto_indonesia/moutai1/XC195004.mp3,SUCCESS,200.0,533781,2939360780c1dc092b9179af6e28502bc3da67ad3c05902eefd34957d145b4f0,33.02,44100,True,
XC196206,moutai1,Phyllergates cucullatus,Marc Thibault,data/xeno_canto_indonesia/moutai1/XC196206.mp3,SUCCESS,200.0,879091,c2de7bca84a90b44ef771848cab27f719910ddb551b9042a0ca1f771e2077813,54.59,44100,True,
XC200539,moutai1,Phyllergates cucullatus,Bruno Durand,data/xeno_canto_indonesia/moutai1/XC200539.mp3,SUCCESS,200.0,3171841,8afa1a9d81af787499a290510a0ae607ada32a3c88898f042ee4a492f56c3324,79.18,48000,True,
XC200542,moutai1,Phyllergates cucullatus,Bruno Durand,data/xeno_canto_indonesia/moutai1/XC200542.mp3,SUCCESS,200.0,1139478,426dc891feb0ece34ef6c1024c1a420d62c0d71876ae30569594a18aa63a75a1,28.37,48000,True,
XC201888,moutai1,Phyllergates cucullatus,Frank Lambert,data/xeno_canto_indonesia/moutai1/XC201888.mp3,SUCCESS,200.0,1920119,a889d86c4e684bdf0ba1a1e24245ab4fc586d8c6015d16564762d8f8fc860616,47.88,44100,True,
XC201890,moutai1,Phyllergates cucullatus,Frank Lambert,data/xeno_canto_indonesia/moutai1/XC201890.mp3,SUCCESS,200.0,2070578,8b7d44e5e28bd9ea400bac0c12b5e4f5f93c635c0d725ec3a04e7acfe59213ff,51.64,44100,True,
XC201891,moutai1,Phyllergates cucullatus,Frank Lambert,data/xeno_canto_indonesia/moutai1/XC201891.mp3,SUCCESS,200.0,2304635,03f2d967805a6e0a386de30335c0163665e7d3276698578bcc33b20bb5a52526,57.5,44100,True,
XC201892,moutai1,Phyllergates cucullatus,Frank Lambert,data/xeno_canto_indonesia/moutai1/XC201892.mp3,SUCCESS,200.0,4840609,c6800925689ccc25eb8f43811d6cef9d071b33612687b03c1cef05c8cae829f5,120.89,44100,True,
XC201895,moutai1,Phyllergates cucullatus,Frank Lambert,data/xeno_canto_indonesia/moutai1/XC201895.mp3,SUCCESS,200.0,3252359,d4cdff5d60b4b3862d55834814e21f601729da3c2be6fef6b0c50c55c12ed269,81.19,44100,True,
XC201897,moutai1,Phyllergates cucullatus,Frank Lambert,data/xeno_canto_indonesia/moutai1/XC201897.mp3,SUCCESS,200.0,1140629,cddd0fa4b7fc3ea7de2f35bdad8a5b0b49cfdd96d60da6f396e2f1b800e4a990,28.4,44100,True,
XC201898,moutai1,Phyllergates cucullatus,Frank Lambert,data/xeno_canto_indonesia/moutai1/XC201898.mp3,SUCCESS,200.0,3823917,fa552b4d0d19234756cd2598e7714a8a5404b656a8b749320871997aaea02aff,95.48,44100,True,
XC201899,moutai1,Phyllergates cucullatus,Frank Lambert,data/xeno_canto_indonesia/moutai1/XC201899.mp3,SUCCESS,200.0,3089354,8a5b748a18f7dc5b6ec877200011ca3ab28cedb22cabb960d03f4c3bb8e7815f,77.11,44100,True,
XC201902,moutai1,Phyllergates cucullatus,Frank Lambert,data/xeno_canto_indonesia/moutai1/XC201902.mp3,SUCCESS,200.0,4158175,eeef58a0e966996e2e097c0f443484c4e9066567917d42226992afa21b72c0f1,103.84,44100,True,
XC201903,moutai1,Phyllergates cucullatus,Frank Lambert,data/xeno_canto_indonesia/moutai1/XC201903.mp3,SUCCESS,200.0,3265878,f19ebc028143d87050302a4b97a4d807239c4e1febcff6815edd45f00f528cba,81.53,44100,True,
XC201904,moutai1,Phyllergates cucullatus,Frank Lambert,data/xeno_canto_indonesia/moutai1/XC201904.mp3,SUCCESS,200.0,4055831,199354a0beb6197915947539def7c85c0ec0c0ab87e20f58816f2f63a14f0e8d,101.28,44100,True,
XC203353,moutai1,Phyllergates cucullatus,Mike Nelson,data/xeno_canto_indonesia/moutai1/XC203353.mp3,SUCCESS,200.0,47729,c18cc794b1479db22018c6c22ef3ef46d13142b963183a534a678c038da28b35,2.64,44100,True,
XC203355,moutai1,Phyllergates cucullatus,Mike Nelson,data/xeno_canto_indonesia/moutai1/XC203355.mp3,SUCCESS,200.0,786263,614640ee8af9e6fd849f15d86249765abb2fa393e18fe1eb7bfbe3c9105417c2,48.78,44100,True,
XC203358,moutai1,Phyllergates cucullatus,Mike Nelson,data/xeno_canto_indonesia/moutai1/XC203358.mp3,SUCCESS,200.0,320664,a78e0b103a01e808cfb94725aba76d8c27c4bfbf6fc247191a2388a190244036,19.68,44100,True,
XC203360,moutai1,Phyllergates cucullatus,Mike Nelson,data/xeno_canto_indonesia/moutai1/XC203360.mp3,SUCCESS,200.0,1084686,ba096c5a7cf7f2d1513f212dbd88b0fcf6988044d6ffc4f544712ef61b487f82,67.43,44100,True,
XC203879,moutai1,Phyllergates cucullatus,Frank Lambert,data/xeno_canto_indonesia/moutai1/XC203879.mp3,SUCCESS,200.0,1468598,bb5c6e2c8bf1788c603b8bc61e243007711422e9ee17e6ec2a61e4bb6b4aaf8e,36.6,44100,True,
XC204312,moutai1,Phyllergates cucullatus,Mike Nelson,data/xeno_canto_indonesia/moutai1/XC204312.mp3,SUCCESS,200.0,596507,6f1a55c087fbb7f21cb49944a2a1390d6cd5370ef5c1b5933fcfb6ac61193a94,36.92,44100,True,
XC206261,moutai1,Phyllergates cucullatus,Sidiq Pambudi,data/xeno_canto_indonesia/moutai1/XC206261.mp3,SUCCESS,200.0,2986950,bc6dcc8f82632f43d7ca58df2149585ec40f9daf0cfd79d514b8f044173fc33d,93.12,48000,True,
XC210756,moutai1,Phyllergates cucullatus,Paulo Alves,data/xeno_canto_indonesia/moutai1/XC210756.mp3,SUCCESS,200.0,384639,67c6d8d671ac40f3bd94e46c7d54d496496ece02c57d645abed3953dba8d746c,23.68,44100,True,
XC227687,moutai1,Phyllergates cucullatus,Paulo Alves,data/xeno_canto_indonesia/moutai1/XC227687.mp3,SUCCESS,200.0,2605666,609fcb71755279a106ace55596873a1ba83029759d0c3eaa90a10ca0bb14386b,162.51,44100,True,
XC241672,moutai1,Phyllergates cucullatus,Mike Nelson,data/xeno_canto_indonesia/moutai1/XC241672.mp3,SUCCESS,200.0,407176,c99abcdbd8e69eec4be3a21090fac2bdc66e1998223409c234c91bc5ed7617ec,25.1,44100,True,
XC241673,moutai1,Phyllergates cucullatus,Mike Nelson,data/xeno_canto_indonesia/moutai1/XC241673.mp3,SUCCESS,200.0,2848894,9f0fb6f65dd6f2f6b195906b8feb47c7730d55bedaf5b4c9dd2466b0b0217c3b,177.7,44100,True,
XC241674,moutai1,Phyllergates cucullatus,Mike Nelson,data/xeno_canto_indonesia/moutai1/XC241674.mp3,SUCCESS,200.0,344173,4164cdd80d76a555ee481837ef056b6bef13a7ce8338f1e0d07595db54b6880d,21.15,44100,True,
XC283579,moutai1,Phyllergates cucullatus,Bruno Durand,data/xeno_canto_indonesia/moutai1/XC283579.mp3,SUCCESS,200.0,998676,a3bcd4a059713fcb24bb85d5a57afd85aa3b87e462c2d26d567d6391a6e8ab23,24.87,44100,True,
XC288195,moutai1,Phyllergates cucullatus,Peter Ericsson,data/xeno_canto_indonesia/moutai1/XC288195.mp3,SUCCESS,200.0,509953,85323fbaefc1cea94fac69f0778a4e2361d2050b08dcc5d2625e1485eeed51b9,31.51,44100,True,
XC289594,moutai1,Phyllergates cucullatus,Jacob Hervé,data/xeno_canto_indonesia/moutai1/XC289594.mp3,SUCCESS,200.0,541888,fdfc872e575118a056e8211c6c2371a2d3688016e06043ebd8e71ae3cafb8b64,33.48,44100,True,
XC292569,moutai1,Phyllergates cucullatus,Mike Nelson,data/xeno_canto_indonesia/moutai1/XC292569.mp3,SUCCESS,200.0,3347325,162cdd0fdaace59a86fb6958a97062c5c5ad17fd11bedc66420eb926b208fbc1,167.13,44100,True,
XC31413,moutai1,Phyllergates cucullatus,Allen T. Chartier,data/xeno_canto_indonesia/moutai1/XC31413.mp3,SUCCESS,200.0,888187,a5883471d95cfa7cf7d5d1530ced49285c588991f616c2eabf410ae2a45d1090,69.51,44100,True,
XC336098,moutai1,Phyllergates cucullatus,Brendan Sloan,data/xeno_canto_indonesia/moutai1/XC336098.mp3,SUCCESS,200.0,363270,94796718f14438c8031224f8b5a74329d377b158457c34c5519e903f02667e35,22.34,44100,True,
XC336099,moutai1,Phyllergates cucullatus,Brendan Sloan,data/xeno_canto_indonesia/moutai1/XC336099.mp3,SUCCESS,200.0,556786,c2c84e437dcc83d1cb522fa0297b39d21e314ed92394f002b386f13f82dbe648,34.45,44100,True,
XC350548,moutai1,Phyllergates cucullatus,Raf Drijvers,data/xeno_canto_indonesia/moutai1/XC350548.mp3,SUCCESS,200.0,664875,8f53f1745d881be55bfe5b4df5099adceedcfe305ef46929386ac122c38d2555,41.1,44100,True,
XC350549,moutai1,Phyllergates cucullatus,Raf Drijvers,data/xeno_canto_indonesia/moutai1/XC350549.mp3,SUCCESS,200.0,833843,6db77fc93da886ac89f46504ded4e2be4b66fe964d81342e905c71b162a0eb68,49.51,44100,True,
XC350550,moutai1,Phyllergates cucullatus,Raf Drijvers,data/xeno_canto_indonesia/moutai1/XC350550.mp3,SUCCESS,200.0,1030008,4c37491d7b95f2c6461832697fffe038b30a9eaa89de42ab3061e97bb5dfcde5,60.98,44100,True,
XC38420,moutai1,Phyllergates cucullatus,Mike Catsis,data/xeno_canto_indonesia/moutai1/XC38420.mp3,SUCCESS,200.0,339417,44574df77e56673489ed67b91562194b8ea913175281bb86f5ff94fe9744f99a,20.84,44100,True,
XC389505,moutai1,Phyllergates cucullatus,Oscar Campbell,data/xeno_canto_indonesia/moutai1/XC389505.mp3,SUCCESS,200.0,1143850,5d2f4ce2566592253a6a910373d52b38aeafd4801d9394ab5035f309e9dad10c,71.12,44100,True,
XC395509,moutai1,Phyllergates cucullatus,Jacob Hervé,data/xeno_canto_indonesia/moutai1/XC395509.mp3,SUCCESS,200.0,1435892,4745eb68ebb266a3977297c5297e791108f1be33c815671a3bb8f587f61273d7,44.66,44100,True,
XC395510,moutai1,Phyllergates cucullatus,Jacob Hervé,data/xeno_canto_indonesia/moutai1/XC395510.mp3,SUCCESS,200.0,2049283,67c1e7a349a7f8e66372b2d511a1cc7b36d6bd44034ad4ecf82a66fb22f77b88,63.9,44100,True,
XC409569,moutai1,Phyllergates cucullatus,Frank Lambert,data/xeno_canto_indonesia/moutai1/XC409569.mp3,SUCCESS,200.0,3661312,f4fbdac2f210b5f32bc4577690bfecf8ecace26ac822df2296a979421d582f44,91.42,48000,True,
XC409571,moutai1,Phyllergates cucullatus,Frank Lambert,data/xeno_canto_indonesia/moutai1/XC409571.mp3,SUCCESS,200.0,3119872,be9e91bcfe22d43a21148373121872dae2a2aac09b7df4c5993eb5fba9cf7f43,77.88,48000,True,
XC413960,moutai1,Phyllergates cucullatus,Ross Gallardy,data/xeno_canto_indonesia/moutai1/XC413960.mp3,SUCCESS,200.0,467407,18a20d17546371f1c117238a9848b6f527c197c10ab94c76b63e80556d9f0283,28.86,48000,True,
XC413964,moutai1,Phyllergates cucullatus,Ross Gallardy,data/xeno_canto_indonesia/moutai1/XC413964.mp3,SUCCESS,200.0,531919,41077ae87652ba55de330a6f50c3cfb9466265ce0493ecba499013924ff06d73,32.89,48000,True,
XC417535,moutai1,Phyllergates cucullatus,Ross Gallardy,data/xeno_canto_indonesia/moutai1/XC417535.mp3,SUCCESS,200.0,482374,9af3376dcb445921e5c9f1e66ec79dbe6a29f12cd46e547470ed0c56657b90ed,29.8,48000,True,
XC417893,moutai1,Phyllergates cucullatus,Ross Gallardy,data/xeno_canto_indonesia/moutai1/XC417893.mp3,SUCCESS,200.0,581073,20d603cbff0ea732664fa043a6f07e47ad26f68f87399349eb87ff49dc5777f5,35.96,48000,True,
XC42373,moutai1,Phyllergates cucullatus,George Wagner,data/xeno_canto_indonesia/moutai1/XC42373.mp3,SUCCESS,200.0,359478,24075d6deb54606f36bdb577c8f940ab430928f73911a211342d0f93fea31b5f,22.18,44100,True,
XC444143,moutai1,Phyllergates cucullatus,Yann Muzika,data/xeno_canto_indonesia/moutai1/XC444143.mp3,SUCCESS,200.0,1145710,efbd105f4848b7053d8e029958b9326be7eb20c640882b9892ab2f2bae0a4ea6,47.46,44100,True,
XC468884,moutai1,Phyllergates cucullatus,Frank Lambert,data/xeno_canto_indonesia/moutai1/XC468884.mp3,SUCCESS,200.0,1512515,fcffe5febd38f292d33c6a71c4a911f81cf80e6a39b1984cbbf175f9e2b856cb,37.69,44100,True,
XC468885,moutai1,Phyllergates cucullatus,Frank Lambert,data/xeno_canto_indonesia/moutai1/XC468885.mp3,SUCCESS,200.0,2410065,23d86df54d6dbf76b9a02d153d7b6692d37cd9e6aafc899208f1bf9aa3dfaf1f,60.13,44100,True,
XC468886,moutai1,Phyllergates cucullatus,Frank Lambert,data/xeno_canto_indonesia/moutai1/XC468886.mp3,SUCCESS,200.0,2283632,23d141ecddd1ac6fd772770ace84d82f38c9456bd92953df82c0de20dba44e65,56.97,44100,True,
XC474590,moutai1,Phyllergates cucullatus,Matthew L. Brady,data/xeno_canto_indonesia/moutai1/XC474590.mp3,SUCCESS,200.0,376794,472fbc63d90c1fc31b4bb24f7a53e677e082088dc961b320228b29744e550bfe,32.34,44100,True,
XC502210,moutai1,Phyllergates cucullatus,Ding Li Yong,data/xeno_canto_indonesia/moutai1/XC502210.mp3,SUCCESS,200.0,580692,ab22e71c6dc6fa727cf1fc5c21193a1a8ff01ea345eac2d275e4095ec7747934,35.93,48000,True,
XC528833,moutai1,Phyllergates cucullatus,Okamoto Keita Sin,data/xeno_canto_indonesia/moutai1/XC528833.mp3,SUCCESS,200.0,747093,0c841b0550d9dd38e02918bf4c4ae6cf03dbe636527a11e5ca31ead2d447eee8,31.63,44100,True,
XC598382,moutai1,Phyllergates cucullatus,Frank Lambert,data/xeno_canto_indonesia/moutai1/XC598382.mp3,SUCCESS,200.0,2044317,df376ffd963900a55e0c6e9f417aac6ffd47b2ecec1909ccd6bd00403a2c7aad,50.99,44100,True,
XC598383,moutai1,Phyllergates cucullatus,Frank Lambert,data/xeno_canto_indonesia/moutai1/XC598383.mp3,SUCCESS,200.0,1435147,17ce00fd470e0d2494ce1b39fad7397620e0bf0513f2e743c51551f81a7e35ed,35.76,44100,True,
XC598384,moutai1,Phyllergates cucullatus,Frank Lambert,data/xeno_canto_indonesia/moutai1/XC598384.mp3,SUCCESS,200.0,4175915,acf23274f2eabed0e64279976b19504971965abafe3b944855c30f5227dad1f7,104.28,44100,True,
XC598385,moutai1,Phyllergates cucullatus,Frank Lambert,data/xeno_canto_indonesia/moutai1/XC598385.mp3,SUCCESS,200.0,4492519,ebab100b186968b7a1f95e0faabb7897637f99487a1c4eb5ababf2fb8c90afb8,112.2,44100,True,
XC598386,moutai1,Phyllergates cucullatus,Frank Lambert,data/xeno_canto_indonesia/moutai1/XC598386.mp3,SUCCESS,200.0,2884444,23c31a1d3f508206330337f1b6786b344057abace5612da6f678078950d94896,71.99,44100,True,
XC598387,moutai1,Phyllergates cucullatus,Frank Lambert,data/xeno_canto_indonesia/moutai1/XC598387.mp3,SUCCESS,200.0,3168649,1e924cdfe304ea24b54a7a13d484f9affeebd18cf65a2b95b3f3eb29728e8e70,79.1,44100,True,
XC615441,moutai1,Phyllergates cucullatus,Teus Luijendijk,data/xeno_canto_indonesia/moutai1/XC615441.mp3,SUCCESS,200.0,930478,f4094e51f31e78e8eb4c7e26a330cb9c9856abf30d32c3886758b38e71f227ef,29.64,44100,True,
XC615522,moutai1,Phyllergates cucullatus,Teus Luijendijk,data/xeno_canto_indonesia/moutai1/XC615522.mp3,SUCCESS,200.0,1746999,c0fc8afdff4216f6e72a5400212b6620adf0906bd4fa115513ecf25e6a3c505a,56.43,44100,True,
XC619807,moutai1,Phyllergates cucullatus,Teus Luijendijk,data/xeno_canto_indonesia/moutai1/XC619807.mp3,SUCCESS,200.0,2141712,19dfaf92355bce74fdaeb16062205e4cde2a60998e4c884ead41da4c43371f5f,70.72,44100,True,
XC619808,moutai1,Phyllergates cucullatus,Teus Luijendijk,data/xeno_canto_indonesia/moutai1/XC619808.mp3,SUCCESS,200.0,1593409,224e252350d64ee34a8a5ae718ccb5cd136e9418cd0cd1f6076b27c2e0d17000,51.95,44100,True,
XC634768,moutai1,Phyllergates cucullatus,Jelle Scharringa,data/xeno_canto_indonesia/moutai1/XC634768.mp3,SUCCESS,200.0,668974,35aa439d7cab59688f06b6201bb8f0ce7b544ed1b17f9251e22fb5877d146c47,41.45,44100,True,
XC659852,moutai1,Phyllergates cucullatus,Ding Li Yong,data/xeno_canto_indonesia/moutai1/XC659852.mp3,SUCCESS,200.0,1059857,a9fb481adbb9e9313700e70fd609a4b22a5d410fe4f70d67ca900c811d089444,54.46,44100,True,
XC669190,moutai1,Phyllergates cucullatus,Ding Li Yong,data/xeno_canto_indonesia/moutai1/XC669190.mp3,SUCCESS,200.0,511575,bfe9a908bf0e1818f9d1554a77f90cd076551bc50970d364c877cecc00a49233,17.83,44100,True,
XC681405,moutai1,Phyllergates cucullatus,Mike Nelson,data/xeno_canto_indonesia/moutai1/XC681405.mp3,SUCCESS,200.0,221289,d8a51c98202e9e68b9f80cbf7a046a9049afdc28648bd99339289404cdc1f72e,13.46,44100,True,
XC687359,moutai1,Phyllergates cucullatus,Mike Nelson,data/xeno_canto_indonesia/moutai1/XC687359.mp3,SUCCESS,200.0,1334231,ded40ac44b69ad8cbd26270a3dafd733f781d52ae50d49f5d8743097a1741390,83.04,44100,True,
XC68926,moutai1,Phyllergates cucullatus,Frank Lambert,data/xeno_canto_indonesia/moutai1/XC68926.mp3,SUCCESS,200.0,1001361,8690e86ec1f9d71b23cc76f23f480d9dfb711a7c874474eca4bdcd4ae8e460c5,124.47,44100,True,
XC68927,moutai1,Phyllergates cucullatus,Frank Lambert,data/xeno_canto_indonesia/moutai1/XC68927.mp3,SUCCESS,200.0,257030,885675676023094754576f5ad34e66d3acaf643072d92a37f73bf204ff40b3c5,31.44,44100,True,
XC68928,moutai1,Phyllergates cucullatus,Frank Lambert,data/xeno_canto_indonesia/moutai1/XC68928.mp3,SUCCESS,200.0,664005,8fdccebc902a48ef6a87fc29dfd9662d3af76ab33af84b350c030c091391c104,82.32,44100,True,
XC68929,moutai1,Phyllergates cucullatus,Frank Lambert,data/xeno_canto_indonesia/moutai1/XC68929.mp3,SUCCESS,200.0,172780,4b3d280c4375f5961ca1d1a18ed8e371b9ed3597a84514f2365b604b62a24ad4,20.9,44100,True,
XC68930,moutai1,Phyllergates cucullatus,Frank Lambert,data/xeno_canto_indonesia/moutai1/XC68930.mp3,SUCCESS,200.0,334112,e951af0e69df50ae2293325fb6a7a49fcea04a5cf33838bf381d64a5d2dd8b03,41.07,44100,True,
XC68931,moutai1,Phyllergates cucullatus,Frank Lambert,data/xeno_canto_indonesia/moutai1/XC68931.mp3,SUCCESS,200.0,644376,535db502a7489038429f48e6f33c670fbaf0b96c6e40a38ea22608e77b1de1a3,79.86,44100,True,
XC70231,moutai1,Phyllergates cucullatus,David Gibbs,data/xeno_canto_indonesia/moutai1/XC70231.mp3,SUCCESS,200.0,1001890,02a9c7aa82a5b69dc7c9cd2769efe9272d068ce7359e3ddd28a7b9d2eb526eca,62.33,44100,True,
XC70234,moutai1,Phyllergates cucullatus,David Gibbs,data/xeno_canto_indonesia/moutai1/XC70234.mp3,SUCCESS,200.0,593137,7e4c3b8822cc0034152e317be3413abca89034db07915d67e964c123757706a1,36.78,44100,True,
XC820627,moutai1,Phyllergates cucullatus,Greg Irving,data/xeno_canto_indonesia/moutai1/XC820627.mp3,SUCCESS,200.0,917591,39c1a5e74309465eb209a386ebeb92ebe9f254a901e6140bdb27793ae7862ff4,22.76,48000,True,
XC823483,moutai1,Phyllergates cucullatus,Greg Irving,data/xeno_canto_indonesia/moutai1/XC823483.mp3,SUCCESS,200.0,3102559,27d9858ab7b52ec23edc900137189a7e25c4bcc4cdda228f7cd4a3ecbab0d691,77.38,48000,True,
XC823484,moutai1,Phyllergates cucullatus,Greg Irving,data/xeno_canto_indonesia/moutai1/XC823484.mp3,SUCCESS,200.0,2561119,0eba1920836bccbf714dc3050f8965e9e4e054bdf359a695a7ea1fec08f7936c,63.84,48000,True,
XC823486,moutai1,Phyllergates cucullatus,Greg Irving,data/xeno_canto_indonesia/moutai1/XC823486.mp3,SUCCESS,200.0,4371679,52f4c998818cf8307676910394f7083c337d05e933c9323e81ce6623bad71df8,109.11,48000,True,
XC823687,moutai1,Phyllergates cucullatus,Greg Irving,data/xeno_canto_indonesia/moutai1/XC823687.mp3,SUCCESS,200.0,2628489,9fa4e0c17e98fef0546c363edd0d6f3902fc9df508bf1e001e88173a7ba67af5,65.52,48000,True,
XC823688,moutai1,Phyllergates cucullatus,Greg Irving,data/xeno_canto_indonesia/moutai1/XC823688.mp3,SUCCESS,200.0,3980157,739baadfd79dd9785d9112bfcb3f93a12d62197fe652ea867ce8092f3ee9951f,99.33,48000,True,
XC825291,moutai1,Phyllergates cucullatus,Greg Irving,data/xeno_canto_indonesia/moutai1/XC825291.mp3,SUCCESS,200.0,2700371,2195ab655a57987d9b990046e729f9a8c4d776fe9744bd037303ab15e573f2b7,67.34,48000,True,
XC837095,moutai1,Phyllergates cucullatus,Ding Li Yong,data/xeno_canto_indonesia/moutai1/XC837095.mp3,SUCCESS,200.0,290128,35f4c53c22cd088afdd9662e31e2f17bbb251dcd1266f5df6f56c7f8a09244dc,17.78,44100,True,
XC89266,moutai1,Phyllergates cucullatus,Frank Lambert,data/xeno_canto_indonesia/moutai1/XC89266.mp3,SUCCESS,200.0,1531136,500b9e42766fb55b070ffdc30d8c1dc1c4ca43d7b76f5db2f5d72c9c8aa3999e,38.16,48000,True,
XC89267,moutai1,Phyllergates cucullatus,Frank Lambert,data/xeno_canto_indonesia/moutai1/XC89267.mp3,SUCCESS,200.0,2824169,62b2756abe8eedc294f5f885c8974796d6281f6bc6df18878d6f4f1b5aa7616f,70.49,48000,True,
XC89268,moutai1,Phyllergates cucullatus,Frank Lambert,data/xeno_canto_indonesia/moutai1/XC89268.mp3,SUCCESS,200.0,1419062,3c4919066d1d5e8a841bd1f9a2c08a6fbc03fee03b442bd447be3c912b25b907,88.4,44100,True,
XC89269,moutai1,Phyllergates cucullatus,Frank Lambert,data/xeno_canto_indonesia/moutai1/XC89269.mp3,SUCCESS,200.0,571441,7968e5e01f6ba4987fa3151752d23f9f8fec5c62abb6eb707f103e9baea6031f,35.42,44100,True,
XC89270,moutai1,Phyllergates cucullatus,Frank Lambert,data/xeno_canto_indonesia/moutai1/XC89270.mp3,SUCCESS,200.0,404218,bd6509a300a6fd2598de47c37354c439f8da71cec96a08ea40fe6dc29867fc90,24.97,44100,True,
XC89580,moutai1,Phyllergates cucullatus,Frank Lambert,data/xeno_canto_indonesia/moutai1/XC89580.mp3,SUCCESS,200.0,1070484,1b0f9ee3c53dc3a8e7fe570487d694f62d09196b957ab3fe10225aeeeca858c7,66.61,44100,True,
XC89581,moutai1,Phyllergates cucullatus,Frank Lambert,data/xeno_canto_indonesia/moutai1/XC89581.mp3,SUCCESS,200.0,283885,45c4d64ab7d62441bc7d7a77c71fb330fa9b93ff32d2c7f7514fbff53e8e83c6,17.45,44100,True,
XC89583,moutai1,Phyllergates cucullatus,Frank Lambert,data/xeno_canto_indonesia/moutai1/XC89583.mp3,SUCCESS,200.0,1375998,b037d2b3f43a580b19a75bf5b5004dfbc46f46c313a46ca71ca3bf416e61ec29,85.71,44100,True,
XC89608,moutai1,Phyllergates cucullatus,Frank Lambert,data/xeno_canto_indonesia/moutai1/XC89608.mp3,SUCCESS,200.0,226589,40e14a2d475464d3a1128ed7a502cf4531954b4e2f845badf31ee87c4a7b7598,13.87,44100,True,
XC89609,moutai1,Phyllergates cucullatus,Frank Lambert,data/xeno_canto_indonesia/moutai1/XC89609.mp3,SUCCESS,200.0,209927,de3ad904d4446c7a7c5b719785628e883f7c4b28b9e75a2367ae96652e53cb48,12.83,44100,True,
XC89610,moutai1,Phyllergates cucullatus,Frank Lambert,data/xeno_canto_indonesia/moutai1/XC89610.mp3,SUCCESS,200.0,690253,961aad1a2ada21360c2f8ced6a87710672b16e97fbc5b17e22aebac1050ce473,42.84,44100,True,
XC924328,moutai1,Phyllergates cucullatus,Ding Li Yong,data/xeno_canto_indonesia/moutai1/XC924328.mp3,SUCCESS,200.0,30362036,ef4ae0249ed677c7dd691c067d575a301d460fcda2b9b922e62724126119ebaa,57.37,88200,True,
XC924373,moutai1,Phyllergates cucullatus,Ding Li Yong,data/xeno_canto_indonesia/moutai1/XC924373.mp3,SUCCESS,200.0,1319986,0c1b831431e3ff752f634fb5f73f8ceb06de4be813892ba2fda24cc5d01e5974,53.71,48000,True,
XC1029902,olbsun1,Cinnyris jugularis,Kelle Moreau,data/xeno_canto_indonesia/olbsun1/XC1029902.mp3,SUCCESS,200.0,1637635,0c902224128baa43d4c9b110c67550a01755340f3c5c3ae986d54aa94d0e4678,102.06,44100,True,
XC1074916,olbsun1,Cinnyris jugularis,Richard E. Webster,data/xeno_canto_indonesia/olbsun1/XC1074916.mp3,SUCCESS,200.0,1556249,f0fa8e439cb491684d3eacd5736449780b5f7ae06a87504417bd964da36d5d08,64.38,48000,True,
XC1076410,olbsun1,Cinnyris jugularis,Richard E. Webster,data/xeno_canto_indonesia/olbsun1/XC1076410.mp3,SUCCESS,200.0,347754,abc4b9119101aab12f6ab499e7eb6c7a1f33d31e9cce373e7ee9162c33a2eea6,14.0,48000,True,
XC1161986,olbsun1,Cinnyris jugularis,Ding Li Yong,data/xeno_canto_indonesia/olbsun1/XC1161986.mp3,SUCCESS,200.0,9796004,a1bcef5afa7661abd258d20e01238e147e0aaac40d629da0328f399758a7f4d4,51.02,48000,True,
XC1161987,olbsun1,Cinnyris jugularis,Ding Li Yong,data/xeno_canto_indonesia/olbsun1/XC1161987.mp3,SUCCESS,200.0,5562988,7e581224042a4c51686fd609f67da47c2ef5caed1098a7a20d5ddae17c9c5855,28.97,48000,True,
XC1161988,olbsun1,Cinnyris jugularis,Ding Li Yong,data/xeno_canto_indonesia/olbsun1/XC1161988.mp3,SUCCESS,200.0,5908340,acad634edd979a1361459075a055acbbdc6c7259ab4fb854d53e97dfb02642d5,147.63,48000,True,
XC122004,olbsun1,Cinnyris jugularis,Todd Mark,data/xeno_canto_indonesia/olbsun1/XC122004.mp3,SUCCESS,200.0,1196034,6f77484f6501e97ae59c4aec22b956622746b1080ee24c28469d18e535d64a89,49.55,44100,True,
XC141974,olbsun1,Cinnyris jugularis,Bas Van Balen,data/xeno_canto_indonesia/olbsun1/XC141974.mp3,SUCCESS,200.0,516895,86cf6430b03c8590aa0ea97906221862fcfb27ccafe775f085c5835f80045505,31.95,48000,True,
XC150420,olbsun1,Cinnyris jugularis,Bruno Durand,data/xeno_canto_indonesia/olbsun1/XC150420.mp3,SUCCESS,200.0,2802344,a3fbfb44e119dfef753a04be1239486e36630270f0e094a3cee4273825015f0d,69.94,48000,True,
XC151662,olbsun1,Cinnyris jugularis,Mike Nelson,data/xeno_canto_indonesia/olbsun1/XC151662.mp3,SUCCESS,200.0,108354,c0ec8ce46c0c66ceec84832694dc7ce487d21920cf425ca81dcb91c8898dcd26,6.42,44100,True,
XC151845,olbsun1,Cinnyris jugularis,Mike Nelson,data/xeno_canto_indonesia/olbsun1/XC151845.mp3,SUCCESS,200.0,581104,41bc7e7ed9ff18bdce97c4bc75083403b174c3c343575cd78a877a9327cbd855,35.95,44100,True,
XC152034,olbsun1,Cinnyris jugularis,Mike Nelson,data/xeno_canto_indonesia/olbsun1/XC152034.mp3,SUCCESS,200.0,373745,e226d98ba5e629888b897c95f2c16cdb7e8e52532bfeec25a385de87b4c2e5a5,23.0,44100,True,
XC153458,olbsun1,Cinnyris jugularis,Frank Lambert,data/xeno_canto_indonesia/olbsun1/XC153458.mp3,SUCCESS,200.0,2091862,ada73c5e3915879ae6cf7234d9729c4c9694314d8dbadda6e28c9edc217e3f46,52.18,48000,True,
XC153462,olbsun1,Cinnyris jugularis,Frank Lambert,data/xeno_canto_indonesia/olbsun1/XC153462.mp3,SUCCESS,200.0,1125141,4ad5e2b38619721f563c29cffa2ce4493fae472b100d8cd9955b864f6b3981ba,28.01,48000,True,
XC166865,olbsun1,Cinnyris jugularis,Frank Lambert,data/xeno_canto_indonesia/olbsun1/XC166865.mp3,SUCCESS,200.0,4643442,c7d4812ce537606bc8098bde0c83d94a995b0cb90537d8c14e1e5cdc042907dd,115.97,48000,True,
XC194527,olbsun1,Cinnyris jugularis,Marc Thibault,data/xeno_canto_indonesia/olbsun1/XC194527.mp3,SUCCESS,200.0,545236,f3da03a7ad7eddaefac537e37a780bbb63f57cda9a18c76bb86f43b492dd2e16,33.72,44100,True,
XC204547,olbsun1,Cinnyris jugularis,Mike Nelson,data/xeno_canto_indonesia/olbsun1/XC204547.mp3,SUCCESS,200.0,25285,48056a93c042d79851e2deb6d9921acb4e9e66bc4ca7ea329ff978c46e313052,1.21,44100,True,
XC204548,olbsun1,Cinnyris jugularis,Mike Nelson,data/xeno_canto_indonesia/olbsun1/XC204548.mp3,SUCCESS,200.0,94672,b98e45570a2163160cad6b60462fed9e2988595617e58da4c315ca717fd93604,5.56,44100,True,
XC204551,olbsun1,Cinnyris jugularis,Mike Nelson,data/xeno_canto_indonesia/olbsun1/XC204551.mp3,SUCCESS,200.0,456200,687114011ab737cdf1bbea8adced8ff919c305f2a8b1229d72010e16c79faf97,28.15,44100,True,
XC204552,olbsun1,Cinnyris jugularis,Mike Nelson,data/xeno_canto_indonesia/olbsun1/XC204552.mp3,SUCCESS,200.0,706140,4fbb77ee63b54c313a2a6cadd376170ce735aef7fd79569850253a83e8d3e3a3,43.78,44100,True,
XC207964,olbsun1,Cinnyris jugularis,Frank Lambert,data/xeno_canto_indonesia/olbsun1/XC207964.mp3,SUCCESS,200.0,1073658,5be4594cac9d68b6cd4ad84d7fa4ee1fc48bbe15a60bf86b347c358e26546932,26.72,44100,True,
XC216355,olbsun1,Cinnyris jugularis,Patrik Åberg,data/xeno_canto_indonesia/olbsun1/XC216355.mp3,SUCCESS,200.0,325481,abf3e947845c2dd23a635df87b305a3a4d84f602b2ee0948f2a9594ddf8a12e3,8.02,44100,True,
XC216356,olbsun1,Cinnyris jugularis,Patrik Åberg,data/xeno_canto_indonesia/olbsun1/XC216356.mp3,SUCCESS,200.0,1028676,0898cef1f86a387cfa9c6be7df3d0ed8a68b247d89897a01b8627ee5e9699da4,25.6,44100,True,
XC31411,olbsun1,Cinnyris jugularis,Allen T. Chartier,data/xeno_canto_indonesia/olbsun1/XC31411.mp3,SUCCESS,200.0,313909,270919f19bbbcd5325111f047fd725843e28423899f5b17d4b69da9722cd076b,26.15,44100,True,
XC350556,olbsun1,Cinnyris jugularis,Raf Drijvers,data/xeno_canto_indonesia/olbsun1/XC350556.mp3,SUCCESS,200.0,692834,3452caa971fefeeed05636017a374cbb92b7a2173a1f98ae22990a6947977cb8,40.49,44100,True,
XC38407,olbsun1,Cinnyris jugularis,Matthias Feuersenger,data/xeno_canto_indonesia/olbsun1/XC38407.mp3,SUCCESS,200.0,447681,e2ab0adc59187c5c71ebca3782aca319ce1bf878d9323ca44961105c9c5da857,27.74,44100,True,
XC38414,olbsun1,Cinnyris jugularis,Mike Catsis,data/xeno_canto_indonesia/olbsun1/XC38414.mp3,SUCCESS,200.0,904643,dbaeb26819834fe434cf3598a4a226cb3331b26fde7e8578456560b37db464f2,56.24,44100,True,
XC413716,olbsun1,Cinnyris jugularis,Frank Lambert,data/xeno_canto_indonesia/olbsun1/XC413716.mp3,SUCCESS,200.0,3720839,67b56067294ce7456c9b1bd3a39c3342703dc6e9f4147d6c635b6a1d4583c282,92.9,48000,True,
XC468847,olbsun1,Cinnyris jugularis,Frank Lambert,data/xeno_canto_indonesia/olbsun1/XC468847.mp3,SUCCESS,200.0,3512435,fb3244ef5f194bcc509c23b627a090510e2a1505dce183865318e16ad9f4453e,87.69,44100,True,
XC468848,olbsun1,Cinnyris jugularis,Frank Lambert,data/xeno_canto_indonesia/olbsun1/XC468848.mp3,SUCCESS,200.0,2360958,519f2f456dc9efa9544672a04bcff70c6b556e40ebe8dc04f29177decc5ceb87,58.91,44100,True,
XC478340,olbsun1,Cinnyris jugularis,Prayitno Goenarto,data/xeno_canto_indonesia/olbsun1/XC478340.mp3,SUCCESS,200.0,166956,50e1c926cadf780e8c5cb2177fd421760cc5b48e5c3eaee350916033fdfa7719,5.0,44100,True,
XC479205,olbsun1,Cinnyris jugularis,Prayitno Goenarto,data/xeno_canto_indonesia/olbsun1/XC479205.mp3,SUCCESS,200.0,70758,a7d7e6378b750465a5868ef28ab7281a32260960c23d1d1a7d62f4790145a807,2.0,44100,True,
XC481176,olbsun1,Cinnyris jugularis,Prayitno Goenarto,data/xeno_canto_indonesia/olbsun1/XC481176.mp3,SUCCESS,200.0,614925,75940f0e54bb17a0e95b13fe6a05407f9261637c824b4d42b928c1ae91b14d0a,19.0,44100,True,
XC481177,olbsun1,Cinnyris jugularis,Prayitno Goenarto,data/xeno_canto_indonesia/olbsun1/XC481177.mp3,SUCCESS,200.0,966888,a5ec64de569a581f8784f88dbf6df17d72641e1b9636ff9cc727258fcdf179c3,30.0,44100,True,
XC531249,olbsun1,Cinnyris jugularis,Marc Anderson,data/xeno_canto_indonesia/olbsun1/XC531249.mp3,SUCCESS,200.0,1394371,1f540f07b7b31615738ac52234f4ae4af01f3f28ae7966a098d32f8d618f9ee2,34.68,44100,True,
XC533676,olbsun1,Cinnyris jugularis,Marc Anderson,data/xeno_canto_indonesia/olbsun1/XC533676.mp3,SUCCESS,200.0,660155,96f6e8dd103af336b6900256632901aaaa4329a6a7872a6703d179e1fbde19b7,27.26,48000,True,
XC533677,olbsun1,Cinnyris jugularis,Marc Anderson,data/xeno_canto_indonesia/olbsun1/XC533677.mp3,SUCCESS,200.0,361787,5cab6ebafc722e426ac762869359a0789941e8bce1170d72488c53812c9e4a6a,14.83,48000,True,
XC533678,olbsun1,Cinnyris jugularis,Marc Anderson,data/xeno_canto_indonesia/olbsun1/XC533678.mp3,SUCCESS,200.0,532289,f872fc8e81d9d496894f061f1a7eef0f922663ef346bbffeeb93edb1216a117d,21.93,48000,True,
XC533679,olbsun1,Cinnyris jugularis,Marc Anderson,data/xeno_canto_indonesia/olbsun1/XC533679.mp3,SUCCESS,200.0,595073,0cee11804299447d6ac182c4c734d7185d525839b4928480ae8b41e2ffcb56ff,24.54,48000,True,
XC581941,olbsun1,Cinnyris jugularis,Muhammad Iqbal,data/xeno_canto_indonesia/olbsun1/XC581941.mp3,SUCCESS,200.0,1012213,476e16b6dfc0f1e8656a2b276b5721e27259e18f87009e8d6de0b262693d676e,41.91,44100,True,
XC611791,olbsun1,Cinnyris jugularis,Teus Luijendijk,data/xeno_canto_indonesia/olbsun1/XC611791.mp3,SUCCESS,200.0,1108321,8758e3ad85cb5245e8be6ffc67e2cc14e6c6f465404555739e5bde7caed57a16,35.51,44100,True,
XC68828,olbsun1,Cinnyris jugularis,Frank Lambert,data/xeno_canto_indonesia/olbsun1/XC68828.mp3,SUCCESS,200.0,934862,dae9102f26d3cb0605317936f8da06e131ead5cac770819267380a52fb0524d3,116.18,44100,True,
XC68829,olbsun1,Cinnyris jugularis,Frank Lambert,data/xeno_canto_indonesia/olbsun1/XC68829.mp3,SUCCESS,200.0,198836,28999f546ac75b441a0799112aa625107399a95477a4e5a3016d7d4564469cf8,24.17,44100,True,
XC68830,olbsun1,Cinnyris jugularis,Frank Lambert,data/xeno_canto_indonesia/olbsun1/XC68830.mp3,SUCCESS,200.0,328821,122c2f0a50e9820f3f28b7d1bbd69913a96768f9272b19dc6ddc29f5d3df4a0c,40.4,44100,True,
XC68831,olbsun1,Cinnyris jugularis,Frank Lambert,data/xeno_canto_indonesia/olbsun1/XC68831.mp3,SUCCESS,200.0,668857,b4ae5c3b2135666f66c8d62555965a50a1e38514fffa1a3c26afda3126ffebd4,82.91,44100,True,
XC68832,olbsun1,Cinnyris jugularis,Frank Lambert,data/xeno_canto_indonesia/olbsun1/XC68832.mp3,SUCCESS,200.0,311187,faa43af3ca909d180fd6e02874fc06a075e0edd63bc740187eeb27a397be1f7d,38.21,44100,True,
XC746050,olbsun1,Cinnyris jugularis,Fionn Ó Marcaigh,data/xeno_canto_indonesia/olbsun1/XC746050.mp3,SUCCESS,200.0,926701,6329e36fea995dfd8ce1453a4431cf362c287dfc74de08b3a328e0dbd2491202,57.63,44100,True,
XC746051,olbsun1,Cinnyris jugularis,Fionn Ó Marcaigh,data/xeno_canto_indonesia/olbsun1/XC746051.mp3,SUCCESS,200.0,1143622,c04431d05d4fb443881d93476427a4798e32e6ac0fdae0b33b1b976fa665465a,71.18,44100,True,
XC746052,olbsun1,Cinnyris jugularis,Fionn Ó Marcaigh,data/xeno_canto_indonesia/olbsun1/XC746052.mp3,SUCCESS,200.0,112517,f7de9332d68ab2062aeb33da434ae3653a15ed6c1e833b3d23a2c61f424b0d12,6.74,44100,True,
XC746054,olbsun1,Cinnyris jugularis,Fionn Ó Marcaigh,data/xeno_canto_indonesia/olbsun1/XC746054.mp3,SUCCESS,200.0,490774,5f312fbb8f56822241fddbb3a1185e6b363fab909545aa6eeb2bbf8f252899af,30.38,44100,True,
XC746055,olbsun1,Cinnyris jugularis,Fionn Ó Marcaigh,data/xeno_canto_indonesia/olbsun1/XC746055.mp3,SUCCESS,200.0,348668,d26235e42becda8daf989ecdaf6aff6a48020f2faebe52d889a5fa3339f1f90a,21.5,44100,True,
XC746254,olbsun1,Cinnyris jugularis,Fionn Ó Marcaigh,data/xeno_canto_indonesia/olbsun1/XC746254.mp3,SUCCESS,200.0,437278,fd2228f50db19c3a46ae50f03e93ee486fbb42801a259ef9c0256e9d32a4d017,27.04,44100,True,
XC746256,olbsun1,Cinnyris jugularis,Fionn Ó Marcaigh,data/xeno_canto_indonesia/olbsun1/XC746256.mp3,SUCCESS,200.0,990648,b6ead5d669228e008235663f3e12263d6adcae2c4a765527155a9c865c758687,61.62,44100,True,
XC746257,olbsun1,Cinnyris jugularis,Fionn Ó Marcaigh,data/xeno_canto_indonesia/olbsun1/XC746257.mp3,SUCCESS,200.0,726916,59f4f667ac4de6683e23595c4abff4df1a16b175e03f5f170918e1975870a68a,45.14,44100,True,
XC746258,olbsun1,Cinnyris jugularis,Fionn Ó Marcaigh,data/xeno_canto_indonesia/olbsun1/XC746258.mp3,SUCCESS,200.0,688464,a9b09f0b26b1fb1edd85322f79642529399b0fa2fe8152e97e202e8b675c67d7,42.74,44100,True,
XC746259,olbsun1,Cinnyris jugularis,Fionn Ó Marcaigh,data/xeno_canto_indonesia/olbsun1/XC746259.mp3,SUCCESS,200.0,502890,6d496a95768b80a5090a38216fca0f959a75b038dd1284b8ec88f2b9f61503cc,31.14,44100,True,
XC746260,olbsun1,Cinnyris jugularis,Fionn Ó Marcaigh,data/xeno_canto_indonesia/olbsun1/XC746260.mp3,SUCCESS,200.0,1368483,16e03bfe8da680ea782f2f3e0a517b998d27ed8a4609a41bc9fa8d02dc3e88f1,85.24,44100,True,
XC746261,olbsun1,Cinnyris jugularis,Fionn Ó Marcaigh,data/xeno_canto_indonesia/olbsun1/XC746261.mp3,SUCCESS,200.0,616575,b02169630ac733526ecf449f1903d5d123508bebc82a6139c18ca5c40bc88ced,38.24,44100,True,
XC746262,olbsun1,Cinnyris jugularis,Fionn Ó Marcaigh,data/xeno_canto_indonesia/olbsun1/XC746262.mp3,SUCCESS,200.0,330273,158d22245e3ee893108e5edac9e2273a474dd6cf1ead149897b9046b546b0b38,20.35,44100,True,
XC746263,olbsun1,Cinnyris jugularis,Fionn Ó Marcaigh,data/xeno_canto_indonesia/olbsun1/XC746263.mp3,SUCCESS,200.0,993574,549215fa6f7d653f3b0afd408aa9ddb69196548f4fbfb8641eda327a25519416,61.81,44100,True,
XC746264,olbsun1,Cinnyris jugularis,Fionn Ó Marcaigh,data/xeno_canto_indonesia/olbsun1/XC746264.mp3,SUCCESS,200.0,975184,4c167aa8e4e096867eb70690b113901fa3922a3d08cf310e045d0f318d46c0fa,60.66,44100,True,
XC746266,olbsun1,Cinnyris jugularis,Fionn Ó Marcaigh,data/xeno_canto_indonesia/olbsun1/XC746266.mp3,SUCCESS,200.0,550955,141e5a19734873ec665c8b50247202390348e59fc594f6f2a2b3125eaef9858b,34.14,44100,True,
XC746270,olbsun1,Cinnyris jugularis,Fionn Ó Marcaigh,data/xeno_canto_indonesia/olbsun1/XC746270.mp3,SUCCESS,200.0,459840,fe6611b8ad02b0a909cf942b760cf12f3a125e897117517581b7ff68aeee469d,28.45,44100,True,
XC746271,olbsun1,Cinnyris jugularis,Fionn Ó Marcaigh,data/xeno_canto_indonesia/olbsun1/XC746271.mp3,SUCCESS,200.0,1477989,067d6a4a99370002e4f835e7ab3986859ed979c524345f82403878e46c15e46b,92.08,44100,True,
XC746274,olbsun1,Cinnyris jugularis,Fionn Ó Marcaigh,data/xeno_canto_indonesia/olbsun1/XC746274.mp3,SUCCESS,200.0,727752,b533b12ef1c70236a988a4180fcd455c576a3931c643e29d8a4e54726cc59024,45.19,44100,True,
XC746275,olbsun1,Cinnyris jugularis,Fionn Ó Marcaigh,data/xeno_canto_indonesia/olbsun1/XC746275.mp3,SUCCESS,200.0,288477,4dae2541435b8c6dffe4d92c7a200f2fe74d5dec05b1a8a09f66c1fbc2355970,17.74,44100,True,
XC746277,olbsun1,Cinnyris jugularis,Fionn Ó Marcaigh,data/xeno_canto_indonesia/olbsun1/XC746277.mp3,SUCCESS,200.0,805591,87952ca1e646852f34f8fe80a51f45f7dc0e73a8c3538fc534bb0c4dc018f4bd,50.05,44100,True,
XC746278,olbsun1,Cinnyris jugularis,Fionn Ó Marcaigh,data/xeno_canto_indonesia/olbsun1/XC746278.mp3,SUCCESS,200.0,2028470,9412cd99270e5b5641e02933da43285194951d133b97d9ab7b2e8d6666664b5b,126.48,44100,True,
XC746280,olbsun1,Cinnyris jugularis,Fionn Ó Marcaigh,data/xeno_canto_indonesia/olbsun1/XC746280.mp3,SUCCESS,200.0,1042922,a58694c09f8671b0989bd9f27f3bd1986271240abd008aa5947e7b6be775d881,64.89,44100,True,
XC746281,olbsun1,Cinnyris jugularis,Fionn Ó Marcaigh,data/xeno_canto_indonesia/olbsun1/XC746281.mp3,SUCCESS,200.0,614514,aaedaf59f074b5a36423f2953d99129480fe7c756c54e8bfb1c256178e6ad8dd,38.11,44100,True,
XC746282,olbsun1,Cinnyris jugularis,Fionn Ó Marcaigh,data/xeno_canto_indonesia/olbsun1/XC746282.mp3,SUCCESS,200.0,976049,3b2573d6686ee3ee9d33465500448f1aab907022a77a080bc194bd080fcbf170,60.71,44100,True,
XC746283,olbsun1,Cinnyris jugularis,Fionn Ó Marcaigh,data/xeno_canto_indonesia/olbsun1/XC746283.mp3,SUCCESS,200.0,2383317,05d4b708a00020ea4a406d99cf7205aaeb685010a319e1bfc4706560182ac23b,148.66,44100,True,
XC746285,olbsun1,Cinnyris jugularis,Fionn Ó Marcaigh,data/xeno_canto_indonesia/olbsun1/XC746285.mp3,SUCCESS,200.0,511260,c892744d8160f18d1b7d17440e9dcf54b42024529c1fcd3aca5ed8ddec87ef0d,31.66,44100,True,
XC746286,olbsun1,Cinnyris jugularis,Fionn Ó Marcaigh,data/xeno_canto_indonesia/olbsun1/XC746286.mp3,SUCCESS,200.0,388023,99c5f621f89f8b827557cec57bcf7a3f00ac3524f09ab204ab572dd23313cf95,23.95,44100,True,
XC746287,olbsun1,Cinnyris jugularis,Fionn Ó Marcaigh,data/xeno_canto_indonesia/olbsun1/XC746287.mp3,SUCCESS,200.0,974838,f3d9b92e8ed97d48897526b3cc4e051a8669a99a492291333397fbc5f9020b81,60.63,44100,True,
XC746288,olbsun1,Cinnyris jugularis,Fionn Ó Marcaigh,data/xeno_canto_indonesia/olbsun1/XC746288.mp3,SUCCESS,200.0,1146176,a252e59fb5d12610251c67fe2ecc32afb4d16d052612797b82f61e30cbca0751,71.34,44100,True,
XC746290,olbsun1,Cinnyris jugularis,Fionn Ó Marcaigh,data/xeno_canto_indonesia/olbsun1/XC746290.mp3,SUCCESS,200.0,1865484,e873d105986f20d3ac154269ab6e9f4c89f582f23956e4b081df537b40da2c50,116.3,44100,True,
XC746291,olbsun1,Cinnyris jugularis,Fionn Ó Marcaigh,data/xeno_canto_indonesia/olbsun1/XC746291.mp3,SUCCESS,200.0,1052553,a0301a7254415ddef8e43a1c9ac04e3c767ea96f46e8a0946cfee634f311dd30,65.49,44100,True,
XC746292,olbsun1,Cinnyris jugularis,Fionn Ó Marcaigh,data/xeno_canto_indonesia/olbsun1/XC746292.mp3,SUCCESS,200.0,1344707,0e1c568dbf3fe160569c92e73163fc6680ffe95fe0887debc761580d58ec68b7,83.75,44100,True,
XC746294,olbsun1,Cinnyris jugularis,Fionn Ó Marcaigh,data/xeno_canto_indonesia/olbsun1/XC746294.mp3,SUCCESS,200.0,576498,79f35eb4071c1cc484956fadc5b920ac9d8178c7ad5d4808b025d23be83e6292,35.74,44100,True,
XC746295,olbsun1,Cinnyris jugularis,Fionn Ó Marcaigh,data/xeno_canto_indonesia/olbsun1/XC746295.mp3,SUCCESS,200.0,1008667,0c7dfc23be92dd63f407f1681f04cd164f8955d4a3b1e059c6ed27b878872bc3,62.75,44100,True,
XC746297,olbsun1,Cinnyris jugularis,Fionn Ó Marcaigh,data/xeno_canto_indonesia/olbsun1/XC746297.mp3,SUCCESS,200.0,663857,4089117a256075c70b52b595f5292e50b8c24ade5961d07f498ae47571ed3ecd,41.2,44100,True,
XC746299,olbsun1,Cinnyris jugularis,Fionn Ó Marcaigh,data/xeno_canto_indonesia/olbsun1/XC746299.mp3,SUCCESS,200.0,740762,3ecbb751f78b6da3a5edb1ba1d992b9510ae4f189626255869802da4196f00a7,46.0,44100,True,
XC746300,olbsun1,Cinnyris jugularis,Fionn Ó Marcaigh,data/xeno_canto_indonesia/olbsun1/XC746300.mp3,SUCCESS,200.0,217477,ab8e28cb530d4e023ad5fa5437d8f08a34208e970482a6ad0aa5b65742c292ad,13.3,44100,True,
XC746301,olbsun1,Cinnyris jugularis,Fionn Ó Marcaigh,data/xeno_canto_indonesia/olbsun1/XC746301.mp3,SUCCESS,200.0,578176,11959d4d3b98675780851fff45c159133ffbf0919d2f5392dac3616cdd8963ea,35.84,44100,True,
XC746302,olbsun1,Cinnyris jugularis,Fionn Ó Marcaigh,data/xeno_canto_indonesia/olbsun1/XC746302.mp3,SUCCESS,200.0,796768,0456cf5ff86597a57ffaf1bf1ad84d93eb093e7d2033efa2fb58aa8c20855622,49.5,44100,True,
XC746303,olbsun1,Cinnyris jugularis,Fionn Ó Marcaigh,data/xeno_canto_indonesia/olbsun1/XC746303.mp3,SUCCESS,200.0,344530,a66d77cadb31b744d876fcebf9e8e1c4d45388ae1c89925e32f662bf29cbef5b,21.24,44100,True,
XC746305,olbsun1,Cinnyris jugularis,Fionn Ó Marcaigh,data/xeno_canto_indonesia/olbsun1/XC746305.mp3,SUCCESS,200.0,229180,a5bfee55ca494892ef2a5d3560419d87b7d7e4360484225819ec240dffa43716,14.03,44100,True,
XC746310,olbsun1,Cinnyris jugularis,Fionn Ó Marcaigh,data/xeno_canto_indonesia/olbsun1/XC746310.mp3,SUCCESS,200.0,376302,ebedfc63d26dc901841ac03ea6fe723f76ce81291380d7c81c5e6558aae5dcce,23.22,44100,True,
XC746312,olbsun1,Cinnyris jugularis,Fionn Ó Marcaigh,data/xeno_canto_indonesia/olbsun1/XC746312.mp3,SUCCESS,200.0,191146,89a83bcfa3d625d0b1f34fb0bf22f95a95e702cf6e6e63c180cd14e13b1ea24e,11.65,44100,True,
XC746313,olbsun1,Cinnyris jugularis,Fionn Ó Marcaigh,data/xeno_canto_indonesia/olbsun1/XC746313.mp3,SUCCESS,200.0,570235,6096228486d1482d841214eefd91f6bf8380264fee864c10c1c7c1ecbabf61c8,35.34,44100,True,
XC746314,olbsun1,Cinnyris jugularis,Fionn Ó Marcaigh,data/xeno_canto_indonesia/olbsun1/XC746314.mp3,SUCCESS,200.0,571071,77d9404dc85a7dae832e42bb012aad89d5db6b4d7d17b735697a36009e6adc43,35.4,44100,True,
XC746372,olbsun1,Cinnyris jugularis,Fionn Ó Marcaigh,data/xeno_canto_indonesia/olbsun1/XC746372.mp3,SUCCESS,200.0,767512,de60afe5b851f1fe74b517f6e7f4f1d63b548575a5f2f602c319a7b320bea6cc,47.67,44100,True,
XC746375,olbsun1,Cinnyris jugularis,Fionn Ó Marcaigh,data/xeno_canto_indonesia/olbsun1/XC746375.mp3,SUCCESS,200.0,1027907,29238b115b41c3027eaf42c03931c08d7849f8bb2bac18137b729259a0fa32e0,63.95,44100,True,
XC746377,olbsun1,Cinnyris jugularis,Fionn Ó Marcaigh,data/xeno_canto_indonesia/olbsun1/XC746377.mp3,SUCCESS,200.0,973569,43b2baf33c67e3b05253de37bb23a2872ce2b71b7e28dcda13556bae0c46c97a,60.55,44100,True,
XC746378,olbsun1,Cinnyris jugularis,Fionn Ó Marcaigh,data/xeno_canto_indonesia/olbsun1/XC746378.mp3,SUCCESS,200.0,1502281,8897a756cb0651d7e713396cecbba1684b756815b7f4badae775721be1801dee,93.6,44100,True,
XC746380,olbsun1,Cinnyris jugularis,Fionn Ó Marcaigh,data/xeno_canto_indonesia/olbsun1/XC746380.mp3,SUCCESS,200.0,1455052,49fcafd5fcc9b95b87ed728a1d49c8c021d9d314d44556334bc280c61a135757,90.64,44100,True,
XC746386,olbsun1,Cinnyris jugularis,Fionn Ó Marcaigh,data/xeno_canto_indonesia/olbsun1/XC746386.mp3,SUCCESS,200.0,980668,d14e4a44379f5bbddbda1a0c06a3b331f53d05a113d732d79987cd79a49d07b4,61.0,44100,True,
XC746388,olbsun1,Cinnyris jugularis,Fionn Ó Marcaigh,data/xeno_canto_indonesia/olbsun1/XC746388.mp3,SUCCESS,200.0,972727,e40a653b200bf780133f94ea49d651c4bce143fce53f76893007f61f9571a1a9,60.5,44100,True,
XC746392,olbsun1,Cinnyris jugularis,Fionn Ó Marcaigh,data/xeno_canto_indonesia/olbsun1/XC746392.mp3,SUCCESS,200.0,987780,17d534a7612b56bd3c0df123547fbf849c732bbcad3716af9f792fe1f6747371,61.44,44100,True,
XC746397,olbsun1,Cinnyris jugularis,Fionn Ó Marcaigh,data/xeno_canto_indonesia/olbsun1/XC746397.mp3,SUCCESS,200.0,1101040,29ce17cbf0f4f394095da29420b12ee9a08b81bbd5a58b9d2a6d9d8ff1fbfafe,68.52,44100,True,
XC746400,olbsun1,Cinnyris jugularis,Fionn Ó Marcaigh,data/xeno_canto_indonesia/olbsun1/XC746400.mp3,SUCCESS,200.0,291064,adb76345f926d12614fa2e6d9f961cd0cf31e1f0340c3c6cea573938054707c7,17.89,44100,True,
XC746401,olbsun1,Cinnyris jugularis,Fionn Ó Marcaigh,data/xeno_canto_indonesia/olbsun1/XC746401.mp3,SUCCESS,200.0,974817,b06c2e0f4908053e7277013f4eb674c6b981fde7c10f8a91e32b91ad7add62bc,60.63,44100,True,
XC746406,olbsun1,Cinnyris jugularis,Fionn Ó Marcaigh,data/xeno_canto_indonesia/olbsun1/XC746406.mp3,SUCCESS,200.0,1947826,1a2b34a981843183f6a9c61b708ea2e53571a534332632a64806866dce09250c,121.44,44100,True,
XC746410,olbsun1,Cinnyris jugularis,Fionn Ó Marcaigh,data/xeno_canto_indonesia/olbsun1/XC746410.mp3,SUCCESS,200.0,1005313,e6b8bee08e3b320b4cf66faa7d2a7cbff3e292503cd2bf5901de0d8ebd8cf713,62.54,44100,True,
XC746412,olbsun1,Cinnyris jugularis,Fionn Ó Marcaigh,data/xeno_canto_indonesia/olbsun1/XC746412.mp3,SUCCESS,200.0,971458,9555739afec646a1dd17d9fef43d750519f6e1d5f12baf0ba95e34bee28badbb,60.42,44100,True,
XC746414,olbsun1,Cinnyris jugularis,Fionn Ó Marcaigh,data/xeno_canto_indonesia/olbsun1/XC746414.mp3,SUCCESS,200.0,970622,ff9c7ee5357375ee3b3a7790a71447f841274119c8a75c3db3b9da2d05f89d89,60.37,44100,True,
XC746415,olbsun1,Cinnyris jugularis,Fionn Ó Marcaigh,data/xeno_canto_indonesia/olbsun1/XC746415.mp3,SUCCESS,200.0,1002805,f93f550065de3222bbc03900fb7e30cdeb7b82c6f7fea32a7cdf3a3539b6d8f3,62.38,44100,True,
XC746416,olbsun1,Cinnyris jugularis,Fionn Ó Marcaigh,data/xeno_canto_indonesia/olbsun1/XC746416.mp3,SUCCESS,200.0,1936526,65f34f7d409a2494182b4837756f7d917209261e73cd3090383aea6f7eaaebe3,120.74,44100,True,
XC746418,olbsun1,Cinnyris jugularis,Fionn Ó Marcaigh,data/xeno_canto_indonesia/olbsun1/XC746418.mp3,SUCCESS,200.0,2412581,e5607e06b3f37b5dedcdeaf18312cde2a58712b341bb91a897f114ce09b8ce78,150.49,44100,True,
XC746423,olbsun1,Cinnyris jugularis,Fionn Ó Marcaigh,data/xeno_canto_indonesia/olbsun1/XC746423.mp3,SUCCESS,200.0,915034,becefc87794a33d992275ab24b562bd0b4d371c739476f375aa3f7e631908d81,56.89,44100,True,
XC746424,olbsun1,Cinnyris jugularis,Fionn Ó Marcaigh,data/xeno_canto_indonesia/olbsun1/XC746424.mp3,SUCCESS,200.0,1212621,b52f7ec1235afd5365f54875c7e760a054f708d916d2ec3dd9958adbcb91a336,75.49,44100,True,
XC746425,olbsun1,Cinnyris jugularis,Fionn Ó Marcaigh,data/xeno_canto_indonesia/olbsun1/XC746425.mp3,SUCCESS,200.0,987759,cb82f7d41a2279a751ad52d2b1bad928cf084e0a838d1eccfdf9cad1c9529f03,61.44,44100,True,
XC746427,olbsun1,Cinnyris jugularis,Fionn Ó Marcaigh,data/xeno_canto_indonesia/olbsun1/XC746427.mp3,SUCCESS,200.0,2243726,8e4e7752696a52ab2a03612e5959f085b8e2fcdc043ffdd73ef75295fabe5fe4,139.94,44100,True,
XC783616,olbsun1,Cinnyris jugularis,Panji Gusti Akbar,data/xeno_canto_indonesia/olbsun1/XC783616.mp3,SUCCESS,200.0,6480212,d5a72f2dde3f4d8c6c122ea2646b66d88a6b952796104abb15c18cccd56ed399,45.0,48000,True,
XC823476,olbsun1,Cinnyris jugularis,Greg Irving,data/xeno_canto_indonesia/olbsun1/XC823476.mp3,SUCCESS,200.0,885908,29ff36c3858103c3298a673523bc507c555d00118e8df019a2442769c0a264e1,21.96,48000,True,
XC845705,olbsun1,Cinnyris jugularis,Geoff Carey,data/xeno_canto_indonesia/olbsun1/XC845705.mp3,SUCCESS,200.0,10123014,ad5b83672e8368bca1cc15e0d9a484d4bcfd2f943eaf60b058a5426cc5eb0e73,267.76,48000,True,
XC845706,olbsun1,Cinnyris jugularis,Geoff Carey,data/xeno_canto_indonesia/olbsun1/XC845706.mp3,SUCCESS,200.0,7523380,279309aab3247d62d8ecd621f590c70729b7a3839136d2a34ba2ee6023b1638a,199.15,48000,True,
XC845707,olbsun1,Cinnyris jugularis,Geoff Carey,data/xeno_canto_indonesia/olbsun1/XC845707.mp3,SUCCESS,200.0,7196525,351fc72ca7c426744a41f169d7cfdcdaff668dcef7bd624f41644338d71ba7d9,192.12,48000,True,
XC89654,olbsun1,Cinnyris jugularis,Frank Lambert,data/xeno_canto_indonesia/olbsun1/XC89654.mp3,SUCCESS,200.0,386240,664cb0b42c07c56eb7c9e33e6519c2942cebe43442ff57fc49bd620d6347ce67,23.85,44100,True,
XC905151,olbsun1,Cinnyris jugularis,Ding Li Yong,data/xeno_canto_indonesia/olbsun1/XC905151.mp3,SUCCESS,200.0,9504254,893ffe73bc085e33e5a0e60a0972afdf2caf8f302f63ccda49273ef5b6e68960,26.94,88200,True,
XC933063,olbsun1,Cinnyris jugularis,Ding Li Yong,data/xeno_canto_indonesia/olbsun1/XC933063.mp3,SUCCESS,200.0,537661,1cc6cde43a09fb8b9ad2fac4ebff33e8b0505807f2c4022693e72e68677e5eaa,13.65,48000,True,
XC955002,olbsun1,Cinnyris jugularis,Arjun Dutta,data/xeno_canto_indonesia/olbsun1/XC955002.mp3,SUCCESS,200.0,1292760,65b01ef6942f8fd16a05ef160f1cdaf324ccc17ba2a4b9d6140ad27a017b6c1c,7.33,44100,True,
XC1076302,pygcup1,Pnoepyga pusilla,Jelle Scharringa,data/xeno_canto_indonesia/pygcup1/XC1076302.mp3,SUCCESS,200.0,3150870,1fe1a8b87ed9cec65d49622f564a67b0fc7147477446ce0dc2a253e80b47c8f8,78.58,44100,True,
XC1082253,pygcup1,Pnoepyga pusilla,Kalvin Chan,data/xeno_canto_indonesia/pygcup1/XC1082253.mp3,VERIFIED_EXISTING,,2264208,dfe7bb0cfe07de292a627bb2c1a3313122ee66915c1bbb4cb1e697e40abd16a2,25.67,44100,True,
XC1174149,pygcup1,Pnoepyga pusilla,Untung Sarmawi,data/xeno_canto_indonesia/pygcup1/XC1174149.mp3,VERIFIED_EXISTING,,857259,76ad674d88bea7d3f7f181b85cdf6c57a8bee1044d0bc2fab5874c6ff55e519b,20.95,48000,True,
XC161694,pygcup1,Pnoepyga pusilla,Frank Lambert,data/xeno_canto_indonesia/pygcup1/XC161694.mp3,SUCCESS,200.0,617167,19289b346c86ddf1f474ac695219c9eccbf2841aef834671c2596a395a864780,15.31,48000,True,
XC166732,pygcup1,Pnoepyga pusilla,Frank Lambert,data/xeno_canto_indonesia/pygcup1/XC166732.mp3,SUCCESS,200.0,697852,a61be9f15f060368cb8a5722404812feaf1052143a8918940648eb749745c502,17.33,48000,True,
XC166733,pygcup1,Pnoepyga pusilla,Frank Lambert,data/xeno_canto_indonesia/pygcup1/XC166733.mp3,SUCCESS,200.0,765991,e80ed2c30f0bda5bd058c4138e5c686f82aadc1696977ad750ad060071d67e3b,19.03,48000,True,
XC166734,pygcup1,Pnoepyga pusilla,Frank Lambert,data/xeno_canto_indonesia/pygcup1/XC166734.mp3,SUCCESS,200.0,1170165,fff478f202c4c66c9bff7b78ee9ee94c648f5fbd6ab52c69fd4496afea5da8f3,29.14,48000,True,
XC166735,pygcup1,Pnoepyga pusilla,Frank Lambert,data/xeno_canto_indonesia/pygcup1/XC166735.mp3,SUCCESS,200.0,2049521,706ef6b4f9e8c3d1c58413c661f0d2c7eb95d3f9b08345568b0d3647bd196076,51.12,48000,True,
XC173911,pygcup1,Pnoepyga pusilla,Adi Sugiharto,data/xeno_canto_indonesia/pygcup1/XC173911.mp3,SUCCESS,200.0,206043,7376bc129b25b7e9a4efd682e31bf25f64090ee8dfd87d3043ace831896acc85,8.25,44100,True,
XC178456,pygcup1,Pnoepyga pusilla,Lau Jia Sheng,data/xeno_canto_indonesia/pygcup1/XC178456.mp3,SUCCESS,200.0,93802,a35a86ca37c8eeda11d68ff14ecefa59cb77effa8e9001cc1228053f5208cf29,5.48,48000,True,
XC182843,pygcup1,Pnoepyga pusilla,Ding Li Yong,data/xeno_canto_indonesia/pygcup1/XC182843.mp3,SUCCESS,200.0,206568,dc4449956899ca4b5aa8b3505694b2415b8f9d4f6738ea702070747f229eedc2,12.56,44100,True,
XC195580,pygcup1,Pnoepyga pusilla,Marc Thibault,data/xeno_canto_indonesia/pygcup1/XC195580.mp3,SUCCESS,200.0,675082,1d3ea8dbc7b1dca9096397bc5da0c7ce7b85104e57a5023f3ec56d989519c426,41.83,44100,True,
XC204140,pygcup1,Pnoepyga pusilla,Mike Nelson,data/xeno_canto_indonesia/pygcup1/XC204140.mp3,SUCCESS,200.0,683433,957a9226426f2d88fd8f24bfcdfed28ad7ca63321e80fec6cbb7fdeabacbf9c1,42.36,44100,True,
XC204314,pygcup1,Pnoepyga pusilla,Mike Nelson,data/xeno_canto_indonesia/pygcup1/XC204314.mp3,SUCCESS,200.0,78648,4a7c2dd7b155d3ca7e8b985a2552cb1ee6cca41048672ab12532bb2052fda678,4.57,44100,True,
XC206313,pygcup1,Pnoepyga pusilla,Sidiq Pambudi,data/xeno_canto_indonesia/pygcup1/XC206313.mp3,SUCCESS,200.0,1018559,faf738565142515bbc7ed30ef7696ee223479638094463238e9f14ee4d150b89,31.61,48000,True,
XC214690,pygcup1,Pnoepyga pusilla,Marc Anderson,data/xeno_canto_indonesia/pygcup1/XC214690.mp3,SUCCESS,200.0,1292040,37e3607f290f8f6e5a986fdcfaa111e9659f7d3aaea54f90084c5bf7c33d6f44,53.58,48000,True,
XC214970,pygcup1,Pnoepyga pusilla,Marc Anderson,data/xeno_canto_indonesia/pygcup1/XC214970.mp3,SUCCESS,200.0,581229,68bcc4ea571454aa2a85509f678e3041b86ebf5505aba70f2d801df6b0c08c1a,23.95,48000,True,
XC215097,pygcup1,Pnoepyga pusilla,Marc Anderson,data/xeno_canto_indonesia/pygcup1/XC215097.mp3,SUCCESS,200.0,242528,54479eab3e23bd7679373a702a73d484c1908acadb79d45ef0193c874edbad7b,9.84,48000,True,
XC215396,pygcup1,Pnoepyga pusilla,Paulo Alves,data/xeno_canto_indonesia/pygcup1/XC215396.mp3,SUCCESS,200.0,507951,a64e6f45b64940b62cbe771ed8b7162bbb135074c02c427a5c80ef08bdae0817,31.38,44100,True,
XC215398,pygcup1,Pnoepyga pusilla,Paulo Alves,data/xeno_canto_indonesia/pygcup1/XC215398.mp3,SUCCESS,200.0,863209,9fc7b7076eb725b8db46d103c341463eddd8b1fa878c4768ff4ba70cd9e8d740,53.6,44100,True,
XC237120,pygcup1,Pnoepyga pusilla,Paulo Alves,data/xeno_canto_indonesia/pygcup1/XC237120.mp3,SUCCESS,200.0,140965,c67b9b8ff37dc4886f5abdab9885b7c1b9d1cd2a71e809de6885382d6b4e90a8,8.46,44100,True,
XC24108,pygcup1,Pnoepyga pusilla,James Eaton,data/xeno_canto_indonesia/pygcup1/XC24108.mp3,SUCCESS,200.0,618732,779f99d9eb898c51783869587a179d9fac0664e4928c6b2272e77fea5cfb0d0b,38.37,44100,True,
XC241681,pygcup1,Pnoepyga pusilla,Mike Nelson,data/xeno_canto_indonesia/pygcup1/XC241681.mp3,SUCCESS,200.0,121712,468c36b5250d8e47fcf6437833a7f21c764b558cdc68f0764a8e55c046f92314,7.25,44100,True,
XC241682,pygcup1,Pnoepyga pusilla,Mike Nelson,data/xeno_canto_indonesia/pygcup1/XC241682.mp3,SUCCESS,200.0,551902,724108b54a41a2e2f1a03afb4c87d0db792bc387331d04aa66eabd17845e48fe,34.13,44100,True,
XC241683,pygcup1,Pnoepyga pusilla,Mike Nelson,data/xeno_canto_indonesia/pygcup1/XC241683.mp3,SUCCESS,200.0,59854,ed9b6f723771b84bd179660df0c1afdd35e4e5486a7efcb1216f777007cb71fb,3.38,44100,True,
XC241685,pygcup1,Pnoepyga pusilla,Mike Nelson,data/xeno_canto_indonesia/pygcup1/XC241685.mp3,SUCCESS,200.0,1172044,456e7b45c49bcd2af6e2f263c239ce3e051e991b108fd862d447b6d09f605b55,72.9,44100,True,
XC242633,pygcup1,Pnoepyga pusilla,Mike Nelson,data/xeno_canto_indonesia/pygcup1/XC242633.mp3,SUCCESS,200.0,145101,5256964fe41a81246dac1f0bf9146d388377a16ee8a961ac98120faadd811288,8.72,44100,True,
XC289604,pygcup1,Pnoepyga pusilla,Jacob Hervé,data/xeno_canto_indonesia/pygcup1/XC289604.mp3,SUCCESS,200.0,839050,96f7910ce4d106022e04f2cb552e54491f1225ce3f8c33e504ea7869b7bd0302,52.07,44100,True,
XC292408,pygcup1,Pnoepyga pusilla,Mike Nelson,data/xeno_canto_indonesia/pygcup1/XC292408.mp3,SUCCESS,200.0,303176,f33f0262000940c87875665e4e54f1aed8a95a9bb8e6114379b1b11bc0e136be,18.6,44100,True,
XC292409,pygcup1,Pnoepyga pusilla,Mike Nelson,data/xeno_canto_indonesia/pygcup1/XC292409.mp3,SUCCESS,200.0,2869865,b85156e8741c33e156877152ef25a4a90761e102dc991af4fa049f75b8ef4a37,143.26,44100,True,
XC292523,pygcup1,Pnoepyga pusilla,Mike Nelson,data/xeno_canto_indonesia/pygcup1/XC292523.mp3,SUCCESS,200.0,2347849,e9a3b10ec46dab955e7457da52d4d37b5577b179d11c9b200b684eeb81e316f2,117.16,44100,True,
XC292531,pygcup1,Pnoepyga pusilla,Mike Nelson,data/xeno_canto_indonesia/pygcup1/XC292531.mp3,SUCCESS,200.0,430982,7e504003b64da783367a0fe61f0896bb2c28b0decfe85f1ee0289e21adeec4cb,26.59,44100,True,
XC301156,pygcup1,Pnoepyga pusilla,Gareth K.,data/xeno_canto_indonesia/pygcup1/XC301156.mp3,SUCCESS,200.0,1283917,e3a8ad379fe547483cd4fe2bff46a4120e93223cf31b8b31460b49fa4e2e3052,79.89,48000,True,
XC31428,pygcup1,Pnoepyga pusilla,Allen T. Chartier,data/xeno_canto_indonesia/pygcup1/XC31428.mp3,SUCCESS,200.0,882512,34b71406077bbf0b5952571ee61640746d87142fb56339ed12915d6536085b06,65.3,44100,True,
XC31429,pygcup1,Pnoepyga pusilla,Allen T. Chartier,data/xeno_canto_indonesia/pygcup1/XC31429.mp3,SUCCESS,200.0,278352,0c5481cd132879b71fb942722bbcca1755ab7557a787a4a64ba7a54671a66107,20.0,44100,True,
XC31430,pygcup1,Pnoepyga pusilla,Allen T. Chartier,data/xeno_canto_indonesia/pygcup1/XC31430.mp3,SUCCESS,200.0,170507,11d5152dc8bb0d066747a220c405682891a3afd1eaf4cc663a7536de1386b412,11.92,44100,True,
XC31431,pygcup1,Pnoepyga pusilla,Allen T. Chartier,data/xeno_canto_indonesia/pygcup1/XC31431.mp3,SUCCESS,200.0,154009,c66ff9fce92623b791c8797bfad9bf844b574aa1dc5453c77b50194613a2a4e9,11.1,44100,True,
XC31432,pygcup1,Pnoepyga pusilla,Allen T. Chartier,data/xeno_canto_indonesia/pygcup1/XC31432.mp3,SUCCESS,200.0,413510,e64b2a2578153dd6c9b9cc1b5110eba2c29b0e362b73b6b0f6f5d80879295e70,29.57,44100,True,
XC318231,pygcup1,Pnoepyga pusilla,Achmad Ridha,data/xeno_canto_indonesia/pygcup1/XC318231.mp3,SUCCESS,200.0,1594192,e961d12a7b0687c157da53ab0c0bbc520c7f2b782e9727f25e5357d0c92c6f54,66.2,44100,True,
XC335968,pygcup1,Pnoepyga pusilla,Brendan Sloan,data/xeno_canto_indonesia/pygcup1/XC335968.mp3,SUCCESS,200.0,512898,90f5f1cd6e8e683897803e471d116a0b016ef4be2cb78cfea5f20cc51065d846,31.71,44100,True,
XC336108,pygcup1,Pnoepyga pusilla,Brendan Sloan,data/xeno_canto_indonesia/pygcup1/XC336108.mp3,SUCCESS,200.0,339927,4e4c59b5d32820b118700c9d542e9b87a743779f363bbf3f214b11ff320d8f6c,20.87,44100,True,
XC336358,pygcup1,Pnoepyga pusilla,Brendan Sloan,data/xeno_canto_indonesia/pygcup1/XC336358.mp3,SUCCESS,200.0,334773,539f111ba9913780ecbdf9f29964e3ec557d480f3093cdd13477d8bc00e83e01,20.58,44100,True,
XC350530,pygcup1,Pnoepyga pusilla,Raf Drijvers,data/xeno_canto_indonesia/pygcup1/XC350530.mp3,SUCCESS,200.0,1199741,0ef06aeecb8317ed180f056c0e4f4ad24940907fee2b3fc917db20648d5a0a10,70.68,44100,True,
XC350531,pygcup1,Pnoepyga pusilla,Raf Drijvers,data/xeno_canto_indonesia/pygcup1/XC350531.mp3,SUCCESS,200.0,510543,5fbeb4be1940fa0933ee03e629a01659d29fa653f77fa2e3eec8bfa5426334c0,29.08,44100,True,
XC350532,pygcup1,Pnoepyga pusilla,Raf Drijvers,data/xeno_canto_indonesia/pygcup1/XC350532.mp3,SUCCESS,200.0,453784,d56c36d6c8d085779829c5ea96c9b96948a2d3e97684a78c00933d4d90428e08,25.64,44100,True,
XC352875,pygcup1,Pnoepyga pusilla,Gareth K.,data/xeno_canto_indonesia/pygcup1/XC352875.mp3,SUCCESS,200.0,2209410,19f09bec6f31d633144b09595bf1179d83629877b87eba7ca9bc245ef7416df9,55.06,44100,True,
XC36863,pygcup1,Pnoepyga pusilla,Bas Van Balen,data/xeno_canto_indonesia/pygcup1/XC36863.mp3,SUCCESS,200.0,382898,f9ccbe442e5bb391d7818967d0388aff883efb88ae8a0932850b2f509ab1846d,18.91,48000,True,
XC36876,pygcup1,Pnoepyga pusilla,Bas Van Balen,data/xeno_canto_indonesia/pygcup1/XC36876.mp3,SUCCESS,200.0,2387314,02153fb38d373a21615751dc7384148551deac8d8313f6b5b9a4ef8dd9a4cdf7,119.14,48000,True,
XC376207,pygcup1,Pnoepyga pusilla,Karyadi Baskoro,data/xeno_canto_indonesia/pygcup1/XC376207.mp3,SUCCESS,200.0,491822,1ec11ee193b4bffb582ab9898f521221e82e32b6746ab7efb9aebdbe72c10666,60.89,44100,True,
XC376567,pygcup1,Pnoepyga pusilla,Karyadi Baskoro,data/xeno_canto_indonesia/pygcup1/XC376567.mp3,SUCCESS,200.0,1116920,0874246d6215b780c40682608279735c1344a9a19a7ed429b516cc05268c8554,46.34,44100,True,
XC389504,pygcup1,Pnoepyga pusilla,Oscar Campbell,data/xeno_canto_indonesia/pygcup1/XC389504.mp3,SUCCESS,200.0,633532,fef7ee76654b5e65a540589e5722f062ed5b288cfcbc10b4708d3c190e64aa86,39.23,44100,True,
XC389508,pygcup1,Pnoepyga pusilla,Oscar Campbell,data/xeno_canto_indonesia/pygcup1/XC389508.mp3,SUCCESS,200.0,1552921,e6c4d12afe8a8927a3b003da34da778d5b22461ad76bc29d5ce92cb3d8fa7021,96.7,44100,True,
XC39474,pygcup1,Pnoepyga pusilla,Brian Cox,data/xeno_canto_indonesia/pygcup1/XC39474.mp3,SUCCESS,200.0,565506,b981da6257d34b664376e9c95cfc041bf7eaff4ce7c801f06b94ba1d68e699a2,28.04,32000,True,
XC39487,pygcup1,Pnoepyga pusilla,Brian Cox,data/xeno_canto_indonesia/pygcup1/XC39487.mp3,SUCCESS,200.0,130628,9ad54e7d6fb0270915df675a7739f46dd8d4dc7b01f4f0b5eb736aaf55f42c26,6.3,32000,True,
XC39506,pygcup1,Pnoepyga pusilla,Brian Cox,data/xeno_canto_indonesia/pygcup1/XC39506.mp3,SUCCESS,200.0,160891,f70501cf8ac84bcef6e253a86d6633e1ab1dabe01eaabb13434822971b383688,7.81,32000,True,
XC409147,pygcup1,Pnoepyga pusilla,Frank Lambert,data/xeno_canto_indonesia/pygcup1/XC409147.mp3,SUCCESS,200.0,2600539,cee2593358bece271abe08ee9dadd772303be21f6e0453d980b6a8f3df1f20a3,64.9,48000,True,
XC409572,pygcup1,Pnoepyga pusilla,Frank Lambert,data/xeno_canto_indonesia/pygcup1/XC409572.mp3,SUCCESS,200.0,2065784,17150fec1f3f207f7f227eb638dcf419b22208bfe6d58390a3ebe821818d2011,51.53,48000,True,
XC410160,pygcup1,Pnoepyga pusilla,Ross Gallardy,data/xeno_canto_indonesia/pygcup1/XC410160.mp3,SUCCESS,200.0,1191230,a630f18bd00e83292be396b4f0dc083cee1c471152244c2f2dcaf68bef63edf5,74.11,48000,True,
XC42265,pygcup1,Pnoepyga pusilla,George Wagner,data/xeno_canto_indonesia/pygcup1/XC42265.mp3,SUCCESS,200.0,864383,4db88d7e6d38f00d21171745627ccc0880bead87a7059f2b7bbf3a01bd47ddbe,53.73,44100,True,
XC431525,pygcup1,Pnoepyga pusilla,Brian Cox,data/xeno_canto_indonesia/pygcup1/XC431525.mp3,SUCCESS,200.0,295671,4e7da406d551cecf1af6b2cf48084f1db492afd74ba9674dfb7e2d679d0c301c,16.43,22050,True,
XC431612,pygcup1,Pnoepyga pusilla,Brian Cox,data/xeno_canto_indonesia/pygcup1/XC431612.mp3,SUCCESS,200.0,147277,baa58ab38f370d641b10d0701e59afb9df618e82565a8ec4b0746ed44d7ed6ce,8.19,22050,True,
XC454439,pygcup1,Pnoepyga pusilla,Brendan Sloan,data/xeno_canto_indonesia/pygcup1/XC454439.mp3,SUCCESS,200.0,752259,b3658bdc5eb36f9e164d46f51a414a66f8c5b4ce1904dbb81ad1de7275833a0c,32.39,44100,True,
XC490248,pygcup1,Pnoepyga pusilla,Ross Gallardy,data/xeno_canto_indonesia/pygcup1/XC490248.mp3,SUCCESS,200.0,469713,caef8ffd5a9e4698aeca5dea440e394e240d05103ecaf15e567a951e4f838262,29.01,48000,True,
XC528829,pygcup1,Pnoepyga pusilla,Okamoto Keita Sin,data/xeno_canto_indonesia/pygcup1/XC528829.mp3,SUCCESS,200.0,845467,5d05f50fee4f4b4164a07f9d646eb1cbf73cb76bcde4a3a03557d4b49ddc630d,31.29,44100,True,
XC528830,pygcup1,Pnoepyga pusilla,Okamoto Keita Sin,data/xeno_canto_indonesia/pygcup1/XC528830.mp3,SUCCESS,200.0,1660464,5339ce740b9855e9ebdb75fef21b9a69a00d4177b663ac599781d4670f1a28fe,65.82,44100,True,
XC528831,pygcup1,Pnoepyga pusilla,Okamoto Keita Sin,data/xeno_canto_indonesia/pygcup1/XC528831.mp3,SUCCESS,200.0,692667,0338409614f55d3e81ca65c1f0a19e4feb40de3785da0209806d7c31e4f942ed,30.28,44100,True,
XC576879,pygcup1,Pnoepyga pusilla,Garry Bakker,data/xeno_canto_indonesia/pygcup1/XC576879.mp3,SUCCESS,200.0,427814,8b4b16626e50b550701d078431d12478fb12fd3670fc6a390927aeaf6548caf3,10.5,44100,True,
XC618714,pygcup1,Pnoepyga pusilla,Teus Luijendijk,data/xeno_canto_indonesia/pygcup1/XC618714.mp3,SUCCESS,200.0,236993,6cff969006a7961234ef641313dad3f85df5bb43f6d77961a6bc38f90f70c5c3,7.41,44100,True,
XC618740,pygcup1,Pnoepyga pusilla,Teus Luijendijk,data/xeno_canto_indonesia/pygcup1/XC618740.mp3,SUCCESS,200.0,529564,b7db70e3d3aef78b00e33bc6f02356fcb1cab40ce93734aeb63fc26cd54a1ea4,16.97,44100,True,
XC633509,pygcup1,Pnoepyga pusilla,Jelle Scharringa,data/xeno_canto_indonesia/pygcup1/XC633509.mp3,SUCCESS,200.0,1056364,1955a2fd1b117ba99938977380eb0ee8521c361830ade9d621a1e8dfa0a65d83,65.66,44100,True,
XC633510,pygcup1,Pnoepyga pusilla,Jelle Scharringa,data/xeno_canto_indonesia/pygcup1/XC633510.mp3,SUCCESS,200.0,544772,2a24eabd664893b24acddff8a906d298a69e3041ea2c907cdde9f3ec638e2546,33.68,44100,True,
XC633515,pygcup1,Pnoepyga pusilla,Jelle Scharringa,data/xeno_canto_indonesia/pygcup1/XC633515.mp3,SUCCESS,200.0,355468,2e3b4a576f09cdbd59e7ae847dd5f207b0850ff40b5be29b292d19742afa2432,21.85,44100,True,
XC648655,pygcup1,Pnoepyga pusilla,Ding Li Yong,data/xeno_canto_indonesia/pygcup1/XC648655.mp3,SUCCESS,200.0,734332,405ef5485a1bf40104c9b810c64e74258d74720277077e8c870123ac217c595f,35.87,48000,True,
XC681096,pygcup1,Pnoepyga pusilla,Mike Nelson,data/xeno_canto_indonesia/pygcup1/XC681096.mp3,SUCCESS,200.0,402986,103ce2bee879d796709281b8d27c5d570cf6a2f24094c7b48ba16d2029e3f969,24.83,44100,True,
XC691485,pygcup1,Pnoepyga pusilla,Mike Nelson,data/xeno_canto_indonesia/pygcup1/XC691485.mp3,SUCCESS,200.0,960593,44280b6ee7e2cdc76b43dcaa6bc735d955f112ee191434ee9fcc2849bbe54f64,59.69,44100,True,
XC69228,pygcup1,Pnoepyga pusilla,Frank Lambert,data/xeno_canto_indonesia/pygcup1/XC69228.mp3,SUCCESS,200.0,473220,a49a38c836830b887ff4f1892d837dc00916d73485b68bdbdb7647ffd4bc20dd,58.46,44100,True,
XC69229,pygcup1,Pnoepyga pusilla,Frank Lambert,data/xeno_canto_indonesia/pygcup1/XC69229.mp3,SUCCESS,200.0,625040,d20ac4f5280238a1bbc5ed992288011c2a01d029aab4323b6ec05f5d62c6be9b,77.42,44100,True,
XC69230,pygcup1,Pnoepyga pusilla,Frank Lambert,data/xeno_canto_indonesia/pygcup1/XC69230.mp3,SUCCESS,200.0,235242,b3ec18bc511bff587b5812dc13de7d33e30e4f2c539714c20f22c4ff41cfe460,28.72,44100,True,
XC69231,pygcup1,Pnoepyga pusilla,Frank Lambert,data/xeno_canto_indonesia/pygcup1/XC69231.mp3,SUCCESS,200.0,751443,981b417461e8c2a3b5e95c59e65d27950b8011e27ac4dd49344882d182d877f0,93.22,44100,True,
XC69232,pygcup1,Pnoepyga pusilla,Frank Lambert,data/xeno_canto_indonesia/pygcup1/XC69232.mp3,SUCCESS,200.0,234777,17ba89473bb14ea73869654c567a6a7af14aba735e8b78ea3b7ad7b152079edd,28.64,44100,True,
XC69233,pygcup1,Pnoepyga pusilla,Frank Lambert,data/xeno_canto_indonesia/pygcup1/XC69233.mp3,SUCCESS,200.0,1077829,e4be955900c6946a82f2596ae0f73355655f0267e96967b11e5615ec22b4eb0d,134.0,44100,True,
XC69234,pygcup1,Pnoepyga pusilla,Frank Lambert,data/xeno_canto_indonesia/pygcup1/XC69234.mp3,SUCCESS,200.0,1152379,03718f49f02fdf300655e7826b926435d256d99170535f04675f07056b9c7207,143.35,44100,True,
XC69235,pygcup1,Pnoepyga pusilla,Frank Lambert,data/xeno_canto_indonesia/pygcup1/XC69235.mp3,SUCCESS,200.0,1237049,d635dd18bcb5279fd305db1347c64af35369855db4847167d205f5ddcd49ae60,153.94,44100,True,
XC69236,pygcup1,Pnoepyga pusilla,Frank Lambert,data/xeno_canto_indonesia/pygcup1/XC69236.mp3,SUCCESS,200.0,66899,a00654f172da4bb19ffa825788e1b30c4f0df1e40f7cfe7edc94b4f64f280e0b,7.65,44100,True,
XC69237,pygcup1,Pnoepyga pusilla,Frank Lambert,data/xeno_canto_indonesia/pygcup1/XC69237.mp3,SUCCESS,200.0,116679,4b2ed5c0073c889583a6a9c41b7be3bbf69e865805e8187726cf3194ff8f6bfa,13.89,44100,True,
XC69238,pygcup1,Pnoepyga pusilla,Frank Lambert,data/xeno_canto_indonesia/pygcup1/XC69238.mp3,SUCCESS,200.0,771621,2d9ee7865e2a75f3dcfa0e6462c0ec2fd98596d5d3de15af9981e1e4d7cc6724,95.77,44100,True,
XC70243,pygcup1,Pnoepyga pusilla,David Gibbs,data/xeno_canto_indonesia/pygcup1/XC70243.mp3,SUCCESS,200.0,794991,675063d30dad2f097fe7f84f4a7b17eda7d1151a4f9c317121b6d4f996acf7d7,49.4,44100,True,
XC70295,pygcup1,Pnoepyga pusilla,David Gibbs,data/xeno_canto_indonesia/pygcup1/XC70295.mp3,SUCCESS,200.0,344839,bafb67e6355645bf687a5952f65a29abc2902369f00c5691b0bed90be79cad72,21.26,44100,True,
XC71651,pygcup1,Pnoepyga pusilla,Bas Van Balen,data/xeno_canto_indonesia/pygcup1/XC71651.mp3,SUCCESS,200.0,879747,578c04fc30cc8b5b8b6c16edc0206db43a395ed36a6c9591d6d6bb28816d2281,54.7,48000,True,
XC737848,pygcup1,Pnoepyga pusilla,Geoff Carey,data/xeno_canto_indonesia/pygcup1/XC737848.mp3,SUCCESS,200.0,4288721,460aadb6a42bc38c4b69def82ad2c257f6ced6cc0a038697218c826e93cc78a0,114.78,48000,True,
XC737857,pygcup1,Pnoepyga pusilla,Geoff Carey,data/xeno_canto_indonesia/pygcup1/XC737857.mp3,VERIFIED_EXISTING,,1177630,f62ca774952b11b20950fcb9ba0f63c1f2155899e7448b43f1592d00c2a7ec8b,31.0,48000,True,
XC776147,pygcup1,Pnoepyga pusilla,Jelle Scharringa,data/xeno_canto_indonesia/pygcup1/XC776147.mp3,SUCCESS,200.0,667602,15edea6a0a9f9fd8452cca2f02bdf9064e1ea8bbf28cd8a5e8927a5037e2930d,40.0,44100,True,
XC776148,pygcup1,Pnoepyga pusilla,Jelle Scharringa,data/xeno_canto_indonesia/pygcup1/XC776148.mp3,SUCCESS,200.0,780044,ddba6e72e8099e6cab50a9963b652336f0676b6cfc50d38ba8f5f21787a26844,45.0,44100,True,
XC776150,pygcup1,Pnoepyga pusilla,Jelle Scharringa,data/xeno_canto_indonesia/pygcup1/XC776150.mp3,SUCCESS,200.0,1348390,e08701a112723d39e13ba7318f3ea8dc3a7ce47d2bdecbd76b5e7a3c9e099f4d,80.78,44100,True,
XC777845,pygcup1,Pnoepyga pusilla,Jelle Scharringa,data/xeno_canto_indonesia/pygcup1/XC777845.mp3,SUCCESS,200.0,6930542,a53c47ba22d8ae1a675c8b68b1b1f6af32d1ab32948293397ab5c9356c2f79e0,78.58,44100,True,
XC791743,pygcup1,Pnoepyga pusilla,Chi-Hsuan Shao,data/xeno_canto_indonesia/pygcup1/XC791743.mp3,SUCCESS,200.0,519040,113016aaa4dfde533f4ab8d3fdb4a016802f824a9ef71ffbf1265a3713c4d6ef,32.1,48000,True,
XC810950,pygcup1,Pnoepyga pusilla,D. Septa,data/xeno_canto_indonesia/pygcup1/XC810950.mp3,VERIFIED_EXISTING,,2241340,34f02f47ef4361324fe9758a12fc2a61b35494b7fcbf1df7d2c1109ac66e37c2,11.67,48000,True,
XC90919,pygcup1,Pnoepyga pusilla,Fabian Ducry &Amp; David Marques,data/xeno_canto_indonesia/pygcup1/XC90919.mp3,SUCCESS,200.0,755769,aa1e6c2b9af9903da3b1871c4a688a29525ea4d86887a6933b504502cb3f1ac1,31.22,44100,True,
XC90936,pygcup1,Pnoepyga pusilla,Fabian Ducry &Amp; David Marques,data/xeno_canto_indonesia/pygcup1/XC90936.mp3,SUCCESS,200.0,505620,b1d8b54d382b227a986869cd9aa96c51afe3620f32d9b99d0ae29f44e4136333,20.79,44100,True,
XC923993,pygcup1,Pnoepyga pusilla,Ding Li Yong,data/xeno_canto_indonesia/pygcup1/XC923993.mp3,SUCCESS,200.0,600255,45b9c52b3d8836205f72614401f9b07e3508961dacf27fa74ed8618cb032803e,24.51,44100,True,
XC93808,pygcup1,Pnoepyga pusilla,Todd Mark,data/xeno_canto_indonesia/pygcup1/XC93808.mp3,SUCCESS,200.0,1439676,5e1b5d3daddd03ec0069cfa9b6f88bfa32e2ed2830e76fbb534fa1eaac9ddca0,59.79,44100,True,
XC940265,pygcup1,Pnoepyga pusilla,Ding Li Yong,data/xeno_canto_indonesia/pygcup1/XC940265.mp3,VERIFIED_EXISTING,,1119782,09ad49396321d1f114aa3ab1393e70754bcdd6161683426fb53ebe5f1c083f36,28.62,48000,True,
XC940419,pygcup1,Pnoepyga pusilla,Ding Li Yong,data/xeno_canto_indonesia/pygcup1/XC940419.mp3,SUCCESS,200.0,817625,d506d63838b94a4683a7e11ccd2e780996d97c6642fa7ec98f497ef414e0c25f,30.46,48000,True,
XC944655,pygcup1,Pnoepyga pusilla,Ding Li Yong,data/xeno_canto_indonesia/pygcup1/XC944655.mp3,SUCCESS,200.0,564745,700f6d40ce6575386ae10f47ddc7fbd1a2625b3bcaba9110d6ef284ccf5ec5f1,14.36,48000,True,
XC963404,pygcup1,Pnoepyga pusilla,Daan Drukker,data/xeno_canto_indonesia/pygcup1/XC963404.mp3,SUCCESS,200.0,811825,b98cdb2650691a4b78b88a1de828d755c7a8456689c4ce357de68c189efb9ecd,20.04,48000,True,
XC105141,rubcuc1,Cacomantis sepulcralis,Colin Trainor,data/xeno_canto_indonesia/rubcuc1/XC105141.mp3,SUCCESS,200.0,275043,c8dcc16be71e0c4e749049eaa7acccbf575b3362712deceee886e6d9b3fa9155,16.83,44100,True,
XC105144,rubcuc1,Cacomantis sepulcralis,Colin Trainor,data/xeno_canto_indonesia/rubcuc1/XC105144.mp3,SUCCESS,200.0,481933,7a4f8dfdb1bb6caef965ab1354232713ce2311f3245aa81be7ed6dbd2af08fc9,29.76,44100,True,
XC1075189,rubcuc1,Cacomantis sepulcralis,Richard E. Webster,data/xeno_canto_indonesia/rubcuc1/XC1075189.mp3,SUCCESS,200.0,7447169,7f6184744f5b99940e1f61d59401e37ee4f7fb9927032633b1da0f9595a22ff8,309.8,48000,True,
XC1075190,rubcuc1,Cacomantis sepulcralis,Richard E. Webster,data/xeno_canto_indonesia/rubcuc1/XC1075190.mp3,SUCCESS,200.0,1296576,68ac7f90595a312ea96635f43aabc60b8d1d91b49b2c37186a14ed59fa48c251,53.55,48000,True,
XC1075191,rubcuc1,Cacomantis sepulcralis,Richard E. Webster,data/xeno_canto_indonesia/rubcuc1/XC1075191.mp3,SUCCESS,200.0,1005145,6a59a73dbcccd99b88269411e734bdbce0ac8a57fbcb62dfaf11874361809c68,41.41,48000,True,
XC1075192,rubcuc1,Cacomantis sepulcralis,Richard E. Webster,data/xeno_canto_indonesia/rubcuc1/XC1075192.mp3,SUCCESS,200.0,499441,2de1f0891d3ddfa3e9a20ba8a06748e8b7c63f7f59ecb3946878ace69e06f853,20.34,48000,True,
XC1075193,rubcuc1,Cacomantis sepulcralis,Richard E. Webster,data/xeno_canto_indonesia/rubcuc1/XC1075193.mp3,SUCCESS,200.0,706158,6540987c1d7aa5ee8a00f2131823345edbdddeaf401d56dd85795283c4d712fa,28.96,48000,True,
XC1075194,rubcuc1,Cacomantis sepulcralis,Richard E. Webster,data/xeno_canto_indonesia/rubcuc1/XC1075194.mp3,SUCCESS,200.0,7045312,b206d274b60db04770a6fb383aea4eba02338f4f1e3102815ef4b389788502cc,293.07,48000,True,
XC120955,rubcuc1,Cacomantis sepulcralis,Niels Poul Dreyer,data/xeno_canto_indonesia/rubcuc1/XC120955.mp3,SUCCESS,200.0,510514,22cbc6325ce581e60a00165153730733497fb36a18ecc142f7fae79a00e81cd9,31.69,44100,True,
XC142181,rubcuc1,Cacomantis sepulcralis,Feri Irawan,data/xeno_canto_indonesia/rubcuc1/XC142181.mp3,SUCCESS,200.0,152529,453197577391fce3da1e3f6d09b1b8219cc2ee7a1bfe9afb842080003da01d7e,9.16,48000,True,
XC143278,rubcuc1,Cacomantis sepulcralis,Heru Cahyono,data/xeno_canto_indonesia/rubcuc1/XC143278.mp3,SUCCESS,200.0,77380,ef31a7c33457aecf86c1203782c8da4c2b933ed6f5be93164e0d30b684958aba,9.07,8000,True,
XC143546,rubcuc1,Cacomantis sepulcralis,Heru Cahyono,data/xeno_canto_indonesia/rubcuc1/XC143546.mp3,SUCCESS,200.0,52005,ee61fd0f460a53db5a2a67477c85f809960c683a5b6438e67a4c88776f548b4c,5.9,8000,True,
XC145301,rubcuc1,Cacomantis sepulcralis,Heru Cahyono,data/xeno_canto_indonesia/rubcuc1/XC145301.mp3,SUCCESS,200.0,100971,68640b4f396a10fbd96277480a08fdb2af807dacfbb08475eed4dc215664b67c,12.02,8000,True,
XC151989,rubcuc1,Cacomantis sepulcralis,Mike Nelson,data/xeno_canto_indonesia/rubcuc1/XC151989.mp3,SUCCESS,200.0,455664,023d9d70e0c9377b9a52a47c30aef0c10851a413e3df3ddf0da5def472083abd,28.11,44100,True,
XC151990,rubcuc1,Cacomantis sepulcralis,Mike Nelson,data/xeno_canto_indonesia/rubcuc1/XC151990.mp3,SUCCESS,200.0,1306256,4b26ea3337e37bc7aa98f5994b604e48182dc70db3699f9d8f744d92238d6e20,81.28,44100,True,
XC151991,rubcuc1,Cacomantis sepulcralis,Mike Nelson,data/xeno_canto_indonesia/rubcuc1/XC151991.mp3,SUCCESS,200.0,309790,24f857e0188f9cbefc2d469a5d1f46c5c0e0ebc48a16c52f8393fc00462b1350,19.01,44100,True,
XC151992,rubcuc1,Cacomantis sepulcralis,Mike Nelson,data/xeno_canto_indonesia/rubcuc1/XC151992.mp3,SUCCESS,200.0,642067,0eaa582e09fa254614dbca845556e1f94fdc00820c21f051250ac2d7a8b19959,39.77,44100,True,
XC151993,rubcuc1,Cacomantis sepulcralis,Mike Nelson,data/xeno_canto_indonesia/rubcuc1/XC151993.mp3,SUCCESS,200.0,1533992,d9a10cb662899c2a939607546d9b93b20d21dec63fbd5659342b244b3928286f,95.53,44100,True,
XC152159,rubcuc1,Cacomantis sepulcralis,Mike Nelson,data/xeno_canto_indonesia/rubcuc1/XC152159.mp3,SUCCESS,200.0,193181,d044b1067a79ded01262b66e0a097ae2692143f04e688fed0f796cde6e01783b,11.71,44100,True,
XC152160,rubcuc1,Cacomantis sepulcralis,Mike Nelson,data/xeno_canto_indonesia/rubcuc1/XC152160.mp3,SUCCESS,200.0,1525635,709527e2618632b0f5472fa4c57cba485aee4320c8424cd897c2d1520cf0335e,95.0,44100,True,
XC152167,rubcuc1,Cacomantis sepulcralis,Mike Nelson,data/xeno_canto_indonesia/rubcuc1/XC152167.mp3,SUCCESS,200.0,2827578,025c9aee47fe9a91621113695b97937135895bd30cc25becca1e2bacae47a9af,176.35,44100,True,
XC161687,rubcuc1,Cacomantis sepulcralis,Frank Lambert,data/xeno_canto_indonesia/rubcuc1/XC161687.mp3,SUCCESS,200.0,1540822,1dd718706ee482c0e544965462229abb2115c7eb9c6f37118bbb9941bc1f679d,38.4,48000,True,
XC166499,rubcuc1,Cacomantis sepulcralis,Frank Lambert,data/xeno_canto_indonesia/rubcuc1/XC166499.mp3,SUCCESS,200.0,695925,b99c46e4c5bc4039c1103c975909d76f6f624095c415f33f040470a588288ddc,17.28,48000,True,
XC177912,rubcuc1,Cacomantis sepulcralis,Johannes Fischer,data/xeno_canto_indonesia/rubcuc1/XC177912.mp3,SUCCESS,200.0,896629,a09d95d5dae4bf39000378c8a6edacb610074b27249115f392daa1c39fc9893f,27.82,44100,True,
XC19846,rubcuc1,Cacomantis sepulcralis,David Farrow,data/xeno_canto_indonesia/rubcuc1/XC19846.mp3,SUCCESS,200.0,232840,731d1bf39264b4dde170d9e0a35ab3869adaa0cea912f75d987aea925d24c89d,19.02,44100,True,
XC203369,rubcuc1,Cacomantis sepulcralis,Mike Nelson,data/xeno_canto_indonesia/rubcuc1/XC203369.mp3,SUCCESS,200.0,222438,73a11579359e277a1b4e991608fcf836a9539d6ac4df9bfa1771ab415dcf8eb0,13.54,44100,True,
XC203526,rubcuc1,Cacomantis sepulcralis,Mike Nelson,data/xeno_canto_indonesia/rubcuc1/XC203526.mp3,SUCCESS,200.0,273018,dd2bbd5a0365caae7b265a8d13f0afe04ff0ee8534d25cc6c8d356e0aad1f3a9,16.72,44100,True,
XC203527,rubcuc1,Cacomantis sepulcralis,Mike Nelson,data/xeno_canto_indonesia/rubcuc1/XC203527.mp3,SUCCESS,200.0,516271,a5823a59985e619d979290b0edc635523eeea13520894d25d650280f85ce372f,31.9,44100,True,
XC203853,rubcuc1,Cacomantis sepulcralis,Frank Lambert,data/xeno_canto_indonesia/rubcuc1/XC203853.mp3,SUCCESS,200.0,486398,7a7591050e488d274f604079c956013007b5bf87cff2ec99d6fbed43ff0ebb89,12.04,44100,True,
XC203855,rubcuc1,Cacomantis sepulcralis,Frank Lambert,data/xeno_canto_indonesia/rubcuc1/XC203855.mp3,SUCCESS,200.0,709987,887e632fcda8ab7f985b4faf6005293b97f07f83cd3209fd5db65d4b0cff54ff,17.63,44100,True,
XC206315,rubcuc1,Cacomantis sepulcralis,Sidiq Pambudi,data/xeno_canto_indonesia/rubcuc1/XC206315.mp3,SUCCESS,200.0,195013,7f8dd5ac9816628eeaa51ceb6ad4e0f9f854663bcdfd500ca4c84eddb0e21ce5,5.86,48000,True,
XC212365,rubcuc1,Cacomantis sepulcralis,Jakub Vlcek,data/xeno_canto_indonesia/rubcuc1/XC212365.mp3,SUCCESS,200.0,616053,230b9973c6bae5ee6e4ef5d69a227a819647e5063ec86371c28676c35339c262,25.47,44100,True,
XC215012,rubcuc1,Cacomantis sepulcralis,Marc Anderson,data/xeno_canto_indonesia/rubcuc1/XC215012.mp3,SUCCESS,200.0,475252,f664b070bf26dfbe08ef76511dbcef11ab61b76067dd30698faa980ad4691375,19.56,48000,True,
XC215400,rubcuc1,Cacomantis sepulcralis,Paulo Alves,data/xeno_canto_indonesia/rubcuc1/XC215400.mp3,SUCCESS,200.0,967722,8b9fe36572fb6a55edcdf2d1b1db065601dd6cc99e0c1fa889b1a4b5b889ebe0,60.11,44100,True,
XC215401,rubcuc1,Cacomantis sepulcralis,Paulo Alves,data/xeno_canto_indonesia/rubcuc1/XC215401.mp3,SUCCESS,200.0,317352,f3e718613073d19876bcb605826eb43d5defc02bfaafc74e731636577bdda4cb,19.46,44100,True,
XC242640,rubcuc1,Cacomantis sepulcralis,Mike Nelson,data/xeno_canto_indonesia/rubcuc1/XC242640.mp3,SUCCESS,200.0,1154485,855b3e28e3e83d4314d38ff48a37138cd9d1ad168bb137027b24e02dd0ad2127,71.8,44100,True,
XC246121,rubcuc1,Cacomantis sepulcralis,Paulo Alves,data/xeno_canto_indonesia/rubcuc1/XC246121.mp3,SUCCESS,200.0,1801101,7a4a2c5282da6eb95cb4e174f5547eaaaca8bd787f3103f6eccbd60066acd1f1,112.21,44100,True,
XC255441,rubcuc1,Cacomantis sepulcralis,Stijn Cooleman,data/xeno_canto_indonesia/rubcuc1/XC255441.mp3,SUCCESS,200.0,205349,ed54a51a966aeca9954c25a6b3c568ca3ce261d4c1a0efa31bc19d7e7d9c2271,4.94,44100,True,
XC255442,rubcuc1,Cacomantis sepulcralis,Stijn Cooleman,data/xeno_canto_indonesia/rubcuc1/XC255442.mp3,SUCCESS,200.0,5707783,7e59eb420ec7695f7fb7f8ad5c7b168b53ddd4dae8938fa20c7300edb389f1f0,142.51,44100,True,
XC268523,rubcuc1,Cacomantis sepulcralis,Peter Ericsson,data/xeno_canto_indonesia/rubcuc1/XC268523.mp3,SUCCESS,200.0,1055431,4bca1cae6527e3e315a7daa1eb56bd96cff3a1ff5d827316ff03c08458a0c9ba,65.61,44100,True,
XC286518,rubcuc1,Cacomantis sepulcralis,Bas Van Balen,data/xeno_canto_indonesia/rubcuc1/XC286518.mp3,SUCCESS,200.0,182144,d25d388331359398f724d69ae368c9a2465b61e84f8365bcf473603c9dbcc569,11.03,48000,True,
XC292567,rubcuc1,Cacomantis sepulcralis,Mike Nelson,data/xeno_canto_indonesia/rubcuc1/XC292567.mp3,SUCCESS,200.0,213231,c78b58ded7d8716b02c5e6889d5ece16c9358693d7ca1b02e077603515c1dbfd,12.96,44100,True,
XC298647,rubcuc1,Cacomantis sepulcralis,Erik Meijaard,data/xeno_canto_indonesia/rubcuc1/XC298647.mp3,SUCCESS,200.0,1140280,5caae202495fdcbde609c4123b8e832b3f69ef9993cc53e907ad58138f77f279,72.41,44100,True,
XC31354,rubcuc1,Cacomantis sepulcralis,Allen T. Chartier,data/xeno_canto_indonesia/rubcuc1/XC31354.mp3,SUCCESS,200.0,113864,b247a691556b9468c3a545ac8c58f79583e255172fbcda1002dc5f4db6513cf3,7.61,44100,True,
XC331847,rubcuc1,Cacomantis sepulcralis,Joseph Monkhouse,data/xeno_canto_indonesia/rubcuc1/XC331847.mp3,SUCCESS,200.0,726964,c87131b7fd63900ee3676f47487922d104bf062cead2fefad074766390f90b38,30.04,44100,True,
XC389516,rubcuc1,Cacomantis sepulcralis,Oscar Campbell,data/xeno_canto_indonesia/rubcuc1/XC389516.mp3,SUCCESS,200.0,181277,abcc22e251d1b933d181a05a01d341265a332036398430d2c2283f0ce46402de,10.96,44100,True,
XC40242,rubcuc1,Cacomantis sepulcralis,Frank Rheindt,data/xeno_canto_indonesia/rubcuc1/XC40242.mp3,SUCCESS,200.0,41000,2ac771c11d0570655b7fa49b5e7b2e800615fae895fb8509b90c8c8b59acd887,2.27,44100,True,
XC40243,rubcuc1,Cacomantis sepulcralis,Frank Rheindt,data/xeno_canto_indonesia/rubcuc1/XC40243.mp3,SUCCESS,200.0,422179,eb6497af6c197bea7c61b5c081831c6be1114f4fc99bcd0d88b1d19e0a85d25a,26.1,44100,True,
XC437767,rubcuc1,Cacomantis sepulcralis,Bruno Durand,data/xeno_canto_indonesia/rubcuc1/XC437767.mp3,SUCCESS,200.0,251126,f41782b5be71cdd52f6e293752e9d22d9968171ec4d96fa04d2bcbecda5fde87,10.23,44100,True,
XC466305,rubcuc1,Cacomantis sepulcralis,Matt Slaymaker,data/xeno_canto_indonesia/rubcuc1/XC466305.mp3,SUCCESS,200.0,1537910,613c441150307ab0e4fdb0f4d5e52031e459f10a8233d50c046a9d11790a613c,38.26,48000,True,
XC468146,rubcuc1,Cacomantis sepulcralis,Prayitno Goenarto,data/xeno_canto_indonesia/rubcuc1/XC468146.mp3,SUCCESS,200.0,294845,3dbbb984f0231026054bde17e3f8e3343e879ac19f8362ac2c7242e406c42f21,9.0,44100,True,
XC468844,rubcuc1,Cacomantis sepulcralis,Frank Lambert,data/xeno_canto_indonesia/rubcuc1/XC468844.mp3,SUCCESS,200.0,4365070,0d7074bd2c5d4ee14423cd371371ae7bed96948f43fd869f376ee97403dfb5d1,109.01,44100,True,
XC468845,rubcuc1,Cacomantis sepulcralis,Frank Lambert,data/xeno_canto_indonesia/rubcuc1/XC468845.mp3,SUCCESS,200.0,2418425,6b6399a3e749199927692c6962b0345f5547d9846a8cda63acf519af3391c7cd,60.34,44100,True,
XC505055,rubcuc1,Cacomantis sepulcralis,Kees Van Reenen,data/xeno_canto_indonesia/rubcuc1/XC505055.mp3,SUCCESS,200.0,51733,bf656437ad61d27667c6bb2d43464ec30864d67802bf04c9c6ae4cbed0ad86bd,2.93,44100,True,
XC528826,rubcuc1,Cacomantis sepulcralis,Okamoto Keita Sin,data/xeno_canto_indonesia/rubcuc1/XC528826.mp3,SUCCESS,200.0,353849,6cb65bd5861190a2d580c1407e06c594f0a47c66c96a4f8efc1e9039e3c3d075,14.54,44100,True,
XC575535,rubcuc1,Cacomantis sepulcralis,Okamoto Keita Sin,data/xeno_canto_indonesia/rubcuc1/XC575535.mp3,SUCCESS,200.0,361563,0c64af11ce3571595d7ecd8d332f4c34a28ea500daac450e682cb08891c2eb64,17.68,44100,True,
XC582951,rubcuc1,Cacomantis sepulcralis,Muhammad Iqbal,data/xeno_canto_indonesia/rubcuc1/XC582951.mp3,SUCCESS,200.0,1299953,187ab8bf3e1c0abc8a432ce042a98b162ecc10347b2c36d8206d980515daec8f,53.92,44100,True,
XC596828,rubcuc1,Cacomantis sepulcralis,Frank Lambert,data/xeno_canto_indonesia/rubcuc1/XC596828.mp3,SUCCESS,200.0,6751625,c2cd5a8c8a09c4bcee15de1621f397eb054fd0bd198f554f86c7f8c0dffcee12,168.67,44100,True,
XC596829,rubcuc1,Cacomantis sepulcralis,Frank Lambert,data/xeno_canto_indonesia/rubcuc1/XC596829.mp3,SUCCESS,200.0,4534352,c77adfea743d0a74fe0b2cac5a3dd358c558e84da524f06f9b48f06ee7c32268,113.24,44100,True,
XC596830,rubcuc1,Cacomantis sepulcralis,Frank Lambert,data/xeno_canto_indonesia/rubcuc1/XC596830.mp3,SUCCESS,200.0,3263756,ab4ea300757afd862c8105393b989ede353d2c063920027b7f9cb091b58f4b96,81.48,44100,True,
XC596831,rubcuc1,Cacomantis sepulcralis,Frank Lambert,data/xeno_canto_indonesia/rubcuc1/XC596831.mp3,SUCCESS,200.0,2196915,4650eb265f684f01206de30edeaca17338810c228dbc21a297599219098843e6,54.8,44100,True,
XC596832,rubcuc1,Cacomantis sepulcralis,Frank Lambert,data/xeno_canto_indonesia/rubcuc1/XC596832.mp3,SUCCESS,200.0,4612719,f1682fb1ada7cb274f2ecd22c8f01918ecd1f5b2840763acbae540f687dac3f9,115.2,44100,True,
XC596833,rubcuc1,Cacomantis sepulcralis,Frank Lambert,data/xeno_canto_indonesia/rubcuc1/XC596833.mp3,SUCCESS,200.0,2534417,923dd1cd9b5579eac99e23ff6bd30ec167bcfd0905f5adb9d213de3de878fe1f,63.24,44100,True,
XC596834,rubcuc1,Cacomantis sepulcralis,Frank Lambert,data/xeno_canto_indonesia/rubcuc1/XC596834.mp3,SUCCESS,200.0,2582482,f13a8885e3acfbe7d1da0e38297d0807b922d542dc34f18d39e64c7102bd0051,64.44,44100,True,
XC618464,rubcuc1,Cacomantis sepulcralis,Teus Luijendijk,data/xeno_canto_indonesia/rubcuc1/XC618464.mp3,SUCCESS,200.0,1352993,de602f351137e7fef9d80997474c7279631c881476fef714f8be15abe845cf84,43.97,44100,True,
XC619810,rubcuc1,Cacomantis sepulcralis,Teus Luijendijk,data/xeno_canto_indonesia/rubcuc1/XC619810.mp3,SUCCESS,200.0,1397725,5654419578f9e10d11764c121cad4fbfefefb16a1d552d2b7f0d1f6e1eed33ab,45.93,44100,True,
XC64673,rubcuc1,Cacomantis sepulcralis,Iain Woxvold,data/xeno_canto_indonesia/rubcuc1/XC64673.mp3,SUCCESS,200.0,912746,6084e1cf2344b90b18088994506ee53ebc0f3b37e4ba9c54c551957127cf7f0c,28.37,44100,True,
XC64674,rubcuc1,Cacomantis sepulcralis,Iain Woxvold,data/xeno_canto_indonesia/rubcuc1/XC64674.mp3,SUCCESS,200.0,610096,423522e35ebfb0959c77115ce6523f1d8db983f6e64cd1f55675fd74c276a7ce,18.91,44100,True,
XC67794,rubcuc1,Cacomantis sepulcralis,Frank Lambert,data/xeno_canto_indonesia/rubcuc1/XC67794.mp3,SUCCESS,200.0,475899,d01abfa9a19a6b68c94f1da5f6486e829e2270b525b5359329dd5f016baeeddb,58.81,44100,True,
XC67795,rubcuc1,Cacomantis sepulcralis,Frank Lambert,data/xeno_canto_indonesia/rubcuc1/XC67795.mp3,SUCCESS,200.0,149464,1a9e659cd952154500c1d6666e342b23b5235b0571ab4d1f3f444ede810a957a,17.99,44100,True,
XC67796,rubcuc1,Cacomantis sepulcralis,Frank Lambert,data/xeno_canto_indonesia/rubcuc1/XC67796.mp3,SUCCESS,200.0,99507,be885e75b6b90b09bb9c7be4f92e72611ebb8ba2815d669e2e23e04c472853c1,11.74,44100,True,
XC67797,rubcuc1,Cacomantis sepulcralis,Frank Lambert,data/xeno_canto_indonesia/rubcuc1/XC67797.mp3,SUCCESS,200.0,387524,aacd273f62a1aaf44e666fa29d78ec60e848d2c0c27e94dd0714c0588068a708,47.76,44100,True,
XC67798,rubcuc1,Cacomantis sepulcralis,Frank Lambert,data/xeno_canto_indonesia/rubcuc1/XC67798.mp3,SUCCESS,200.0,458729,cf56e7d48c126a66914aeab898b81547a411003e28712a257ccc6d839a414ef6,56.65,44100,True,
XC67799,rubcuc1,Cacomantis sepulcralis,Frank Lambert,data/xeno_canto_indonesia/rubcuc1/XC67799.mp3,SUCCESS,200.0,98052,bd4f252447b605a4e5cacce8a1b2ebe20869108f7b38c672974ec9e83d168829,11.56,44100,True,
XC67800,rubcuc1,Cacomantis sepulcralis,Frank Lambert,data/xeno_canto_indonesia/rubcuc1/XC67800.mp3,SUCCESS,200.0,156149,eafc77a1e43929d7ed2d7f79d2ce1ba68e90150f8344e035d616d665048fbf93,18.82,44100,True,
XC67810,rubcuc1,Cacomantis sepulcralis,Frank Lambert,data/xeno_canto_indonesia/rubcuc1/XC67810.mp3,SUCCESS,200.0,382286,114d59664ef5971f1711cae344dfa2643a12ce5761fb1adb9555e1fd305550ff,47.11,44100,True,
XC67811,rubcuc1,Cacomantis sepulcralis,Frank Lambert,data/xeno_canto_indonesia/rubcuc1/XC67811.mp3,SUCCESS,200.0,421365,03429a470eaa2a8339de7aaf6185812a9f4b6e4043d15ff4dd3b65c08f9dbcef,51.97,44100,True,
XC687365,rubcuc1,Cacomantis sepulcralis,Mike Nelson,data/xeno_canto_indonesia/rubcuc1/XC687365.mp3,SUCCESS,200.0,668416,9737284791ec1d629c15a85ba68d93a720a23a1d7bde6eab15d834817a9a5a07,41.41,44100,True,
XC69936,rubcuc1,Cacomantis sepulcralis,David Gibbs,data/xeno_canto_indonesia/rubcuc1/XC69936.mp3,SUCCESS,200.0,1119737,fd56b48d66ff8b4bb823a4c10455266967023e9a4746755739615466e81c2ff8,69.69,44100,True,
XC737841,rubcuc1,Cacomantis sepulcralis,Geoff Carey,data/xeno_canto_indonesia/rubcuc1/XC737841.mp3,SUCCESS,200.0,545641,e6f0928c10be27867d83db2786ad92b5a6603c1767dc16f5cbdcf66afed4fe0c,14.5,48000,True,
XC737842,rubcuc1,Cacomantis sepulcralis,Geoff Carey,data/xeno_canto_indonesia/rubcuc1/XC737842.mp3,SUCCESS,200.0,1130185,fe75d4f001790bc21bee1434de1523c1db012288042dc64770a4d2fa7940ec2d,30.0,48000,True,
XC820624,rubcuc1,Cacomantis sepulcralis,Greg Irving,data/xeno_canto_indonesia/rubcuc1/XC820624.mp3,SUCCESS,200.0,1326562,ca70fd62ca0bac0283af96066781c167fe03c9e96bd81359b39f67088fa5cb40,32.98,48000,True,
XC88239,rubcuc1,Cacomantis sepulcralis,Frank Lambert,data/xeno_canto_indonesia/rubcuc1/XC88239.mp3,SUCCESS,200.0,807968,e4b2e525d739c499f784d4dad98a3d77e6920646101da77860fc44cf0f3c4a57,50.21,44100,True,
XC89636,rubcuc1,Cacomantis sepulcralis,Frank Lambert,data/xeno_canto_indonesia/rubcuc1/XC89636.mp3,SUCCESS,200.0,617403,03f2d2ebcb5320cc6c20e493a9a4a717c5080f0275d0f82bfc13aae882054a12,38.3,44100,True,
XC90085,rubcuc1,Cacomantis sepulcralis,Frank Lambert,data/xeno_canto_indonesia/rubcuc1/XC90085.mp3,SUCCESS,200.0,3004405,272a1f11cb86067368b060c33923294dbcaa1a23e592655bb36f452503817f96,187.48,44100,True,
XC105677,savnig1,Caprimulgus affinis,Kevin Darras,data/xeno_canto_indonesia/savnig1/XC105677.mp3,SUCCESS,200.0,133265,91d5a641304051839d217bbb16b57b02daaafa2bf1dabba2a2821ad090c5e01d,8.7,44100,True,
XC1098971,savnig1,Caprimulgus affinis,Yasinchumaedi,data/xeno_canto_indonesia/savnig1/XC1098971.mp3,SUCCESS,200.0,338876,3f462633f7dac1371d3a2b915701f4c58a12cc94ed0188ffec081dc73db93416,21.06,44100,True,
XC120964,savnig1,Caprimulgus affinis,Niels Poul Dreyer,data/xeno_canto_indonesia/savnig1/XC120964.mp3,SUCCESS,200.0,460465,0bb9d5e3afdefec79864abbe1b899def3c5505051ee06925d90f6e6e320c61e7,28.55,44100,True,
XC150446,savnig1,Caprimulgus affinis,Bruno Durand,data/xeno_canto_indonesia/savnig1/XC150446.mp3,SUCCESS,200.0,930197,04aa5f90a85cdcb759300d7b955dae1c60a317ec643209320fd6725ab8de28c0,23.14,48000,True,
XC150980,savnig1,Caprimulgus affinis,Bruno Durand,data/xeno_canto_indonesia/savnig1/XC150980.mp3,SUCCESS,200.0,1229714,4978ccbd72ff842a92f94f6818bd48551757a88b16dd79ff3e51e0419b4f2f49,30.62,48000,True,
XC152644,savnig1,Caprimulgus affinis,Bruno Durand,data/xeno_canto_indonesia/savnig1/XC152644.mp3,SUCCESS,200.0,2275190,920a35a64a995315948dbb4d8cf4bb3e51aa0460edb857ba64783c1ec2b26113,56.76,48000,True,
XC156491,savnig1,Caprimulgus affinis,Frank Lambert,data/xeno_canto_indonesia/savnig1/XC156491.mp3,SUCCESS,200.0,1883434,64cc34583a70c8ccbe95ca8c9349b6961c2b745f93e39352fcb6282774091d75,46.97,48000,True,
XC176580,savnig1,Caprimulgus affinis,Stijn Cooleman,data/xeno_canto_indonesia/savnig1/XC176580.mp3,SUCCESS,200.0,262916,2fd6fe49a2d8542b289de51f4c2645e2defa54d83f59f43f01cd65ce897278ae,16.07,44100,True,
XC176586,savnig1,Caprimulgus affinis,Stijn Cooleman,data/xeno_canto_indonesia/savnig1/XC176586.mp3,SUCCESS,200.0,482749,7ed32dde4412e8c5b8a86f4375f1132f9bc3c2c0e565be441485f001cbf486d1,29.79,44100,True,
XC204922,savnig1,Caprimulgus affinis,Mike Nelson,data/xeno_canto_indonesia/savnig1/XC204922.mp3,SUCCESS,200.0,329030,64c265ec30817a644cc1d84ba67d44b229bf01d8375d2c5880dab843540ab13f,20.2,44100,True,
XC236333,savnig1,Caprimulgus affinis,Paulo Alves,data/xeno_canto_indonesia/savnig1/XC236333.mp3,SUCCESS,200.0,534694,81cbcb5d5ebb91153cf8be64d53926c94122be829a22fcff66c0f82f3d51941f,33.06,44100,True,
XC292326,savnig1,Caprimulgus affinis,Mike Nelson,data/xeno_canto_indonesia/savnig1/XC292326.mp3,SUCCESS,200.0,452742,f2e5b0d1dc3781d4c49f2f336029ddcb3e7ed7a7a81cef1c6988562cf49b8de5,27.93,44100,True,
XC317621,savnig1,Caprimulgus affinis,Justin Rayboun,data/xeno_canto_indonesia/savnig1/XC317621.mp3,SUCCESS,200.0,424770,e796f0c1f4affd50e1129942905ef99c34a8fed44adb8db748da053fa2d4ef2b,26.25,44100,True,
XC336685,savnig1,Caprimulgus affinis,Brendan Sloan,data/xeno_canto_indonesia/savnig1/XC336685.mp3,SUCCESS,200.0,176851,041f7542a3215d0697789d53271762151547238880e18688ef7b68b63e7a9b34,10.7,44100,True,
XC336687,savnig1,Caprimulgus affinis,Brendan Sloan,data/xeno_canto_indonesia/savnig1/XC336687.mp3,SUCCESS,200.0,465243,1b0f8dbb22ec6f33e1382806e9db5f6d79eb327d546b98b12353ec5445080472,28.72,44100,True,
XC336689,savnig1,Caprimulgus affinis,Brendan Sloan,data/xeno_canto_indonesia/savnig1/XC336689.mp3,SUCCESS,200.0,1162399,a8fd221688ded8452ff8cf01ec80b9f353e70145ee23a26544fa85b53fdb137b,72.28,44100,True,
XC360828,savnig1,Caprimulgus affinis,Karyadi Baskoro,data/xeno_canto_indonesia/savnig1/XC360828.mp3,SUCCESS,200.0,191101,de12b1af55b0477cf462789a24afbc6136759aa0872cfaa410727ee1c8b66350,23.3,44100,True,
XC362439,savnig1,Caprimulgus affinis,Karyadi Baskoro,data/xeno_canto_indonesia/savnig1/XC362439.mp3,SUCCESS,200.0,347902,4e0e39b608bd416b4bcaa34f3c495917c3c29750a1f1a0527f13da26c6a87121,42.89,44100,True,
XC36986,savnig1,Caprimulgus affinis,Swiss Winnasis,data/xeno_canto_indonesia/savnig1/XC36986.mp3,SUCCESS,200.0,152588,29ae5a48309c704f479255829de83acc9ceee4974e72fe2db72d98c6974fbda6,9.18,44100,True,
XC40064,savnig1,Caprimulgus affinis,Patrik Åberg,data/xeno_canto_indonesia/savnig1/XC40064.mp3,SUCCESS,200.0,1221899,ee20b3ca6c39e055cb8c39237562e92671618431f2301aa8f73651ae9cc38020,76.25,44100,True,
XC42472,savnig1,Caprimulgus affinis,David Marques,data/xeno_canto_indonesia/savnig1/XC42472.mp3,SUCCESS,200.0,689576,b9c874aeb40d4d5f9092a21105627f7702206e34d99d8b5f39f50380e900a20c,34.25,44100,True,
XC543657,savnig1,Caprimulgus affinis,Kim Liljehult,data/xeno_canto_indonesia/savnig1/XC543657.mp3,SUCCESS,200.0,145913,ac2d7405df6b0c517a2165c80ce3b0e957afb2820f7ef0221fb6b0cac893ed19,11.71,48000,True,
XC576876,savnig1,Caprimulgus affinis,Garry Bakker,data/xeno_canto_indonesia/savnig1/XC576876.mp3,SUCCESS,200.0,1300347,cca452e5b104f42f92eee2aacdb2f89bfe93a16051177ebb4b26ad4269da6f34,32.32,44100,True,
XC643733,savnig1,Caprimulgus affinis,George Sangster,data/xeno_canto_indonesia/savnig1/XC643733.mp3,SUCCESS,200.0,4190560,0c2f7ff56427d6967aafefe7bd102cb3120eb0f5dc1c150e187f13f64f7c77c2,104.57,44100,True,
XC643735,savnig1,Caprimulgus affinis,George Sangster,data/xeno_canto_indonesia/savnig1/XC643735.mp3,SUCCESS,200.0,1332250,ed1bce9b00d0789f727a9d6d6e9957e096d44ab2d84ea17348f40f733a472753,66.3,22050,True,
XC929253,savnig1,Caprimulgus affinis,Ilaria,data/xeno_canto_indonesia/savnig1/XC929253.mp3,SUCCESS,200.0,4609018,507f4fdeaf55055971fbcae865c5bdd515128403ed43509ce2f47b9b8aff99d5,24.0,48000,True,
XC954966,savnig1,Caprimulgus affinis,Arjun Dutta,data/xeno_canto_indonesia/savnig1/XC954966.mp3,SUCCESS,200.0,4374316,c37e2daf4b73eb1aae707e4d02227d243a3412f5b1e34a4657220117d73b4d8f,24.8,44100,True,
XC954967,savnig1,Caprimulgus affinis,Arjun Dutta,data/xeno_canto_indonesia/savnig1/XC954967.mp3,SUCCESS,200.0,19805216,70d010459bb5e6c4dd109b91d2d48de6a0618b14985bc5a8b115fe821945dd9b,112.27,44100,True,
XC954968,savnig1,Caprimulgus affinis,Arjun Dutta,data/xeno_canto_indonesia/savnig1/XC954968.mp3,SUCCESS,200.0,5727672,231dfb6b1d41db5b44a82ab2affe5e99430d9c86243811b28bf8e94762884c6f,32.47,44100,True,
XC954969,savnig1,Caprimulgus affinis,Arjun Dutta,data/xeno_canto_indonesia/savnig1/XC954969.mp3,SUCCESS,200.0,9927276,3e59256b4dc83de3ec28875d32e5649553f7f9732823e25d4c90c3b5e9b518fc,56.28,44100,True,
XC998788,savnig1,Caprimulgus affinis,Asman Adi Purwanto,data/xeno_canto_indonesia/savnig1/XC998788.mp3,SUCCESS,200.0,2104750,56589dd6573499decc6c9b773da135bfadee53749a13fb6ad8d4c50d7ce8f8e2,32.89,32000,True,
XC1003835,sohbul1,Pycnonotus aurigaster,Lucas-Chen,data/xeno_canto_indonesia/sohbul1/XC1003835.mp3,SUCCESS,200.0,2661954,f1e6ea9959fd33990267ab9ae1215d84c49a212b08fe467b831a2698e30c5b87,6.93,48000,True,
XC1029243,sohbul1,Pycnonotus aurigaster,Kelle Moreau,data/xeno_canto_indonesia/sohbul1/XC1029243.mp3,SUCCESS,200.0,243287,995a6627ad7dd3cad7e5e8a097e69d6c0acae7ac31c5e3ea73c922acd0c42add,14.92,44100,True,
XC1032972,sohbul1,Pycnonotus aurigaster,Panji Gusti Akbar,data/xeno_canto_indonesia/sohbul1/XC1032972.mp3,SUCCESS,200.0,4308578,f027fb2f38f133b5fa2a013c8eb6dc1bb00423d4cfb6c0e4939563ae32a6afbe,44.88,48000,True,
XC1059447,sohbul1,Pycnonotus aurigaster,Lucas-Chen,data/xeno_canto_indonesia/sohbul1/XC1059447.mp3,SUCCESS,200.0,7248400,5d731ac0dc1156d058eb1bf51eca17b8a76ec63060016b605093e7128c6267d1,6.29,192000,True,
XC1075095,sohbul1,Pycnonotus aurigaster,Richard E. Webster,data/xeno_canto_indonesia/sohbul1/XC1075095.mp3,SUCCESS,200.0,7889499,8fbd115d98274eb5e4bf6ba3434222feab56190d41b4d78b78e33b1c15cc5cca,328.24,48000,True,
XC1075096,sohbul1,Pycnonotus aurigaster,Richard E. Webster,data/xeno_canto_indonesia/sohbul1/XC1075096.mp3,SUCCESS,200.0,3695378,cd3b915205f1a953e4454b3f61fae31e2e09c9b0bdd010d33d131768a8e03553,153.51,48000,True,
XC1075097,sohbul1,Pycnonotus aurigaster,Richard E. Webster,data/xeno_canto_indonesia/sohbul1/XC1075097.mp3,SUCCESS,200.0,1852043,b7b802162cd949d9379fc63c1670f1b3cd3cfe6af7599598a7175b572d747d68,76.7,48000,True,
XC1075098,sohbul1,Pycnonotus aurigaster,Richard E. Webster,data/xeno_canto_indonesia/sohbul1/XC1075098.mp3,SUCCESS,200.0,1331165,3428bbc4db4e83d5181e487debfb71af0b465a7f169ab784a7d44df9e3496cee,55.0,48000,True,
XC1099331,sohbul1,Pycnonotus aurigaster,Yasinchumaedi,data/xeno_canto_indonesia/sohbul1/XC1099331.mp3,SUCCESS,200.0,584014,dda1224b7ef2d039493f3a9e40b7299b5854daf1134b9bf8303ac4ea7ecacef0,18.25,16000,True,
XC110294,sohbul1,Pycnonotus aurigaster,Samuel Jones,data/xeno_canto_indonesia/sohbul1/XC110294.mp3,SUCCESS,200.0,494979,d42c70c02d0f59c8bcec224e4189c0dc781eaa443f11a4ec259a632d343cca65,30.64,44100,True,
XC1175920,sohbul1,Pycnonotus aurigaster,Yasinchumaedi,data/xeno_canto_indonesia/sohbul1/XC1175920.mp3,SUCCESS,200.0,5275190,5d4858d4c5a59bed727f0ed84d95861621cf32c22d29a5f1cde4aa0461058cb5,54.95,48000,True,
XC151862,sohbul1,Pycnonotus aurigaster,Mike Nelson,data/xeno_canto_indonesia/sohbul1/XC151862.mp3,SUCCESS,200.0,230376,a684874bfd0f64a54aa5b2fb3e94eab6f0aa3cb64e311713a28ee8cde54b4c49,14.04,44100,True,
XC153017,sohbul1,Pycnonotus aurigaster,Bruno Durand,data/xeno_canto_indonesia/sohbul1/XC153017.mp3,SUCCESS,200.0,2183056,13c845ee6d78edcb1b15dc705e86de19cc13a3b7f342807b93e17a8c0ea70b6d,54.46,48000,True,
XC19858,sohbul1,Pycnonotus aurigaster,David Farrow,data/xeno_canto_indonesia/sohbul1/XC19858.mp3,SUCCESS,200.0,213072,8fa7d5db74c6f683da52f5a78a2b59185c81d3760bd63290c649e402fe2ddb1e,17.37,44100,True,
XC204142,sohbul1,Pycnonotus aurigaster,Mike Nelson,data/xeno_canto_indonesia/sohbul1/XC204142.mp3,SUCCESS,200.0,360359,70997ba852c0b5d415a79a38d7c1ce6a85f2d4644b08750b59aede89b3b3586a,22.16,44100,True,
XC233697,sohbul1,Pycnonotus aurigaster,Paulo Alves,data/xeno_canto_indonesia/sohbul1/XC233697.mp3,SUCCESS,200.0,632084,567d75f75acc2faaba22c99113c602b6ab7f7388a87948175ab6be41da864f51,39.15,44100,True,
XC236318,sohbul1,Pycnonotus aurigaster,Paulo Alves,data/xeno_canto_indonesia/sohbul1/XC236318.mp3,SUCCESS,200.0,2759074,309a09a8d97c22a40c527fd9be916a3698b95430f93c02f97e2a1aab923e6bb7,172.09,44100,True,
XC284505,sohbul1,Pycnonotus aurigaster,Bruno Durand,data/xeno_canto_indonesia/sohbul1/XC284505.mp3,SUCCESS,200.0,1733583,564e683fdd04075ae8d0311a7ef779f62526e7f4874ae2b885f08319a26eb565,43.26,44100,True,
XC285032,sohbul1,Pycnonotus aurigaster,Bruno Durand,data/xeno_canto_indonesia/sohbul1/XC285032.mp3,SUCCESS,200.0,1364004,f7d78ca3591d505873b6d2f2f7ec80c578990b051b84a3555f26c6a51d177a02,34.01,44100,True,
XC31436,sohbul1,Pycnonotus aurigaster,Allen T. Chartier,data/xeno_canto_indonesia/sohbul1/XC31436.mp3,SUCCESS,200.0,179690,3fd061d947801bdc03a40f2b300b3ca4b5d742171e825fd5d7e0d746bf4e7a91,15.6,44100,True,
XC336690,sohbul1,Pycnonotus aurigaster,Brendan Sloan,data/xeno_canto_indonesia/sohbul1/XC336690.mp3,SUCCESS,200.0,233308,5f7d419431b2c17e8dfde4dac0d4401dd1591c73adc22aa21cd92bc8550bf129,14.23,44100,True,
XC376192,sohbul1,Pycnonotus aurigaster,Karyadi Baskoro,data/xeno_canto_indonesia/sohbul1/XC376192.mp3,SUCCESS,200.0,283679,0e5631145575d73185d40a7fa31ea0321cafb8ed472e34bc5a500fe39b17a9e0,34.87,44100,True,
XC376551,sohbul1,Pycnonotus aurigaster,Karyadi Baskoro,data/xeno_canto_indonesia/sohbul1/XC376551.mp3,SUCCESS,200.0,1121276,08498a1ebb957dc03174f46027397c16510a43c7a8810f78c1f636e6d56a5fcc,46.52,44100,True,
XC388228,sohbul1,Pycnonotus aurigaster,Brendan Sloan,data/xeno_canto_indonesia/sohbul1/XC388228.mp3,SUCCESS,200.0,1026778,f00799cdb34ad01c1649443e8c5182760db1261445a42ac072d20ffdcc9bf6b2,33.56,44100,True,
XC40066,sohbul1,Pycnonotus aurigaster,Patrik Åberg,data/xeno_canto_indonesia/sohbul1/XC40066.mp3,SUCCESS,200.0,198149,af79cdcbf7d2b96106099dc6ddf9adc479de7475ba5b780925baf6e7675109d8,12.12,44100,True,
XC40696,sohbul1,Pycnonotus aurigaster,Patrik Åberg,data/xeno_canto_indonesia/sohbul1/XC40696.mp3,SUCCESS,200.0,1050045,e0c0291a472fc190875bf13615136647a33c630922e1571177e8f213e64acec7,65.49,44100,True,
XC409901,sohbul1,Pycnonotus aurigaster,Ross Gallardy,data/xeno_canto_indonesia/sohbul1/XC409901.mp3,SUCCESS,200.0,578760,c0aa012d53b894341e9f10e8ba08c0d543b2bf4d297cd60c40cc4e4725da8840,35.83,48000,True,
XC414596,sohbul1,Pycnonotus aurigaster,Marc Anderson,data/xeno_canto_indonesia/sohbul1/XC414596.mp3,SUCCESS,200.0,970131,98f5f72242beede6437f501589303bd5591504e96a168109319b687bb4f2cabe,24.07,44100,True,
XC445216,sohbul1,Pycnonotus aurigaster,Guido O. Keijl,data/xeno_canto_indonesia/sohbul1/XC445216.mp3,SUCCESS,200.0,857402,5bb01425337511305c97ca2d77f685c0c87fd5ec7db12aca2241af8440a126b4,26.64,44100,True,
XC445221,sohbul1,Pycnonotus aurigaster,Guido O. Keijl,data/xeno_canto_indonesia/sohbul1/XC445221.mp3,SUCCESS,200.0,1220992,4f31c69e9efe954e625005dafef87a2ffda9cd2df9984db401db55b0ab0c4aef,38.01,44100,True,
XC479599,sohbul1,Pycnonotus aurigaster,Prayitno Goenarto,data/xeno_canto_indonesia/sohbul1/XC479599.mp3,SUCCESS,200.0,230387,307d574b1a490a4a96713d2f4ddab23d15a479b3dacdb83c93219cf567b3a64c,7.0,44100,True,
XC482292,sohbul1,Pycnonotus aurigaster,Tom Squires,data/xeno_canto_indonesia/sohbul1/XC482292.mp3,SUCCESS,200.0,435276,68e4dad963f4e04fa526f8a37abd3f6a14645445009d4395be39f9d551faf401,13.4,44100,True,
XC497488,sohbul1,Pycnonotus aurigaster,Rendra Pratama,data/xeno_canto_indonesia/sohbul1/XC497488.mp3,SUCCESS,200.0,691399,657b376b1a729839b1730538e3b557c813513f72aaab5645defd36a2b2a1b8d6,17.11,48000,True,
XC571699,sohbul1,Pycnonotus aurigaster,Panji Gusti Akbar,data/xeno_canto_indonesia/sohbul1/XC571699.mp3,SUCCESS,200.0,2259773,dd00023771e7bd108e6fdd41ea84fd0536f163257dabd99cbf8c210b34adfd11,56.32,44100,True,
XC578381,sohbul1,Pycnonotus aurigaster,Okamoto Keita Sin,data/xeno_canto_indonesia/sohbul1/XC578381.mp3,SUCCESS,200.0,1447780,61f409a392ebee3e589c1294021478dbcc4403acf18a74d9d370f3b970a290a7,46.48,44100,True,
XC598556,sohbul1,Pycnonotus aurigaster,Frank Lambert,data/xeno_canto_indonesia/sohbul1/XC598556.mp3,SUCCESS,200.0,2472773,992d94f3fd38060ecf7315090d282026fe4dfde11f09f5d95b342b8a7ddfa27e,61.7,44100,True,
XC617117,sohbul1,Pycnonotus aurigaster,Ding Li Yong,data/xeno_canto_indonesia/sohbul1/XC617117.mp3,SUCCESS,200.0,409962,f7d9740f2b8cdae857fb18ca87420751367b87611288be4f5bb6abaacb16f0ea,30.07,44100,True,
XC673480,sohbul1,Pycnonotus aurigaster,Danni Setyawan,data/xeno_canto_indonesia/sohbul1/XC673480.mp3,SUCCESS,200.0,86108,effde0b9c40a9684458e5774ffc9a5cdabf98807e471761fd1866fb4e1ab8073,5.13,48000,True,
XC823084,sohbul1,Pycnonotus aurigaster,Greg Irving,data/xeno_canto_indonesia/sohbul1/XC823084.mp3,SUCCESS,200.0,483667,8cc197133d85ed4f9a9146d4ccf62cc069bbdc5e1e155f3e59623256d57041b0,11.91,48000,True,
XC823085,sohbul1,Pycnonotus aurigaster,Greg Irving,data/xeno_canto_indonesia/sohbul1/XC823085.mp3,SUCCESS,200.0,7829693,7ebca4c92563ba9f3c6003207e79944391e4ffa1642de6551ffa1e1ce9bb1b95,195.57,48000,True,
XC823878,sohbul1,Pycnonotus aurigaster,Greg Irving,data/xeno_canto_indonesia/sohbul1/XC823878.mp3,SUCCESS,200.0,1047233,a257eccca8949c0c6b1081d4e878065fbb1b227eaead0a931252ba5d3e548a99,26.01,48000,True,
XC89307,sohbul1,Pycnonotus aurigaster,Frank Lambert,data/xeno_canto_indonesia/sohbul1/XC89307.mp3,SUCCESS,200.0,501705,d8c54ff9b33eeb66e0fafecf5579b76396e5ba56d0dc21bb364d2356d32afec4,31.06,44100,True,
XC932943,sohbul1,Pycnonotus aurigaster,Ding Li Yong,data/xeno_canto_indonesia/sohbul1/XC932943.mp3,SUCCESS,200.0,1460978,a61e1181b2aa449db527f0c11fc1230063f674c6aab607aca97c9b0ffe2b0313,45.06,48000,True,
XC954978,sohbul1,Pycnonotus aurigaster,Arjun Dutta,data/xeno_canto_indonesia/sohbul1/XC954978.mp3,SUCCESS,200.0,6902926,9263b827de6ba476e287125b5311fa9f8105708dc2d0cd32d57431847cd70c79,78.26,44100,True,
XC145300,subwar1,Horornis vulcanius,Heru Cahyono,data/xeno_canto_indonesia/subwar1/XC145300.mp3,SUCCESS,200.0,67537,87b9a372d7097adc72428df803a9f8b6c8d48fe4d914dd227ba44600bdb3f63e,7.85,8000,True,
XC153479,subwar1,Horornis vulcanius,Frank Lambert,data/xeno_canto_indonesia/subwar1/XC153479.mp3,SUCCESS,200.0,977179,23e6021003ec795ec650915d1085844c50cccc45fa4c2ebb1ec72f96f24e1020,24.31,48000,True,
XC154541,subwar1,Horornis vulcanius,Heru Cahyono,data/xeno_canto_indonesia/subwar1/XC154541.mp3,SUCCESS,200.0,68171,277f4a406a19147491c9e182be6276c43977da79ed530fed56da32d754dc67c2,7.92,8000,True,
XC198574,subwar1,Horornis vulcanius,Sidiq Pambudi,data/xeno_canto_indonesia/subwar1/XC198574.mp3,SUCCESS,200.0,260090,91963a9d638f666487ee00d955cf94bc5d02612e0de8c25725a483bbf07fa31d,6.29,48000,True,
XC241731,subwar1,Horornis vulcanius,Mike Nelson,data/xeno_canto_indonesia/subwar1/XC241731.mp3,SUCCESS,200.0,1848295,be69c31777f37e00fde600b02a67df00c79561ad721b77cfa954f8de6d41d5d0,115.17,44100,True,
XC241732,subwar1,Horornis vulcanius,Mike Nelson,data/xeno_canto_indonesia/subwar1/XC241732.mp3,SUCCESS,200.0,594130,e1a8ee9fb9fd3a939579f721685c92b9c468aa9da7471737572ca3e7d201c0a7,36.78,44100,True,
XC241734,subwar1,Horornis vulcanius,Mike Nelson,data/xeno_canto_indonesia/subwar1/XC241734.mp3,SUCCESS,200.0,845323,3fc59d5e55e9c938f52304443ed424f35be071e672bca78cfe579f242f94c3d7,52.45,44100,True,
XC241735,subwar1,Horornis vulcanius,Mike Nelson,data/xeno_canto_indonesia/subwar1/XC241735.mp3,SUCCESS,200.0,406499,f8f33566e241046183bf4183d703895ae367732ec4e9b13659e8165b6a44180d,25.04,44100,True,
XC241736,subwar1,Horornis vulcanius,Mike Nelson,data/xeno_canto_indonesia/subwar1/XC241736.mp3,SUCCESS,200.0,1118120,94ff3aac3df07abd10e432d9d61298e16f45a68b58118c8ac1799b6d871477a9,69.52,44100,True,
XC256655,subwar1,Horornis vulcanius,Paulo Alves,data/xeno_canto_indonesia/subwar1/XC256655.mp3,SUCCESS,200.0,1373666,776b555d2b98fb4afad839a18f117386161040d028de40bb2f47537ee6109345,85.49,44100,True,
XC263337,subwar1,Horornis vulcanius,Paulo Alves,data/xeno_canto_indonesia/subwar1/XC263337.mp3,SUCCESS,200.0,180746,6b9ff32f6677f1ebc88084bfab1b0e13d2f056e1c7931b161949b70186b2a3c0,10.94,44100,True,
XC287770,subwar1,Horornis vulcanius,Bas Van Balen,data/xeno_canto_indonesia/subwar1/XC287770.mp3,SUCCESS,200.0,700922,2d44aa89f5bcda2852877f8e14cc80eef598138388eaa50f1de421d53a13d99e,43.45,48000,True,
XC287816,subwar1,Horornis vulcanius,Bas Van Balen,data/xeno_canto_indonesia/subwar1/XC287816.mp3,SUCCESS,200.0,304633,353708141973b8d0e5edb7aa56571c331abeb59a3e5c9b54eca41d32c92ea5d1,18.68,48000,True,
XC292337,subwar1,Horornis vulcanius,Mike Nelson,data/xeno_canto_indonesia/subwar1/XC292337.mp3,SUCCESS,200.0,1279441,4e1473db6f9c14f5ad698e220483bd971c16b13f72a6f980ae0de24598d985c3,63.74,44100,True,
XC30756,subwar1,Horornis vulcanius,Frank Lambert,data/xeno_canto_indonesia/subwar1/XC30756.mp3,SUCCESS,200.0,344100,6e78b39cf6b0312f276491ad185c8fbddc43a8216f770a6c6b2abd2bade7ab42,28.29,44100,True,
XC376481,subwar1,Horornis vulcanius,Karyadi Baskoro,data/xeno_canto_indonesia/subwar1/XC376481.mp3,SUCCESS,200.0,629749,1d123088f4ef42650d82b8deb0febba7f3bdf4468d3c97bcdd093513a57a1280,26.04,44100,True,
XC376562,subwar1,Horornis vulcanius,Karyadi Baskoro,data/xeno_canto_indonesia/subwar1/XC376562.mp3,SUCCESS,200.0,1099942,dedec4520f6f7f665d6f147309f7a6f7ae0615ea9146a2586fbb813827119d18,45.64,44100,True,
XC38488,subwar1,Horornis vulcanius,Mike Catsis,data/xeno_canto_indonesia/subwar1/XC38488.mp3,SUCCESS,200.0,996828,aeaf306f53ac17407c69962ea22914d1535fd1db19fa04aa5a58e1c4db976d8b,62.01,44100,True,
XC410372,subwar1,Horornis vulcanius,Ross Gallardy,data/xeno_canto_indonesia/subwar1/XC410372.mp3,SUCCESS,200.0,296904,0cb1989083db8a0279e938839b586881cf6bac209999e993533ebb5048ec2ca3,18.21,48000,True,
XC410381,subwar1,Horornis vulcanius,Ross Gallardy,data/xeno_canto_indonesia/subwar1/XC410381.mp3,SUCCESS,200.0,296903,9bf86c83e3d4ad81624f9108746e1b222e84da825ac6a4bdfdb4df1e4337934a,18.21,48000,True,
XC431520,subwar1,Horornis vulcanius,Brian Cox,data/xeno_canto_indonesia/subwar1/XC431520.mp3,SUCCESS,200.0,442099,c0dc36af20b649678237964c12518b89e2752c5571a37ba0f31036713903ce96,24.57,22050,True,
XC431521,subwar1,Horornis vulcanius,Brian Cox,data/xeno_canto_indonesia/subwar1/XC431521.mp3,SUCCESS,200.0,228601,6133adea11f44e8647d2b1e9d55802205fa008c9980aac2f00cff9dbebaeec09,12.71,22050,True,
XC431622,subwar1,Horornis vulcanius,Brian Cox,data/xeno_canto_indonesia/subwar1/XC431622.mp3,SUCCESS,200.0,127036,393ecc8ca84ac2198672eafb01f00bc34cbb1233c05648150a1fee59527280f5,7.06,22050,True,
XC431623,subwar1,Horornis vulcanius,Brian Cox,data/xeno_canto_indonesia/subwar1/XC431623.mp3,SUCCESS,200.0,453109,df1a52b3a139d17c3fee164510ba211e6c08c33bca7dea8d43216340a19117fb,25.18,22050,True,
XC453085,subwar1,Horornis vulcanius,Brendan Sloan,data/xeno_canto_indonesia/subwar1/XC453085.mp3,SUCCESS,200.0,486236,a88e9a0332de34261c33f1a24351526d75af9451d5ef6693342523ea4eb939e8,21.47,44100,True,
XC453232,subwar1,Horornis vulcanius,Brendan Sloan,data/xeno_canto_indonesia/subwar1/XC453232.mp3,SUCCESS,200.0,567340,f7b21a27ae9554c419ab0dad243fa6505e1b6508e6947380f198f287bfdbddc2,25.38,44100,True,
XC453239,subwar1,Horornis vulcanius,Brendan Sloan,data/xeno_canto_indonesia/subwar1/XC453239.mp3,SUCCESS,200.0,568693,ff864623a8f1de1d7c068a31bddad0ecc5c93dec2d383a9d004f1ef88e5f7c87,25.59,44100,True,
XC468865,subwar1,Horornis vulcanius,Frank Lambert,data/xeno_canto_indonesia/subwar1/XC468865.mp3,SUCCESS,200.0,1456066,41cfcd36495001e2208d5b82570f0793666c774c4356e06ad9d3fae8ee2c5a6f,36.28,44100,True,
XC477169,subwar1,Horornis vulcanius,Matthew L. Brady,data/xeno_canto_indonesia/subwar1/XC477169.mp3,SUCCESS,200.0,389351,7b3c93978094452a375b26a42531173ded1cffc8de2225ff12583755ac760cdf,32.65,44100,True,
XC576888,subwar1,Horornis vulcanius,Garry Bakker,data/xeno_canto_indonesia/subwar1/XC576888.mp3,SUCCESS,200.0,739214,233ce22bdf55977e2f990e6b9ca8a1d1c38592bdf22f1e34f2e2c2dc35c86d0a,18.29,44100,True,
XC58384,subwar1,Horornis vulcanius,Richard Thomas,data/xeno_canto_indonesia/subwar1/XC58384.mp3,SUCCESS,200.0,1009837,916b8f67cbf2d956f11fbf87cdd31ec0aafe91a2e047c640023305abfe0ebc7f,25.13,44100,True,
XC618724,subwar1,Horornis vulcanius,Teus Luijendijk,data/xeno_canto_indonesia/subwar1/XC618724.mp3,SUCCESS,200.0,797322,f0a7df252619c38669653e02c96eb089fb66da95cd97050211705f482ddc6027,25.86,44100,True,
XC618791,subwar1,Horornis vulcanius,Teus Luijendijk,data/xeno_canto_indonesia/subwar1/XC618791.mp3,SUCCESS,200.0,2562955,ff65caadcca99f31a45d150e7e757fa4239166d49f0d615d5b9a1f4719b616e2,82.63,44100,True,
XC67913,subwar1,Horornis vulcanius,Frank Lambert,data/xeno_canto_indonesia/subwar1/XC67913.mp3,SUCCESS,200.0,359745,65e6fbf5684a17e03f9cc43fd088327093a30740bf2888c93c58c72be2b1b1aa,44.28,44100,True,
XC67916,subwar1,Horornis vulcanius,Frank Lambert,data/xeno_canto_indonesia/subwar1/XC67916.mp3,SUCCESS,200.0,529536,68adf21cea86187d1d8b538b5fa293e80d6efaa90b511dacdad9cae3225f6628,65.5,44100,True,
XC67917,subwar1,Horornis vulcanius,Frank Lambert,data/xeno_canto_indonesia/subwar1/XC67917.mp3,SUCCESS,200.0,99037,c1823d4898096576961e65d048fc6d43a6d8dc5e257c50250c6eb6da09e69f81,11.69,44100,True,
XC70225,subwar1,Horornis vulcanius,David Gibbs,data/xeno_canto_indonesia/subwar1/XC70225.mp3,SUCCESS,200.0,1046608,97d779e66e0c763c5dbc654d0c845d3a56b9e4d0cc9928ea222080a32097cd92,65.12,44100,True,
XC70336,subwar1,Horornis vulcanius,David Gibbs,data/xeno_canto_indonesia/subwar1/XC70336.mp3,SUCCESS,200.0,593531,044d4d798e4a58b27e2748cd61d0a85efc1b8d722d6e742fbd65647a52b44d14,36.81,44100,True,
XC737850,subwar1,Horornis vulcanius,Geoff Carey,data/xeno_canto_indonesia/subwar1/XC737850.mp3,SUCCESS,200.0,7081929,564aba62be2f817a4f2fd18272772d7c71e97f2927a005d7acec8c5857e11513,188.24,48000,True,
XC737851,subwar1,Horornis vulcanius,Geoff Carey,data/xeno_canto_indonesia/subwar1/XC737851.mp3,SUCCESS,200.0,4268649,504e963a6c2cfc0f8b285968af60b517ceba1bcd8ffb0ed2942fd4fc3e16c44c,112.8,48000,True,
XC737852,subwar1,Horornis vulcanius,Geoff Carey,data/xeno_canto_indonesia/subwar1/XC737852.mp3,SUCCESS,200.0,4190601,388bfc8758bf7b46fb79d302dd651523119446f59788d903790aeeef14253ed2,110.64,48000,True,
XC737853,subwar1,Horornis vulcanius,Geoff Carey,data/xeno_canto_indonesia/subwar1/XC737853.mp3,SUCCESS,200.0,967498,a5fe4bdcdda3f72fe83a0b429ab1066f82f96302243de020eb3ba41be183949b,25.06,48000,True,
XC737854,subwar1,Horornis vulcanius,Geoff Carey,data/xeno_canto_indonesia/subwar1/XC737854.mp3,SUCCESS,200.0,2778249,d4e12e92667a6b41411baeea85c10659533d75eb3df5820c57549953c2c98199,73.21,48000,True,
XC737855,subwar1,Horornis vulcanius,Geoff Carey,data/xeno_canto_indonesia/subwar1/XC737855.mp3,SUCCESS,200.0,1991146,266683f61ab1950f5fa665e09e19238a21cf9819a1f41155c83bdd264358b0b8,52.34,48000,True,
XC842311,subwar1,Horornis vulcanius,Panji Gusti Akbar,data/xeno_canto_indonesia/subwar1/XC842311.mp3,SUCCESS,200.0,6048214,c4344ca2505330d39ca93484dbcd7c819cfdb0b3e04313b80405a9ec0f6e460e,42.0,48000,True,
XC842312,subwar1,Horornis vulcanius,Panji Gusti Akbar,data/xeno_canto_indonesia/subwar1/XC842312.mp3,SUCCESS,200.0,3456214,a2d337cd243008d230df33fe1af04350b69d9b57b888301a845fe3c70f836026,24.0,48000,True,
XC842313,subwar1,Horornis vulcanius,Panji Gusti Akbar,data/xeno_canto_indonesia/subwar1/XC842313.mp3,SUCCESS,200.0,5328214,5fb7dd17cb8d1ede543651eeded6efcd758597429c9259a57e8117b2aeda7b22,37.0,48000,True,
XC963452,subwar1,Horornis vulcanius,Daan Drukker,data/xeno_canto_indonesia/subwar1/XC963452.mp3,SUCCESS,200.0,2027204,b725a0db4b32fa5f7bdd524032509104450eb812a93b2f6ca39772c772a0d125,50.41,48000,True,
XC1048038,suncuc1,Cuculus lepidus,Untung Sarmawi,data/xeno_canto_indonesia/suncuc1/XC1048038.mp3,SUCCESS,200.0,797271,6846af11fc2497b1e1e2e497d1b2256da41e9d0c55138c4bb76cf844037c7df3,19.39,48000,True,
XC113315,suncuc1,Cuculus lepidus,Peter Collaerts,data/xeno_canto_indonesia/suncuc1/XC113315.mp3,SUCCESS,200.0,272262,4cb31d13735cf8683c9d033e4ed8f4c230db20a70295c9f3579a76c482d3d7e4,8.36,44100,True,
XC141809,suncuc1,Cuculus lepidus,Frank Lambert,data/xeno_canto_indonesia/suncuc1/XC141809.mp3,SUCCESS,200.0,1225789,2b811e96add9d3e882fc070b7070a931fddf68892cb15edba0567ea63b6c62da,30.53,48000,True,
XC142179,suncuc1,Cuculus lepidus,Feri Irawan,data/xeno_canto_indonesia/suncuc1/XC142179.mp3,SUCCESS,200.0,349889,1e20284bdf98c66e45b2fd339ed410b35bd55d7b204a117fd7c9ae551beafda3,21.51,48000,True,
XC143544,suncuc1,Cuculus lepidus,Heru Cahyono,data/xeno_canto_indonesia/suncuc1/XC143544.mp3,SUCCESS,200.0,64133,6b974d8f85b9ce6f82aa090d70aa6500558950d89132273f57682e169eb161fa,7.42,8000,True,
XC166500,suncuc1,Cuculus lepidus,Frank Lambert,data/xeno_canto_indonesia/suncuc1/XC166500.mp3,SUCCESS,200.0,991574,4dda78dec0a4d197ac7df071483c4778c8536014312bdcf04a3db224aa84733d,24.67,48000,True,
XC195591,suncuc1,Cuculus lepidus,Marc Thibault,data/xeno_canto_indonesia/suncuc1/XC195591.mp3,SUCCESS,200.0,819282,4d87e3160828600d1fae96a6b4eb985e9d83d9340da755b8979b88a668bb5e82,50.85,44100,True,
XC204329,suncuc1,Cuculus lepidus,Mike Nelson,data/xeno_canto_indonesia/suncuc1/XC204329.mp3,SUCCESS,200.0,1481312,f67746b1a8df4840d9c1e71ebee30d986800deb5f4c7d07fc41c1cb918bbb51d,92.23,44100,True,
XC215404,suncuc1,Cuculus lepidus,Paulo Alves,data/xeno_canto_indonesia/suncuc1/XC215404.mp3,SUCCESS,200.0,408389,1e0bf8aaa2ff0a7606ae0f9e5b406db947a0b43ac0429a65ad98f65bfbc2815b,25.18,44100,True,
XC227096,suncuc1,Cuculus lepidus,Paulo Alves,data/xeno_canto_indonesia/suncuc1/XC227096.mp3,SUCCESS,200.0,129242,93bb2985f539237f066d8f97605ab7f969c96b49060e89c4696e22f18987c61d,7.73,44100,True,
XC237110,suncuc1,Cuculus lepidus,Paulo Alves,data/xeno_canto_indonesia/suncuc1/XC237110.mp3,SUCCESS,200.0,994418,f4c8e5049b50abe24ed9eb552353493f560cda4849701949e340097a2267e874,61.79,44100,True,
XC237111,suncuc1,Cuculus lepidus,Paulo Alves,data/xeno_canto_indonesia/suncuc1/XC237111.mp3,SUCCESS,200.0,545112,1b801ff0b672ee55efa5d4e05dae2159389306bd87691657dcc372768efe65cc,33.72,44100,True,
XC237112,suncuc1,Cuculus lepidus,Paulo Alves,data/xeno_canto_indonesia/suncuc1/XC237112.mp3,SUCCESS,200.0,308569,0219e1a59f12ac0010c2ab4f91aa82a71f1c751ba76e8d11d81bd53b8a0a1c33,18.93,44100,True,
XC241737,suncuc1,Cuculus lepidus,Mike Nelson,data/xeno_canto_indonesia/suncuc1/XC241737.mp3,SUCCESS,200.0,770786,028fe824dfcefed54b3d31506aaa4999c7fd45ee273c29722fb913740329cee9,47.83,44100,True,
XC287965,suncuc1,Cuculus lepidus,Bas Van Balen,data/xeno_canto_indonesia/suncuc1/XC287965.mp3,SUCCESS,200.0,224717,77d9b8b08dcebe2c3a50475e6f68d581d7f2e6068e15d9ad9c413d8a6dd20264,13.69,48000,True,
XC289131,suncuc1,Cuculus lepidus,Jacob Hervé,data/xeno_canto_indonesia/suncuc1/XC289131.mp3,SUCCESS,200.0,421606,05eab231e18b1b7de515084e97186bd9537a9268e11804c6e51fc063e0700e15,21.68,44100,True,
XC292571,suncuc1,Cuculus lepidus,Mike Nelson,data/xeno_canto_indonesia/suncuc1/XC292571.mp3,SUCCESS,200.0,2534380,e75cc509e1bfddf1d66f85d3565c711e1851e327a6c3a7e7598cec72d36000a0,126.48,44100,True,
XC31361,suncuc1,Cuculus lepidus,Allen T. Chartier,data/xeno_canto_indonesia/suncuc1/XC31361.mp3,SUCCESS,200.0,69286,d57597cb2359c96c255d6b7e065a6b0eba3058b393158d7e021f63cd20e772dd,4.9,44100,True,
XC335977,suncuc1,Cuculus lepidus,Brendan Sloan,data/xeno_canto_indonesia/suncuc1/XC335977.mp3,SUCCESS,200.0,524994,edceb7bd47bdedb6a36ad9e2ebef3e4a572aa6f0de97b9910e0d862fd035dafd,32.45,44100,True,
XC338746,suncuc1,Cuculus lepidus,Bruno Durand,data/xeno_canto_indonesia/suncuc1/XC338746.mp3,SUCCESS,200.0,350900,9ba69fdde964f405e6106b29af764b0a70c2d417d59b47bc3fb4fce3615f7a06,14.45,44100,True,
XC350526,suncuc1,Cuculus lepidus,Raf Drijvers,data/xeno_canto_indonesia/suncuc1/XC350526.mp3,SUCCESS,200.0,406035,e90517d2f905e28231c906033344d53febf2deeeeadd30f2369531366dabe2be,24.32,44100,True,
XC350529,suncuc1,Cuculus lepidus,Raf Drijvers,data/xeno_canto_indonesia/suncuc1/XC350529.mp3,SUCCESS,200.0,1199750,e6132b0517120cc0c0be2bb78f46290bdc0db7d74a07492aacec4527882354fe,70.68,44100,True,
XC360726,suncuc1,Cuculus lepidus,Bruno Durand,data/xeno_canto_indonesia/suncuc1/XC360726.mp3,SUCCESS,200.0,2052082,4fe37c668b1a32d5cc9df640968d9f79d31196356666e8513968468778a8536b,51.23,44100,True,
XC361000,suncuc1,Cuculus lepidus,Bruno Durand,data/xeno_canto_indonesia/suncuc1/XC361000.mp3,SUCCESS,200.0,322061,b759013df0ff7037355c7458d887c2bdad58059161fcba14e86a0724eeca2367,7.94,44100,True,
XC36872,suncuc1,Cuculus lepidus,Bas Van Balen,data/xeno_canto_indonesia/suncuc1/XC36872.mp3,SUCCESS,200.0,246512,2d4feedee850c8ed8d297e234bb4e58f9d0b4c78204f4ccb77d5a1ec8a6ce6e2,12.1,48000,True,
XC376173,suncuc1,Cuculus lepidus,Karyadi Baskoro,data/xeno_canto_indonesia/suncuc1/XC376173.mp3,SUCCESS,200.0,615373,cf6831f417129dfcf90e7140be41b7fdf95c13e6bbeba711004e62904fa5c6b1,76.33,22050,True,
XC376480,suncuc1,Cuculus lepidus,Karyadi Baskoro,data/xeno_canto_indonesia/suncuc1/XC376480.mp3,SUCCESS,200.0,1763872,55199cb754df5b4a9b62ca2638997402873443329714290264f74ad5e4e03034,73.3,44100,True,
XC37944,suncuc1,Cuculus lepidus,Matthias Feuersenger,data/xeno_canto_indonesia/suncuc1/XC37944.mp3,SUCCESS,200.0,527838,b03f12dc40c0f8c946a0fa700c496510144f8503032bc64d1db1fd8102f602c6,32.76,44100,True,
XC389503,suncuc1,Cuculus lepidus,Oscar Campbell,data/xeno_canto_indonesia/suncuc1/XC389503.mp3,SUCCESS,200.0,664818,610465580b10b1b5787c7046f765653efdad9b24a4c2eb9447735d43e1f5ddd3,41.18,44100,True,
XC409754,suncuc1,Cuculus lepidus,Bruno Durand,data/xeno_canto_indonesia/suncuc1/XC409754.mp3,SUCCESS,200.0,325797,8018dd1e874b9b2d6bc4108d50abbd9b3fe68da63df76521332c37b49bd18665,20.0,44100,True,
XC410383,suncuc1,Cuculus lepidus,Ross Gallardy,data/xeno_canto_indonesia/suncuc1/XC410383.mp3,SUCCESS,200.0,374078,409833e795abe6c0fda320fe102005e9f009d0ad77612c16980a35572047e5d6,23.02,48000,True,
XC410391,suncuc1,Cuculus lepidus,Ross Gallardy,data/xeno_canto_indonesia/suncuc1/XC410391.mp3,SUCCESS,200.0,456273,f87f39a18338c6cdb335731108134dab4f3713181512a2e16306d96ebc0e6cab,28.16,48000,True,
XC468854,suncuc1,Cuculus lepidus,Frank Lambert,data/xeno_canto_indonesia/suncuc1/XC468854.mp3,SUCCESS,200.0,1580389,a26be95fea52acb881cd706db8ebf0d35473079128cc5c9cee587cdcabf0d5f2,39.39,44100,True,
XC604764,suncuc1,Cuculus lepidus,Jelle Scharringa,data/xeno_canto_indonesia/suncuc1/XC604764.mp3,SUCCESS,200.0,1185267,db74530f39a89fad894850f8265586387f53dfc3bbe0adf3662ef006f4454656,73.93,44100,True,
XC618722,suncuc1,Cuculus lepidus,Teus Luijendijk,data/xeno_canto_indonesia/suncuc1/XC618722.mp3,SUCCESS,200.0,932363,cb4211b425f0fe1bd8ba863a3eac4bdf6455ee7c6930a894ade784e181c4d906,30.35,44100,True,
XC618806,suncuc1,Cuculus lepidus,Teus Luijendijk,data/xeno_canto_indonesia/suncuc1/XC618806.mp3,SUCCESS,200.0,1281674,1d343c762352b028e9152115bf15c79bb75a6caba95a2098e2c761dd2b654aca,41.33,44100,True,
XC619425,suncuc1,Cuculus lepidus,Teus Luijendijk,data/xeno_canto_indonesia/suncuc1/XC619425.mp3,SUCCESS,200.0,1486717,4b0a510953ec3c783d6d8508ac56a71734135af7f1e4e15ab18e0e6377c712fb,48.22,44100,True,
XC68067,suncuc1,Cuculus lepidus,Frank Lambert,data/xeno_canto_indonesia/suncuc1/XC68067.mp3,SUCCESS,200.0,310623,3be9c0f8377bac5844e7eb40319a8a8b11133d57a9cdc66f02a08e8b2fba5544,38.14,44100,True,
XC68068,suncuc1,Cuculus lepidus,Frank Lambert,data/xeno_canto_indonesia/suncuc1/XC68068.mp3,SUCCESS,200.0,394818,d490b614863636e1f5eaba41a0b207334f6b3e573ab13a642cfe7dc2be4f067f,48.68,44100,True,
XC70236,suncuc1,Cuculus lepidus,David Gibbs,data/xeno_canto_indonesia/suncuc1/XC70236.mp3,SUCCESS,200.0,167625,b563ec13538d3f90abf6936fea627ea1bda9c30820911ceb5844b5187feaa2c1,10.19,44100,True,
XC71626,suncuc1,Cuculus lepidus,Bas Van Balen,data/xeno_canto_indonesia/suncuc1/XC71626.mp3,SUCCESS,200.0,548718,964a89202d1fcbdc0259320ac85fa748594fb7269ba638687b0b4f01af10706d,34.01,48000,True,
XC90714,suncuc1,Cuculus lepidus,Fabian Ducry &Amp; David Marques,data/xeno_canto_indonesia/suncuc1/XC90714.mp3,SUCCESS,200.0,188364,a82a83c24b0c59f24b57833fcb548c45a577de9421ca70de5c46cb09a8a76fb5,7.57,44100,True,
XC113308,whbsho1,Brachypteryx montana,Peter Collaerts,data/xeno_canto_indonesia/whbsho1/XC113308.mp3,SUCCESS,200.0,107635,df2e0c689dc4b3908f75d57eb90c5e58326fa9fcc3bddf6fb4664fa3f5ad47ea,3.21,44100,True,
XC113310,whbsho1,Brachypteryx montana,Peter Collaerts,data/xeno_canto_indonesia/whbsho1/XC113310.mp3,SUCCESS,200.0,466216,1f60deb0ab1daef966b64e4da2d23733d04b58a35eef2434935d6d5a2b06c7f9,14.42,44100,True,
XC141801,whbsho1,Brachypteryx montana,Frank Lambert,data/xeno_canto_indonesia/whbsho1/XC141801.mp3,SUCCESS,200.0,1059854,6e9a4acc15f0b7e28ac581d7786ae3189a357752d5737cee08aab429c37b01e2,26.38,48000,True,
XC141802,whbsho1,Brachypteryx montana,Frank Lambert,data/xeno_canto_indonesia/whbsho1/XC141802.mp3,SUCCESS,200.0,1197134,dac5a721ad37b60a0dc7edeccbc97045d4e64079ef89fa617060674a57181a84,29.81,48000,True,
XC141900,whbsho1,Brachypteryx montana,Frank Lambert,data/xeno_canto_indonesia/whbsho1/XC141900.mp3,SUCCESS,200.0,1001250,5acc6c6aeb5991b24064e30a1888e32d96adeda96c38e8233cc1a06108ab3d65,24.91,48000,True,
XC195596,whbsho1,Brachypteryx montana,Marc Thibault,data/xeno_canto_indonesia/whbsho1/XC195596.mp3,SUCCESS,200.0,324850,c9b5bfbfcfbcbc4129ac97eaab01e407fef94e92ec3096db1da9ae11564e9630,19.96,44100,True,
XC204332,whbsho1,Brachypteryx montana,Mike Nelson,data/xeno_canto_indonesia/whbsho1/XC204332.mp3,SUCCESS,200.0,392135,89ee82e13743fd1a9b0ff852ec30c641392e9cc4526691fe8d6f37ddfd638338,24.16,44100,True,
XC204333,whbsho1,Brachypteryx montana,Mike Nelson,data/xeno_canto_indonesia/whbsho1/XC204333.mp3,SUCCESS,200.0,219930,dcf46f76dc8ecba34c7fe3be75fca688184e288a5c4a7958c691c4cc018999de,13.38,44100,True,
XC204334,whbsho1,Brachypteryx montana,Mike Nelson,data/xeno_canto_indonesia/whbsho1/XC204334.mp3,SUCCESS,200.0,213242,a9a1c279ee85d3789fb7337c4892f544e79771a99bdea9e75a5089915aec723d,12.97,44100,True,
XC206314,whbsho1,Brachypteryx montana,Sidiq Pambudi,data/xeno_canto_indonesia/whbsho1/XC206314.mp3,SUCCESS,200.0,367348,8bb33663c148462855463add1e188e781ac19465de7622bc9a2aee5fb83b09d4,11.26,48000,True,
XC227646,whbsho1,Brachypteryx montana,Paulo Alves,data/xeno_canto_indonesia/whbsho1/XC227646.mp3,SUCCESS,200.0,234580,f0b4e3857dc46d0441eb3dca64f99acea7d418e96883e382abd417c928d77f5f,14.32,44100,True,
XC241723,whbsho1,Brachypteryx montana,Mike Nelson,data/xeno_canto_indonesia/whbsho1/XC241723.mp3,SUCCESS,200.0,673462,7858e2cd8cf74ba2d8fd881a257138d4695ccba52f0a07ec5a64674bd83d9136,41.74,44100,True,
XC241724,whbsho1,Brachypteryx montana,Mike Nelson,data/xeno_canto_indonesia/whbsho1/XC241724.mp3,SUCCESS,200.0,2003375,c77730e70d906a28e8612d4c744040cd5556c963664e257eed944b09427c03cf,124.86,44100,True,
XC241725,whbsho1,Brachypteryx montana,Mike Nelson,data/xeno_canto_indonesia/whbsho1/XC241725.mp3,SUCCESS,200.0,11101692,fce501218d9f6395c89a3fbceb6c53ebe9d2ca96fa9eff7dcb6f122a39d731fe,693.48,44100,True,
XC241726,whbsho1,Brachypteryx montana,Mike Nelson,data/xeno_canto_indonesia/whbsho1/XC241726.mp3,SUCCESS,200.0,1463135,a4d9bd050ad6c157ea144b104b4e46c9a649a17fd5328b61ccb3caed47408448,91.08,44100,True,
XC284666,whbsho1,Brachypteryx montana,Bas Van Balen,data/xeno_canto_indonesia/whbsho1/XC284666.mp3,SUCCESS,200.0,865643,31dc54590ef4a713eba29a18da7e56097a7289f54d68681fb578151774b50288,53.73,48000,True,
XC294218,whbsho1,Brachypteryx montana,Stijn De Win,data/xeno_canto_indonesia/whbsho1/XC294218.mp3,SUCCESS,200.0,573425,96bd0652cddf6cb5d5a7cdad99b68b1f6d840ce0f0ad45f60ba9f0c06fe81593,23.69,44100,True,
XC391045,whbsho1,Brachypteryx montana,Irene Dy,data/xeno_canto_indonesia/whbsho1/XC391045.mp3,SUCCESS,200.0,210781,f06a925f1611e1a505da5e0daadd557ee1d70aba555716920b9a2e9338134721,12.88,44100,True,
XC409528,whbsho1,Brachypteryx montana,Frank Lambert,data/xeno_canto_indonesia/whbsho1/XC409528.mp3,SUCCESS,200.0,1932383,326d8b38ebfd4348889b138c97b162ce53e278b79e063dfe15668d87e82c9ff2,48.19,48000,True,
XC409530,whbsho1,Brachypteryx montana,Frank Lambert,data/xeno_canto_indonesia/whbsho1/XC409530.mp3,SUCCESS,200.0,624853,7159c91f3ece5d3d3392a72a61a3dcd435d7fabbff94302f656eaf7da0333528,15.5,48000,True,
XC410395,whbsho1,Brachypteryx montana,Ross Gallardy,data/xeno_canto_indonesia/whbsho1/XC410395.mp3,SUCCESS,200.0,254314,58db0f3429c6eb2d238fe2b2e66c06bbb5e6cd30f59a319397656b71102d87ad,15.53,48000,True,
XC431514,whbsho1,Brachypteryx montana,Brian Cox,data/xeno_canto_indonesia/whbsho1/XC431514.mp3,SUCCESS,200.0,541634,c668aeb5e667a1f7e2ac2d05a8427e141b4cf67a9a0699e217ff9e6edcc80e8b,30.1,22050,True,
XC490247,whbsho1,Brachypteryx montana,Ross Gallardy,data/xeno_canto_indonesia/whbsho1/XC490247.mp3,SUCCESS,200.0,136423,a31e8cd3646728270fb0215997a61e3636517d6e93a081f31511087592548eab,8.18,48000,True,
XC511158,whbsho1,Brachypteryx montana,Raphaël Jordan,data/xeno_canto_indonesia/whbsho1/XC511158.mp3,SUCCESS,200.0,691187,9e1bd62a493bc7e795aa001d7a219a5747c7394829b4c25d93e608183241f84c,17.16,44100,True,
XC56929,whbsho1,Brachypteryx montana,Fabian Ducry &Amp; David Marques,data/xeno_canto_indonesia/whbsho1/XC56929.mp3,SUCCESS,200.0,357031,95d05bfd34b731e0d900c477be845c0725c623c6927d44fc36fb6a1f5b1e1aa4,14.59,44100,True,
XC576634,whbsho1,Brachypteryx montana,Okamoto Keita Sin,data/xeno_canto_indonesia/whbsho1/XC576634.mp3,SUCCESS,200.0,386349,d34bf2d2dbb1a0e498b32eb191bfb22b727566216897a03e040a8cf0d58fa7d6,16.77,44100,True,
XC58377,whbsho1,Brachypteryx montana,Richard Thomas,data/xeno_canto_indonesia/whbsho1/XC58377.mp3,SUCCESS,200.0,746547,b21aae2c445c30eadd5368355d2d8ffe08cb8f54c9891e50ba7a85d6f743cd95,18.55,44100,True,
XC58379,whbsho1,Brachypteryx montana,Richard Thomas,data/xeno_canto_indonesia/whbsho1/XC58379.mp3,SUCCESS,200.0,704757,da039f2c7640da090355b87c37d2bf5b87aa72283c75fdec4e31e126b7e65d24,17.5,44100,True,
XC618731,whbsho1,Brachypteryx montana,Teus Luijendijk,data/xeno_canto_indonesia/whbsho1/XC618731.mp3,SUCCESS,200.0,462864,1783fdd998cfdd5418c1d5c684e8fe36ff8fe3a44a1687eafd3fc5a6115d48e8,14.66,44100,True,
XC618795,whbsho1,Brachypteryx montana,Teus Luijendijk,data/xeno_canto_indonesia/whbsho1/XC618795.mp3,SUCCESS,200.0,830229,a8940eb2c68c86d405ad900cd80435caf88109b41c5d670795e70096f0b4a930,26.73,44100,True,
XC646895,whbsho1,Brachypteryx montana,Jelle Scharringa,data/xeno_canto_indonesia/whbsho1/XC646895.mp3,SUCCESS,200.0,278493,bc1b2f15775e2410ad5c995023ef3bf2b9b14e1d0efc950e155cb54c2c63311f,17.04,44100,True,
XC67742,whbsho1,Brachypteryx montana,Frank Lambert,data/xeno_canto_indonesia/whbsho1/XC67742.mp3,SUCCESS,200.0,50164,84527a9f17686170383e198ea912756d194c0d564ae9d5a90a7587c352d61846,5.58,44100,True,
XC67743,whbsho1,Brachypteryx montana,Frank Lambert,data/xeno_canto_indonesia/whbsho1/XC67743.mp3,SUCCESS,200.0,104111,c549dd855dd6828a58c77babafe0a8b6567d3db3d365c32ab85b626f36aa2eef,12.34,44100,True,
XC681090,whbsho1,Brachypteryx montana,Mike Nelson,data/xeno_canto_indonesia/whbsho1/XC681090.mp3,SUCCESS,200.0,1059205,dfad927b0109fe4b32f4e4235fd9a66efd58f1137c0197578b4eca28dc8860e6,65.83,44100,True,
XC681091,whbsho1,Brachypteryx montana,Mike Nelson,data/xeno_canto_indonesia/whbsho1/XC681091.mp3,SUCCESS,200.0,455672,11de1ed35ebad744ce76a5d8658e2cc759a1ac4c6cdf8822be088d62fcb15dd6,28.13,44100,True,
XC70338,whbsho1,Brachypteryx montana,David Gibbs,data/xeno_canto_indonesia/whbsho1/XC70338.mp3,SUCCESS,200.0,575149,63df166196593d4bcca8102fc107b4907bd3b3530122f8763d5709b8e973be6b,35.66,44100,True,
XC70339,whbsho1,Brachypteryx montana,David Gibbs,data/xeno_canto_indonesia/whbsho1/XC70339.mp3,SUCCESS,200.0,595632,cf32fc6298729fefc456d5baaaf09a2c5348edfc697eb887f380df2ad1d0cfd2,36.94,44100,True,
XC70340,whbsho1,Brachypteryx montana,David Gibbs,data/xeno_canto_indonesia/whbsho1/XC70340.mp3,SUCCESS,200.0,561349,3bd3ee99053f3c5f35d23f74f1e9e60512cdaa0a7d1e99ec557904d37ff641a1,34.8,44100,True,
XC791748,whbsho1,Brachypteryx montana,Chi-Hsuan Shao,data/xeno_canto_indonesia/whbsho1/XC791748.mp3,SUCCESS,200.0,666863,70fc85df9987fc27a4ee72ea96a16f12d913c5edb546667d971a2a15a7e06463,41.33,48000,True,
XC90803,whbsho1,Brachypteryx montana,Fabian Ducry &Amp; David Marques,data/xeno_canto_indonesia/whbsho1/XC90803.mp3,SUCCESS,200.0,702464,3a24f285a00e010e0e5b0de55aa7500580fa11d283d9cb3fd8c03d9b074c60f1,29.01,44100,True,
