primary_label,secondary_labels,type,latitude,longitude,scientific_name,common_name,class_name,inat_taxon_id,author,license,rating,url,filename,collection
pygcup1,[],['song'],-8.6654,120.4554,Pnoepyga pusilla,Pygmy Cupwing,Aves,,Untung Sarmawi,https://creativecommons.org/licenses/by/4.0/,5.0,https://xeno-canto.org/1174149,pygcup1/XC1174149.mp3,XC
pygcup1,[],"['call, song']",-1.7099,101.3891,Pnoepyga pusilla,Pygmy Cupwing,Aves,,Kalvin Chan,https://creativecommons.org/licenses/by-nc-sa/4.0/,5.0,https://xeno-canto.org/1082253,pygcup1/XC1082253.mp3,XC
pygcup1,[],['song'],-6.7515,106.9898,Pnoepyga pusilla,Pygmy Cupwing,Aves,,Ding Li Yong,https://creativecommons.org/licenses/by-nc-nd/4.0/,5.0,https://xeno-canto.org/940265,pygcup1/XC940265.mp3,XC
pygcup1,[],['call'],-6.7295,106.9525,Pnoepyga pusilla,Pygmy Cupwing,Aves,,D. Septa,https://creativecommons.org/licenses/by-nc-sa/4.0/,5.0,https://xeno-canto.org/810950,pygcup1/XC810950.mp3,XC
pygcup1,[],"['call, song']",-7.6616,111.1849,Pnoepyga pusilla,Pygmy Cupwing,Aves,,Geoff Carey,https://creativecommons.org/licenses/by-nc-sa/4.0/,5.0,https://xeno-canto.org/737857,pygcup1/XC737857.mp3,XC
pygcup1,[],['song'],-7.6273,111.1341,Pnoepyga pusilla,Pygmy Cupwing,Aves,,Geoff Carey,https://creativecommons.org/licenses/by-nc-sa/4.0/,5.0,https://xeno-canto.org/737848,pygcup1/XC737848.mp3,XC
pygcup1,[],['song'],2.7848,98.5144,Pnoepyga pusilla,Pygmy Cupwing,Aves,,Ding Li Yong,https://creativecommons.org/licenses/by-nc-nd/4.0/,5.0,https://xeno-canto.org/648655,pygcup1/XC648655.mp3,XC
pygcup1,[],['call'],-9.5667,124.2334,Pnoepyga pusilla,Pygmy Cupwing,Aves,,Ross Gallardy,https://creativecommons.org/licenses/by-nc-sa/4.0/,5.0,https://xeno-canto.org/410160,pygcup1/XC410160.mp3,XC
pygcup1,[],['song'],-6.7515,106.9898,Pnoepyga pusilla,Pygmy Cupwing,Aves,,Frank Lambert,https://creativecommons.org/licenses/by-nc-nd/4.0/,5.0,https://xeno-canto.org/409147,pygcup1/XC409147.mp3,XC
pygcup1,[],['song'],-8.642,120.5592,Pnoepyga pusilla,Pygmy Cupwing,Aves,,Oscar Campbell,https://creativecommons.org/licenses/by-nc-sa/4.0/,5.0,https://xeno-canto.org/389508,pygcup1/XC389508.mp3,XC
pygcup1,"['Cuculus lepidus', 'Phyllergates cucullatus']",['song'],-8.6205,120.5195,Pnoepyga pusilla,Pygmy Cupwing,Aves,,Oscar Campbell,https://creativecommons.org/licenses/by-nc-sa/4.0/,5.0,https://xeno-canto.org/389504,pygcup1/XC389504.mp3,XC
pygcup1,"['Brachypteryx leucophris', 'Malacocincla sepiaria']",['song'],-6.7511,106.989,Pnoepyga pusilla,Pygmy Cupwing,Aves,,Achmad Ridha,https://creativecommons.org/licenses/by-nc-sa/4.0/,5.0,https://xeno-canto.org/318231,pygcup1/XC318231.mp3,XC
pygcup1,[],['song'],-6.7461,106.5182,Pnoepyga pusilla,Pygmy Cupwing,Aves,,Marc Anderson,https://creativecommons.org/licenses/by-nc-nd/4.0/,5.0,https://xeno-canto.org/214970,pygcup1/XC214970.mp3,XC
pygcup1,[],['song'],-6.7461,106.5182,Pnoepyga pusilla,Pygmy Cupwing,Aves,,Marc Anderson,https://creativecommons.org/licenses/by-nc-nd/4.0/,5.0,https://xeno-canto.org/214690,pygcup1/XC214690.mp3,XC
pygcup1,[],['song'],-6.5,107.3,Pnoepyga pusilla,Pygmy Cupwing,Aves,,Frank Lambert,https://creativecommons.org/licenses/by-nc-nd/4.0/,5.0,https://xeno-canto.org/161694,pygcup1/XC161694.mp3,XC
pygcup1,[],['song'],-8.62,120.519,Pnoepyga pusilla,Pygmy Cupwing,Aves,,Todd Mark,https://creativecommons.org/licenses/by-nc-nd/2.5/,5.0,https://xeno-canto.org/93808,pygcup1/XC93808.mp3,XC
pygcup1,[],['song'],-6.727348,106.97113,Pnoepyga pusilla,Pygmy Cupwing,Aves,,George Wagner,https://creativecommons.org/licenses/by-nc-nd/2.5/,5.0,https://xeno-canto.org/42265,pygcup1/XC42265.mp3,XC
pygcup1,[],['song'],-6.727348,106.97113,Pnoepyga pusilla,Pygmy Cupwing,Aves,,Brian Cox,https://creativecommons.org/licenses/by-nc-nd/2.5/,5.0,https://xeno-canto.org/39474,pygcup1/XC39474.mp3,XC
pygcup1,[],['song'],-6.7449,107.0037,Pnoepyga pusilla,Pygmy Cupwing,Aves,,Jelle Scharringa,https://creativecommons.org/licenses/by-nc-sa/4.0/,4.0,https://xeno-canto.org/1076302,pygcup1/XC1076302.mp3,XC
pygcup1,[],['song'],-1.7385,101.2599,Pnoepyga pusilla,Pygmy Cupwing,Aves,,Daan Drukker,https://creativecommons.org/licenses/by-nc-sa/4.0/,4.0,https://xeno-canto.org/963404,pygcup1/XC963404.mp3,XC
pygcup1,[],['subsong'],-6.7515,106.9898,Pnoepyga pusilla,Pygmy Cupwing,Aves,,Ding Li Yong,https://creativecommons.org/licenses/by-nc-nd/4.0/,4.0,https://xeno-canto.org/940419,pygcup1/XC940419.mp3,XC
pygcup1,[],['song'],-6.7182,106.4901,Pnoepyga pusilla,Pygmy Cupwing,Aves,,Ding Li Yong,https://creativecommons.org/licenses/by-nc-nd/4.0/,4.0,https://xeno-canto.org/923993,pygcup1/XC923993.mp3,XC
pygcup1,[],['song'],-6.7515,106.9898,Pnoepyga pusilla,Pygmy Cupwing,Aves,,Chi-Hsuan Shao,https://creativecommons.org/licenses/by-nc-sa/4.0/,4.0,https://xeno-canto.org/791743,pygcup1/XC791743.mp3,XC
pygcup1,[],['song'],-6.7432,107.0067,Pnoepyga pusilla,Pygmy Cupwing,Aves,,Jelle Scharringa,https://creativecommons.org/licenses/by-nc-sa/4.0/,4.0,https://xeno-canto.org/777845,pygcup1/XC777845.mp3,XC
pygcup1,[],['song'],-6.7414,107.0019,Pnoepyga pusilla,Pygmy Cupwing,Aves,,Jelle Scharringa,https://creativecommons.org/licenses/by-nc-sa/4.0/,4.0,https://xeno-canto.org/776150,pygcup1/XC776150.mp3,XC
pygcup1,[],['song'],-6.7427,106.9977,Pnoepyga pusilla,Pygmy Cupwing,Aves,,Jelle Scharringa,https://creativecommons.org/licenses/by-nc-sa/4.0/,4.0,https://xeno-canto.org/776148,pygcup1/XC776148.mp3,XC
pygcup1,[],['song'],-6.7427,106.9977,Pnoepyga pusilla,Pygmy Cupwing,Aves,,Jelle Scharringa,https://creativecommons.org/licenses/by-nc-sa/4.0/,4.0,https://xeno-canto.org/776147,pygcup1/XC776147.mp3,XC
pygcup1,['Psilopogon armillaris'],"['call, song']",-6.774,106.9775,Pnoepyga pusilla,Pygmy Cupwing,Aves,,Mike Nelson,https://creativecommons.org/licenses/by-nc-sa/4.0/,4.0,https://xeno-canto.org/691485,pygcup1/XC691485.mp3,XC
pygcup1,[],['song'],-6.7273,106.9711,Pnoepyga pusilla,Pygmy Cupwing,Aves,,Mike Nelson,https://creativecommons.org/licenses/by-nc-sa/4.0/,4.0,https://xeno-canto.org/681096,pygcup1/XC681096.mp3,XC
pygcup1,[],['song'],-6.7714,107.6307,Pnoepyga pusilla,Pygmy Cupwing,Aves,,Jelle Scharringa,https://creativecommons.org/licenses/by-nc-sa/4.0/,4.0,https://xeno-canto.org/633515,pygcup1/XC633515.mp3,XC
pygcup1,[],['song'],-6.7414,107.0019,Pnoepyga pusilla,Pygmy Cupwing,Aves,,Jelle Scharringa,https://creativecommons.org/licenses/by-nc-sa/4.0/,4.0,https://xeno-canto.org/633510,pygcup1/XC633510.mp3,XC
pygcup1,[],['song'],-6.7427,106.9977,Pnoepyga pusilla,Pygmy Cupwing,Aves,,Jelle Scharringa,https://creativecommons.org/licenses/by-nc-sa/4.0/,4.0,https://xeno-canto.org/633509,pygcup1/XC633509.mp3,XC
pygcup1,[],['song'],-1.741,101.26,Pnoepyga pusilla,Pygmy Cupwing,Aves,,Garry Bakker,https://creativecommons.org/licenses/by-nc-sa/4.0/,4.0,https://xeno-canto.org/576879,pygcup1/XC576879.mp3,XC
pygcup1,[],['song'],-6.7878,106.9819,Pnoepyga pusilla,Pygmy Cupwing,Aves,,Okamoto Keita Sin,https://creativecommons.org/licenses/by-nc-sa/4.0/,4.0,https://xeno-canto.org/528831,pygcup1/XC528831.mp3,XC
pygcup1,[],['song'],-6.7878,106.9819,Pnoepyga pusilla,Pygmy Cupwing,Aves,,Okamoto Keita Sin,https://creativecommons.org/licenses/by-nc-sa/4.0/,4.0,https://xeno-canto.org/528830,pygcup1/XC528830.mp3,XC
pygcup1,[],['song'],-6.7878,106.9819,Pnoepyga pusilla,Pygmy Cupwing,Aves,,Okamoto Keita Sin,https://creativecommons.org/licenses/by-nc-sa/4.0/,4.0,https://xeno-canto.org/528829,pygcup1/XC528829.mp3,XC
pygcup1,[],['song'],-6.7515,106.9898,Pnoepyga pusilla,Pygmy Cupwing,Aves,,Ross Gallardy,https://creativecommons.org/licenses/by-nc-sa/4.0/,4.0,https://xeno-canto.org/490248,pygcup1/XC490248.mp3,XC
pygcup1,[],['call'],,,Pnoepyga pusilla,Pygmy Cupwing,Aves,,Brendan Sloan,https://creativecommons.org/licenses/by-nc-nd/4.0/,4.0,https://xeno-canto.org/454439,pygcup1/XC454439.mp3,XC
pygcup1,[],['call'],4.3043,96.5658,Pnoepyga pusilla,Pygmy Cupwing,Aves,,Brian Cox,https://creativecommons.org/licenses/by-nc-sa/4.0/,4.0,https://xeno-canto.org/431612,pygcup1/XC431612.mp3,XC
pygcup1,[],['song'],-1.74,101.26,Pnoepyga pusilla,Pygmy Cupwing,Aves,,Brian Cox,https://creativecommons.org/licenses/by-nc-sa/4.0/,4.0,https://xeno-canto.org/431525,pygcup1/XC431525.mp3,XC
pygcup1,[],['song'],-1.7342,101.2512,Pnoepyga pusilla,Pygmy Cupwing,Aves,,Frank Lambert,https://creativecommons.org/licenses/by-nc-nd/4.0/,4.0,https://xeno-canto.org/409572,pygcup1/XC409572.mp3,XC
pygcup1,[],['song'],-7.2435,109.1279,Pnoepyga pusilla,Pygmy Cupwing,Aves,,Karyadi Baskoro,https://creativecommons.org/licenses/by-nc-sa/4.0/,4.0,https://xeno-canto.org/376207,pygcup1/XC376207.mp3,XC
pygcup1,[],['song'],-8.0793,114.2289,Pnoepyga pusilla,Pygmy Cupwing,Aves,,Gareth K.,https://creativecommons.org/licenses/by-nc-sa/4.0/,4.0,https://xeno-canto.org/352875,pygcup1/XC352875.mp3,XC
pygcup1,[],['song'],-8.7689,121.8221,Pnoepyga pusilla,Pygmy Cupwing,Aves,,Raf Drijvers,https://creativecommons.org/licenses/by-nc-sa/4.0/,4.0,https://xeno-canto.org/350532,pygcup1/XC350532.mp3,XC
pygcup1,[],['song'],-8.7689,121.8221,Pnoepyga pusilla,Pygmy Cupwing,Aves,,Raf Drijvers,https://creativecommons.org/licenses/by-nc-sa/4.0/,4.0,https://xeno-canto.org/350531,pygcup1/XC350531.mp3,XC
pygcup1,['Cuculus lepidus'],['song'],-8.7689,121.8221,Pnoepyga pusilla,Pygmy Cupwing,Aves,,Raf Drijvers,https://creativecommons.org/licenses/by-nc-sa/4.0/,4.0,https://xeno-canto.org/350530,pygcup1/XC350530.mp3,XC
pygcup1,[],['call'],,,Pnoepyga pusilla,Pygmy Cupwing,Aves,,Brendan Sloan,https://creativecommons.org/licenses/by-nc-sa/4.0/,4.0,https://xeno-canto.org/336358,pygcup1/XC336358.mp3,XC
pygcup1,[],['call'],,,Pnoepyga pusilla,Pygmy Cupwing,Aves,,Brendan Sloan,https://creativecommons.org/licenses/by-nc-sa/4.0/,4.0,https://xeno-canto.org/336108,pygcup1/XC336108.mp3,XC
pygcup1,[],['song'],-4.9442,103.8332,Pnoepyga pusilla,Pygmy Cupwing,Aves,,Gareth K.,https://creativecommons.org/licenses/by-nc-sa/4.0/,4.0,https://xeno-canto.org/301156,pygcup1/XC301156.mp3,XC
pygcup1,[],"['call, song']",-8.692,120.449,Pnoepyga pusilla,Pygmy Cupwing,Aves,,Mike Nelson,https://creativecommons.org/licenses/by-nc-sa/4.0/,4.0,https://xeno-canto.org/292531,pygcup1/XC292531.mp3,XC
pygcup1,[],"['call, song']",-8.692,120.449,Pnoepyga pusilla,Pygmy Cupwing,Aves,,Mike Nelson,https://creativecommons.org/licenses/by-nc-sa/4.0/,4.0,https://xeno-canto.org/292523,pygcup1/XC292523.mp3,XC
pygcup1,[],['song'],-9.5667,124.2334,Pnoepyga pusilla,Pygmy Cupwing,Aves,,Mike Nelson,https://creativecommons.org/licenses/by-nc-sa/4.0/,4.0,https://xeno-canto.org/292409,pygcup1/XC292409.mp3,XC
pygcup1,[],['song'],-9.5667,124.2334,Pnoepyga pusilla,Pygmy Cupwing,Aves,,Mike Nelson,https://creativecommons.org/licenses/by-nc-sa/4.0/,4.0,https://xeno-canto.org/292408,pygcup1/XC292408.mp3,XC
pygcup1,[],['song'],-8.692,120.449,Pnoepyga pusilla,Pygmy Cupwing,Aves,,Jacob Hervé,https://creativecommons.org/licenses/by-nc-sa/4.0/,4.0,https://xeno-canto.org/289604,pygcup1/XC289604.mp3,XC
pygcup1,[],['song'],-2.0498,101.3073,Pnoepyga pusilla,Pygmy Cupwing,Aves,,Mike Nelson,https://creativecommons.org/licenses/by-nc-sa/4.0/,4.0,https://xeno-canto.org/242633,pygcup1/XC242633.mp3,XC
pygcup1,[],['song'],-1.7342,101.2512,Pnoepyga pusilla,Pygmy Cupwing,Aves,,Mike Nelson,https://creativecommons.org/licenses/by-nc-sa/4.0/,4.0,https://xeno-canto.org/241685,pygcup1/XC241685.mp3,XC
pygcup1,[],['song'],-1.7342,101.2512,Pnoepyga pusilla,Pygmy Cupwing,Aves,,Mike Nelson,https://creativecommons.org/licenses/by-nc-sa/4.0/,4.0,https://xeno-canto.org/241683,pygcup1/XC241683.mp3,XC
pygcup1,[],['song'],-1.7342,101.2512,Pnoepyga pusilla,Pygmy Cupwing,Aves,,Mike Nelson,https://creativecommons.org/licenses/by-nc-sa/4.0/,4.0,https://xeno-canto.org/241682,pygcup1/XC241682.mp3,XC
pygcup1,[],['song'],-1.7342,101.2512,Pnoepyga pusilla,Pygmy Cupwing,Aves,,Mike Nelson,https://creativecommons.org/licenses/by-nc-sa/4.0/,4.0,https://xeno-canto.org/241681,pygcup1/XC241681.mp3,XC
pygcup1,[],"['alarm call, call']",-6.7515,106.9898,Pnoepyga pusilla,Pygmy Cupwing,Aves,,Paulo Alves,https://creativecommons.org/licenses/by-nc-sa/4.0/,4.0,https://xeno-canto.org/237120,pygcup1/XC237120.mp3,XC
pygcup1,"['Brachypteryx leucophris', 'Psilopogon armillaris']",['song'],-6.7419,107.0079,Pnoepyga pusilla,Pygmy Cupwing,Aves,,Paulo Alves,https://creativecommons.org/licenses/by-nc-sa/4.0/,4.0,https://xeno-canto.org/215398,pygcup1/XC215398.mp3,XC
pygcup1,['Cyanoderma melanothorax'],['song'],-6.7515,106.9898,Pnoepyga pusilla,Pygmy Cupwing,Aves,,Paulo Alves,https://creativecommons.org/licenses/by-nc-sa/4.0/,4.0,https://xeno-canto.org/215396,pygcup1/XC215396.mp3,XC
pygcup1,[],['call'],-6.7461,106.5182,Pnoepyga pusilla,Pygmy Cupwing,Aves,,Marc Anderson,https://creativecommons.org/licenses/by-nc-nd/4.0/,4.0,https://xeno-canto.org/215097,pygcup1/XC215097.mp3,XC
pygcup1,[],['alarm call'],-6.7273,106.9711,Pnoepyga pusilla,Pygmy Cupwing,Aves,,Mike Nelson,https://creativecommons.org/licenses/by-nc-sa/4.0/,4.0,https://xeno-canto.org/204314,pygcup1/XC204314.mp3,XC
pygcup1,[],['song'],-6.7461,106.5182,Pnoepyga pusilla,Pygmy Cupwing,Aves,,Mike Nelson,https://creativecommons.org/licenses/by-nc-sa/4.0/,4.0,https://xeno-canto.org/204140,pygcup1/XC204140.mp3,XC
pygcup1,[],['song'],-1.7342,101.2512,Pnoepyga pusilla,Pygmy Cupwing,Aves,,Marc Thibault,https://creativecommons.org/licenses/by-nc-sa/4.0/,4.0,https://xeno-canto.org/195580,pygcup1/XC195580.mp3,XC
pygcup1,[],['song'],-6.7182,106.4901,Pnoepyga pusilla,Pygmy Cupwing,Aves,,Ding Li Yong,https://creativecommons.org/licenses/by-nc-nd/4.0/,4.0,https://xeno-canto.org/182843,pygcup1/XC182843.mp3,XC
pygcup1,[],"['alarm call, call']",,,Pnoepyga pusilla,Pygmy Cupwing,Aves,,Adi Sugiharto,https://creativecommons.org/licenses/by-nc-sa/4.0/,4.0,https://xeno-canto.org/173911,pygcup1/XC173911.mp3,XC
pygcup1,[],['song'],-6.6762,106.5164,Pnoepyga pusilla,Pygmy Cupwing,Aves,,Frank Lambert,https://creativecommons.org/licenses/by-nc-nd/4.0/,4.0,https://xeno-canto.org/166735,pygcup1/XC166735.mp3,XC
pygcup1,[],['song'],-6.6762,106.5164,Pnoepyga pusilla,Pygmy Cupwing,Aves,,Frank Lambert,https://creativecommons.org/licenses/by-nc-nd/4.0/,4.0,https://xeno-canto.org/166734,pygcup1/XC166734.mp3,XC
pygcup1,[],['song'],-6.7414,107.0019,Pnoepyga pusilla,Pygmy Cupwing,Aves,,Frank Lambert,https://creativecommons.org/licenses/by-nc-nd/4.0/,4.0,https://xeno-canto.org/166733,pygcup1/XC166733.mp3,XC
pygcup1,[],['call'],-6.7414,107.0019,Pnoepyga pusilla,Pygmy Cupwing,Aves,,Frank Lambert,https://creativecommons.org/licenses/by-nc-nd/4.0/,4.0,https://xeno-canto.org/166732,pygcup1/XC166732.mp3,XC
pygcup1,[],['song'],-4.9667,103.8501,Pnoepyga pusilla,Pygmy Cupwing,Aves,,Fabian Ducry &Amp; David Marques,https://creativecommons.org/licenses/by-nc-nd/2.5/,4.0,https://xeno-canto.org/90936,pygcup1/XC90936.mp3,XC
pygcup1,[],['song'],-4.9667,103.8501,Pnoepyga pusilla,Pygmy Cupwing,Aves,,Fabian Ducry &Amp; David Marques,https://creativecommons.org/licenses/by-nc-nd/2.5/,4.0,https://xeno-canto.org/90919,pygcup1/XC90919.mp3,XC
pygcup1,[],"['call, call note']",-6.6762,106.5164,Pnoepyga pusilla,Pygmy Cupwing,Aves,,Bas Van Balen,https://creativecommons.org/licenses/by-nc-nd/2.5/,4.0,https://xeno-canto.org/71651,pygcup1/XC71651.mp3,XC
pygcup1,[],['song'],-1.7401,101.2601,Pnoepyga pusilla,Pygmy Cupwing,Aves,,David Gibbs,https://creativecommons.org/licenses/by-nc-nd/2.5/,4.0,https://xeno-canto.org/70295,pygcup1/XC70295.mp3,XC
pygcup1,[],['song'],-6.727348,106.97113,Pnoepyga pusilla,Pygmy Cupwing,Aves,,David Gibbs,https://creativecommons.org/licenses/by-nc-nd/2.5/,4.0,https://xeno-canto.org/70243,pygcup1/XC70243.mp3,XC
pygcup1,[],['song'],-9.56,124.23,Pnoepyga pusilla,Pygmy Cupwing,Aves,,Frank Lambert,https://creativecommons.org/licenses/by-nc-nd/4.0/,4.0,https://xeno-canto.org/69238,pygcup1/XC69238.mp3,XC
pygcup1,[],['song'],-9.56,124.23,Pnoepyga pusilla,Pygmy Cupwing,Aves,,Frank Lambert,https://creativecommons.org/licenses/by-nc-nd/4.0/,4.0,https://xeno-canto.org/69237,pygcup1/XC69237.mp3,XC
pygcup1,[],['song'],-9.56,124.23,Pnoepyga pusilla,Pygmy Cupwing,Aves,,Frank Lambert,https://creativecommons.org/licenses/by-nc-nd/4.0/,4.0,https://xeno-canto.org/69236,pygcup1/XC69236.mp3,XC
pygcup1,[],['song'],-9.56,124.23,Pnoepyga pusilla,Pygmy Cupwing,Aves,,Frank Lambert,https://creativecommons.org/licenses/by-nc-nd/4.0/,4.0,https://xeno-canto.org/69235,pygcup1/XC69235.mp3,XC
pygcup1,[],['song'],-9.56,124.23,Pnoepyga pusilla,Pygmy Cupwing,Aves,,Frank Lambert,https://creativecommons.org/licenses/by-nc-nd/4.0/,4.0,https://xeno-canto.org/69234,pygcup1/XC69234.mp3,XC
pygcup1,['Ptilinopus cinctus'],['song'],-9.56,124.23,Pnoepyga pusilla,Pygmy Cupwing,Aves,,Frank Lambert,https://creativecommons.org/licenses/by-nc-nd/4.0/,4.0,https://xeno-canto.org/69233,pygcup1/XC69233.mp3,XC
pygcup1,[],['call'],-9.56,124.23,Pnoepyga pusilla,Pygmy Cupwing,Aves,,Frank Lambert,https://creativecommons.org/licenses/by-nc-nd/4.0/,4.0,https://xeno-canto.org/69231,pygcup1/XC69231.mp3,XC
pygcup1,[],['call'],-9.56,124.23,Pnoepyga pusilla,Pygmy Cupwing,Aves,,Frank Lambert,https://creativecommons.org/licenses/by-nc-nd/4.0/,4.0,https://xeno-canto.org/69230,pygcup1/XC69230.mp3,XC
pygcup1,[],['call'],-9.56,124.23,Pnoepyga pusilla,Pygmy Cupwing,Aves,,Frank Lambert,https://creativecommons.org/licenses/by-nc-nd/4.0/,4.0,https://xeno-canto.org/69229,pygcup1/XC69229.mp3,XC
pygcup1,[],['song'],-6.5,107.3,Pnoepyga pusilla,Pygmy Cupwing,Aves,,Frank Lambert,https://creativecommons.org/licenses/by-nc-nd/4.0/,4.0,https://xeno-canto.org/69228,pygcup1/XC69228.mp3,XC
pygcup1,[],['call'],-4.9667,103.8501,Pnoepyga pusilla,Pygmy Cupwing,Aves,,Brian Cox,https://creativecommons.org/licenses/by-nc-nd/2.5/,4.0,https://xeno-canto.org/39506,pygcup1/XC39506.mp3,XC
pygcup1,[],['call'],-6.6762,106.5164,Pnoepyga pusilla,Pygmy Cupwing,Aves,,Brian Cox,https://creativecommons.org/licenses/by-nc-nd/2.5/,4.0,https://xeno-canto.org/39487,pygcup1/XC39487.mp3,XC
pygcup1,[],['song'],-7.299,109.2205,Pnoepyga pusilla,Pygmy Cupwing,Aves,,Bas Van Balen,https://creativecommons.org/licenses/by-nc-nd/2.5/,4.0,https://xeno-canto.org/36876,pygcup1/XC36876.mp3,XC
pygcup1,"['Corvus enca', 'Psilopogon lineatus']",['?'],-7.5559,110.4451,Pnoepyga pusilla,Pygmy Cupwing,Aves,,Bas Van Balen,https://creativecommons.org/licenses/by-nc-nd/2.5/,4.0,https://xeno-canto.org/36863,pygcup1/XC36863.mp3,XC
pygcup1,[],['song'],-9.5667,124.2334,Pnoepyga pusilla,Pygmy Cupwing,Aves,,James Eaton,https://creativecommons.org/licenses/by-nc-nd/2.5/,4.0,https://xeno-canto.org/24108,pygcup1/XC24108.mp3,XC
pygcup1,['Malacocincla sepiaria'],['dawn song'],-6.7515,106.9898,Pnoepyga pusilla,Pygmy Cupwing,Aves,,Ding Li Yong,https://creativecommons.org/licenses/by-nc-nd/4.0/,3.0,https://xeno-canto.org/944655,pygcup1/XC944655.mp3,XC
pygcup1,[],['song'],-6.7691,106.9792,Pnoepyga pusilla,Pygmy Cupwing,Aves,,Teus Luijendijk,https://creativecommons.org/licenses/by-nc-nd/4.0/,3.0,https://xeno-canto.org/618740,pygcup1/XC618740.mp3,XC
pygcup1,[],['song'],-7.1731,110.3488,Pnoepyga pusilla,Pygmy Cupwing,Aves,,Karyadi Baskoro,https://creativecommons.org/licenses/by-nc-sa/4.0/,3.0,https://xeno-canto.org/376567,pygcup1/XC376567.mp3,XC
pygcup1,[],['call'],,,Pnoepyga pusilla,Pygmy Cupwing,Aves,,Brendan Sloan,https://creativecommons.org/licenses/by-nc-sa/4.0/,3.0,https://xeno-canto.org/335968,pygcup1/XC335968.mp3,XC
pygcup1,[],['call'],-6.771,107.6229,Pnoepyga pusilla,Pygmy Cupwing,Aves,,Sidiq Pambudi,https://creativecommons.org/licenses/by-nc-sa/4.0/,3.0,https://xeno-canto.org/206313,pygcup1/XC206313.mp3,XC
pygcup1,[],['song'],-9.56,124.23,Pnoepyga pusilla,Pygmy Cupwing,Aves,,Frank Lambert,https://creativecommons.org/licenses/by-nc-nd/4.0/,3.0,https://xeno-canto.org/69232,pygcup1/XC69232.mp3,XC
pygcup1,[],['song'],-8.6334,120.5601,Pnoepyga pusilla,Pygmy Cupwing,Aves,,Allen T. Chartier,https://creativecommons.org/licenses/by-nc-sa/3.0/,3.0,https://xeno-canto.org/31432,pygcup1/XC31432.mp3,XC
pygcup1,[],['song'],-8.6334,120.5601,Pnoepyga pusilla,Pygmy Cupwing,Aves,,Allen T. Chartier,https://creativecommons.org/licenses/by-nc-sa/3.0/,3.0,https://xeno-canto.org/31431,pygcup1/XC31431.mp3,XC
pygcup1,[],['song'],-8.6334,120.5601,Pnoepyga pusilla,Pygmy Cupwing,Aves,,Allen T. Chartier,https://creativecommons.org/licenses/by-nc-sa/3.0/,3.0,https://xeno-canto.org/31430,pygcup1/XC31430.mp3,XC
pygcup1,[],['song'],-8.6334,120.5601,Pnoepyga pusilla,Pygmy Cupwing,Aves,,Allen T. Chartier,https://creativecommons.org/licenses/by-nc-sa/3.0/,3.0,https://xeno-canto.org/31429,pygcup1/XC31429.mp3,XC
pygcup1,['Pachycephala nudigula'],['song'],-8.6334,120.5601,Pnoepyga pusilla,Pygmy Cupwing,Aves,,Allen T. Chartier,https://creativecommons.org/licenses/by-nc-sa/3.0/,3.0,https://xeno-canto.org/31428,pygcup1/XC31428.mp3,XC
pygcup1,[],"['begging call, hatchling or nestling']",-6.7691,106.9792,Pnoepyga pusilla,Pygmy Cupwing,Aves,,Teus Luijendijk,https://creativecommons.org/licenses/by-nc-nd/4.0/,2.0,https://xeno-canto.org/618714,pygcup1/XC618714.mp3,XC
pygcup1,[],['song'],,,Pnoepyga pusilla,Pygmy Cupwing,Aves,,Lau Jia Sheng,https://creativecommons.org/licenses/by-nc-sa/4.0/,2.0,https://xeno-canto.org/178456,pygcup1/XC178456.mp3,XC
moutai1,[],['song'],1.348,124.8361,Phyllergates cucullatus,Mountain Tailorbird,Aves,,Ding Li Yong,https://creativecommons.org/licenses/by-nc-nd/4.0/,5.0,https://xeno-canto.org/1162378,moutai1/XC1162378.mp3,XC
moutai1,"['Gerygone sulphurea', 'Phylloscopus nesophilus']",['song'],-1.32,120.3,Phyllergates cucullatus,Mountain Tailorbird,Aves,,Richard E. Webster,https://creativecommons.org/licenses/by-nc-sa/4.0/,5.0,https://xeno-canto.org/1076576,moutai1/XC1076576.mp3,XC
moutai1,"['Ptilinopus superbus', 'Macropygia doreya']",['song'],1.35,124.8664,Phyllergates cucullatus,Mountain Tailorbird,Aves,,Richard E. Webster,https://creativecommons.org/licenses/by-nc-sa/4.0/,5.0,https://xeno-canto.org/1076573,moutai1/XC1076573.mp3,XC
moutai1,[],['song'],1.35,124.8664,Phyllergates cucullatus,Mountain Tailorbird,Aves,,Richard E. Webster,https://creativecommons.org/licenses/by-nc-sa/4.0/,5.0,https://xeno-canto.org/1076571,moutai1/XC1076571.mp3,XC
moutai1,[],['song'],1.35,124.8664,Phyllergates cucullatus,Mountain Tailorbird,Aves,,Ding Li Yong,https://creativecommons.org/licenses/by-nc-nd/4.0/,5.0,https://xeno-canto.org/924373,moutai1/XC924373.mp3,XC
moutai1,[],"['call, song']",1.35,124.8664,Phyllergates cucullatus,Mountain Tailorbird,Aves,,Ding Li Yong,https://creativecommons.org/licenses/by-nc-nd/4.0/,5.0,https://xeno-canto.org/924328,moutai1/XC924328.mp3,XC
moutai1,[],"['call, song']",0.7769,124.3939,Phyllergates cucullatus,Mountain Tailorbird,Aves,,Greg Irving,https://creativecommons.org/licenses/by-nc-sa/4.0/,5.0,https://xeno-canto.org/823688,moutai1/XC823688.mp3,XC
moutai1,[],['song'],1.35,124.8664,Phyllergates cucullatus,Mountain Tailorbird,Aves,,Greg Irving,https://creativecommons.org/licenses/by-nc-sa/4.0/,5.0,https://xeno-canto.org/823486,moutai1/XC823486.mp3,XC
moutai1,[],['song'],-1.5159,120.2301,Phyllergates cucullatus,Mountain Tailorbird,Aves,,Ding Li Yong,https://creativecommons.org/licenses/by-nc-nd/4.0/,5.0,https://xeno-canto.org/669190,moutai1/XC669190.mp3,XC
moutai1,"['Brachypteryx leucophris', 'Psilopogon armillaris']",['song'],-6.7878,106.9819,Phyllergates cucullatus,Mountain Tailorbird,Aves,,Okamoto Keita Sin,https://creativecommons.org/licenses/by-nc-sa/4.0/,5.0,https://xeno-canto.org/528833,moutai1/XC528833.mp3,XC
moutai1,[],['song'],-3.1692,129.4714,Phyllergates cucullatus,Mountain Tailorbird,Aves,,Ross Gallardy,https://creativecommons.org/licenses/by-nc-sa/4.0/,5.0,https://xeno-canto.org/417893,moutai1/XC417893.mp3,XC
moutai1,[],"['call, song']",-8.6205,120.5195,Phyllergates cucullatus,Mountain Tailorbird,Aves,,Oscar Campbell,https://creativecommons.org/licenses/by-nc-sa/4.0/,5.0,https://xeno-canto.org/389505,moutai1/XC389505.mp3,XC
moutai1,[],['call'],-6.7273,106.9711,Phyllergates cucullatus,Mountain Tailorbird,Aves,,Peter Ericsson,https://creativecommons.org/licenses/by-nc-sa/4.0/,5.0,https://xeno-canto.org/288195,moutai1/XC288195.mp3,XC
moutai1,[],['song'],-6.7691,107.6232,Phyllergates cucullatus,Mountain Tailorbird,Aves,,Sidiq Pambudi,https://creativecommons.org/licenses/by-nc-sa/4.0/,5.0,https://xeno-canto.org/206261,moutai1/XC206261.mp3,XC
moutai1,[],['song'],-8.2719,115.1552,Phyllergates cucullatus,Mountain Tailorbird,Aves,,Bruno Durand,https://creativecommons.org/licenses/by-nc-sa/4.0/,5.0,https://xeno-canto.org/200542,moutai1/XC200542.mp3,XC
moutai1,['Psilopogon oorti'],['song'],-1.7342,101.2512,Phyllergates cucullatus,Mountain Tailorbird,Aves,,Marc Thibault,https://creativecommons.org/licenses/by-nc-sa/4.0/,5.0,https://xeno-canto.org/196206,moutai1/XC196206.mp3,XC
moutai1,[],['song'],-8.0739,114.2237,Phyllergates cucullatus,Mountain Tailorbird,Aves,,George Wagner,https://creativecommons.org/licenses/by-nc-nd/2.5/,5.0,https://xeno-canto.org/42373,moutai1/XC42373.mp3,XC
moutai1,"['Gerygone sulphurea', 'Nisaetus lanceolatus']",['song'],-1.3256,120.3089,Phyllergates cucullatus,Mountain Tailorbird,Aves,,Richard E. Webster,https://creativecommons.org/licenses/by-nc-sa/4.0/,4.0,https://xeno-canto.org/1076577,moutai1/XC1076577.mp3,XC
moutai1,['Zosterops atrifrons'],"['call, song']",1.3571,124.8579,Phyllergates cucullatus,Mountain Tailorbird,Aves,,Richard E. Webster,https://creativecommons.org/licenses/by-nc-sa/4.0/,4.0,https://xeno-canto.org/1076574,moutai1/XC1076574.mp3,XC
moutai1,[],['song'],1.35,124.8664,Phyllergates cucullatus,Mountain Tailorbird,Aves,,Richard E. Webster,https://creativecommons.org/licenses/by-nc-sa/4.0/,4.0,https://xeno-canto.org/1076572,moutai1/XC1076572.mp3,XC
moutai1,"['Zosterops japonicus', 'Rhamphococcyx calyorhynchus']",['song'],1.35,124.8664,Phyllergates cucullatus,Mountain Tailorbird,Aves,,Greg Irving,https://creativecommons.org/licenses/by-nc-sa/4.0/,4.0,https://xeno-canto.org/825291,moutai1/XC825291.mp3,XC
moutai1,[],"['alarm call, call, song']",0.7769,124.3939,Phyllergates cucullatus,Mountain Tailorbird,Aves,,Greg Irving,https://creativecommons.org/licenses/by-nc-sa/4.0/,4.0,https://xeno-canto.org/823687,moutai1/XC823687.mp3,XC
moutai1,[],['song'],1.35,124.8664,Phyllergates cucullatus,Mountain Tailorbird,Aves,,Greg Irving,https://creativecommons.org/licenses/by-nc-sa/4.0/,4.0,https://xeno-canto.org/823484,moutai1/XC823484.mp3,XC
moutai1,[],['song'],1.35,124.8664,Phyllergates cucullatus,Mountain Tailorbird,Aves,,Greg Irving,https://creativecommons.org/licenses/by-nc-sa/4.0/,4.0,https://xeno-canto.org/823483,moutai1/XC823483.mp3,XC
moutai1,[],['song'],1.35,124.8664,Phyllergates cucullatus,Mountain Tailorbird,Aves,,Greg Irving,https://creativecommons.org/licenses/by-nc-sa/4.0/,4.0,https://xeno-canto.org/820627,moutai1/XC820627.mp3,XC
moutai1,[],['song'],-5.2686,119.877,Phyllergates cucullatus,Mountain Tailorbird,Aves,,Mike Nelson,https://creativecommons.org/licenses/by-nc-sa/4.0/,4.0,https://xeno-canto.org/687359,moutai1/XC687359.mp3,XC
moutai1,[],"['call, song']",2.8099,98.4942,Phyllergates cucullatus,Mountain Tailorbird,Aves,,Ding Li Yong,https://creativecommons.org/licenses/by-nc-nd/4.0/,4.0,https://xeno-canto.org/659852,moutai1/XC659852.mp3,XC
moutai1,"['Phylloscopus trivirgatus', 'Phylloscopus grammiceps']",['song'],-6.746,107.0068,Phyllergates cucullatus,Mountain Tailorbird,Aves,,Jelle Scharringa,https://creativecommons.org/licenses/by-nc-sa/4.0/,4.0,https://xeno-canto.org/634768,moutai1/XC634768.mp3,XC
moutai1,[],['song'],-3.6825,121.2143,Phyllergates cucullatus,Mountain Tailorbird,Aves,,Frank Lambert,https://creativecommons.org/licenses/by-nc-nd/4.0/,4.0,https://xeno-canto.org/598387,moutai1/XC598387.mp3,XC
moutai1,[],['song'],-3.6825,121.2143,Phyllergates cucullatus,Mountain Tailorbird,Aves,,Frank Lambert,https://creativecommons.org/licenses/by-nc-nd/4.0/,4.0,https://xeno-canto.org/598386,moutai1/XC598386.mp3,XC
moutai1,[],"['call, song']",-3.6825,121.2143,Phyllergates cucullatus,Mountain Tailorbird,Aves,,Frank Lambert,https://creativecommons.org/licenses/by-nc-nd/4.0/,4.0,https://xeno-canto.org/598385,moutai1/XC598385.mp3,XC
moutai1,[],"['call, song']",-3.6825,121.2143,Phyllergates cucullatus,Mountain Tailorbird,Aves,,Frank Lambert,https://creativecommons.org/licenses/by-nc-nd/4.0/,4.0,https://xeno-canto.org/598384,moutai1/XC598384.mp3,XC
moutai1,[],"['call, song']",-3.6825,121.2143,Phyllergates cucullatus,Mountain Tailorbird,Aves,,Frank Lambert,https://creativecommons.org/licenses/by-nc-nd/4.0/,4.0,https://xeno-canto.org/598383,moutai1/XC598383.mp3,XC
moutai1,[],['call'],-3.6825,121.2143,Phyllergates cucullatus,Mountain Tailorbird,Aves,,Frank Lambert,https://creativecommons.org/licenses/by-nc-nd/4.0/,4.0,https://xeno-canto.org/598382,moutai1/XC598382.mp3,XC
moutai1,[],['call'],2.8099,98.4942,Phyllergates cucullatus,Mountain Tailorbird,Aves,,Ding Li Yong,https://creativecommons.org/licenses/by-nc-nd/4.0/,4.0,https://xeno-canto.org/502210,moutai1/XC502210.mp3,XC
moutai1,[],['song'],-8.0849,114.2364,Phyllergates cucullatus,Mountain Tailorbird,Aves,,Frank Lambert,https://creativecommons.org/licenses/by-nc-nd/4.0/,4.0,https://xeno-canto.org/468886,moutai1/XC468886.mp3,XC
moutai1,[],['song'],-8.0849,114.2364,Phyllergates cucullatus,Mountain Tailorbird,Aves,,Frank Lambert,https://creativecommons.org/licenses/by-nc-nd/4.0/,4.0,https://xeno-canto.org/468885,moutai1/XC468885.mp3,XC
moutai1,[],['song'],-8.0849,114.2364,Phyllergates cucullatus,Mountain Tailorbird,Aves,,Frank Lambert,https://creativecommons.org/licenses/by-nc-nd/4.0/,4.0,https://xeno-canto.org/468884,moutai1/XC468884.mp3,XC
moutai1,[],['song'],1.35,124.8664,Phyllergates cucullatus,Mountain Tailorbird,Aves,,Yann Muzika,https://creativecommons.org/licenses/by-nc-sa/4.0/,4.0,https://xeno-canto.org/444143,moutai1/XC444143.mp3,XC
moutai1,[],['call'],-3.3542,126.5303,Phyllergates cucullatus,Mountain Tailorbird,Aves,,Ross Gallardy,https://creativecommons.org/licenses/by-nc-sa/4.0/,4.0,https://xeno-canto.org/417535,moutai1/XC417535.mp3,XC
moutai1,[],['song'],1.3469,124.8712,Phyllergates cucullatus,Mountain Tailorbird,Aves,,Ross Gallardy,https://creativecommons.org/licenses/by-nc-sa/4.0/,4.0,https://xeno-canto.org/413964,moutai1/XC413964.mp3,XC
moutai1,[],['song'],1.3469,124.8712,Phyllergates cucullatus,Mountain Tailorbird,Aves,,Ross Gallardy,https://creativecommons.org/licenses/by-nc-sa/4.0/,4.0,https://xeno-canto.org/413960,moutai1/XC413960.mp3,XC
moutai1,[],['call'],-3.0,129.4,Phyllergates cucullatus,Mountain Tailorbird,Aves,,Jacob Hervé,https://creativecommons.org/licenses/by-nc-sa/4.0/,4.0,https://xeno-canto.org/395510,moutai1/XC395510.mp3,XC
moutai1,[],['song'],-3.0,129.4,Phyllergates cucullatus,Mountain Tailorbird,Aves,,Jacob Hervé,https://creativecommons.org/licenses/by-nc-sa/4.0/,4.0,https://xeno-canto.org/395509,moutai1/XC395509.mp3,XC
moutai1,[],['song'],-8.7689,121.8221,Phyllergates cucullatus,Mountain Tailorbird,Aves,,Raf Drijvers,https://creativecommons.org/licenses/by-nc-sa/4.0/,4.0,https://xeno-canto.org/350550,moutai1/XC350550.mp3,XC
moutai1,[],['song'],-8.7689,121.8221,Phyllergates cucullatus,Mountain Tailorbird,Aves,,Raf Drijvers,https://creativecommons.org/licenses/by-nc-sa/4.0/,4.0,https://xeno-canto.org/350548,moutai1/XC350548.mp3,XC
moutai1,[],['call'],,,Phyllergates cucullatus,Mountain Tailorbird,Aves,,Brendan Sloan,https://creativecommons.org/licenses/by-nc-sa/4.0/,4.0,https://xeno-canto.org/336099,moutai1/XC336099.mp3,XC
moutai1,[],['call'],,,Phyllergates cucullatus,Mountain Tailorbird,Aves,,Brendan Sloan,https://creativecommons.org/licenses/by-nc-sa/4.0/,4.0,https://xeno-canto.org/336098,moutai1/XC336098.mp3,XC
moutai1,[],['song'],-8.6205,120.5195,Phyllergates cucullatus,Mountain Tailorbird,Aves,,Jacob Hervé,https://creativecommons.org/licenses/by-nc-sa/4.0/,4.0,https://xeno-canto.org/289594,moutai1/XC289594.mp3,XC
moutai1,['Psilopogon armillaris'],['call'],-8.2719,115.1552,Phyllergates cucullatus,Mountain Tailorbird,Aves,,Bruno Durand,https://creativecommons.org/licenses/by-nc-sa/4.0/,4.0,https://xeno-canto.org/283579,moutai1/XC283579.mp3,XC
moutai1,[],['song'],-1.7342,101.2512,Phyllergates cucullatus,Mountain Tailorbird,Aves,,Mike Nelson,https://creativecommons.org/licenses/by-nc-sa/4.0/,4.0,https://xeno-canto.org/241673,moutai1/XC241673.mp3,XC
moutai1,[],['song'],-1.7342,101.2512,Phyllergates cucullatus,Mountain Tailorbird,Aves,,Mike Nelson,https://creativecommons.org/licenses/by-nc-sa/4.0/,4.0,https://xeno-canto.org/241672,moutai1/XC241672.mp3,XC
moutai1,[],['song'],-1.3256,120.3089,Phyllergates cucullatus,Mountain Tailorbird,Aves,,Frank Lambert,https://creativecommons.org/licenses/by-nc-nd/4.0/,4.0,https://xeno-canto.org/203879,moutai1/XC203879.mp3,XC
moutai1,[],['song'],-1.5159,120.2301,Phyllergates cucullatus,Mountain Tailorbird,Aves,,Mike Nelson,https://creativecommons.org/licenses/by-nc-sa/4.0/,4.0,https://xeno-canto.org/203360,moutai1/XC203360.mp3,XC
moutai1,[],"['call, song']",-1.5159,120.2301,Phyllergates cucullatus,Mountain Tailorbird,Aves,,Mike Nelson,https://creativecommons.org/licenses/by-nc-sa/4.0/,4.0,https://xeno-canto.org/203358,moutai1/XC203358.mp3,XC
moutai1,[],['song'],-1.5159,120.2301,Phyllergates cucullatus,Mountain Tailorbird,Aves,,Mike Nelson,https://creativecommons.org/licenses/by-nc-sa/4.0/,4.0,https://xeno-canto.org/203355,moutai1/XC203355.mp3,XC
moutai1,[],['song'],-0.7277,127.5174,Phyllergates cucullatus,Mountain Tailorbird,Aves,,Frank Lambert,https://creativecommons.org/licenses/by-nc-nd/4.0/,4.0,https://xeno-canto.org/201904,moutai1/XC201904.mp3,XC
moutai1,[],['song'],-0.7277,127.5174,Phyllergates cucullatus,Mountain Tailorbird,Aves,,Frank Lambert,https://creativecommons.org/licenses/by-nc-nd/4.0/,4.0,https://xeno-canto.org/201903,moutai1/XC201903.mp3,XC
moutai1,[],['song'],-0.7277,127.5174,Phyllergates cucullatus,Mountain Tailorbird,Aves,,Frank Lambert,https://creativecommons.org/licenses/by-nc-nd/4.0/,4.0,https://xeno-canto.org/201902,moutai1/XC201902.mp3,XC
moutai1,[],['song'],-0.7277,127.5174,Phyllergates cucullatus,Mountain Tailorbird,Aves,,Frank Lambert,https://creativecommons.org/licenses/by-nc-nd/4.0/,4.0,https://xeno-canto.org/201899,moutai1/XC201899.mp3,XC
moutai1,[],['song'],-0.7277,127.5174,Phyllergates cucullatus,Mountain Tailorbird,Aves,,Frank Lambert,https://creativecommons.org/licenses/by-nc-nd/4.0/,4.0,https://xeno-canto.org/201898,moutai1/XC201898.mp3,XC
moutai1,['Zosterops japonicus'],['song'],-0.7277,127.5174,Phyllergates cucullatus,Mountain Tailorbird,Aves,,Frank Lambert,https://creativecommons.org/licenses/by-nc-nd/4.0/,4.0,https://xeno-canto.org/201897,moutai1/XC201897.mp3,XC
moutai1,[],['song'],-0.7277,127.5174,Phyllergates cucullatus,Mountain Tailorbird,Aves,,Frank Lambert,https://creativecommons.org/licenses/by-nc-nd/4.0/,4.0,https://xeno-canto.org/201895,moutai1/XC201895.mp3,XC
moutai1,[],"['call, song']",-0.7277,127.5174,Phyllergates cucullatus,Mountain Tailorbird,Aves,,Frank Lambert,https://creativecommons.org/licenses/by-nc-nd/4.0/,4.0,https://xeno-canto.org/201892,moutai1/XC201892.mp3,XC
moutai1,[],['call'],-0.7277,127.5174,Phyllergates cucullatus,Mountain Tailorbird,Aves,,Frank Lambert,https://creativecommons.org/licenses/by-nc-nd/4.0/,4.0,https://xeno-canto.org/201891,moutai1/XC201891.mp3,XC
moutai1,[],['call'],-0.7277,127.5174,Phyllergates cucullatus,Mountain Tailorbird,Aves,,Frank Lambert,https://creativecommons.org/licenses/by-nc-nd/4.0/,4.0,https://xeno-canto.org/201890,moutai1/XC201890.mp3,XC
moutai1,[],['alarm call'],-0.7277,127.5174,Phyllergates cucullatus,Mountain Tailorbird,Aves,,Frank Lambert,https://creativecommons.org/licenses/by-nc-nd/4.0/,4.0,https://xeno-canto.org/201888,moutai1/XC201888.mp3,XC
moutai1,['Psilopogon armillaris'],"['alarm call, song']",-8.2719,115.1552,Phyllergates cucullatus,Mountain Tailorbird,Aves,,Bruno Durand,https://creativecommons.org/licenses/by-nc-sa/4.0/,4.0,https://xeno-canto.org/200539,moutai1/XC200539.mp3,XC
moutai1,[],['song'],-1.428,120.314,Phyllergates cucullatus,Mountain Tailorbird,Aves,,Stijn De Win,https://creativecommons.org/licenses/by-nc-sa/4.0/,4.0,https://xeno-canto.org/195004,moutai1/XC195004.mp3,XC
moutai1,[],['song'],0.7784,124.4009,Phyllergates cucullatus,Mountain Tailorbird,Aves,,Frank Lambert,https://creativecommons.org/licenses/by-nc-nd/4.0/,4.0,https://xeno-canto.org/194149,moutai1/XC194149.mp3,XC
moutai1,[],['song'],0.7784,124.4009,Phyllergates cucullatus,Mountain Tailorbird,Aves,,Frank Lambert,https://creativecommons.org/licenses/by-nc-nd/4.0/,4.0,https://xeno-canto.org/194148,moutai1/XC194148.mp3,XC
moutai1,[],['song'],-1.3008,120.3073,Phyllergates cucullatus,Mountain Tailorbird,Aves,,Frank Lambert,https://creativecommons.org/licenses/by-nc-nd/4.0/,4.0,https://xeno-canto.org/193914,moutai1/XC193914.mp3,XC
moutai1,[],['song'],-1.3008,120.3073,Phyllergates cucullatus,Mountain Tailorbird,Aves,,Frank Lambert,https://creativecommons.org/licenses/by-nc-nd/4.0/,4.0,https://xeno-canto.org/193901,moutai1/XC193901.mp3,XC
moutai1,[],['song'],-1.3184,120.4692,Phyllergates cucullatus,Mountain Tailorbird,Aves,,Ding Li Yong,https://creativecommons.org/licenses/by-nc-nd/4.0/,4.0,https://xeno-canto.org/179384,moutai1/XC179384.mp3,XC
moutai1,[],"['alarm call, song']",-1.7622,124.807,Phyllergates cucullatus,Mountain Tailorbird,Aves,,Peter Wilton,https://creativecommons.org/licenses/by-sa/4.0/,4.0,https://xeno-canto.org/176896,moutai1/XC176896.mp3,XC
moutai1,[],"['alarm call, song']",-1.7622,124.807,Phyllergates cucullatus,Mountain Tailorbird,Aves,,Peter Wilton,https://creativecommons.org/licenses/by-sa/4.0/,4.0,https://xeno-canto.org/176895,moutai1/XC176895.mp3,XC
moutai1,[],['song'],-1.7622,124.807,Phyllergates cucullatus,Mountain Tailorbird,Aves,,Peter Wilton,https://creativecommons.org/licenses/by-sa/4.0/,4.0,https://xeno-canto.org/176894,moutai1/XC176894.mp3,XC
moutai1,[],"['alarm call, song']",-1.7622,124.807,Phyllergates cucullatus,Mountain Tailorbird,Aves,,Peter Wilton,https://creativecommons.org/licenses/by-sa/4.0/,4.0,https://xeno-canto.org/176892,moutai1/XC176892.mp3,XC
moutai1,[],['alarm call'],-1.7622,124.807,Phyllergates cucullatus,Mountain Tailorbird,Aves,,Peter Wilton,https://creativecommons.org/licenses/by-sa/4.0/,4.0,https://xeno-canto.org/176887,moutai1/XC176887.mp3,XC
moutai1,[],['alarm call'],-1.7622,124.807,Phyllergates cucullatus,Mountain Tailorbird,Aves,,Peter Wilton,https://creativecommons.org/licenses/by-sa/4.0/,4.0,https://xeno-canto.org/176883,moutai1/XC176883.mp3,XC
moutai1,[],['song'],-6.7414,107.0019,Phyllergates cucullatus,Mountain Tailorbird,Aves,,Frank Lambert,https://creativecommons.org/licenses/by-nc-nd/4.0/,4.0,https://xeno-canto.org/166711,moutai1/XC166711.mp3,XC
moutai1,[],['song'],-6.5,107.3,Phyllergates cucullatus,Mountain Tailorbird,Aves,,Frank Lambert,https://creativecommons.org/licenses/by-nc-nd/4.0/,4.0,https://xeno-canto.org/161693,moutai1/XC161693.mp3,XC
moutai1,[],['call'],-1.5159,120.2301,Phyllergates cucullatus,Mountain Tailorbird,Aves,,Mike Nelson,https://creativecommons.org/licenses/by-nc-sa/3.0/,4.0,https://xeno-canto.org/152142,moutai1/XC152142.mp3,XC
moutai1,[],['song'],-1.5159,120.2301,Phyllergates cucullatus,Mountain Tailorbird,Aves,,Mike Nelson,https://creativecommons.org/licenses/by-nc-sa/3.0/,4.0,https://xeno-canto.org/152141,moutai1/XC152141.mp3,XC
moutai1,[],['song'],-1.5159,120.2301,Phyllergates cucullatus,Mountain Tailorbird,Aves,,Mike Nelson,https://creativecommons.org/licenses/by-nc-sa/3.0/,4.0,https://xeno-canto.org/152140,moutai1/XC152140.mp3,XC
moutai1,[],['song'],-1.5159,120.2301,Phyllergates cucullatus,Mountain Tailorbird,Aves,,Mike Nelson,https://creativecommons.org/licenses/by-nc-sa/3.0/,4.0,https://xeno-canto.org/152139,moutai1/XC152139.mp3,XC
moutai1,[],['song'],-1.5159,120.2301,Phyllergates cucullatus,Mountain Tailorbird,Aves,,Mike Nelson,https://creativecommons.org/licenses/by-nc-sa/3.0/,4.0,https://xeno-canto.org/152138,moutai1/XC152138.mp3,XC
moutai1,[],['song'],-1.5159,120.2301,Phyllergates cucullatus,Mountain Tailorbird,Aves,,Mike Nelson,https://creativecommons.org/licenses/by-nc-sa/3.0/,4.0,https://xeno-canto.org/152137,moutai1/XC152137.mp3,XC
moutai1,[],['song'],-1.5159,120.2301,Phyllergates cucullatus,Mountain Tailorbird,Aves,,Mike Nelson,https://creativecommons.org/licenses/by-nc-sa/3.0/,4.0,https://xeno-canto.org/152134,moutai1/XC152134.mp3,XC
moutai1,[],['song'],1.35,124.8664,Phyllergates cucullatus,Mountain Tailorbird,Aves,,Mike Nelson,https://creativecommons.org/licenses/by-nc-sa/3.0/,4.0,https://xeno-canto.org/152078,moutai1/XC152078.mp3,XC
moutai1,[],['song'],1.35,124.8664,Phyllergates cucullatus,Mountain Tailorbird,Aves,,Mike Nelson,https://creativecommons.org/licenses/by-nc-sa/3.0/,4.0,https://xeno-canto.org/152077,moutai1/XC152077.mp3,XC
moutai1,[],['song'],1.35,124.8664,Phyllergates cucullatus,Mountain Tailorbird,Aves,,Mike Nelson,https://creativecommons.org/licenses/by-nc-sa/3.0/,4.0,https://xeno-canto.org/152076,moutai1/XC152076.mp3,XC
moutai1,[],['song'],-1.32,120.3,Phyllergates cucullatus,Mountain Tailorbird,Aves,,Yann Muzika,https://creativecommons.org/licenses/by-nc-sa/3.0/,4.0,https://xeno-canto.org/151617,moutai1/XC151617.mp3,XC
moutai1,[],['call'],-3.1529,129.4773,Phyllergates cucullatus,Mountain Tailorbird,Aves,,Todd Mark,https://creativecommons.org/licenses/by-nc-sa/3.0/,4.0,https://xeno-canto.org/122050,moutai1/XC122050.mp3,XC
moutai1,[],['song'],-8.636,120.5263,Phyllergates cucullatus,Mountain Tailorbird,Aves,,Frank Lambert,https://creativecommons.org/licenses/by-nc-nd/4.0/,4.0,https://xeno-canto.org/121499,moutai1/XC121499.mp3,XC
moutai1,[],['song'],-1.32,120.3,Phyllergates cucullatus,Mountain Tailorbird,Aves,,Niels Poul Dreyer,https://creativecommons.org/licenses/by-nc-sa/3.0/,4.0,https://xeno-canto.org/121331,moutai1/XC121331.mp3,XC
moutai1,[],['alarm notes'],-5.2673,119.8734,Phyllergates cucullatus,Mountain Tailorbird,Aves,,Frank Lambert,https://creativecommons.org/licenses/by-nc-nd/4.0/,4.0,https://xeno-canto.org/89610,moutai1/XC89610.mp3,XC
moutai1,[],['alarm notes'],-5.2673,119.8734,Phyllergates cucullatus,Mountain Tailorbird,Aves,,Frank Lambert,https://creativecommons.org/licenses/by-nc-nd/4.0/,4.0,https://xeno-canto.org/89609,moutai1/XC89609.mp3,XC
moutai1,[],['song'],-5.2673,119.8734,Phyllergates cucullatus,Mountain Tailorbird,Aves,,Frank Lambert,https://creativecommons.org/licenses/by-nc-nd/4.0/,4.0,https://xeno-canto.org/89608,moutai1/XC89608.mp3,XC
moutai1,[],['song'],-5.2673,119.8734,Phyllergates cucullatus,Mountain Tailorbird,Aves,,Frank Lambert,https://creativecommons.org/licenses/by-nc-nd/4.0/,4.0,https://xeno-canto.org/89583,moutai1/XC89583.mp3,XC
moutai1,[],['song'],-5.2673,119.8734,Phyllergates cucullatus,Mountain Tailorbird,Aves,,Frank Lambert,https://creativecommons.org/licenses/by-nc-nd/4.0/,4.0,https://xeno-canto.org/89581,moutai1/XC89581.mp3,XC
moutai1,[],['song'],-5.2673,119.8734,Phyllergates cucullatus,Mountain Tailorbird,Aves,,Frank Lambert,https://creativecommons.org/licenses/by-nc-nd/4.0/,4.0,https://xeno-canto.org/89580,moutai1/XC89580.mp3,XC
moutai1,['Locustella castanea'],['song'],-1.3256,120.3089,Phyllergates cucullatus,Mountain Tailorbird,Aves,,Frank Lambert,https://creativecommons.org/licenses/by-nc-nd/4.0/,4.0,https://xeno-canto.org/89269,moutai1/XC89269.mp3,XC
moutai1,['Locustella castanea'],['song'],-1.3256,120.3089,Phyllergates cucullatus,Mountain Tailorbird,Aves,,Frank Lambert,https://creativecommons.org/licenses/by-nc-nd/4.0/,4.0,https://xeno-canto.org/89268,moutai1/XC89268.mp3,XC
moutai1,[],['song'],-1.3256,120.3089,Phyllergates cucullatus,Mountain Tailorbird,Aves,,Frank Lambert,https://creativecommons.org/licenses/by-nc-nd/4.0/,4.0,https://xeno-canto.org/89267,moutai1/XC89267.mp3,XC
moutai1,[],['song'],0.7784,124.4009,Phyllergates cucullatus,Mountain Tailorbird,Aves,,Frank Lambert,https://creativecommons.org/licenses/by-nc-nd/4.0/,4.0,https://xeno-canto.org/89266,moutai1/XC89266.mp3,XC
moutai1,[],['song'],-1.3214,120.3009,Phyllergates cucullatus,Mountain Tailorbird,Aves,,David Gibbs,https://creativecommons.org/licenses/by-nc-nd/2.5/,4.0,https://xeno-canto.org/70234,moutai1/XC70234.mp3,XC
moutai1,[],['song'],-6.727348,106.97113,Phyllergates cucullatus,Mountain Tailorbird,Aves,,David Gibbs,https://creativecommons.org/licenses/by-nc-nd/2.5/,4.0,https://xeno-canto.org/70231,moutai1/XC70231.mp3,XC
moutai1,[],['song'],-1.52,120.18,Phyllergates cucullatus,Mountain Tailorbird,Aves,,Frank Lambert,https://creativecommons.org/licenses/by-nc-nd/4.0/,4.0,https://xeno-canto.org/68931,moutai1/XC68931.mp3,XC
moutai1,[],['call'],-6.5,107.3,Phyllergates cucullatus,Mountain Tailorbird,Aves,,Frank Lambert,https://creativecommons.org/licenses/by-nc-nd/4.0/,4.0,https://xeno-canto.org/68930,moutai1/XC68930.mp3,XC
moutai1,[],['call'],-6.5,107.3,Phyllergates cucullatus,Mountain Tailorbird,Aves,,Frank Lambert,https://creativecommons.org/licenses/by-nc-nd/4.0/,4.0,https://xeno-canto.org/68929,moutai1/XC68929.mp3,XC
moutai1,[],['song'],-6.5,107.3,Phyllergates cucullatus,Mountain Tailorbird,Aves,,Frank Lambert,https://creativecommons.org/licenses/by-nc-nd/4.0/,4.0,https://xeno-canto.org/68928,moutai1/XC68928.mp3,XC
moutai1,[],['call'],-6.5,107.3,Phyllergates cucullatus,Mountain Tailorbird,Aves,,Frank Lambert,https://creativecommons.org/licenses/by-nc-nd/4.0/,4.0,https://xeno-canto.org/68927,moutai1/XC68927.mp3,XC
moutai1,[],['song'],-3.25,126.15,Phyllergates cucullatus,Mountain Tailorbird,Aves,,Frank Lambert,https://creativecommons.org/licenses/by-nc-nd/4.0/,4.0,https://xeno-canto.org/68926,moutai1/XC68926.mp3,XC
moutai1,[],['song'],-3.1667,129.5334,Phyllergates cucullatus,Mountain Tailorbird,Aves,,Mike Catsis,https://creativecommons.org/licenses/by-nc-nd/2.5/,4.0,https://xeno-canto.org/38420,moutai1/XC38420.mp3,XC
moutai1,[],['alarm call'],-8.1066,114.2417,Phyllergates cucullatus,Mountain Tailorbird,Aves,,Untung Sarmawi,https://creativecommons.org/licenses/by-nc-sa/4.0/,3.0,https://xeno-canto.org/1000483,moutai1/XC1000483.mp3,XC
moutai1,['Eumyias additus'],['song'],-3.1487,126.5848,Phyllergates cucullatus,Mountain Tailorbird,Aves,,Ding Li Yong,https://creativecommons.org/licenses/by-nc-nd/4.0/,3.0,https://xeno-canto.org/837095,moutai1/XC837095.mp3,XC
moutai1,[],"['call, song']",-1.7342,101.2512,Phyllergates cucullatus,Mountain Tailorbird,Aves,,Mike Nelson,https://creativecommons.org/licenses/by-nc-sa/4.0/,3.0,https://xeno-canto.org/681405,moutai1/XC681405.mp3,XC
moutai1,"['Cuculus lepidus', 'Psilopogon armillaris']",['song'],-6.7273,106.9711,Phyllergates cucullatus,Mountain Tailorbird,Aves,,Teus Luijendijk,https://creativecommons.org/licenses/by-nc-nd/4.0/,3.0,https://xeno-canto.org/619808,moutai1/XC619808.mp3,XC
moutai1,"['Cuculus lepidus', 'Rhipidura phoenicura', 'Cacomantis sepulcralis', 'Phylloscopus grammiceps', 'Psilopogon corvinus']","['call, song']",-6.7273,106.9711,Phyllergates cucullatus,Mountain Tailorbird,Aves,,Teus Luijendijk,https://creativecommons.org/licenses/by-nc-nd/4.0/,3.0,https://xeno-canto.org/619807,moutai1/XC619807.mp3,XC
moutai1,[],"['call, duet, song']",-1.3184,120.3039,Phyllergates cucullatus,Mountain Tailorbird,Aves,,Teus Luijendijk,https://creativecommons.org/licenses/by-nc-nd/4.0/,3.0,https://xeno-canto.org/615522,moutai1/XC615522.mp3,XC
moutai1,[],['song'],-1.5159,120.2301,Phyllergates cucullatus,Mountain Tailorbird,Aves,,Teus Luijendijk,https://creativecommons.org/licenses/by-nc-nd/4.0/,3.0,https://xeno-canto.org/615441,moutai1/XC615441.mp3,XC
moutai1,['Brachypteryx leucophris'],"['call, song']",0.0908,99.9593,Phyllergates cucullatus,Mountain Tailorbird,Aves,,Matthew L. Brady,https://creativecommons.org/licenses/by-nc-sa/4.0/,3.0,https://xeno-canto.org/474590,moutai1/XC474590.mp3,XC
moutai1,[],['song'],-1.7342,101.2512,Phyllergates cucullatus,Mountain Tailorbird,Aves,,Frank Lambert,https://creativecommons.org/licenses/by-nc-nd/4.0/,3.0,https://xeno-canto.org/409571,moutai1/XC409571.mp3,XC
moutai1,[],['song'],-1.7342,101.2512,Phyllergates cucullatus,Mountain Tailorbird,Aves,,Frank Lambert,https://creativecommons.org/licenses/by-nc-nd/4.0/,3.0,https://xeno-canto.org/409569,moutai1/XC409569.mp3,XC
moutai1,[],['song'],-8.6148,120.5801,Phyllergates cucullatus,Mountain Tailorbird,Aves,,Mike Nelson,https://creativecommons.org/licenses/by-nc-sa/4.0/,3.0,https://xeno-canto.org/292569,moutai1/XC292569.mp3,XC
moutai1,[],['song'],-6.7273,106.9711,Phyllergates cucullatus,Mountain Tailorbird,Aves,,Mike Nelson,https://creativecommons.org/licenses/by-nc-sa/4.0/,3.0,https://xeno-canto.org/204312,moutai1/XC204312.mp3,XC
moutai1,[],['song'],-1.5159,120.2301,Phyllergates cucullatus,Mountain Tailorbird,Aves,,Mike Nelson,https://creativecommons.org/licenses/by-nc-sa/4.0/,3.0,https://xeno-canto.org/203353,moutai1/XC203353.mp3,XC
moutai1,[],['alarm call'],-1.7622,124.807,Phyllergates cucullatus,Mountain Tailorbird,Aves,,Peter Wilton,https://creativecommons.org/licenses/by-sa/4.0/,3.0,https://xeno-canto.org/176888,moutai1/XC176888.mp3,XC
moutai1,[],['call'],-1.5159,120.2301,Phyllergates cucullatus,Mountain Tailorbird,Aves,,Mike Nelson,https://creativecommons.org/licenses/by-nc-sa/3.0/,3.0,https://xeno-canto.org/152143,moutai1/XC152143.mp3,XC
moutai1,[],['song'],-3.1529,129.4773,Phyllergates cucullatus,Mountain Tailorbird,Aves,,Todd Mark,https://creativecommons.org/licenses/by-nc-sa/3.0/,3.0,https://xeno-canto.org/122049,moutai1/XC122049.mp3,XC
moutai1,[],['song'],-1.3256,120.3089,Phyllergates cucullatus,Mountain Tailorbird,Aves,,Frank Lambert,https://creativecommons.org/licenses/by-nc-nd/4.0/,3.0,https://xeno-canto.org/89270,moutai1/XC89270.mp3,XC
moutai1,[],['song'],-8.6334,120.5601,Phyllergates cucullatus,Mountain Tailorbird,Aves,,Allen T. Chartier,https://creativecommons.org/licenses/by-nc-sa/3.0/,3.0,https://xeno-canto.org/31413,moutai1/XC31413.mp3,XC
moutai1,[],['song'],-8.7689,121.8221,Phyllergates cucullatus,Mountain Tailorbird,Aves,,Raf Drijvers,https://creativecommons.org/licenses/by-nc-sa/4.0/,2.0,https://xeno-canto.org/350549,moutai1/XC350549.mp3,XC
moutai1,[],"['call, song']",-1.7342,101.2512,Phyllergates cucullatus,Mountain Tailorbird,Aves,,Mike Nelson,https://creativecommons.org/licenses/by-nc-sa/4.0/,2.0,https://xeno-canto.org/241674,moutai1/XC241674.mp3,XC
moutai1,[],"['call, song']",-6.7515,106.9898,Phyllergates cucullatus,Mountain Tailorbird,Aves,,Paulo Alves,https://creativecommons.org/licenses/by-nc-sa/4.0/,2.0,https://xeno-canto.org/227687,moutai1/XC227687.mp3,XC
moutai1,[],['song'],-6.7515,106.9898,Phyllergates cucullatus,Mountain Tailorbird,Aves,,Paulo Alves,https://creativecommons.org/licenses/by-nc-sa/4.0/,2.0,https://xeno-canto.org/210756,moutai1/XC210756.mp3,XC
olbsun1,[],"['call, song, subsong']",1.6013,124.8688,Cinnyris jugularis,Olive-backed Sunbird,Aves,,Ding Li Yong,https://creativecommons.org/licenses/by-nc-nd/4.0/,5.0,https://xeno-canto.org/1161988,olbsun1/XC1161988.mp3,XC
olbsun1,[],['call'],1.6013,124.8688,Cinnyris jugularis,Olive-backed Sunbird,Aves,,Ding Li Yong,https://creativecommons.org/licenses/by-nc-nd/4.0/,5.0,https://xeno-canto.org/1161986,olbsun1/XC1161986.mp3,XC
olbsun1,[],['call'],5.5968,95.3667,Cinnyris jugularis,Olive-backed Sunbird,Aves,,Ding Li Yong,https://creativecommons.org/licenses/by-nc-nd/4.0/,5.0,https://xeno-canto.org/905151,olbsun1/XC905151.mp3,XC
olbsun1,[],['song'],-8.5821,115.2888,Cinnyris jugularis,Olive-backed Sunbird,Aves,,Geoff Carey,https://creativecommons.org/licenses/by-nc-sa/4.0/,5.0,https://xeno-canto.org/845707,olbsun1/XC845707.mp3,XC
olbsun1,[],['song'],-8.5821,115.2888,Cinnyris jugularis,Olive-backed Sunbird,Aves,,Geoff Carey,https://creativecommons.org/licenses/by-nc-sa/4.0/,5.0,https://xeno-canto.org/845705,olbsun1/XC845705.mp3,XC
olbsun1,[],['call'],-5.3423,123.5459,Cinnyris jugularis,Olive-backed Sunbird,Aves,,Fionn Ó Marcaigh,https://creativecommons.org/licenses/by-nc-sa/4.0/,5.0,https://xeno-canto.org/746425,olbsun1/XC746425.mp3,XC
olbsun1,[],['call'],-5.3423,123.5459,Cinnyris jugularis,Olive-backed Sunbird,Aves,,Fionn Ó Marcaigh,https://creativecommons.org/licenses/by-nc-sa/4.0/,5.0,https://xeno-canto.org/746423,olbsun1/XC746423.mp3,XC
olbsun1,[],['call'],-5.3423,123.5459,Cinnyris jugularis,Olive-backed Sunbird,Aves,,Fionn Ó Marcaigh,https://creativecommons.org/licenses/by-nc-sa/4.0/,5.0,https://xeno-canto.org/746418,olbsun1/XC746418.mp3,XC
olbsun1,[],['call'],-5.3423,123.5459,Cinnyris jugularis,Olive-backed Sunbird,Aves,,Fionn Ó Marcaigh,https://creativecommons.org/licenses/by-nc-sa/4.0/,5.0,https://xeno-canto.org/746416,olbsun1/XC746416.mp3,XC
olbsun1,[],['call'],-5.3423,123.5459,Cinnyris jugularis,Olive-backed Sunbird,Aves,,Fionn Ó Marcaigh,https://creativecommons.org/licenses/by-nc-sa/4.0/,5.0,https://xeno-canto.org/746410,olbsun1/XC746410.mp3,XC
olbsun1,[],['call'],-5.3423,123.5459,Cinnyris jugularis,Olive-backed Sunbird,Aves,,Fionn Ó Marcaigh,https://creativecommons.org/licenses/by-nc-sa/4.0/,5.0,https://xeno-canto.org/746397,olbsun1/XC746397.mp3,XC
olbsun1,[],"['call, song']",-5.3423,123.5459,Cinnyris jugularis,Olive-backed Sunbird,Aves,,Fionn Ó Marcaigh,https://creativecommons.org/licenses/by-nc-sa/4.0/,5.0,https://xeno-canto.org/746392,olbsun1/XC746392.mp3,XC
olbsun1,[],['call'],-5.3423,123.5459,Cinnyris jugularis,Olive-backed Sunbird,Aves,,Fionn Ó Marcaigh,https://creativecommons.org/licenses/by-nc-sa/4.0/,5.0,https://xeno-canto.org/746388,olbsun1/XC746388.mp3,XC
olbsun1,[],['call'],-5.3423,123.5459,Cinnyris jugularis,Olive-backed Sunbird,Aves,,Fionn Ó Marcaigh,https://creativecommons.org/licenses/by-nc-sa/4.0/,5.0,https://xeno-canto.org/746380,olbsun1/XC746380.mp3,XC
olbsun1,[],['call'],-5.3378,123.6148,Cinnyris jugularis,Olive-backed Sunbird,Aves,,Fionn Ó Marcaigh,https://creativecommons.org/licenses/by-nc-sa/4.0/,5.0,https://xeno-canto.org/746312,olbsun1/XC746312.mp3,XC
olbsun1,[],"['call, song']",-5.4985,123.7563,Cinnyris jugularis,Olive-backed Sunbird,Aves,,Fionn Ó Marcaigh,https://creativecommons.org/licenses/by-nc-sa/4.0/,5.0,https://xeno-canto.org/746299,olbsun1/XC746299.mp3,XC
olbsun1,[],"['call, song']",-5.4985,123.7563,Cinnyris jugularis,Olive-backed Sunbird,Aves,,Fionn Ó Marcaigh,https://creativecommons.org/licenses/by-nc-sa/4.0/,5.0,https://xeno-canto.org/746297,olbsun1/XC746297.mp3,XC
olbsun1,[],['call'],-5.4985,123.7563,Cinnyris jugularis,Olive-backed Sunbird,Aves,,Fionn Ó Marcaigh,https://creativecommons.org/licenses/by-nc-sa/4.0/,5.0,https://xeno-canto.org/746295,olbsun1/XC746295.mp3,XC
olbsun1,[],['call'],-5.9201,124.0461,Cinnyris jugularis,Olive-backed Sunbird,Aves,,Fionn Ó Marcaigh,https://creativecommons.org/licenses/by-nc-sa/4.0/,5.0,https://xeno-canto.org/746291,olbsun1/XC746291.mp3,XC
olbsun1,[],['song'],-5.6,132.77,Cinnyris jugularis,Olive-backed Sunbird,Aves,,Frank Lambert,https://creativecommons.org/licenses/by-nc-nd/4.0/,5.0,https://xeno-canto.org/68831,olbsun1/XC68831.mp3,XC
olbsun1,[],['song'],1.6013,124.8688,Cinnyris jugularis,Olive-backed Sunbird,Aves,,Ding Li Yong,https://creativecommons.org/licenses/by-nc-nd/4.0/,4.0,https://xeno-canto.org/1161987,olbsun1/XC1161987.mp3,XC
olbsun1,[],"['call, flight call']",1.5212,125.1373,Cinnyris jugularis,Olive-backed Sunbird,Aves,,Richard E. Webster,https://creativecommons.org/licenses/by-nc-sa/4.0/,4.0,https://xeno-canto.org/1076410,olbsun1/XC1076410.mp3,XC
olbsun1,"['Tanysiptera galatea', 'Hieraaetus weiskei']",['call'],0.9271,127.5806,Cinnyris jugularis,Olive-backed Sunbird,Aves,,Richard E. Webster,https://creativecommons.org/licenses/by-nc-sa/4.0/,4.0,https://xeno-canto.org/1074916,olbsun1/XC1074916.mp3,XC
olbsun1,['Myiagra alecto'],['call'],-1.0903,136.3563,Cinnyris jugularis,Olive-backed Sunbird,Aves,,Kelle Moreau,https://creativecommons.org/licenses/by-nc-sa/4.0/,4.0,https://xeno-canto.org/1029902,olbsun1/XC1029902.mp3,XC
olbsun1,[],['call'],-8.8291,115.0849,Cinnyris jugularis,Olive-backed Sunbird,Aves,,Arjun Dutta,https://creativecommons.org/licenses/by-nc-sa/4.0/,4.0,https://xeno-canto.org/955002,olbsun1/XC955002.mp3,XC
olbsun1,[],['song'],1.5555,124.8335,Cinnyris jugularis,Olive-backed Sunbird,Aves,,Ding Li Yong,https://creativecommons.org/licenses/by-nc-nd/4.0/,4.0,https://xeno-canto.org/933063,olbsun1/XC933063.mp3,XC
olbsun1,[],['song'],-8.5821,115.2888,Cinnyris jugularis,Olive-backed Sunbird,Aves,,Geoff Carey,https://creativecommons.org/licenses/by-nc-sa/4.0/,4.0,https://xeno-canto.org/845706,olbsun1/XC845706.mp3,XC
olbsun1,[],['song'],-7.057,106.9113,Cinnyris jugularis,Olive-backed Sunbird,Aves,,Panji Gusti Akbar,https://creativecommons.org/licenses/by-nc-sa/4.0/,4.0,https://xeno-canto.org/783616,olbsun1/XC783616.mp3,XC
olbsun1,[],['call'],-5.3423,123.5459,Cinnyris jugularis,Olive-backed Sunbird,Aves,,Fionn Ó Marcaigh,https://creativecommons.org/licenses/by-nc-sa/4.0/,4.0,https://xeno-canto.org/746427,olbsun1/XC746427.mp3,XC
olbsun1,[],['call'],-5.3423,123.5459,Cinnyris jugularis,Olive-backed Sunbird,Aves,,Fionn Ó Marcaigh,https://creativecommons.org/licenses/by-nc-sa/4.0/,4.0,https://xeno-canto.org/746412,olbsun1/XC746412.mp3,XC
olbsun1,[],['call'],-5.3423,123.5459,Cinnyris jugularis,Olive-backed Sunbird,Aves,,Fionn Ó Marcaigh,https://creativecommons.org/licenses/by-nc-sa/4.0/,4.0,https://xeno-canto.org/746406,olbsun1/XC746406.mp3,XC
olbsun1,[],['call'],-5.3423,123.5459,Cinnyris jugularis,Olive-backed Sunbird,Aves,,Fionn Ó Marcaigh,https://creativecommons.org/licenses/by-nc-sa/4.0/,4.0,https://xeno-canto.org/746401,olbsun1/XC746401.mp3,XC
olbsun1,[],['call'],-5.3423,123.5459,Cinnyris jugularis,Olive-backed Sunbird,Aves,,Fionn Ó Marcaigh,https://creativecommons.org/licenses/by-nc-sa/4.0/,4.0,https://xeno-canto.org/746386,olbsun1/XC746386.mp3,XC
olbsun1,[],"['call, song']",-5.3378,123.6148,Cinnyris jugularis,Olive-backed Sunbird,Aves,,Fionn Ó Marcaigh,https://creativecommons.org/licenses/by-nc-sa/4.0/,4.0,https://xeno-canto.org/746375,olbsun1/XC746375.mp3,XC
olbsun1,[],['call'],-5.3378,123.6148,Cinnyris jugularis,Olive-backed Sunbird,Aves,,Fionn Ó Marcaigh,https://creativecommons.org/licenses/by-nc-sa/4.0/,4.0,https://xeno-canto.org/746372,olbsun1/XC746372.mp3,XC
olbsun1,[],['call'],-5.3378,123.6148,Cinnyris jugularis,Olive-backed Sunbird,Aves,,Fionn Ó Marcaigh,https://creativecommons.org/licenses/by-nc-sa/4.0/,4.0,https://xeno-canto.org/746314,olbsun1/XC746314.mp3,XC
olbsun1,[],['call'],-5.3378,123.6148,Cinnyris jugularis,Olive-backed Sunbird,Aves,,Fionn Ó Marcaigh,https://creativecommons.org/licenses/by-nc-sa/4.0/,4.0,https://xeno-canto.org/746310,olbsun1/XC746310.mp3,XC
olbsun1,[],['call'],-5.4985,123.7563,Cinnyris jugularis,Olive-backed Sunbird,Aves,,Fionn Ó Marcaigh,https://creativecommons.org/licenses/by-nc-sa/4.0/,4.0,https://xeno-canto.org/746303,olbsun1/XC746303.mp3,XC
olbsun1,[],"['call, song']",-5.4985,123.7563,Cinnyris jugularis,Olive-backed Sunbird,Aves,,Fionn Ó Marcaigh,https://creativecommons.org/licenses/by-nc-sa/4.0/,4.0,https://xeno-canto.org/746302,olbsun1/XC746302.mp3,XC
olbsun1,[],"['call, song']",-5.4985,123.7563,Cinnyris jugularis,Olive-backed Sunbird,Aves,,Fionn Ó Marcaigh,https://creativecommons.org/licenses/by-nc-sa/4.0/,4.0,https://xeno-canto.org/746301,olbsun1/XC746301.mp3,XC
olbsun1,[],"['call, song']",-5.4985,123.7563,Cinnyris jugularis,Olive-backed Sunbird,Aves,,Fionn Ó Marcaigh,https://creativecommons.org/licenses/by-nc-sa/4.0/,4.0,https://xeno-canto.org/746300,olbsun1/XC746300.mp3,XC
olbsun1,[],['call'],-5.2759,121.9205,Cinnyris jugularis,Olive-backed Sunbird,Aves,,Fionn Ó Marcaigh,https://creativecommons.org/licenses/by-nc-sa/4.0/,4.0,https://xeno-canto.org/746283,olbsun1/XC746283.mp3,XC
olbsun1,[],['call'],-5.2759,121.9205,Cinnyris jugularis,Olive-backed Sunbird,Aves,,Fionn Ó Marcaigh,https://creativecommons.org/licenses/by-nc-sa/4.0/,4.0,https://xeno-canto.org/746282,olbsun1/XC746282.mp3,XC
olbsun1,[],['call'],-5.2759,121.9205,Cinnyris jugularis,Olive-backed Sunbird,Aves,,Fionn Ó Marcaigh,https://creativecommons.org/licenses/by-nc-sa/4.0/,4.0,https://xeno-canto.org/746280,olbsun1/XC746280.mp3,XC
olbsun1,[],['call'],-5.2759,121.9205,Cinnyris jugularis,Olive-backed Sunbird,Aves,,Fionn Ó Marcaigh,https://creativecommons.org/licenses/by-nc-sa/4.0/,4.0,https://xeno-canto.org/746277,olbsun1/XC746277.mp3,XC
olbsun1,[],['call'],-5.2725,121.8031,Cinnyris jugularis,Olive-backed Sunbird,Aves,,Fionn Ó Marcaigh,https://creativecommons.org/licenses/by-nc-sa/4.0/,4.0,https://xeno-canto.org/746275,olbsun1/XC746275.mp3,XC
olbsun1,[],['call'],-5.2725,121.8031,Cinnyris jugularis,Olive-backed Sunbird,Aves,,Fionn Ó Marcaigh,https://creativecommons.org/licenses/by-nc-sa/4.0/,4.0,https://xeno-canto.org/746274,olbsun1/XC746274.mp3,XC
olbsun1,[],['call'],-5.2725,121.8031,Cinnyris jugularis,Olive-backed Sunbird,Aves,,Fionn Ó Marcaigh,https://creativecommons.org/licenses/by-nc-sa/4.0/,4.0,https://xeno-canto.org/746261,olbsun1/XC746261.mp3,XC
olbsun1,[],['call'],-5.2725,121.8031,Cinnyris jugularis,Olive-backed Sunbird,Aves,,Fionn Ó Marcaigh,https://creativecommons.org/licenses/by-nc-sa/4.0/,4.0,https://xeno-canto.org/746260,olbsun1/XC746260.mp3,XC
olbsun1,[],['call'],-5.2725,121.8031,Cinnyris jugularis,Olive-backed Sunbird,Aves,,Fionn Ó Marcaigh,https://creativecommons.org/licenses/by-nc-sa/4.0/,4.0,https://xeno-canto.org/746257,olbsun1/XC746257.mp3,XC
olbsun1,[],['call'],-5.1753,122.8938,Cinnyris jugularis,Olive-backed Sunbird,Aves,,Fionn Ó Marcaigh,https://creativecommons.org/licenses/by-nc-sa/4.0/,4.0,https://xeno-canto.org/746052,olbsun1/XC746052.mp3,XC
olbsun1,[],['call'],-5.1753,122.8938,Cinnyris jugularis,Olive-backed Sunbird,Aves,,Fionn Ó Marcaigh,https://creativecommons.org/licenses/by-nc-sa/4.0/,4.0,https://xeno-canto.org/746051,olbsun1/XC746051.mp3,XC
olbsun1,[],['call'],-5.1753,122.8938,Cinnyris jugularis,Olive-backed Sunbird,Aves,,Fionn Ó Marcaigh,https://creativecommons.org/licenses/by-nc-sa/4.0/,4.0,https://xeno-canto.org/746050,olbsun1/XC746050.mp3,XC
olbsun1,[],"['call, song']",0.4218,127.9019,Cinnyris jugularis,Olive-backed Sunbird,Aves,,Marc Anderson,https://creativecommons.org/licenses/by-nc-nd/4.0/,4.0,https://xeno-canto.org/533679,olbsun1/XC533679.mp3,XC
olbsun1,[],"['call, song']",0.4218,127.9019,Cinnyris jugularis,Olive-backed Sunbird,Aves,,Marc Anderson,https://creativecommons.org/licenses/by-nc-nd/4.0/,4.0,https://xeno-canto.org/533678,olbsun1/XC533678.mp3,XC
olbsun1,[],['call'],0.4218,127.9019,Cinnyris jugularis,Olive-backed Sunbird,Aves,,Marc Anderson,https://creativecommons.org/licenses/by-nc-nd/4.0/,4.0,https://xeno-canto.org/533676,olbsun1/XC533676.mp3,XC
olbsun1,[],['call'],-6.1214,106.8447,Cinnyris jugularis,Olive-backed Sunbird,Aves,,Prayitno Goenarto,https://creativecommons.org/licenses/by-nc-nd/4.0/,4.0,https://xeno-canto.org/481177,olbsun1/XC481177.mp3,XC
olbsun1,[],['call'],-6.1214,106.8447,Cinnyris jugularis,Olive-backed Sunbird,Aves,,Prayitno Goenarto,https://creativecommons.org/licenses/by-nc-nd/4.0/,4.0,https://xeno-canto.org/481176,olbsun1/XC481176.mp3,XC
olbsun1,[],['call'],0.3725,101.8577,Cinnyris jugularis,Olive-backed Sunbird,Aves,,Prayitno Goenarto,https://creativecommons.org/licenses/by-nc-nd/4.0/,4.0,https://xeno-canto.org/479205,olbsun1/XC479205.mp3,XC
olbsun1,[],['song'],0.3725,101.8577,Cinnyris jugularis,Olive-backed Sunbird,Aves,,Prayitno Goenarto,https://creativecommons.org/licenses/by-nc-nd/4.0/,4.0,https://xeno-canto.org/478340,olbsun1/XC478340.mp3,XC
olbsun1,[],['song'],-8.0849,114.2364,Cinnyris jugularis,Olive-backed Sunbird,Aves,,Frank Lambert,https://creativecommons.org/licenses/by-nc-nd/4.0/,4.0,https://xeno-canto.org/468848,olbsun1/XC468848.mp3,XC
olbsun1,[],['song'],-8.0849,114.2364,Cinnyris jugularis,Olive-backed Sunbird,Aves,,Frank Lambert,https://creativecommons.org/licenses/by-nc-nd/4.0/,4.0,https://xeno-canto.org/468847,olbsun1/XC468847.mp3,XC
olbsun1,[],['song'],-1.375,120.32,Cinnyris jugularis,Olive-backed Sunbird,Aves,,Frank Lambert,https://creativecommons.org/licenses/by-nc-nd/4.0/,4.0,https://xeno-canto.org/413716,olbsun1/XC413716.mp3,XC
olbsun1,['Saxicola caprata'],['call'],-8.7689,121.8221,Cinnyris jugularis,Olive-backed Sunbird,Aves,,Raf Drijvers,https://creativecommons.org/licenses/by-nc-sa/4.0/,4.0,https://xeno-canto.org/350556,olbsun1/XC350556.mp3,XC
olbsun1,['Macropygia doreya'],['song'],0.7003,127.83,Cinnyris jugularis,Olive-backed Sunbird,Aves,,Patrik Åberg,https://creativecommons.org/licenses/by-nc-sa/4.0/,4.0,https://xeno-canto.org/216356,olbsun1/XC216356.mp3,XC
olbsun1,[],['call'],0.7003,127.83,Cinnyris jugularis,Olive-backed Sunbird,Aves,,Patrik Åberg,https://creativecommons.org/licenses/by-nc-sa/4.0/,4.0,https://xeno-canto.org/216355,olbsun1/XC216355.mp3,XC
olbsun1,[],"['call, song']",3.9459,115.6019,Cinnyris jugularis,Olive-backed Sunbird,Aves,,Frank Lambert,https://creativecommons.org/licenses/by-nc-nd/4.0/,4.0,https://xeno-canto.org/207964,olbsun1/XC207964.mp3,XC
olbsun1,[],['call'],-7.098,120.6647,Cinnyris jugularis,Olive-backed Sunbird,Aves,,Mike Nelson,https://creativecommons.org/licenses/by-nc-sa/4.0/,4.0,https://xeno-canto.org/204552,olbsun1/XC204552.mp3,XC
olbsun1,[],['call'],-7.098,120.6647,Cinnyris jugularis,Olive-backed Sunbird,Aves,,Mike Nelson,https://creativecommons.org/licenses/by-nc-sa/4.0/,4.0,https://xeno-canto.org/204551,olbsun1/XC204551.mp3,XC
olbsun1,[],"['call, song']",-7.098,120.6647,Cinnyris jugularis,Olive-backed Sunbird,Aves,,Mike Nelson,https://creativecommons.org/licenses/by-nc-sa/4.0/,4.0,https://xeno-canto.org/204548,olbsun1/XC204548.mp3,XC
olbsun1,[],['call'],-7.098,120.6647,Cinnyris jugularis,Olive-backed Sunbird,Aves,,Mike Nelson,https://creativecommons.org/licenses/by-nc-sa/4.0/,4.0,https://xeno-canto.org/204547,olbsun1/XC204547.mp3,XC
olbsun1,['Myiagra galeata'],['song'],2.1862,128.5764,Cinnyris jugularis,Olive-backed Sunbird,Aves,,Marc Thibault,https://creativecommons.org/licenses/by-nc-sa/4.0/,4.0,https://xeno-canto.org/194527,olbsun1/XC194527.mp3,XC
olbsun1,['Myiagra alecto'],['song'],-0.9865,135.9386,Cinnyris jugularis,Olive-backed Sunbird,Aves,,Frank Lambert,https://creativecommons.org/licenses/by-nc-nd/4.0/,4.0,https://xeno-canto.org/166865,olbsun1/XC166865.mp3,XC
olbsun1,[],['song'],-7.098,120.6647,Cinnyris jugularis,Olive-backed Sunbird,Aves,,Frank Lambert,https://creativecommons.org/licenses/by-nc-nd/4.0/,4.0,https://xeno-canto.org/153458,olbsun1/XC153458.mp3,XC
olbsun1,[],['call'],0.6512,124.2202,Cinnyris jugularis,Olive-backed Sunbird,Aves,,Mike Nelson,https://creativecommons.org/licenses/by-nc-sa/3.0/,4.0,https://xeno-canto.org/152034,olbsun1/XC152034.mp3,XC
olbsun1,[],"['song, subsong']",1.5675,125.1595,Cinnyris jugularis,Olive-backed Sunbird,Aves,,Mike Nelson,https://creativecommons.org/licenses/by-nc-sa/3.0/,4.0,https://xeno-canto.org/151845,olbsun1/XC151845.mp3,XC
olbsun1,['Corvus validus'],['call'],0.4218,127.9019,Cinnyris jugularis,Olive-backed Sunbird,Aves,,Mike Nelson,https://creativecommons.org/licenses/by-nc-sa/3.0/,4.0,https://xeno-canto.org/151662,olbsun1/XC151662.mp3,XC
olbsun1,[],['song'],-8.5275,115.2632,Cinnyris jugularis,Olive-backed Sunbird,Aves,,Bruno Durand,https://creativecommons.org/licenses/by-nc-sa/3.0/,4.0,https://xeno-canto.org/150420,olbsun1/XC150420.mp3,XC
olbsun1,[],['song'],,,Cinnyris jugularis,Olive-backed Sunbird,Aves,,Bas Van Balen,https://creativecommons.org/licenses/by-nc-sa/3.0/,4.0,https://xeno-canto.org/141974,olbsun1/XC141974.mp3,XC
olbsun1,[],['call'],-2.9904,129.352,Cinnyris jugularis,Olive-backed Sunbird,Aves,,Todd Mark,https://creativecommons.org/licenses/by-nc-sa/3.0/,4.0,https://xeno-canto.org/122004,olbsun1/XC122004.mp3,XC
olbsun1,[],"['call, song']",-0.4239,121.8498,Cinnyris jugularis,Olive-backed Sunbird,Aves,,Frank Lambert,https://creativecommons.org/licenses/by-nc-nd/4.0/,4.0,https://xeno-canto.org/89654,olbsun1/XC89654.mp3,XC
olbsun1,[],['call'],2.73,125.39,Cinnyris jugularis,Olive-backed Sunbird,Aves,,Frank Lambert,https://creativecommons.org/licenses/by-nc-nd/4.0/,4.0,https://xeno-canto.org/68832,olbsun1/XC68832.mp3,XC
olbsun1,[],['call'],-5.65,133.01,Cinnyris jugularis,Olive-backed Sunbird,Aves,,Frank Lambert,https://creativecommons.org/licenses/by-nc-nd/4.0/,4.0,https://xeno-canto.org/68830,olbsun1/XC68830.mp3,XC
olbsun1,[],['call'],-5.65,133.01,Cinnyris jugularis,Olive-backed Sunbird,Aves,,Frank Lambert,https://creativecommons.org/licenses/by-nc-nd/4.0/,4.0,https://xeno-canto.org/68829,olbsun1/XC68829.mp3,XC
olbsun1,[],['call'],-5.65,133.01,Cinnyris jugularis,Olive-backed Sunbird,Aves,,Frank Lambert,https://creativecommons.org/licenses/by-nc-nd/4.0/,4.0,https://xeno-canto.org/68828,olbsun1/XC68828.mp3,XC
olbsun1,[],['call'],1.562,125.173,Cinnyris jugularis,Olive-backed Sunbird,Aves,,Greg Irving,https://creativecommons.org/licenses/by-nc-sa/4.0/,3.0,https://xeno-canto.org/823476,olbsun1/XC823476.mp3,XC
olbsun1,[],['call'],-5.3423,123.5459,Cinnyris jugularis,Olive-backed Sunbird,Aves,,Fionn Ó Marcaigh,https://creativecommons.org/licenses/by-nc-sa/4.0/,3.0,https://xeno-canto.org/746424,olbsun1/XC746424.mp3,XC
olbsun1,[],['call'],-5.3423,123.5459,Cinnyris jugularis,Olive-backed Sunbird,Aves,,Fionn Ó Marcaigh,https://creativecommons.org/licenses/by-nc-sa/4.0/,3.0,https://xeno-canto.org/746415,olbsun1/XC746415.mp3,XC
olbsun1,[],['call'],-5.3423,123.5459,Cinnyris jugularis,Olive-backed Sunbird,Aves,,Fionn Ó Marcaigh,https://creativecommons.org/licenses/by-nc-sa/4.0/,3.0,https://xeno-canto.org/746414,olbsun1/XC746414.mp3,XC
olbsun1,[],['call'],-5.3423,123.5459,Cinnyris jugularis,Olive-backed Sunbird,Aves,,Fionn Ó Marcaigh,https://creativecommons.org/licenses/by-nc-sa/4.0/,3.0,https://xeno-canto.org/746378,olbsun1/XC746378.mp3,XC
olbsun1,[],['call'],-5.3378,123.6148,Cinnyris jugularis,Olive-backed Sunbird,Aves,,Fionn Ó Marcaigh,https://creativecommons.org/licenses/by-nc-sa/4.0/,3.0,https://xeno-canto.org/746313,olbsun1/XC746313.mp3,XC
olbsun1,[],"['call, song']",-5.4985,123.7563,Cinnyris jugularis,Olive-backed Sunbird,Aves,,Fionn Ó Marcaigh,https://creativecommons.org/licenses/by-nc-sa/4.0/,3.0,https://xeno-canto.org/746305,olbsun1/XC746305.mp3,XC
olbsun1,[],['call'],-5.9201,124.0461,Cinnyris jugularis,Olive-backed Sunbird,Aves,,Fionn Ó Marcaigh,https://creativecommons.org/licenses/by-nc-sa/4.0/,3.0,https://xeno-canto.org/746292,olbsun1/XC746292.mp3,XC
olbsun1,[],['call'],-5.9201,124.0461,Cinnyris jugularis,Olive-backed Sunbird,Aves,,Fionn Ó Marcaigh,https://creativecommons.org/licenses/by-nc-sa/4.0/,3.0,https://xeno-canto.org/746288,olbsun1/XC746288.mp3,XC
olbsun1,[],['call'],-5.2759,121.9205,Cinnyris jugularis,Olive-backed Sunbird,Aves,,Fionn Ó Marcaigh,https://creativecommons.org/licenses/by-nc-sa/4.0/,3.0,https://xeno-canto.org/746281,olbsun1/XC746281.mp3,XC
olbsun1,[],['call'],-5.2759,121.9205,Cinnyris jugularis,Olive-backed Sunbird,Aves,,Fionn Ó Marcaigh,https://creativecommons.org/licenses/by-nc-sa/4.0/,3.0,https://xeno-canto.org/746278,olbsun1/XC746278.mp3,XC
olbsun1,[],['call'],-5.2725,121.8031,Cinnyris jugularis,Olive-backed Sunbird,Aves,,Fionn Ó Marcaigh,https://creativecommons.org/licenses/by-nc-sa/4.0/,3.0,https://xeno-canto.org/746271,olbsun1/XC746271.mp3,XC
olbsun1,[],['call'],-5.2725,121.8031,Cinnyris jugularis,Olive-backed Sunbird,Aves,,Fionn Ó Marcaigh,https://creativecommons.org/licenses/by-nc-sa/4.0/,3.0,https://xeno-canto.org/746264,olbsun1/XC746264.mp3,XC
olbsun1,[],['call'],-5.2725,121.8031,Cinnyris jugularis,Olive-backed Sunbird,Aves,,Fionn Ó Marcaigh,https://creativecommons.org/licenses/by-nc-sa/4.0/,3.0,https://xeno-canto.org/746263,olbsun1/XC746263.mp3,XC
olbsun1,[],['call'],-5.2725,121.8031,Cinnyris jugularis,Olive-backed Sunbird,Aves,,Fionn Ó Marcaigh,https://creativecommons.org/licenses/by-nc-sa/4.0/,3.0,https://xeno-canto.org/746262,olbsun1/XC746262.mp3,XC
olbsun1,[],['call'],-5.2725,121.8031,Cinnyris jugularis,Olive-backed Sunbird,Aves,,Fionn Ó Marcaigh,https://creativecommons.org/licenses/by-nc-sa/4.0/,3.0,https://xeno-canto.org/746258,olbsun1/XC746258.mp3,XC
olbsun1,[],['call'],-5.2725,121.8031,Cinnyris jugularis,Olive-backed Sunbird,Aves,,Fionn Ó Marcaigh,https://creativecommons.org/licenses/by-nc-sa/4.0/,3.0,https://xeno-canto.org/746256,olbsun1/XC746256.mp3,XC
olbsun1,[],['call'],0.4218,127.9019,Cinnyris jugularis,Olive-backed Sunbird,Aves,,Marc Anderson,https://creativecommons.org/licenses/by-nc-nd/4.0/,3.0,https://xeno-canto.org/533677,olbsun1/XC533677.mp3,XC
olbsun1,[],['song'],-0.8022,130.5743,Cinnyris jugularis,Olive-backed Sunbird,Aves,,Marc Anderson,https://creativecommons.org/licenses/by-nc-nd/4.0/,3.0,https://xeno-canto.org/531249,olbsun1/XC531249.mp3,XC
olbsun1,[],['song'],-7.098,120.6647,Cinnyris jugularis,Olive-backed Sunbird,Aves,,Frank Lambert,https://creativecommons.org/licenses/by-nc-nd/4.0/,3.0,https://xeno-canto.org/153462,olbsun1/XC153462.mp3,XC
olbsun1,[],['call'],-3.308906,128.999405,Cinnyris jugularis,Olive-backed Sunbird,Aves,,Mike Catsis,https://creativecommons.org/licenses/by-nc-nd/2.5/,3.0,https://xeno-canto.org/38414,olbsun1/XC38414.mp3,XC
olbsun1,[],"['call, song']",-8.1432,114.6628,Cinnyris jugularis,Olive-backed Sunbird,Aves,,Matthias Feuersenger,https://creativecommons.org/licenses/by-nc-nd/2.5/,3.0,https://xeno-canto.org/38407,olbsun1/XC38407.mp3,XC
olbsun1,[],['call'],-8.7234,115.1703,Cinnyris jugularis,Olive-backed Sunbird,Aves,,Allen T. Chartier,https://creativecommons.org/licenses/by-nc-sa/3.0/,3.0,https://xeno-canto.org/31411,olbsun1/XC31411.mp3,XC
olbsun1,[],['call'],-5.3423,123.5459,Cinnyris jugularis,Olive-backed Sunbird,Aves,,Fionn Ó Marcaigh,https://creativecommons.org/licenses/by-nc-sa/4.0/,2.0,https://xeno-canto.org/746400,olbsun1/XC746400.mp3,XC
olbsun1,[],"['call, song']",-5.3423,123.5459,Cinnyris jugularis,Olive-backed Sunbird,Aves,,Fionn Ó Marcaigh,https://creativecommons.org/licenses/by-nc-sa/4.0/,2.0,https://xeno-canto.org/746377,olbsun1/XC746377.mp3,XC
olbsun1,[],['call'],-5.9201,124.0461,Cinnyris jugularis,Olive-backed Sunbird,Aves,,Fionn Ó Marcaigh,https://creativecommons.org/licenses/by-nc-sa/4.0/,2.0,https://xeno-canto.org/746294,olbsun1/XC746294.mp3,XC
olbsun1,[],['call'],-5.9201,124.0461,Cinnyris jugularis,Olive-backed Sunbird,Aves,,Fionn Ó Marcaigh,https://creativecommons.org/licenses/by-nc-sa/4.0/,2.0,https://xeno-canto.org/746290,olbsun1/XC746290.mp3,XC
olbsun1,['Pellorneum celebense'],['call'],-4.424,122.814,Cinnyris jugularis,Olive-backed Sunbird,Aves,,Fionn Ó Marcaigh,https://creativecommons.org/licenses/by-nc-sa/4.0/,2.0,https://xeno-canto.org/746287,olbsun1/XC746287.mp3,XC
olbsun1,['Pellorneum celebense'],['call'],-4.424,122.814,Cinnyris jugularis,Olive-backed Sunbird,Aves,,Fionn Ó Marcaigh,https://creativecommons.org/licenses/by-nc-sa/4.0/,2.0,https://xeno-canto.org/746286,olbsun1/XC746286.mp3,XC
olbsun1,[],['call'],-4.424,122.814,Cinnyris jugularis,Olive-backed Sunbird,Aves,,Fionn Ó Marcaigh,https://creativecommons.org/licenses/by-nc-sa/4.0/,2.0,https://xeno-canto.org/746285,olbsun1/XC746285.mp3,XC
olbsun1,[],['call'],-5.2725,121.8031,Cinnyris jugularis,Olive-backed Sunbird,Aves,,Fionn Ó Marcaigh,https://creativecommons.org/licenses/by-nc-sa/4.0/,2.0,https://xeno-canto.org/746270,olbsun1/XC746270.mp3,XC
olbsun1,[],['call'],-5.2725,121.8031,Cinnyris jugularis,Olive-backed Sunbird,Aves,,Fionn Ó Marcaigh,https://creativecommons.org/licenses/by-nc-sa/4.0/,2.0,https://xeno-canto.org/746266,olbsun1/XC746266.mp3,XC
olbsun1,[],['call'],-5.2725,121.8031,Cinnyris jugularis,Olive-backed Sunbird,Aves,,Fionn Ó Marcaigh,https://creativecommons.org/licenses/by-nc-sa/4.0/,2.0,https://xeno-canto.org/746259,olbsun1/XC746259.mp3,XC
olbsun1,[],['call'],-4.6774,123.2069,Cinnyris jugularis,Olive-backed Sunbird,Aves,,Fionn Ó Marcaigh,https://creativecommons.org/licenses/by-nc-sa/4.0/,2.0,https://xeno-canto.org/746254,olbsun1/XC746254.mp3,XC
olbsun1,[],['call'],-5.1861,122.9079,Cinnyris jugularis,Olive-backed Sunbird,Aves,,Fionn Ó Marcaigh,https://creativecommons.org/licenses/by-nc-sa/4.0/,2.0,https://xeno-canto.org/746055,olbsun1/XC746055.mp3,XC
olbsun1,[],['call'],-5.1861,122.9079,Cinnyris jugularis,Olive-backed Sunbird,Aves,,Fionn Ó Marcaigh,https://creativecommons.org/licenses/by-nc-sa/4.0/,2.0,https://xeno-canto.org/746054,olbsun1/XC746054.mp3,XC
olbsun1,[],['call'],1.562,125.173,Cinnyris jugularis,Olive-backed Sunbird,Aves,,Teus Luijendijk,https://creativecommons.org/licenses/by-nc-nd/4.0/,2.0,https://xeno-canto.org/611791,olbsun1/XC611791.mp3,XC
olbsun1,[],['call'],0.4342,101.876,Cinnyris jugularis,Olive-backed Sunbird,Aves,,Muhammad Iqbal,https://creativecommons.org/licenses/by-nc-sa/4.0/,2.0,https://xeno-canto.org/581941,olbsun1/XC581941.mp3,XC
rubcuc1,"['Gerygone sulphurea', 'Eumyias panayensis', 'Dicrurus montanus']",['song'],-1.3256,120.3089,Cacomantis sepulcralis,Rusty-breasted Cuckoo,Aves,,Richard E. Webster,https://creativecommons.org/licenses/by-nc-sa/4.0/,5.0,https://xeno-canto.org/1075189,rubcuc1/XC1075189.mp3,XC
rubcuc1,[],['song'],1.35,124.8664,Cacomantis sepulcralis,Rusty-breasted Cuckoo,Aves,,Greg Irving,https://creativecommons.org/licenses/by-nc-sa/4.0/,5.0,https://xeno-canto.org/820624,rubcuc1/XC820624.mp3,XC
rubcuc1,[],['song'],-7.6273,111.1341,Cacomantis sepulcralis,Rusty-breasted Cuckoo,Aves,,Geoff Carey,https://creativecommons.org/licenses/by-nc-sa/4.0/,5.0,https://xeno-canto.org/737842,rubcuc1/XC737842.mp3,XC
rubcuc1,[],['song'],-7.6273,111.1341,Cacomantis sepulcralis,Rusty-breasted Cuckoo,Aves,,Geoff Carey,https://creativecommons.org/licenses/by-nc-sa/4.0/,5.0,https://xeno-canto.org/737841,rubcuc1/XC737841.mp3,XC
rubcuc1,['Pteruthius flaviscapis'],['song'],-6.7273,106.9711,Cacomantis sepulcralis,Rusty-breasted Cuckoo,Aves,,Teus Luijendijk,https://creativecommons.org/licenses/by-nc-nd/4.0/,5.0,https://xeno-canto.org/619810,rubcuc1/XC619810.mp3,XC
rubcuc1,[],['song'],-3.6825,121.2143,Cacomantis sepulcralis,Rusty-breasted Cuckoo,Aves,,Frank Lambert,https://creativecommons.org/licenses/by-nc-nd/4.0/,5.0,https://xeno-canto.org/596834,rubcuc1/XC596834.mp3,XC
rubcuc1,[],['song'],-3.6825,121.2143,Cacomantis sepulcralis,Rusty-breasted Cuckoo,Aves,,Frank Lambert,https://creativecommons.org/licenses/by-nc-nd/4.0/,5.0,https://xeno-canto.org/596832,rubcuc1/XC596832.mp3,XC
rubcuc1,[],['song'],-3.6825,121.2143,Cacomantis sepulcralis,Rusty-breasted Cuckoo,Aves,,Frank Lambert,https://creativecommons.org/licenses/by-nc-nd/4.0/,5.0,https://xeno-canto.org/596831,rubcuc1/XC596831.mp3,XC
rubcuc1,[],['song'],-3.6825,121.2143,Cacomantis sepulcralis,Rusty-breasted Cuckoo,Aves,,Frank Lambert,https://creativecommons.org/licenses/by-nc-nd/4.0/,5.0,https://xeno-canto.org/596830,rubcuc1/XC596830.mp3,XC
rubcuc1,[],['song'],-3.6825,121.2143,Cacomantis sepulcralis,Rusty-breasted Cuckoo,Aves,,Frank Lambert,https://creativecommons.org/licenses/by-nc-nd/4.0/,5.0,https://xeno-canto.org/596829,rubcuc1/XC596829.mp3,XC
rubcuc1,[],['song'],-3.6825,121.2143,Cacomantis sepulcralis,Rusty-breasted Cuckoo,Aves,,Frank Lambert,https://creativecommons.org/licenses/by-nc-nd/4.0/,5.0,https://xeno-canto.org/596828,rubcuc1/XC596828.mp3,XC
rubcuc1,[],['call'],-6.7407,107.0057,Cacomantis sepulcralis,Rusty-breasted Cuckoo,Aves,,Okamoto Keita Sin,https://creativecommons.org/licenses/by-nc-sa/4.0/,5.0,https://xeno-canto.org/528826,rubcuc1/XC528826.mp3,XC
rubcuc1,[],['song'],-8.0849,114.2364,Cacomantis sepulcralis,Rusty-breasted Cuckoo,Aves,,Frank Lambert,https://creativecommons.org/licenses/by-nc-nd/4.0/,5.0,https://xeno-canto.org/468844,rubcuc1/XC468844.mp3,XC
rubcuc1,[],['song'],-5.1827,122.9108,Cacomantis sepulcralis,Rusty-breasted Cuckoo,Aves,,Matt Slaymaker,https://creativecommons.org/licenses/by-nc-sa/4.0/,5.0,https://xeno-canto.org/466305,rubcuc1/XC466305.mp3,XC
rubcuc1,[],['song'],-8.8021,121.4971,Cacomantis sepulcralis,Rusty-breasted Cuckoo,Aves,,Oscar Campbell,https://creativecommons.org/licenses/by-nc-sa/4.0/,5.0,https://xeno-canto.org/389516,rubcuc1/XC389516.mp3,XC
rubcuc1,[],['song'],-8.4895,119.9687,Cacomantis sepulcralis,Rusty-breasted Cuckoo,Aves,,Peter Ericsson,https://creativecommons.org/licenses/by-nc-sa/4.0/,5.0,https://xeno-canto.org/268523,rubcuc1/XC268523.mp3,XC
rubcuc1,[],['song'],-6.7515,106.9898,Cacomantis sepulcralis,Rusty-breasted Cuckoo,Aves,,Paulo Alves,https://creativecommons.org/licenses/by-nc-sa/4.0/,5.0,https://xeno-canto.org/246121,rubcuc1/XC246121.mp3,XC
rubcuc1,[],"['call, song']",-6.7515,106.9898,Cacomantis sepulcralis,Rusty-breasted Cuckoo,Aves,,Paulo Alves,https://creativecommons.org/licenses/by-nc-sa/4.0/,5.0,https://xeno-canto.org/215401,rubcuc1/XC215401.mp3,XC
rubcuc1,[],"['call, song']",-6.7515,106.9898,Cacomantis sepulcralis,Rusty-breasted Cuckoo,Aves,,Paulo Alves,https://creativecommons.org/licenses/by-nc-sa/4.0/,5.0,https://xeno-canto.org/215400,rubcuc1/XC215400.mp3,XC
rubcuc1,['Psilopogon armillaris'],['call'],-7.1207,107.6053,Cacomantis sepulcralis,Rusty-breasted Cuckoo,Aves,,Sidiq Pambudi,https://creativecommons.org/licenses/by-nc-sa/4.0/,5.0,https://xeno-canto.org/206315,rubcuc1/XC206315.mp3,XC
rubcuc1,[],['song'],-1.3256,120.3089,Cacomantis sepulcralis,Rusty-breasted Cuckoo,Aves,,Frank Lambert,https://creativecommons.org/licenses/by-nc-nd/4.0/,5.0,https://xeno-canto.org/203853,rubcuc1/XC203853.mp3,XC
rubcuc1,[],['song'],-6.7414,107.0019,Cacomantis sepulcralis,Rusty-breasted Cuckoo,Aves,,Frank Lambert,https://creativecommons.org/licenses/by-nc-nd/4.0/,5.0,https://xeno-canto.org/166499,rubcuc1/XC166499.mp3,XC
rubcuc1,[],['song'],-1.5159,120.2301,Cacomantis sepulcralis,Rusty-breasted Cuckoo,Aves,,Mike Nelson,https://creativecommons.org/licenses/by-nc-sa/3.0/,5.0,https://xeno-canto.org/152159,rubcuc1/XC152159.mp3,XC
rubcuc1,[],['song'],-8.7392,120.0129,Cacomantis sepulcralis,Rusty-breasted Cuckoo,Aves,,Feri Irawan,https://creativecommons.org/licenses/by-nc-sa/3.0/,5.0,https://xeno-canto.org/142181,rubcuc1/XC142181.mp3,XC
rubcuc1,[],['song'],-8.292,124.7214,Cacomantis sepulcralis,Rusty-breasted Cuckoo,Aves,,Colin Trainor,https://creativecommons.org/licenses/by-nc-nd/2.5/,5.0,https://xeno-canto.org/105141,rubcuc1/XC105141.mp3,XC
rubcuc1,[],['?'],-1.3256,120.3089,Cacomantis sepulcralis,Rusty-breasted Cuckoo,Aves,,Frank Lambert,https://creativecommons.org/licenses/by-nc-nd/4.0/,5.0,https://xeno-canto.org/88239,rubcuc1/XC88239.mp3,XC
rubcuc1,[],['song'],-1.32,120.3,Cacomantis sepulcralis,Rusty-breasted Cuckoo,Aves,,Frank Lambert,https://creativecommons.org/licenses/by-nc-nd/4.0/,5.0,https://xeno-canto.org/67811,rubcuc1/XC67811.mp3,XC
rubcuc1,[],['song'],-1.32,120.3,Cacomantis sepulcralis,Rusty-breasted Cuckoo,Aves,,Frank Lambert,https://creativecommons.org/licenses/by-nc-nd/4.0/,5.0,https://xeno-canto.org/67810,rubcuc1/XC67810.mp3,XC
rubcuc1,[],['song'],-6.5,107.3,Cacomantis sepulcralis,Rusty-breasted Cuckoo,Aves,,Frank Lambert,https://creativecommons.org/licenses/by-nc-nd/4.0/,5.0,https://xeno-canto.org/67798,rubcuc1/XC67798.mp3,XC
rubcuc1,[],['?'],-5.3389,119.9251,Cacomantis sepulcralis,Rusty-breasted Cuckoo,Aves,,Frank Rheindt,https://creativecommons.org/licenses/by-nc-nd/2.5/,5.0,https://xeno-canto.org/40243,rubcuc1/XC40243.mp3,XC
rubcuc1,[],['call'],-1.5159,120.2301,Cacomantis sepulcralis,Rusty-breasted Cuckoo,Aves,,David Farrow,https://creativecommons.org/licenses/by-nc-sa/3.0/,5.0,https://xeno-canto.org/19846,rubcuc1/XC19846.mp3,XC
rubcuc1,"['Eumyias panayensis', 'Dicrurus montanus']",['song'],-1.3256,120.3089,Cacomantis sepulcralis,Rusty-breasted Cuckoo,Aves,,Richard E. Webster,https://creativecommons.org/licenses/by-nc-sa/4.0/,4.0,https://xeno-canto.org/1075194,rubcuc1/XC1075194.mp3,XC
rubcuc1,"['Cyornis hoevelli', 'Eumyias panayensis']",['call'],-1.3256,120.3089,Cacomantis sepulcralis,Rusty-breasted Cuckoo,Aves,,Richard E. Webster,https://creativecommons.org/licenses/by-nc-sa/4.0/,4.0,https://xeno-canto.org/1075193,rubcuc1/XC1075193.mp3,XC
rubcuc1,['Ptilinopus gularis'],['song'],0.5887,124.1189,Cacomantis sepulcralis,Rusty-breasted Cuckoo,Aves,,Richard E. Webster,https://creativecommons.org/licenses/by-nc-sa/4.0/,4.0,https://xeno-canto.org/1075192,rubcuc1/XC1075192.mp3,XC
rubcuc1,"['Pellorneum celebense', 'Macropygia doreya']",['song'],0.5887,124.1189,Cacomantis sepulcralis,Rusty-breasted Cuckoo,Aves,,Richard E. Webster,https://creativecommons.org/licenses/by-nc-sa/4.0/,4.0,https://xeno-canto.org/1075191,rubcuc1/XC1075191.mp3,XC
rubcuc1,['Locustella castanea'],['song'],-1.32,120.3,Cacomantis sepulcralis,Rusty-breasted Cuckoo,Aves,,Richard E. Webster,https://creativecommons.org/licenses/by-nc-sa/4.0/,4.0,https://xeno-canto.org/1075190,rubcuc1/XC1075190.mp3,XC
rubcuc1,[],['song'],-1.5159,120.2301,Cacomantis sepulcralis,Rusty-breasted Cuckoo,Aves,,Mike Nelson,https://creativecommons.org/licenses/by-nc-sa/4.0/,4.0,https://xeno-canto.org/687365,rubcuc1/XC687365.mp3,XC
rubcuc1,[],['song'],-3.6825,121.2143,Cacomantis sepulcralis,Rusty-breasted Cuckoo,Aves,,Frank Lambert,https://creativecommons.org/licenses/by-nc-nd/4.0/,4.0,https://xeno-canto.org/596833,rubcuc1/XC596833.mp3,XC
rubcuc1,[],['song'],-8.0849,114.2364,Cacomantis sepulcralis,Rusty-breasted Cuckoo,Aves,,Frank Lambert,https://creativecommons.org/licenses/by-nc-nd/4.0/,4.0,https://xeno-canto.org/468845,rubcuc1/XC468845.mp3,XC
rubcuc1,[],['song'],-6.7515,106.9898,Cacomantis sepulcralis,Rusty-breasted Cuckoo,Aves,,Prayitno Goenarto,https://creativecommons.org/licenses/by-nc-nd/4.0/,4.0,https://xeno-canto.org/468146,rubcuc1/XC468146.mp3,XC
rubcuc1,[],['song'],-8.2719,115.1552,Cacomantis sepulcralis,Rusty-breasted Cuckoo,Aves,,Bruno Durand,https://creativecommons.org/licenses/by-nc-sa/4.0/,4.0,https://xeno-canto.org/437767,rubcuc1/XC437767.mp3,XC
rubcuc1,[],['song'],-6.2865,106.7492,Cacomantis sepulcralis,Rusty-breasted Cuckoo,Aves,,Erik Meijaard,https://creativecommons.org/licenses/by-nc-sa/4.0/,4.0,https://xeno-canto.org/298647,rubcuc1/XC298647.mp3,XC
rubcuc1,[],['song'],-8.642,120.5592,Cacomantis sepulcralis,Rusty-breasted Cuckoo,Aves,,Mike Nelson,https://creativecommons.org/licenses/by-nc-sa/4.0/,4.0,https://xeno-canto.org/292567,rubcuc1/XC292567.mp3,XC
rubcuc1,[],['begging call'],-7.2131,109.9142,Cacomantis sepulcralis,Rusty-breasted Cuckoo,Aves,,Bas Van Balen,https://creativecommons.org/licenses/by-nc-sa/4.0/,4.0,https://xeno-canto.org/286518,rubcuc1/XC286518.mp3,XC
rubcuc1,[],['song'],-1.3184,120.3039,Cacomantis sepulcralis,Rusty-breasted Cuckoo,Aves,,Stijn Cooleman,https://creativecommons.org/licenses/by-nc-sa/4.0/,4.0,https://xeno-canto.org/255442,rubcuc1/XC255442.mp3,XC
rubcuc1,[],['song'],-1.3184,120.3039,Cacomantis sepulcralis,Rusty-breasted Cuckoo,Aves,,Stijn Cooleman,https://creativecommons.org/licenses/by-nc-sa/4.0/,4.0,https://xeno-canto.org/255441,rubcuc1/XC255441.mp3,XC
rubcuc1,[],['call'],-2.0498,101.3073,Cacomantis sepulcralis,Rusty-breasted Cuckoo,Aves,,Mike Nelson,https://creativecommons.org/licenses/by-nc-sa/4.0/,4.0,https://xeno-canto.org/242640,rubcuc1/XC242640.mp3,XC
rubcuc1,[],['song'],-1.3256,120.3089,Cacomantis sepulcralis,Rusty-breasted Cuckoo,Aves,,Frank Lambert,https://creativecommons.org/licenses/by-nc-nd/4.0/,4.0,https://xeno-canto.org/203855,rubcuc1/XC203855.mp3,XC
rubcuc1,[],['song'],0.458,123.989,Cacomantis sepulcralis,Rusty-breasted Cuckoo,Aves,,Mike Nelson,https://creativecommons.org/licenses/by-nc-sa/4.0/,4.0,https://xeno-canto.org/203527,rubcuc1/XC203527.mp3,XC
rubcuc1,[],['song'],0.458,123.989,Cacomantis sepulcralis,Rusty-breasted Cuckoo,Aves,,Mike Nelson,https://creativecommons.org/licenses/by-nc-sa/4.0/,4.0,https://xeno-canto.org/203526,rubcuc1/XC203526.mp3,XC
rubcuc1,[],['song'],-1.5159,120.2301,Cacomantis sepulcralis,Rusty-breasted Cuckoo,Aves,,Mike Nelson,https://creativecommons.org/licenses/by-nc-sa/4.0/,4.0,https://xeno-canto.org/203369,rubcuc1/XC203369.mp3,XC
rubcuc1,[],['song'],-6.5,107.3,Cacomantis sepulcralis,Rusty-breasted Cuckoo,Aves,,Frank Lambert,https://creativecommons.org/licenses/by-nc-nd/4.0/,4.0,https://xeno-canto.org/161687,rubcuc1/XC161687.mp3,XC
rubcuc1,[],['song'],-1.5159,120.2301,Cacomantis sepulcralis,Rusty-breasted Cuckoo,Aves,,Mike Nelson,https://creativecommons.org/licenses/by-nc-sa/3.0/,4.0,https://xeno-canto.org/152167,rubcuc1/XC152167.mp3,XC
rubcuc1,[],['song'],-1.5159,120.2301,Cacomantis sepulcralis,Rusty-breasted Cuckoo,Aves,,Mike Nelson,https://creativecommons.org/licenses/by-nc-sa/3.0/,4.0,https://xeno-canto.org/152160,rubcuc1/XC152160.mp3,XC
rubcuc1,[],['song'],0.5442,123.9401,Cacomantis sepulcralis,Rusty-breasted Cuckoo,Aves,,Mike Nelson,https://creativecommons.org/licenses/by-nc-sa/3.0/,4.0,https://xeno-canto.org/151993,rubcuc1/XC151993.mp3,XC
rubcuc1,[],['song'],0.5442,123.9401,Cacomantis sepulcralis,Rusty-breasted Cuckoo,Aves,,Mike Nelson,https://creativecommons.org/licenses/by-nc-sa/3.0/,4.0,https://xeno-canto.org/151992,rubcuc1/XC151992.mp3,XC
rubcuc1,[],['song'],0.5442,123.9401,Cacomantis sepulcralis,Rusty-breasted Cuckoo,Aves,,Mike Nelson,https://creativecommons.org/licenses/by-nc-sa/3.0/,4.0,https://xeno-canto.org/151991,rubcuc1/XC151991.mp3,XC
rubcuc1,"['Oriolus chinensis', 'Rhamphococcyx calyorhynchus']",['song'],0.5442,123.9401,Cacomantis sepulcralis,Rusty-breasted Cuckoo,Aves,,Mike Nelson,https://creativecommons.org/licenses/by-nc-sa/3.0/,4.0,https://xeno-canto.org/151990,rubcuc1/XC151990.mp3,XC
rubcuc1,[],"['call, song']",0.5442,123.9401,Cacomantis sepulcralis,Rusty-breasted Cuckoo,Aves,,Mike Nelson,https://creativecommons.org/licenses/by-nc-sa/3.0/,4.0,https://xeno-canto.org/151989,rubcuc1/XC151989.mp3,XC
rubcuc1,[],"['call, song']",0.5606,123.68,Cacomantis sepulcralis,Rusty-breasted Cuckoo,Aves,,Niels Poul Dreyer,https://creativecommons.org/licenses/by-nc-sa/3.0/,4.0,https://xeno-canto.org/120955,rubcuc1/XC120955.mp3,XC
rubcuc1,[],['song'],-8.292,124.7214,Cacomantis sepulcralis,Rusty-breasted Cuckoo,Aves,,Colin Trainor,https://creativecommons.org/licenses/by-nc-nd/2.5/,4.0,https://xeno-canto.org/105144,rubcuc1/XC105144.mp3,XC
rubcuc1,[],['song'],-0.4409,121.8178,Cacomantis sepulcralis,Rusty-breasted Cuckoo,Aves,,Frank Lambert,https://creativecommons.org/licenses/by-nc-nd/4.0/,4.0,https://xeno-canto.org/90085,rubcuc1/XC90085.mp3,XC
rubcuc1,[],['song'],-0.4631,121.8103,Cacomantis sepulcralis,Rusty-breasted Cuckoo,Aves,,Frank Lambert,https://creativecommons.org/licenses/by-nc-nd/4.0/,4.0,https://xeno-canto.org/89636,rubcuc1/XC89636.mp3,XC
rubcuc1,[],['song'],0.5667,123.9026,Cacomantis sepulcralis,Rusty-breasted Cuckoo,Aves,,David Gibbs,https://creativecommons.org/licenses/by-nc-nd/2.5/,4.0,https://xeno-canto.org/69936,rubcuc1/XC69936.mp3,XC
rubcuc1,[],['song'],-6.7,106.99,Cacomantis sepulcralis,Rusty-breasted Cuckoo,Aves,,Frank Lambert,https://creativecommons.org/licenses/by-nc-nd/4.0/,4.0,https://xeno-canto.org/67800,rubcuc1/XC67800.mp3,XC
rubcuc1,[],['song'],-6.7,106.99,Cacomantis sepulcralis,Rusty-breasted Cuckoo,Aves,,Frank Lambert,https://creativecommons.org/licenses/by-nc-nd/4.0/,4.0,https://xeno-canto.org/67799,rubcuc1/XC67799.mp3,XC
rubcuc1,[],['song'],-6.7598,106.9844,Cacomantis sepulcralis,Rusty-breasted Cuckoo,Aves,,Frank Lambert,https://creativecommons.org/licenses/by-nc-nd/4.0/,4.0,https://xeno-canto.org/67797,rubcuc1/XC67797.mp3,XC
rubcuc1,[],['song'],-6.5,107.3,Cacomantis sepulcralis,Rusty-breasted Cuckoo,Aves,,Frank Lambert,https://creativecommons.org/licenses/by-nc-nd/4.0/,4.0,https://xeno-canto.org/67795,rubcuc1/XC67795.mp3,XC
rubcuc1,"['Stachyris maculata', 'Cyanoderma rufifrons']",['song'],-0.1126,114.8556,Cacomantis sepulcralis,Rusty-breasted Cuckoo,Aves,,Iain Woxvold,https://creativecommons.org/licenses/by-nc-nd/2.5/,4.0,https://xeno-canto.org/64674,rubcuc1/XC64674.mp3,XC
rubcuc1,"['Dicrurus paradiseus', 'Hypothymis azurea', 'Pellorneum bicolor', 'Cyanoderma bicolor']",['song'],-0.1126,114.8556,Cacomantis sepulcralis,Rusty-breasted Cuckoo,Aves,,Iain Woxvold,https://creativecommons.org/licenses/by-nc-nd/2.5/,4.0,https://xeno-canto.org/64673,rubcuc1/XC64673.mp3,XC
rubcuc1,[],['?'],-5.3389,119.9251,Cacomantis sepulcralis,Rusty-breasted Cuckoo,Aves,,Frank Rheindt,https://creativecommons.org/licenses/by-nc-nd/2.5/,4.0,https://xeno-canto.org/40242,rubcuc1/XC40242.mp3,XC
rubcuc1,[],['song'],-6.2781,105.8537,Cacomantis sepulcralis,Rusty-breasted Cuckoo,Aves,,Teus Luijendijk,https://creativecommons.org/licenses/by-nc-nd/4.0/,3.0,https://xeno-canto.org/618464,rubcuc1/XC618464.mp3,XC
rubcuc1,[],"['duet, song']",0.4342,101.876,Cacomantis sepulcralis,Rusty-breasted Cuckoo,Aves,,Muhammad Iqbal,https://creativecommons.org/licenses/by-nc-sa/4.0/,3.0,https://xeno-canto.org/582951,rubcuc1/XC582951.mp3,XC
rubcuc1,[],['song'],-6.746386,106.537563,Cacomantis sepulcralis,Rusty-breasted Cuckoo,Aves,,Okamoto Keita Sin,https://creativecommons.org/licenses/by-nc-sa/4.0/,3.0,https://xeno-canto.org/575535,rubcuc1/XC575535.mp3,XC
rubcuc1,[],['song'],-8.518,116.3025,Cacomantis sepulcralis,Rusty-breasted Cuckoo,Aves,,Kees Van Reenen,https://creativecommons.org/licenses/by-nc-sa/4.0/,3.0,https://xeno-canto.org/505055,rubcuc1/XC505055.mp3,XC
rubcuc1,['Pellorneum celebense'],['call'],-5.1827,122.9108,Cacomantis sepulcralis,Rusty-breasted Cuckoo,Aves,,Joseph Monkhouse,https://creativecommons.org/licenses/by-nc-sa/4.0/,3.0,https://xeno-canto.org/331847,rubcuc1/XC331847.mp3,XC
rubcuc1,[],['song'],-6.7461,106.5182,Cacomantis sepulcralis,Rusty-breasted Cuckoo,Aves,,Marc Anderson,https://creativecommons.org/licenses/by-nc-nd/4.0/,3.0,https://xeno-canto.org/215012,rubcuc1/XC215012.mp3,XC
rubcuc1,[],['song'],-6.723,107.0248,Cacomantis sepulcralis,Rusty-breasted Cuckoo,Aves,,Jakub Vlcek,https://creativecommons.org/licenses/by-nc-sa/4.0/,3.0,https://xeno-canto.org/212365,rubcuc1/XC212365.mp3,XC
rubcuc1,[],['song'],,,Cacomantis sepulcralis,Rusty-breasted Cuckoo,Aves,,Heru Cahyono,https://creativecommons.org/licenses/by-nc-sa/3.0/,3.0,https://xeno-canto.org/145301,rubcuc1/XC145301.mp3,XC
rubcuc1,[],['call'],,,Cacomantis sepulcralis,Rusty-breasted Cuckoo,Aves,,Heru Cahyono,https://creativecommons.org/licenses/by-nc-sa/3.0/,3.0,https://xeno-canto.org/143546,rubcuc1/XC143546.mp3,XC
rubcuc1,['Malacocincla sepiaria'],['song'],,,Cacomantis sepulcralis,Rusty-breasted Cuckoo,Aves,,Heru Cahyono,https://creativecommons.org/licenses/by-nc-sa/3.0/,3.0,https://xeno-canto.org/143278,rubcuc1/XC143278.mp3,XC
rubcuc1,[],['song'],-6.5,107.3,Cacomantis sepulcralis,Rusty-breasted Cuckoo,Aves,,Frank Lambert,https://creativecommons.org/licenses/by-nc-nd/4.0/,3.0,https://xeno-canto.org/67796,rubcuc1/XC67796.mp3,XC
rubcuc1,[],['song'],-6.5,107.3,Cacomantis sepulcralis,Rusty-breasted Cuckoo,Aves,,Frank Lambert,https://creativecommons.org/licenses/by-nc-nd/4.0/,3.0,https://xeno-canto.org/67794,rubcuc1/XC67794.mp3,XC
rubcuc1,[],['call'],0.2334,113.3689,Cacomantis sepulcralis,Rusty-breasted Cuckoo,Aves,,Johannes Fischer,https://creativecommons.org/licenses/by-nc-sa/4.0/,2.0,https://xeno-canto.org/177912,rubcuc1/XC177912.mp3,XC
rubcuc1,[],['song'],-8.2942,115.1773,Cacomantis sepulcralis,Rusty-breasted Cuckoo,Aves,,Allen T. Chartier,https://creativecommons.org/licenses/by-nc-sa/3.0/,2.0,https://xeno-canto.org/31354,rubcuc1/XC31354.mp3,XC
hacdro1,[],['song'],0.696,121.8333,Dicrurus hottentottus,Hair-crested Drongo,Aves,,Yasinchumaedi,https://creativecommons.org/licenses/by-nc-sa/4.0/,5.0,https://xeno-canto.org/1099352,hacdro1/XC1099352.mp3,XC
hacdro1,"['Ptilinopus melanospilus', 'Centropus bengalensis']","['call, song']",-5.0193,119.7508,Dicrurus hottentottus,Hair-crested Drongo,Aves,,Richard E. Webster,https://creativecommons.org/licenses/by-nc-sa/4.0/,5.0,https://xeno-canto.org/1075210,hacdro1/XC1075210.mp3,XC
hacdro1,"['Ducula aenea', 'Tanygnathus sumatranus']",['call'],1.562,125.1728,Dicrurus hottentottus,Hair-crested Drongo,Aves,,Richard E. Webster,https://creativecommons.org/licenses/by-nc-sa/4.0/,5.0,https://xeno-canto.org/1075206,hacdro1/XC1075206.mp3,XC
hacdro1,[],"['alarm call, call, song']",-8.1692,114.482,Dicrurus hottentottus,Hair-crested Drongo,Aves,,Untung Sarmawi,https://creativecommons.org/publicdomain/zero/1.0/,5.0,https://xeno-canto.org/1037097,hacdro1/XC1037097.mp3,XC
hacdro1,[],['call'],1.556,125.17,Dicrurus hottentottus,Hair-crested Drongo,Aves,,Ding Li Yong,https://creativecommons.org/licenses/by-nc-nd/4.0/,5.0,https://xeno-canto.org/931626,hacdro1/XC931626.mp3,XC
hacdro1,[],['call'],1.556,125.17,Dicrurus hottentottus,Hair-crested Drongo,Aves,,Ding Li Yong,https://creativecommons.org/licenses/by-nc-nd/4.0/,5.0,https://xeno-canto.org/926461,hacdro1/XC926461.mp3,XC
hacdro1,[],['call'],1.35,124.8664,Dicrurus hottentottus,Hair-crested Drongo,Aves,,Ding Li Yong,https://creativecommons.org/licenses/by-nc-nd/4.0/,5.0,https://xeno-canto.org/924367,hacdro1/XC924367.mp3,XC
hacdro1,[],['call'],1.35,124.8664,Dicrurus hottentottus,Hair-crested Drongo,Aves,,Greg Irving,https://creativecommons.org/licenses/by-nc-sa/4.0/,5.0,https://xeno-canto.org/825282,hacdro1/XC825282.mp3,XC
hacdro1,[],['song'],1.562,125.173,Dicrurus hottentottus,Hair-crested Drongo,Aves,,Greg Irving,https://creativecommons.org/licenses/by-nc-sa/4.0/,5.0,https://xeno-canto.org/823280,hacdro1/XC823280.mp3,XC
hacdro1,[],['call'],-3.642,121.0964,Dicrurus hottentottus,Hair-crested Drongo,Aves,,Frank Lambert,https://creativecommons.org/licenses/by-nc-nd/4.0/,5.0,https://xeno-canto.org/598553,hacdro1/XC598553.mp3,XC
hacdro1,[],['dawn song'],-1.1963,98.9791,Dicrurus hottentottus,Hair-crested Drongo,Aves,,Frank Lambert,https://creativecommons.org/licenses/by-nc-nd/4.0/,5.0,https://xeno-canto.org/498797,hacdro1/XC498797.mp3,XC
hacdro1,[],['song'],-1.1963,98.9791,Dicrurus hottentottus,Hair-crested Drongo,Aves,,Frank Lambert,https://creativecommons.org/licenses/by-nc-nd/4.0/,5.0,https://xeno-canto.org/498408,hacdro1/XC498408.mp3,XC
hacdro1,[],['song'],-1.1963,98.9791,Dicrurus hottentottus,Hair-crested Drongo,Aves,,Frank Lambert,https://creativecommons.org/licenses/by-nc-nd/4.0/,5.0,https://xeno-canto.org/498403,hacdro1/XC498403.mp3,XC
hacdro1,[],['song'],-1.1963,98.9791,Dicrurus hottentottus,Hair-crested Drongo,Aves,,Frank Lambert,https://creativecommons.org/licenses/by-nc-nd/4.0/,5.0,https://xeno-canto.org/498402,hacdro1/XC498402.mp3,XC
hacdro1,[],['song'],-1.1313,98.9678,Dicrurus hottentottus,Hair-crested Drongo,Aves,,Brian Cox,https://creativecommons.org/licenses/by-nc-sa/4.0/,5.0,https://xeno-canto.org/431494,hacdro1/XC431494.mp3,XC
hacdro1,[],['call'],3.5126,125.5426,Dicrurus hottentottus,Hair-crested Drongo,Aves,,Ross Gallardy,https://creativecommons.org/licenses/by-nc-sa/4.0/,5.0,https://xeno-canto.org/413920,hacdro1/XC413920.mp3,XC
hacdro1,[],['call'],-1.3791,127.6462,Dicrurus hottentottus,Hair-crested Drongo,Aves,,Ross Gallardy,https://creativecommons.org/licenses/by-nc-sa/4.0/,5.0,https://xeno-canto.org/412323,hacdro1/XC412323.mp3,XC
hacdro1,[],['call'],-1.3791,127.6462,Dicrurus hottentottus,Hair-crested Drongo,Aves,,Ross Gallardy,https://creativecommons.org/licenses/by-nc-sa/4.0/,5.0,https://xeno-canto.org/412321,hacdro1/XC412321.mp3,XC
hacdro1,[],['song'],-1.7622,124.807,Dicrurus hottentottus,Hair-crested Drongo,Aves,,Peter Wilton,https://creativecommons.org/licenses/by-sa/4.0/,5.0,https://xeno-canto.org/176899,hacdro1/XC176899.mp3,XC
hacdro1,[],['song'],-1.7622,124.807,Dicrurus hottentottus,Hair-crested Drongo,Aves,,Peter Wilton,https://creativecommons.org/licenses/by-sa/4.0/,5.0,https://xeno-canto.org/176898,hacdro1/XC176898.mp3,XC
hacdro1,['Prosciurillus leucomus'],['call'],1.562,125.1728,Dicrurus hottentottus,Hair-crested Drongo,Aves,,Richard E. Webster,https://creativecommons.org/licenses/by-nc-sa/4.0/,4.0,https://xeno-canto.org/1075214,hacdro1/XC1075214.mp3,XC
hacdro1,[],['call'],0.5887,124.1189,Dicrurus hottentottus,Hair-crested Drongo,Aves,,Richard E. Webster,https://creativecommons.org/licenses/by-nc-sa/4.0/,4.0,https://xeno-canto.org/1075213,hacdro1/XC1075213.mp3,XC
hacdro1,"['Centropus celebensis', 'Ducula aenea', 'Ptilinopus gularis', 'Ptilinopus melanospilus', 'Eudynamys melanorhynchus']","['call, song']",0.5887,124.1189,Dicrurus hottentottus,Hair-crested Drongo,Aves,,Richard E. Webster,https://creativecommons.org/licenses/by-nc-sa/4.0/,4.0,https://xeno-canto.org/1075211,hacdro1/XC1075211.mp3,XC
hacdro1,"['Centropus celebensis', 'Oriolus chinensis', 'Eudynamys melanorhynchus']","['call, song']",0.5667,123.9026,Dicrurus hottentottus,Hair-crested Drongo,Aves,,Richard E. Webster,https://creativecommons.org/licenses/by-nc-sa/4.0/,4.0,https://xeno-canto.org/1075209,hacdro1/XC1075209.mp3,XC
hacdro1,"['Centropus celebensis', 'Ptilinopus gularis', 'Hypothymis puella', 'Macropygia doreya']","['call, song']",0.5667,123.9026,Dicrurus hottentottus,Hair-crested Drongo,Aves,,Richard E. Webster,https://creativecommons.org/licenses/by-nc-sa/4.0/,4.0,https://xeno-canto.org/1075199,hacdro1/XC1075199.mp3,XC
hacdro1,"['Centropus celebensis', 'Corvus enca', 'Ptilinopus gularis', 'Pellorneum celebense', 'Eudynamys melanorhynchus', 'Macropygia doreya']","['call, dawn song']",0.5667,123.9026,Dicrurus hottentottus,Hair-crested Drongo,Aves,,Richard E. Webster,https://creativecommons.org/licenses/by-nc-sa/4.0/,4.0,https://xeno-canto.org/1075198,hacdro1/XC1075198.mp3,XC
hacdro1,[],['call'],1.3571,124.8579,Dicrurus hottentottus,Hair-crested Drongo,Aves,,Richard E. Webster,https://creativecommons.org/licenses/by-nc-sa/4.0/,4.0,https://xeno-canto.org/1075197,hacdro1/XC1075197.mp3,XC
hacdro1,[],['call'],1.556,125.17,Dicrurus hottentottus,Hair-crested Drongo,Aves,,Ding Li Yong,https://creativecommons.org/licenses/by-nc-nd/4.0/,4.0,https://xeno-canto.org/932506,hacdro1/XC932506.mp3,XC
hacdro1,['Hemiprocne longipennis'],['call'],1.556,125.17,Dicrurus hottentottus,Hair-crested Drongo,Aves,,Ding Li Yong,https://creativecommons.org/licenses/by-nc-nd/4.0/,4.0,https://xeno-canto.org/931276,hacdro1/XC931276.mp3,XC
hacdro1,[],['song'],1.35,124.8664,Dicrurus hottentottus,Hair-crested Drongo,Aves,,Greg Irving,https://creativecommons.org/licenses/by-nc-sa/4.0/,4.0,https://xeno-canto.org/825283,hacdro1/XC825283.mp3,XC
hacdro1,[],['song'],1.562,125.173,Dicrurus hottentottus,Hair-crested Drongo,Aves,,Greg Irving,https://creativecommons.org/licenses/by-nc-sa/4.0/,4.0,https://xeno-canto.org/823279,hacdro1/XC823279.mp3,XC
hacdro1,[],['song'],-1.1963,98.9791,Dicrurus hottentottus,Hair-crested Drongo,Aves,,Frank Lambert,https://creativecommons.org/licenses/by-nc-nd/4.0/,4.0,https://xeno-canto.org/498798,hacdro1/XC498798.mp3,XC
hacdro1,[],"['dawn song, starting in dark']",-1.1963,98.9791,Dicrurus hottentottus,Hair-crested Drongo,Aves,,Frank Lambert,https://creativecommons.org/licenses/by-nc-nd/4.0/,4.0,https://xeno-canto.org/498409,hacdro1/XC498409.mp3,XC
hacdro1,[],['song'],-1.1963,98.9791,Dicrurus hottentottus,Hair-crested Drongo,Aves,,Frank Lambert,https://creativecommons.org/licenses/by-nc-nd/4.0/,4.0,https://xeno-canto.org/498407,hacdro1/XC498407.mp3,XC
hacdro1,[],['song'],-1.1963,98.9791,Dicrurus hottentottus,Hair-crested Drongo,Aves,,Frank Lambert,https://creativecommons.org/licenses/by-nc-nd/4.0/,4.0,https://xeno-canto.org/498406,hacdro1/XC498406.mp3,XC
hacdro1,[],['song'],-1.1963,98.9791,Dicrurus hottentottus,Hair-crested Drongo,Aves,,Frank Lambert,https://creativecommons.org/licenses/by-nc-nd/4.0/,4.0,https://xeno-canto.org/498405,hacdro1/XC498405.mp3,XC
hacdro1,[],['song'],-1.1963,98.9791,Dicrurus hottentottus,Hair-crested Drongo,Aves,,Frank Lambert,https://creativecommons.org/licenses/by-nc-nd/4.0/,4.0,https://xeno-canto.org/498404,hacdro1/XC498404.mp3,XC
hacdro1,[],['song'],-1.1963,98.9791,Dicrurus hottentottus,Hair-crested Drongo,Aves,,Frank Lambert,https://creativecommons.org/licenses/by-nc-nd/4.0/,4.0,https://xeno-canto.org/498401,hacdro1/XC498401.mp3,XC
hacdro1,[],['song'],-1.1963,98.9791,Dicrurus hottentottus,Hair-crested Drongo,Aves,,Frank Lambert,https://creativecommons.org/licenses/by-nc-nd/4.0/,4.0,https://xeno-canto.org/498400,hacdro1/XC498400.mp3,XC
hacdro1,"['Pycnonotus goiavier', 'Cyanoderma melanothorax']","['alarm call, call']",-8.1601,114.4862,Dicrurus hottentottus,Hair-crested Drongo,Aves,,Panji Gusti Akbar,https://creativecommons.org/licenses/by-nc-sa/4.0/,4.0,https://xeno-canto.org/498147,hacdro1/XC498147.mp3,XC
hacdro1,"['Ducula aenea', 'Ptilinopus melanospilus', 'Macropygia doreya']",['call'],1.562,125.173,Dicrurus hottentottus,Hair-crested Drongo,Aves,,Marc Anderson,https://creativecommons.org/licenses/by-nc-nd/4.0/,4.0,https://xeno-canto.org/414601,hacdro1/XC414601.mp3,XC
hacdro1,[],['call'],0.5667,123.9026,Dicrurus hottentottus,Hair-crested Drongo,Aves,,Ross Gallardy,https://creativecommons.org/licenses/by-nc-sa/4.0/,4.0,https://xeno-canto.org/413975,hacdro1/XC413975.mp3,XC
hacdro1,[],['song'],0.5667,123.9026,Dicrurus hottentottus,Hair-crested Drongo,Aves,,Frank Lambert,https://creativecommons.org/licenses/by-nc-nd/4.0/,4.0,https://xeno-canto.org/413708,hacdro1/XC413708.mp3,XC
hacdro1,[],['song'],-1.3791,127.6462,Dicrurus hottentottus,Hair-crested Drongo,Aves,,Ross Gallardy,https://creativecommons.org/licenses/by-nc-sa/4.0/,4.0,https://xeno-canto.org/412322,hacdro1/XC412322.mp3,XC
hacdro1,[],['song'],-1.3791,127.6462,Dicrurus hottentottus,Hair-crested Drongo,Aves,,Ross Gallardy,https://creativecommons.org/licenses/by-nc-sa/4.0/,4.0,https://xeno-canto.org/412319,hacdro1/XC412319.mp3,XC
hacdro1,[],['song'],3.9459,115.6019,Dicrurus hottentottus,Hair-crested Drongo,Aves,,Frank Lambert,https://creativecommons.org/licenses/by-nc-nd/4.0/,4.0,https://xeno-canto.org/207820,hacdro1/XC207820.mp3,XC
hacdro1,[],['song'],0.5442,123.9401,Dicrurus hottentottus,Hair-crested Drongo,Aves,,Mike Nelson,https://creativecommons.org/licenses/by-nc-sa/4.0/,4.0,https://xeno-canto.org/203637,hacdro1/XC203637.mp3,XC
hacdro1,['Macrocephalon maleo'],['call'],0.5442,123.9401,Dicrurus hottentottus,Hair-crested Drongo,Aves,,Frank Lambert,https://creativecommons.org/licenses/by-nc-nd/4.0/,4.0,https://xeno-canto.org/196418,hacdro1/XC196418.mp3,XC
hacdro1,[],['call'],0.5667,123.9026,Dicrurus hottentottus,Hair-crested Drongo,Aves,,Frank Lambert,https://creativecommons.org/licenses/by-nc-nd/4.0/,4.0,https://xeno-canto.org/194164,hacdro1/XC194164.mp3,XC
hacdro1,[],['song'],-1.7622,124.807,Dicrurus hottentottus,Hair-crested Drongo,Aves,,Peter Wilton,https://creativecommons.org/licenses/by-sa/4.0/,4.0,https://xeno-canto.org/176900,hacdro1/XC176900.mp3,XC
hacdro1,[],['call'],0.5442,123.9401,Dicrurus hottentottus,Hair-crested Drongo,Aves,,Mike Nelson,https://creativecommons.org/licenses/by-nc-sa/3.0/,4.0,https://xeno-canto.org/151985,hacdro1/XC151985.mp3,XC
hacdro1,[],['call'],1.5675,125.1595,Dicrurus hottentottus,Hair-crested Drongo,Aves,,Mike Nelson,https://creativecommons.org/licenses/by-nc-sa/3.0/,4.0,https://xeno-canto.org/151839,hacdro1/XC151839.mp3,XC
hacdro1,"['Cittura cyanotis', 'Actenoides monachus']",['call'],1.5675,125.1595,Dicrurus hottentottus,Hair-crested Drongo,Aves,,Mike Nelson,https://creativecommons.org/licenses/by-nc-sa/3.0/,4.0,https://xeno-canto.org/151838,hacdro1/XC151838.mp3,XC
hacdro1,"['Cittura cyanotis', 'Actenoides monachus']",['call'],1.5675,125.1595,Dicrurus hottentottus,Hair-crested Drongo,Aves,,Mike Nelson,https://creativecommons.org/licenses/by-nc-sa/3.0/,4.0,https://xeno-canto.org/151837,hacdro1/XC151837.mp3,XC
hacdro1,"['Hypothymis puella', 'Cyornis pelingensis']",['call'],-1.2309,123.3678,Dicrurus hottentottus,Hair-crested Drongo,Aves,,Frank Lambert,https://creativecommons.org/licenses/by-nc-nd/4.0/,4.0,https://xeno-canto.org/95053,hacdro1/XC95053.mp3,XC
hacdro1,"['Ducula aenea', 'Turacoena manadensis']",['call'],-1.2528,123.3648,Dicrurus hottentottus,Hair-crested Drongo,Aves,,Frank Lambert,https://creativecommons.org/licenses/by-nc-nd/4.0/,4.0,https://xeno-canto.org/95052,hacdro1/XC95052.mp3,XC
hacdro1,[],['call'],-0.4409,121.8178,Dicrurus hottentottus,Hair-crested Drongo,Aves,,Frank Lambert,https://creativecommons.org/licenses/by-nc-nd/4.0/,4.0,https://xeno-canto.org/90089,hacdro1/XC90089.mp3,XC
hacdro1,[],['call'],-0.4409,121.8178,Dicrurus hottentottus,Hair-crested Drongo,Aves,,Frank Lambert,https://creativecommons.org/licenses/by-nc-nd/4.0/,4.0,https://xeno-canto.org/90088,hacdro1/XC90088.mp3,XC
hacdro1,[],['call'],-0.4409,121.8178,Dicrurus hottentottus,Hair-crested Drongo,Aves,,Frank Lambert,https://creativecommons.org/licenses/by-nc-nd/4.0/,4.0,https://xeno-canto.org/90086,hacdro1/XC90086.mp3,XC
hacdro1,[],['?'],-0.4409,121.8178,Dicrurus hottentottus,Hair-crested Drongo,Aves,,Frank Lambert,https://creativecommons.org/licenses/by-nc-nd/4.0/,4.0,https://xeno-canto.org/90069,hacdro1/XC90069.mp3,XC
hacdro1,[],['call'],-0.4631,121.8103,Dicrurus hottentottus,Hair-crested Drongo,Aves,,Frank Lambert,https://creativecommons.org/licenses/by-nc-nd/4.0/,4.0,https://xeno-canto.org/89641,hacdro1/XC89641.mp3,XC
hacdro1,[],['call'],-0.4631,121.8103,Dicrurus hottentottus,Hair-crested Drongo,Aves,,Frank Lambert,https://creativecommons.org/licenses/by-nc-nd/4.0/,4.0,https://xeno-canto.org/89640,hacdro1/XC89640.mp3,XC
hacdro1,[],['call'],-5.2673,119.8734,Dicrurus hottentottus,Hair-crested Drongo,Aves,,Frank Lambert,https://creativecommons.org/licenses/by-nc-nd/4.0/,4.0,https://xeno-canto.org/89589,hacdro1/XC89589.mp3,XC
hacdro1,[],['call'],-5.2673,119.8734,Dicrurus hottentottus,Hair-crested Drongo,Aves,,Frank Lambert,https://creativecommons.org/licenses/by-nc-nd/4.0/,4.0,https://xeno-canto.org/89588,hacdro1/XC89588.mp3,XC
hacdro1,[],['call'],1.562,125.173,Dicrurus hottentottus,Hair-crested Drongo,Aves,,Frank Lambert,https://creativecommons.org/licenses/by-nc-nd/4.0/,4.0,https://xeno-canto.org/89543,hacdro1/XC89543.mp3,XC
hacdro1,[],['song'],2.73,125.39,Dicrurus hottentottus,Hair-crested Drongo,Aves,,Frank Lambert,https://creativecommons.org/licenses/by-nc-nd/4.0/,4.0,https://xeno-canto.org/68171,hacdro1/XC68171.mp3,XC
hacdro1,[],['call'],-1.32,120.3,Dicrurus hottentottus,Hair-crested Drongo,Aves,,David Farrow,https://creativecommons.org/licenses/by-nc-sa/3.0/,4.0,https://xeno-canto.org/19721,hacdro1/XC19721.mp3,XC
hacdro1,[],['call'],1.5106,125.195,Dicrurus hottentottus,Hair-crested Drongo,Aves,,Mike Catsis,https://creativecommons.org/licenses/by-nc-nd/2.5/,4.0,https://xeno-canto.org/18825,hacdro1/XC18825.mp3,XC
hacdro1,['Pycnonotus goiavier'],"['alarm call, call']",-8.6814,115.512,Dicrurus hottentottus,Hair-crested Drongo,Aves,,Nick Brown,https://creativecommons.org/licenses/by-nc-sa/4.0/,3.0,https://xeno-canto.org/1018480,hacdro1/XC1018480.mp3,XC
hacdro1,['Pycnonotus goiavier'],"['alarm call, call']",-8.6814,115.512,Dicrurus hottentottus,Hair-crested Drongo,Aves,,Nick Brown,https://creativecommons.org/licenses/by-nc-sa/4.0/,3.0,https://xeno-canto.org/1018479,hacdro1/XC1018479.mp3,XC
hacdro1,[],['song'],1.35,124.8664,Dicrurus hottentottus,Hair-crested Drongo,Aves,,Greg Irving,https://creativecommons.org/licenses/by-nc-sa/4.0/,3.0,https://xeno-canto.org/823278,hacdro1/XC823278.mp3,XC
hacdro1,['Ducula forsteni'],['song'],-1.5159,120.2301,Dicrurus hottentottus,Hair-crested Drongo,Aves,,Teus Luijendijk,https://creativecommons.org/licenses/by-nc-nd/4.0/,3.0,https://xeno-canto.org/615530,hacdro1/XC615530.mp3,XC
hacdro1,[],['call'],-3.642,121.0964,Dicrurus hottentottus,Hair-crested Drongo,Aves,,Frank Lambert,https://creativecommons.org/licenses/by-nc-nd/4.0/,3.0,https://xeno-canto.org/598552,hacdro1/XC598552.mp3,XC
hacdro1,[],['song'],-1.1313,98.9678,Dicrurus hottentottus,Hair-crested Drongo,Aves,,Brian Cox,https://creativecommons.org/licenses/by-nc-sa/4.0/,3.0,https://xeno-canto.org/431493,hacdro1/XC431493.mp3,XC
hacdro1,[],['call'],1.562,125.173,Dicrurus hottentottus,Hair-crested Drongo,Aves,,Marc Anderson,https://creativecommons.org/licenses/by-nc-nd/4.0/,3.0,https://xeno-canto.org/414751,hacdro1/XC414751.mp3,XC
hacdro1,"['Ptilinopus melanospilus', 'Macropygia doreya']",['song'],1.562,125.173,Dicrurus hottentottus,Hair-crested Drongo,Aves,,Marc Anderson,https://creativecommons.org/licenses/by-nc-nd/4.0/,3.0,https://xeno-canto.org/414602,hacdro1/XC414602.mp3,XC
hacdro1,"['Ptilinopus melanospilus', 'Rhyticeros cassidix']",['song'],-4.4657,123.104,Dicrurus hottentottus,Hair-crested Drongo,Aves,,Joseph Monkhouse,https://creativecommons.org/licenses/by-nc-sa/4.0/,3.0,https://xeno-canto.org/331800,hacdro1/XC331800.mp3,XC
hacdro1,[],['song'],-2.5407,121.36,Dicrurus hottentottus,Hair-crested Drongo,Aves,,Kusumawardati Jufri,https://creativecommons.org/licenses/by-nc-sa/4.0/,3.0,https://xeno-canto.org/211066,hacdro1/XC211066.mp3,XC
hacdro1,[],['song'],-5.0268,119.7389,Dicrurus hottentottus,Hair-crested Drongo,Aves,,Mike Nelson,https://creativecommons.org/licenses/by-nc-sa/4.0/,3.0,https://xeno-canto.org/203306,hacdro1/XC203306.mp3,XC
hacdro1,[],['call'],-1.2926,122.8753,Dicrurus hottentottus,Hair-crested Drongo,Aves,,Frank Lambert,https://creativecommons.org/licenses/by-nc-nd/4.0/,3.0,https://xeno-canto.org/95698,hacdro1/XC95698.mp3,XC
hacdro1,[],['call'],-1.2528,123.3648,Dicrurus hottentottus,Hair-crested Drongo,Aves,,Frank Lambert,https://creativecommons.org/licenses/by-nc-nd/4.0/,3.0,https://xeno-canto.org/95051,hacdro1/XC95051.mp3,XC
hacdro1,[],['call'],-1.2309,123.3678,Dicrurus hottentottus,Hair-crested Drongo,Aves,,Frank Lambert,https://creativecommons.org/licenses/by-nc-nd/4.0/,3.0,https://xeno-canto.org/95049,hacdro1/XC95049.mp3,XC
hacdro1,[],['call'],-0.4631,121.8103,Dicrurus hottentottus,Hair-crested Drongo,Aves,,Frank Lambert,https://creativecommons.org/licenses/by-nc-nd/4.0/,3.0,https://xeno-canto.org/89639,hacdro1/XC89639.mp3,XC
hacdro1,[],['call'],-5.2673,119.8734,Dicrurus hottentottus,Hair-crested Drongo,Aves,,Frank Lambert,https://creativecommons.org/licenses/by-nc-nd/4.0/,3.0,https://xeno-canto.org/89590,hacdro1/XC89590.mp3,XC
hacdro1,['Pachycephala cinerea'],['?'],-6.6177,105.2161,Dicrurus hottentottus,Hair-crested Drongo,Aves,,Bas Van Balen,https://creativecommons.org/licenses/by-nc-nd/2.5/,3.0,https://xeno-canto.org/71629,hacdro1/XC71629.mp3,XC
hacdro1,[],['call'],2.73,125.39,Dicrurus hottentottus,Hair-crested Drongo,Aves,,Frank Lambert,https://creativecommons.org/licenses/by-nc-nd/4.0/,3.0,https://xeno-canto.org/68170,hacdro1/XC68170.mp3,XC
hacdro1,[],['call'],2.73,125.39,Dicrurus hottentottus,Hair-crested Drongo,Aves,,Frank Lambert,https://creativecommons.org/licenses/by-nc-nd/4.0/,3.0,https://xeno-canto.org/68169,hacdro1/XC68169.mp3,XC
hacdro1,['Ptilinopus melanospilus'],['call'],1.562,125.173,Dicrurus hottentottus,Hair-crested Drongo,Aves,,Teus Luijendijk,https://creativecommons.org/licenses/by-nc-nd/4.0/,2.0,https://xeno-canto.org/611793,hacdro1/XC611793.mp3,XC
hacdro1,"['Ducula concinna', 'Aplonis mysolensis', 'Ptilinopus melanospilus']","['call, song']",-3.5754,123.1126,Dicrurus hottentottus,Hair-crested Drongo,Aves,,Joseph Monkhouse,https://creativecommons.org/licenses/by-nc-sa/4.0/,2.0,https://xeno-canto.org/443426,hacdro1/XC443426.mp3,XC
hacdro1,[],['call'],-1.1313,98.9678,Dicrurus hottentottus,Hair-crested Drongo,Aves,,Brian Cox,https://creativecommons.org/licenses/by-nc-sa/4.0/,2.0,https://xeno-canto.org/431492,hacdro1/XC431492.mp3,XC
hacdro1,['Hypsipetes longirostris'],['call'],-1.2309,123.3678,Dicrurus hottentottus,Hair-crested Drongo,Aves,,Frank Lambert,https://creativecommons.org/licenses/by-nc-nd/4.0/,2.0,https://xeno-canto.org/95050,hacdro1/XC95050.mp3,XC
horbab1,[],['song'],-7.7658,110.1154,Malacocincla sepiaria,Horsfield's Babbler,Aves,,Panji Gusti Akbar,https://creativecommons.org/licenses/by-nc-sa/4.0/,5.0,https://xeno-canto.org/1074018,horbab1/XC1074018.mp3,XC
horbab1,[],['song'],-6.7515,106.9898,Malacocincla sepiaria,Horsfield's Babbler,Aves,,Ding Li Yong,https://creativecommons.org/licenses/by-nc-nd/4.0/,5.0,https://xeno-canto.org/940645,horbab1/XC940645.mp3,XC
horbab1,['Culicicapa ceylonensis'],['song'],-6.7515,106.9898,Malacocincla sepiaria,Horsfield's Babbler,Aves,,Ding Li Yong,https://creativecommons.org/licenses/by-nc-nd/4.0/,5.0,https://xeno-canto.org/940272,horbab1/XC940272.mp3,XC
horbab1,[],['alarm call'],-6.7515,106.9898,Malacocincla sepiaria,Horsfield's Babbler,Aves,,Ding Li Yong,https://creativecommons.org/licenses/by-nc-nd/4.0/,5.0,https://xeno-canto.org/940269,horbab1/XC940269.mp3,XC
horbab1,[],['call'],-6.6237,106.8615,Malacocincla sepiaria,Horsfield's Babbler,Aves,,D. Septa,https://creativecommons.org/licenses/by-nc-sa/4.0/,5.0,https://xeno-canto.org/804471,horbab1/XC804471.mp3,XC
horbab1,[],"['song, Coppersmith Barbet']",,,Malacocincla sepiaria,Horsfield's Babbler,Aves,,Made Surya,https://creativecommons.org/licenses/by-nc-sa/4.0/,5.0,https://xeno-canto.org/754133,horbab1/XC754133.mp3,XC
horbab1,"['Culicicapa ceylonensis', 'Aethopyga eximia', 'Cyanoderma melanothorax']",['song'],-7.5976,110.4355,Malacocincla sepiaria,Horsfield's Babbler,Aves,,Panji Gusti Akbar,https://creativecommons.org/licenses/by-nc-sa/4.0/,5.0,https://xeno-canto.org/660383,horbab1/XC660383.mp3,XC
horbab1,[],"['duet, song']",-6.2781,105.8537,Malacocincla sepiaria,Horsfield's Babbler,Aves,,Teus Luijendijk,https://creativecommons.org/licenses/by-nc-nd/4.0/,5.0,https://xeno-canto.org/618423,horbab1/XC618423.mp3,XC
horbab1,[],['song'],-6.2781,105.8537,Malacocincla sepiaria,Horsfield's Babbler,Aves,,Teus Luijendijk,https://creativecommons.org/licenses/by-nc-nd/4.0/,5.0,https://xeno-canto.org/618421,horbab1/XC618421.mp3,XC
horbab1,[],"['duet, song']",-6.2781,105.8537,Malacocincla sepiaria,Horsfield's Babbler,Aves,,Teus Luijendijk,https://creativecommons.org/licenses/by-nc-nd/4.0/,5.0,https://xeno-canto.org/618420,horbab1/XC618420.mp3,XC
horbab1,['Cacomantis sepulcralis'],['song'],-6.2781,105.8537,Malacocincla sepiaria,Horsfield's Babbler,Aves,,Teus Luijendijk,https://creativecommons.org/licenses/by-nc-nd/4.0/,5.0,https://xeno-canto.org/618419,horbab1/XC618419.mp3,XC
horbab1,[],['call'],-6.5853,106.7992,Malacocincla sepiaria,Horsfield's Babbler,Aves,,Mark Havard,https://creativecommons.org/licenses/by-nc-sa/4.0/,5.0,https://xeno-canto.org/586230,horbab1/XC586230.mp3,XC
horbab1,[],['song'],-7.831191,114.387551,Malacocincla sepiaria,Horsfield's Babbler,Aves,,Okamoto Keita Sin,https://creativecommons.org/licenses/by-nc-sa/4.0/,5.0,https://xeno-canto.org/576404,horbab1/XC576404.mp3,XC
horbab1,[],['song'],-6.7515,106.9898,Malacocincla sepiaria,Horsfield's Babbler,Aves,,Ross Gallardy,https://creativecommons.org/licenses/by-nc-sa/4.0/,5.0,https://xeno-canto.org/490257,horbab1/XC490257.mp3,XC
horbab1,[],"['duet, song']",-8.0849,114.2364,Malacocincla sepiaria,Horsfield's Babbler,Aves,,Frank Lambert,https://creativecommons.org/licenses/by-nc-nd/4.0/,5.0,https://xeno-canto.org/468874,horbab1/XC468874.mp3,XC
horbab1,[],"['duet, song']",-8.0849,114.2364,Malacocincla sepiaria,Horsfield's Babbler,Aves,,Frank Lambert,https://creativecommons.org/licenses/by-nc-nd/4.0/,5.0,https://xeno-canto.org/468873,horbab1/XC468873.mp3,XC
horbab1,[],['song'],-8.2771,114.1041,Malacocincla sepiaria,Horsfield's Babbler,Aves,,Bent Rønsholdt,https://creativecommons.org/licenses/by-nc-sa/4.0/,5.0,https://xeno-canto.org/464728,horbab1/XC464728.mp3,XC
horbab1,[],['call'],-8.2756,115.1511,Malacocincla sepiaria,Horsfield's Babbler,Aves,,Frank Lambert,https://creativecommons.org/licenses/by-nc-nd/4.0/,5.0,https://xeno-canto.org/413676,horbab1/XC413676.mp3,XC
horbab1,[],['call'],-8.2756,115.1511,Malacocincla sepiaria,Horsfield's Babbler,Aves,,Frank Lambert,https://creativecommons.org/licenses/by-nc-nd/4.0/,5.0,https://xeno-canto.org/413675,horbab1/XC413675.mp3,XC
horbab1,[],['song'],-6.7473,106.9949,Malacocincla sepiaria,Horsfield's Babbler,Aves,,Achmad Ridha,https://creativecommons.org/licenses/by-nc-sa/4.0/,5.0,https://xeno-canto.org/318219,horbab1/XC318219.mp3,XC
horbab1,[],['song'],-6.7461,106.5182,Malacocincla sepiaria,Horsfield's Babbler,Aves,,Marc Anderson,https://creativecommons.org/licenses/by-nc-nd/4.0/,5.0,https://xeno-canto.org/215148,horbab1/XC215148.mp3,XC
horbab1,[],['song'],-6.7461,106.5182,Malacocincla sepiaria,Horsfield's Babbler,Aves,,Marc Anderson,https://creativecommons.org/licenses/by-nc-nd/4.0/,5.0,https://xeno-canto.org/215020,horbab1/XC215020.mp3,XC
horbab1,[],['song'],-6.7461,106.5182,Malacocincla sepiaria,Horsfield's Babbler,Aves,,Marc Anderson,https://creativecommons.org/licenses/by-nc-nd/4.0/,5.0,https://xeno-canto.org/214975,horbab1/XC214975.mp3,XC
horbab1,[],['alarm call'],-6.7694,107.6217,Malacocincla sepiaria,Horsfield's Babbler,Aves,,Sidiq Pambudi,https://creativecommons.org/licenses/by-nc-sa/4.0/,5.0,https://xeno-canto.org/206061,horbab1/XC206061.mp3,XC
horbab1,[],['song'],-6.2781,105.8537,Malacocincla sepiaria,Horsfield's Babbler,Aves,,Mike Nelson,https://creativecommons.org/licenses/by-nc-sa/4.0/,5.0,https://xeno-canto.org/204061,horbab1/XC204061.mp3,XC
horbab1,[],['song'],-6.2781,105.8537,Malacocincla sepiaria,Horsfield's Babbler,Aves,,Mike Nelson,https://creativecommons.org/licenses/by-nc-sa/4.0/,5.0,https://xeno-canto.org/204060,horbab1/XC204060.mp3,XC
horbab1,[],['call'],-6.5998,106.7962,Malacocincla sepiaria,Horsfield's Babbler,Aves,,Ding Li Yong,https://creativecommons.org/licenses/by-nc-nd/4.0/,5.0,https://xeno-canto.org/182646,horbab1/XC182646.mp3,XC
horbab1,[],['song'],-4.9667,103.8501,Malacocincla sepiaria,Horsfield's Babbler,Aves,,Fabian Ducry &Amp; David Marques,https://creativecommons.org/licenses/by-nc-nd/2.5/,5.0,https://xeno-canto.org/90931,horbab1/XC90931.mp3,XC
horbab1,[],['song'],-4.9667,103.8501,Malacocincla sepiaria,Horsfield's Babbler,Aves,,Fabian Ducry &Amp; David Marques,https://creativecommons.org/licenses/by-nc-nd/2.5/,5.0,https://xeno-canto.org/90930,horbab1/XC90930.mp3,XC
horbab1,['Pellorneum capistratum'],['song'],-6.2781,105.8537,Malacocincla sepiaria,Horsfield's Babbler,Aves,,Fabian Ducry &Amp; David Marques,https://creativecommons.org/licenses/by-nc-nd/2.5/,5.0,https://xeno-canto.org/90727,horbab1/XC90727.mp3,XC
horbab1,[],['song'],-6.751479,106.98979,Malacocincla sepiaria,Horsfield's Babbler,Aves,,Fabian Ducry &Amp; David Marques,https://creativecommons.org/licenses/by-nc-nd/2.5/,5.0,https://xeno-canto.org/90720,horbab1/XC90720.mp3,XC
horbab1,[],['alarm call'],-6.7514788116479,106.9897899629,Malacocincla sepiaria,Horsfield's Babbler,Aves,,Fabian Ducry &Amp; David Marques,https://creativecommons.org/licenses/by-nc-nd/2.5/,5.0,https://xeno-canto.org/90717,horbab1/XC90717.mp3,XC
horbab1,[],['?'],-6.2781,105.8537,Malacocincla sepiaria,Horsfield's Babbler,Aves,,David Gibbs,https://creativecommons.org/licenses/by-nc-nd/2.5/,5.0,https://xeno-canto.org/70206,horbab1/XC70206.mp3,XC
horbab1,[],['call'],-4.9667,103.8501,Malacocincla sepiaria,Horsfield's Babbler,Aves,,Brian Cox,https://creativecommons.org/licenses/by-nc-nd/2.5/,5.0,https://xeno-canto.org/39505,horbab1/XC39505.mp3,XC
horbab1,[],['song'],,,Malacocincla sepiaria,Horsfield's Babbler,Aves,,Brian Cox,https://creativecommons.org/licenses/by-nc-nd/2.5/,5.0,https://xeno-canto.org/39495,horbab1/XC39495.mp3,XC
horbab1,['Cyornis whitei'],['song'],-7.8317,114.4139,Malacocincla sepiaria,Horsfield's Babbler,Aves,,Swiss Winnasis,https://creativecommons.org/licenses/by-nc-nd/2.5/,5.0,https://xeno-canto.org/36893,horbab1/XC36893.mp3,XC
horbab1,[],['song'],-1.1167,116.8167,Malacocincla sepiaria,Horsfield's Babbler,Aves,,Tjalle Boorsma,https://creativecommons.org/licenses/by-nc-nd/2.5/,5.0,https://xeno-canto.org/34476,horbab1/XC34476.mp3,XC
horbab1,[],['song'],-2.3268,101.5399,Malacocincla sepiaria,Horsfield's Babbler,Aves,,Kim Chuah Lim,https://creativecommons.org/licenses/by-nc-sa/4.0/,4.0,https://xeno-canto.org/943927,horbab1/XC943927.mp3,XC
horbab1,[],"['call, song']",-6.2878,105.8402,Malacocincla sepiaria,Horsfield's Babbler,Aves,,Chi-Hsuan Shao,https://creativecommons.org/licenses/by-nc-sa/4.0/,4.0,https://xeno-canto.org/791737,horbab1/XC791737.mp3,XC
horbab1,[],['song'],-6.6762,106.5164,Malacocincla sepiaria,Horsfield's Babbler,Aves,,Mike Nelson,https://creativecommons.org/licenses/by-nc-sa/4.0/,4.0,https://xeno-canto.org/691490,horbab1/XC691490.mp3,XC
horbab1,[],"['duet, song']",-6.291,105.8455,Malacocincla sepiaria,Horsfield's Babbler,Aves,,Jelle Scharringa,https://creativecommons.org/licenses/by-nc-sa/4.0/,4.0,https://xeno-canto.org/669917,horbab1/XC669917.mp3,XC
horbab1,"['Culicicapa ceylonensis', 'Aethopyga eximia', 'Cyanoderma melanothorax']",['duet'],-7.5976,110.4355,Malacocincla sepiaria,Horsfield's Babbler,Aves,,Panji Gusti Akbar,https://creativecommons.org/licenses/by-nc-sa/4.0/,4.0,https://xeno-canto.org/660381,horbab1/XC660381.mp3,XC
horbab1,[],['call'],-6.5853,106.7992,Malacocincla sepiaria,Horsfield's Babbler,Aves,,Mark Havard,https://creativecommons.org/licenses/by-nc-sa/4.0/,4.0,https://xeno-canto.org/590003,horbab1/XC590003.mp3,XC
horbab1,[],['call'],-6.5853,106.7992,Malacocincla sepiaria,Horsfield's Babbler,Aves,,Mark Havard,https://creativecommons.org/licenses/by-nc-sa/4.0/,4.0,https://xeno-canto.org/590002,horbab1/XC590002.mp3,XC
horbab1,[],['uncertain'],-6.5853,106.7992,Malacocincla sepiaria,Horsfield's Babbler,Aves,,Mark Havard,https://creativecommons.org/licenses/by-nc-sa/4.0/,4.0,https://xeno-canto.org/582939,horbab1/XC582939.mp3,XC
horbab1,[],['song'],1.6025,117.1795,Malacocincla sepiaria,Horsfield's Babbler,Aves,,Matt Slaymaker,https://creativecommons.org/licenses/by-nc-sa/4.0/,4.0,https://xeno-canto.org/530073,horbab1/XC530073.mp3,XC
horbab1,[],['song'],0.0908,99.9593,Malacocincla sepiaria,Horsfield's Babbler,Aves,,Matthew L. Brady,https://creativecommons.org/licenses/by-nc-sa/4.0/,4.0,https://xeno-canto.org/474578,horbab1/XC474578.mp3,XC
horbab1,[],['song'],-2.0498,101.3073,Malacocincla sepiaria,Horsfield's Babbler,Aves,,Frank Lambert,https://creativecommons.org/licenses/by-nc-nd/4.0/,4.0,https://xeno-canto.org/409399,horbab1/XC409399.mp3,XC
horbab1,[],['song'],-6.7182,106.4901,Malacocincla sepiaria,Horsfield's Babbler,Aves,,Frank Lambert,https://creativecommons.org/licenses/by-nc-nd/4.0/,4.0,https://xeno-canto.org/409166,horbab1/XC409166.mp3,XC
horbab1,[],['song'],,,Malacocincla sepiaria,Horsfield's Babbler,Aves,,Brendan Sloan,https://creativecommons.org/licenses/by-nc-sa/4.0/,4.0,https://xeno-canto.org/388222,horbab1/XC388222.mp3,XC
horbab1,[],['song'],-7.6896,110.3447,Malacocincla sepiaria,Horsfield's Babbler,Aves,,Karyadi Baskoro,https://creativecommons.org/licenses/by-nc-sa/4.0/,4.0,https://xeno-canto.org/376483,horbab1/XC376483.mp3,XC
horbab1,[],['alarm call'],-8.1732,112.9796,Malacocincla sepiaria,Horsfield's Babbler,Aves,,Karyadi Baskoro,https://creativecommons.org/licenses/by-nc-sa/4.0/,4.0,https://xeno-canto.org/376183,horbab1/XC376183.mp3,XC
horbab1,[],['alarm call'],-8.1732,112.9796,Malacocincla sepiaria,Horsfield's Babbler,Aves,,Karyadi Baskoro,https://creativecommons.org/licenses/by-nc-sa/4.0/,4.0,https://xeno-canto.org/376181,horbab1/XC376181.mp3,XC
horbab1,[],['alarm call'],-7.7463,110.1308,Malacocincla sepiaria,Horsfield's Babbler,Aves,,Asman Adi Purwanto,https://creativecommons.org/licenses/by-nc-sa/4.0/,4.0,https://xeno-canto.org/357328,horbab1/XC357328.mp3,XC
horbab1,[],['call'],-2.0498,101.3073,Malacocincla sepiaria,Horsfield's Babbler,Aves,,Mike Nelson,https://creativecommons.org/licenses/by-nc-sa/4.0/,4.0,https://xeno-canto.org/242623,horbab1/XC242623.mp3,XC
horbab1,[],"['alarm call, call']",-6.5902,106.9137,Malacocincla sepiaria,Horsfield's Babbler,Aves,,Paulo Alves,https://creativecommons.org/licenses/by-nc-sa/4.0/,4.0,https://xeno-canto.org/214643,horbab1/XC214643.mp3,XC
horbab1,[],['song'],-6.7461,106.5182,Malacocincla sepiaria,Horsfield's Babbler,Aves,,Mike Nelson,https://creativecommons.org/licenses/by-nc-sa/4.0/,4.0,https://xeno-canto.org/204132,horbab1/XC204132.mp3,XC
horbab1,[],['song'],-6.2781,105.8537,Malacocincla sepiaria,Horsfield's Babbler,Aves,,Mike Nelson,https://creativecommons.org/licenses/by-nc-sa/4.0/,4.0,https://xeno-canto.org/204059,horbab1/XC204059.mp3,XC
horbab1,[],['song'],-6.7515,106.9898,Malacocincla sepiaria,Horsfield's Babbler,Aves,,Paulo Alves,https://creativecommons.org/licenses/by-nc-sa/4.0/,4.0,https://xeno-canto.org/197381,horbab1/XC197381.mp3,XC
horbab1,[],['song'],-6.6762,106.5164,Malacocincla sepiaria,Horsfield's Babbler,Aves,,Frank Lambert,https://creativecommons.org/licenses/by-nc-nd/4.0/,4.0,https://xeno-canto.org/141913,horbab1/XC141913.mp3,XC
horbab1,['Psilopogon rafflesii'],['song'],-0.1126,114.8556,Malacocincla sepiaria,Horsfield's Babbler,Aves,,Iain Woxvold,https://creativecommons.org/licenses/by-nc-nd/2.5/,4.0,https://xeno-canto.org/64647,horbab1/XC64647.mp3,XC
horbab1,[],['song'],-6.727348,106.97113,Malacocincla sepiaria,Horsfield's Babbler,Aves,,David Edwards,https://creativecommons.org/licenses/by-nc-nd/2.5/,4.0,https://xeno-canto.org/40438,horbab1/XC40438.mp3,XC
horbab1,[],['song'],-6.746386,106.537563,Malacocincla sepiaria,Horsfield's Babbler,Aves,,Okamoto Keita Sin,https://creativecommons.org/licenses/by-nc-sa/4.0/,3.0,https://xeno-canto.org/576403,horbab1/XC576403.mp3,XC
horbab1,[],['call'],,,Malacocincla sepiaria,Horsfield's Babbler,Aves,,Brendan Sloan,https://creativecommons.org/licenses/by-nc-sa/4.0/,3.0,https://xeno-canto.org/335965,horbab1/XC335965.mp3,XC
horbab1,[],['call'],0.2334,113.3689,Malacocincla sepiaria,Horsfield's Babbler,Aves,,Johannes Fischer,https://creativecommons.org/licenses/by-nc-sa/4.0/,3.0,https://xeno-canto.org/177810,horbab1/XC177810.mp3,XC
horbab1,[],['call'],,,Malacocincla sepiaria,Horsfield's Babbler,Aves,,Heru Cahyono,https://creativecommons.org/licenses/by-nc-sa/3.0/,3.0,https://xeno-canto.org/143538,horbab1/XC143538.mp3,XC
horbab1,[],['call'],0.0,114.0,Malacocincla sepiaria,Horsfield's Babbler,Aves,,Frank Lambert,https://creativecommons.org/licenses/by-nc-nd/4.0/,3.0,https://xeno-canto.org/68638,horbab1/XC68638.mp3,XC
horbab1,[],['song'],-1.1167,116.8167,Malacocincla sepiaria,Horsfield's Babbler,Aves,,Tjalle Boorsma,https://creativecommons.org/licenses/by-nc-nd/2.5/,3.0,https://xeno-canto.org/34477,horbab1/XC34477.mp3,XC
lessho1,[],['song'],-6.7182,106.4901,Brachypteryx leucophris,Lesser Shortwing,Aves,,Ding Li Yong,https://creativecommons.org/licenses/by-nc-nd/4.0/,5.0,https://xeno-canto.org/937401,lessho1/XC937401.mp3,XC
lessho1,[],['song'],-6.7295,106.9525,Brachypteryx leucophris,Lesser Shortwing,Aves,,D. Septa,https://creativecommons.org/licenses/by-nc-sa/4.0/,5.0,https://xeno-canto.org/819517,lessho1/XC819517.mp3,XC
lessho1,[],['song'],-6.7295,106.9525,Brachypteryx leucophris,Lesser Shortwing,Aves,,D. Septa,https://creativecommons.org/licenses/by-nc-sa/4.0/,5.0,https://xeno-canto.org/810954,lessho1/XC810954.mp3,XC
lessho1,[],['song'],-6.7414,107.0019,Brachypteryx leucophris,Lesser Shortwing,Aves,,Jelle Scharringa,https://creativecommons.org/licenses/by-nc-sa/4.0/,5.0,https://xeno-canto.org/776276,lessho1/XC776276.mp3,XC
lessho1,[],['song'],-7.6616,111.1849,Brachypteryx leucophris,Lesser Shortwing,Aves,,Geoff Carey,https://creativecommons.org/licenses/by-nc-sa/4.0/,5.0,https://xeno-canto.org/737849,lessho1/XC737849.mp3,XC
lessho1,[],['song'],-6.7694,107.6217,Brachypteryx leucophris,Lesser Shortwing,Aves,,Jelle Scharringa,https://creativecommons.org/licenses/by-nc-sa/4.0/,5.0,https://xeno-canto.org/645952,lessho1/XC645952.mp3,XC
lessho1,[],['song'],-8.0764,114.2235,Brachypteryx leucophris,Lesser Shortwing,Aves,,Ross Gallardy,https://creativecommons.org/licenses/by-nc-sa/4.0/,5.0,https://xeno-canto.org/410382,lessho1/XC410382.mp3,XC
lessho1,[],['song'],-8.2579,115.0973,Brachypteryx leucophris,Lesser Shortwing,Aves,,Bruno Durand,https://creativecommons.org/licenses/by-nc-sa/4.0/,5.0,https://xeno-canto.org/287077,lessho1/XC287077.mp3,XC
lessho1,[],['song'],-10.1164,120.2364,Brachypteryx leucophris,Lesser Shortwing,Aves,,Philippe Verbelen,https://creativecommons.org/licenses/by-nc-sa/4.0/,5.0,https://xeno-canto.org/278707,lessho1/XC278707.mp3,XC
lessho1,[],['song'],-7.5882,110.4273,Brachypteryx leucophris,Lesser Shortwing,Aves,,Sidiq Pambudi,https://creativecommons.org/licenses/by-nc-sa/4.0/,5.0,https://xeno-canto.org/206063,lessho1/XC206063.mp3,XC
lessho1,[],['call'],-1.7342,101.2512,Brachypteryx leucophris,Lesser Shortwing,Aves,,Marc Thibault,https://creativecommons.org/licenses/by-nc-sa/4.0/,5.0,https://xeno-canto.org/195579,lessho1/XC195579.mp3,XC
lessho1,"['Sitta azurea', 'Psilopogon armillaris']",['song'],-6.7182,106.4901,Brachypteryx leucophris,Lesser Shortwing,Aves,,Ding Li Yong,https://creativecommons.org/licenses/by-nc-nd/4.0/,5.0,https://xeno-canto.org/182846,lessho1/XC182846.mp3,XC
lessho1,[],['song'],-8.3235,116.4012,Brachypteryx leucophris,Lesser Shortwing,Aves,,Frank Lambert,https://creativecommons.org/licenses/by-nc-nd/4.0/,5.0,https://xeno-canto.org/166498,lessho1/XC166498.mp3,XC
lessho1,['Urosphena subulata'],['song'],-8.292,124.7214,Brachypteryx leucophris,Lesser Shortwing,Aves,,Colin Trainor,https://creativecommons.org/licenses/by-nc-nd/2.5/,5.0,https://xeno-canto.org/105149,lessho1/XC105149.mp3,XC
lessho1,[],['song'],-6.7694,107.6217,Brachypteryx leucophris,Lesser Shortwing,Aves,,Jelle Scharringa,https://creativecommons.org/licenses/by-nc-sa/4.0/,4.0,https://xeno-canto.org/776882,lessho1/XC776882.mp3,XC
lessho1,[],['song'],-6.7273,106.9711,Brachypteryx leucophris,Lesser Shortwing,Aves,,Mike Nelson,https://creativecommons.org/licenses/by-nc-sa/4.0/,4.0,https://xeno-canto.org/681095,lessho1/XC681095.mp3,XC
lessho1,[],['song'],-8.0849,114.2364,Brachypteryx leucophris,Lesser Shortwing,Aves,,Frank Lambert,https://creativecommons.org/licenses/by-nc-nd/4.0/,4.0,https://xeno-canto.org/468842,lessho1/XC468842.mp3,XC
lessho1,[],['song'],-8.0849,114.2364,Brachypteryx leucophris,Lesser Shortwing,Aves,,Frank Lambert,https://creativecommons.org/licenses/by-nc-nd/4.0/,4.0,https://xeno-canto.org/468841,lessho1/XC468841.mp3,XC
lessho1,[],['song'],,,Brachypteryx leucophris,Lesser Shortwing,Aves,,Brendan Sloan,https://creativecommons.org/licenses/by-nc-nd/4.0/,4.0,https://xeno-canto.org/453243,lessho1/XC453243.mp3,XC
lessho1,[],['song'],-8.2453,115.1614,Brachypteryx leucophris,Lesser Shortwing,Aves,,Michael Hurben,https://creativecommons.org/licenses/by-nc-sa/4.0/,4.0,https://xeno-canto.org/432413,lessho1/XC432413.mp3,XC
lessho1,[],['song'],-6.7182,106.4901,Brachypteryx leucophris,Lesser Shortwing,Aves,,Frank Lambert,https://creativecommons.org/licenses/by-nc-nd/4.0/,4.0,https://xeno-canto.org/409160,lessho1/XC409160.mp3,XC
lessho1,[],['song'],3.9647,97.246,Brachypteryx leucophris,Lesser Shortwing,Aves,,Sander Lagerveld,https://creativecommons.org/licenses/by-nc-sa/4.0/,4.0,https://xeno-canto.org/396750,lessho1/XC396750.mp3,XC
lessho1,[],['song'],-1.74,101.26,Brachypteryx leucophris,Lesser Shortwing,Aves,,Irene Dy,https://creativecommons.org/licenses/by-nc-sa/4.0/,4.0,https://xeno-canto.org/391063,lessho1/XC391063.mp3,XC
lessho1,[],['song'],-7.2042,110.3381,Brachypteryx leucophris,Lesser Shortwing,Aves,,Karyadi Baskoro,https://creativecommons.org/licenses/by-nc-sa/4.0/,4.0,https://xeno-canto.org/336768,lessho1/XC336768.mp3,XC
lessho1,[],['song'],,,Brachypteryx leucophris,Lesser Shortwing,Aves,,Brendan Sloan,https://creativecommons.org/licenses/by-nc-sa/4.0/,4.0,https://xeno-canto.org/336460,lessho1/XC336460.mp3,XC
lessho1,[],['song'],,,Brachypteryx leucophris,Lesser Shortwing,Aves,,Brendan Sloan,https://creativecommons.org/licenses/by-nc-sa/4.0/,4.0,https://xeno-canto.org/336459,lessho1/XC336459.mp3,XC
lessho1,[],['song'],-8.2719,115.1552,Brachypteryx leucophris,Lesser Shortwing,Aves,,Philippe Verbelen,https://creativecommons.org/licenses/by-nc-sa/4.0/,4.0,https://xeno-canto.org/278810,lessho1/XC278810.mp3,XC
lessho1,[],['song'],-8.3005,124.7283,Brachypteryx leucophris,Lesser Shortwing,Aves,,Philippe Verbelen,https://creativecommons.org/licenses/by-nc-sa/4.0/,4.0,https://xeno-canto.org/278767,lessho1/XC278767.mp3,XC
lessho1,['Macropygia ruficeps'],['song'],-8.292,124.7214,Brachypteryx leucophris,Lesser Shortwing,Aves,,Philippe Verbelen,https://creativecommons.org/licenses/by-nc-sa/4.0/,4.0,https://xeno-canto.org/278765,lessho1/XC278765.mp3,XC
lessho1,[],['call'],-8.292,124.7214,Brachypteryx leucophris,Lesser Shortwing,Aves,,Philippe Verbelen,https://creativecommons.org/licenses/by-nc-sa/4.0/,4.0,https://xeno-canto.org/278763,lessho1/XC278763.mp3,XC
lessho1,[],['song'],-8.3106,115.3979,Brachypteryx leucophris,Lesser Shortwing,Aves,,Philippe Verbelen,https://creativecommons.org/licenses/by-nc-sa/4.0/,4.0,https://xeno-canto.org/278710,lessho1/XC278710.mp3,XC
lessho1,[],['call'],-10.1164,120.2364,Brachypteryx leucophris,Lesser Shortwing,Aves,,Philippe Verbelen,https://creativecommons.org/licenses/by-nc-sa/4.0/,4.0,https://xeno-canto.org/278708,lessho1/XC278708.mp3,XC
lessho1,[],['song'],-10.1164,120.2364,Brachypteryx leucophris,Lesser Shortwing,Aves,,Philippe Verbelen,https://creativecommons.org/licenses/by-nc-sa/4.0/,4.0,https://xeno-canto.org/278706,lessho1/XC278706.mp3,XC
lessho1,[],['song'],-2.0498,101.3073,Brachypteryx leucophris,Lesser Shortwing,Aves,,Mike Nelson,https://creativecommons.org/licenses/by-nc-sa/4.0/,4.0,https://xeno-canto.org/242624,lessho1/XC242624.mp3,XC
lessho1,[],"['call, song']",-1.7342,101.2512,Brachypteryx leucophris,Lesser Shortwing,Aves,,Mike Nelson,https://creativecommons.org/licenses/by-nc-sa/4.0/,4.0,https://xeno-canto.org/241660,lessho1/XC241660.mp3,XC
lessho1,[],['call'],-1.7342,101.2512,Brachypteryx leucophris,Lesser Shortwing,Aves,,Mike Nelson,https://creativecommons.org/licenses/by-nc-sa/4.0/,4.0,https://xeno-canto.org/241658,lessho1/XC241658.mp3,XC
lessho1,[],['song'],-1.7342,101.2512,Brachypteryx leucophris,Lesser Shortwing,Aves,,Mike Nelson,https://creativecommons.org/licenses/by-nc-sa/4.0/,4.0,https://xeno-canto.org/241656,lessho1/XC241656.mp3,XC
lessho1,[],['song'],-1.7342,101.2512,Brachypteryx leucophris,Lesser Shortwing,Aves,,Mike Nelson,https://creativecommons.org/licenses/by-nc-sa/4.0/,4.0,https://xeno-canto.org/241654,lessho1/XC241654.mp3,XC
lessho1,"['Malacocincla sepiaria', 'Cacomantis sepulcralis']",['song'],-6.7515,106.9898,Brachypteryx leucophris,Lesser Shortwing,Aves,,Paulo Alves,https://creativecommons.org/licenses/by-nc-sa/4.0/,4.0,https://xeno-canto.org/227068,lessho1/XC227068.mp3,XC
lessho1,[],['song'],-6.7515,106.9898,Brachypteryx leucophris,Lesser Shortwing,Aves,,Paulo Alves,https://creativecommons.org/licenses/by-nc-sa/4.0/,4.0,https://xeno-canto.org/214638,lessho1/XC214638.mp3,XC
lessho1,[],['song'],-6.7273,106.9711,Brachypteryx leucophris,Lesser Shortwing,Aves,,Mike Nelson,https://creativecommons.org/licenses/by-nc-sa/4.0/,4.0,https://xeno-canto.org/204302,lessho1/XC204302.mp3,XC
lessho1,[],['song'],-6.7461,106.5182,Brachypteryx leucophris,Lesser Shortwing,Aves,,Mike Nelson,https://creativecommons.org/licenses/by-nc-sa/4.0/,4.0,https://xeno-canto.org/204137,lessho1/XC204137.mp3,XC
lessho1,['Otus jolandae'],['song'],-8.3235,116.4012,Brachypteryx leucophris,Lesser Shortwing,Aves,,Frank Lambert,https://creativecommons.org/licenses/by-nc-nd/4.0/,4.0,https://xeno-canto.org/166497,lessho1/XC166497.mp3,XC
lessho1,[],['song'],-8.3235,116.4012,Brachypteryx leucophris,Lesser Shortwing,Aves,,Frank Lambert,https://creativecommons.org/licenses/by-nc-nd/4.0/,4.0,https://xeno-canto.org/166496,lessho1/XC166496.mp3,XC
lessho1,[],['song'],-8.3235,116.4012,Brachypteryx leucophris,Lesser Shortwing,Aves,,Frank Lambert,https://creativecommons.org/licenses/by-nc-nd/4.0/,4.0,https://xeno-canto.org/166495,lessho1/XC166495.mp3,XC
lessho1,[],['song'],-8.3235,116.4012,Brachypteryx leucophris,Lesser Shortwing,Aves,,Frank Lambert,https://creativecommons.org/licenses/by-nc-nd/4.0/,4.0,https://xeno-canto.org/166494,lessho1/XC166494.mp3,XC
lessho1,[],['song'],-8.3235,116.4012,Brachypteryx leucophris,Lesser Shortwing,Aves,,Frank Lambert,https://creativecommons.org/licenses/by-nc-nd/4.0/,4.0,https://xeno-canto.org/166493,lessho1/XC166493.mp3,XC
lessho1,[],"['song, song (long)']",-8.292,124.7214,Brachypteryx leucophris,Lesser Shortwing,Aves,,Colin Trainor,https://creativecommons.org/licenses/by-nc-nd/2.5/,4.0,https://xeno-canto.org/105845,lessho1/XC105845.mp3,XC
lessho1,['Urosphena subulata'],"['song, song (long)']",-8.292,124.7214,Brachypteryx leucophris,Lesser Shortwing,Aves,,Colin Trainor,https://creativecommons.org/licenses/by-nc-nd/2.5/,4.0,https://xeno-canto.org/105844,lessho1/XC105844.mp3,XC
lessho1,[],['song'],-8.292,124.7214,Brachypteryx leucophris,Lesser Shortwing,Aves,,Colin Trainor,https://creativecommons.org/licenses/by-nc-nd/2.5/,4.0,https://xeno-canto.org/103157,lessho1/XC103157.mp3,XC
lessho1,[],['song'],-1.7342,101.2512,Brachypteryx leucophris,Lesser Shortwing,Aves,,Fabian Ducry &Amp; David Marques,https://creativecommons.org/licenses/by-nc-nd/2.5/,4.0,https://xeno-canto.org/90802,lessho1/XC90802.mp3,XC
lessho1,[],['song'],-6.5,107.3,Brachypteryx leucophris,Lesser Shortwing,Aves,,Frank Lambert,https://creativecommons.org/licenses/by-nc-nd/4.0/,4.0,https://xeno-canto.org/67731,lessho1/XC67731.mp3,XC
lessho1,[],['song'],-6.6762,106.5164,Brachypteryx leucophris,Lesser Shortwing,Aves,,David Edwards,https://creativecommons.org/licenses/by-nc-nd/2.5/,4.0,https://xeno-canto.org/40471,lessho1/XC40471.mp3,XC
lessho1,[],['song'],-8.2942,115.1773,Brachypteryx leucophris,Lesser Shortwing,Aves,,Allen T. Chartier,https://creativecommons.org/licenses/by-nc-sa/3.0/,4.0,https://xeno-canto.org/31352,lessho1/XC31352.mp3,XC
lessho1,"['Cuculus lepidus', 'Arachnothera longirostra', 'Psilopogon armillaris']",['song'],-6.7273,106.9711,Brachypteryx leucophris,Lesser Shortwing,Aves,,Teus Luijendijk,https://creativecommons.org/licenses/by-nc-nd/4.0/,3.0,https://xeno-canto.org/619422,lessho1/XC619422.mp3,XC
lessho1,['Psilopogon armillaris'],['song'],-6.7691,106.9792,Brachypteryx leucophris,Lesser Shortwing,Aves,,Teus Luijendijk,https://creativecommons.org/licenses/by-nc-nd/4.0/,3.0,https://xeno-canto.org/618708,lessho1/XC618708.mp3,XC
lessho1,[],['song'],-6.7878,106.9819,Brachypteryx leucophris,Lesser Shortwing,Aves,,Okamoto Keita Sin,https://creativecommons.org/licenses/by-nc-sa/4.0/,3.0,https://xeno-canto.org/576635,lessho1/XC576635.mp3,XC
lessho1,[],['song'],,,Brachypteryx leucophris,Lesser Shortwing,Aves,,Brendan Sloan,https://creativecommons.org/licenses/by-nc-sa/4.0/,3.0,https://xeno-canto.org/393371,lessho1/XC393371.mp3,XC
lessho1,[],['song'],-10.1164,120.2364,Brachypteryx leucophris,Lesser Shortwing,Aves,,Philippe Verbelen,https://creativecommons.org/licenses/by-nc-sa/4.0/,3.0,https://xeno-canto.org/278709,lessho1/XC278709.mp3,XC
lessho1,[],['song'],-6.7515,106.9898,Brachypteryx leucophris,Lesser Shortwing,Aves,,Paulo Alves,https://creativecommons.org/licenses/by-nc-sa/4.0/,3.0,https://xeno-canto.org/215395,lessho1/XC215395.mp3,XC
lessho1,[],['song'],-6.7461,106.5182,Brachypteryx leucophris,Lesser Shortwing,Aves,,Marc Anderson,https://creativecommons.org/licenses/by-nc-nd/4.0/,3.0,https://xeno-canto.org/215016,lessho1/XC215016.mp3,XC
lessho1,[],['song'],-6.5,107.3,Brachypteryx leucophris,Lesser Shortwing,Aves,,Frank Lambert,https://creativecommons.org/licenses/by-nc-nd/4.0/,3.0,https://xeno-canto.org/161686,lessho1/XC161686.mp3,XC
lessho1,[],['song'],-6.6762,106.5164,Brachypteryx leucophris,Lesser Shortwing,Aves,,Brian Cox,https://creativecommons.org/licenses/by-nc-nd/2.5/,3.0,https://xeno-canto.org/39485,lessho1/XC39485.mp3,XC
lessho1,[],['song'],-8.2942,115.1773,Brachypteryx leucophris,Lesser Shortwing,Aves,,Allen T. Chartier,https://creativecommons.org/licenses/by-nc-sa/3.0/,3.0,https://xeno-canto.org/31351,lessho1/XC31351.mp3,XC
lessho1,[],['song'],-6.7414,107.0019,Brachypteryx leucophris,Lesser Shortwing,Aves,,Chi-Hsuan Shao,https://creativecommons.org/licenses/by-nc-sa/4.0/,2.0,https://xeno-canto.org/797774,lessho1/XC797774.mp3,XC
lessho1,[],['song'],,,Brachypteryx leucophris,Lesser Shortwing,Aves,,Brendan Sloan,https://creativecommons.org/licenses/by-nc-sa/4.0/,2.0,https://xeno-canto.org/336694,lessho1/XC336694.mp3,XC
hoopit1,[],['song'],-1.0707,136.2708,Pitta sordida,Hooded Pitta,Aves,,Ross Gallardy,https://creativecommons.org/licenses/by-nc-sa/4.0/,5.0,https://xeno-canto.org/409825,hoopit1/XC409825.mp3,XC
hoopit1,[],['song'],-1.0707,136.2708,Pitta sordida,Hooded Pitta,Aves,,Ross Gallardy,https://creativecommons.org/licenses/by-nc-sa/4.0/,5.0,https://xeno-canto.org/409824,hoopit1/XC409824.mp3,XC
hoopit1,[],['song'],-0.4174,130.7739,Pitta sordida,Hooded Pitta,Aves,,Ross Gallardy,https://creativecommons.org/licenses/by-nc-sa/4.0/,5.0,https://xeno-canto.org/409487,hoopit1/XC409487.mp3,XC
hoopit1,[],['song'],-1.0793,134.8639,Pitta sordida,Hooded Pitta,Aves,,Marc Thibault,https://creativecommons.org/licenses/by-nc-sa/4.0/,5.0,https://xeno-canto.org/401715,hoopit1/XC401715.mp3,XC
hoopit1,[],['song'],-0.9865,135.9386,Pitta sordida,Hooded Pitta,Aves,,Frank Lambert,https://creativecommons.org/licenses/by-nc-nd/4.0/,5.0,https://xeno-canto.org/166981,hoopit1/XC166981.mp3,XC
hoopit1,[],['song'],-0.8959,130.6678,Pitta sordida,Hooded Pitta,Aves,,George Wagner,https://creativecommons.org/licenses/by-nc-nd/2.5/,5.0,https://xeno-canto.org/23268,hoopit1/XC23268.mp3,XC
hoopit1,[],['song'],-0.6904,132.2134,Pitta sordida,Hooded Pitta,Aves,,Yasinchumaedi,https://creativecommons.org/licenses/by-nc-sa/4.0/,4.0,https://xeno-canto.org/1097813,hoopit1/XC1097813.mp3,XC
hoopit1,[],['song'],-0.8078,131.6333,Pitta sordida,Hooded Pitta,Aves,,Kelle Moreau,https://creativecommons.org/licenses/by-nc-sa/4.0/,4.0,https://xeno-canto.org/1062611,hoopit1/XC1062611.mp3,XC
hoopit1,[],['song'],-0.8049,131.6392,Pitta sordida,Hooded Pitta,Aves,,Kelle Moreau,https://creativecommons.org/licenses/by-nc-sa/4.0/,4.0,https://xeno-canto.org/1060904,hoopit1/XC1060904.mp3,XC
hoopit1,[],['song'],-2.5525,140.1441,Pitta sordida,Hooded Pitta,Aves,,Kelle Moreau,https://creativecommons.org/licenses/by-nc-sa/4.0/,4.0,https://xeno-canto.org/1037471,hoopit1/XC1037471.mp3,XC
hoopit1,[],['song'],-2.5525,140.1441,Pitta sordida,Hooded Pitta,Aves,,Kelle Moreau,https://creativecommons.org/licenses/by-nc-sa/4.0/,4.0,https://xeno-canto.org/1037470,hoopit1/XC1037470.mp3,XC
hoopit1,[],['song'],-2.5525,140.1441,Pitta sordida,Hooded Pitta,Aves,,Kelle Moreau,https://creativecommons.org/licenses/by-nc-sa/4.0/,4.0,https://xeno-canto.org/1037468,hoopit1/XC1037468.mp3,XC
hoopit1,['Pitta sordida'],['song'],-1.0629,136.0557,Pitta sordida,Hooded Pitta,Aves,,Kelle Moreau,https://creativecommons.org/licenses/by-nc-sa/4.0/,4.0,https://xeno-canto.org/1029895,hoopit1/XC1029895.mp3,XC
hoopit1,[],['song'],-1.0629,136.0557,Pitta sordida,Hooded Pitta,Aves,,Kelle Moreau,https://creativecommons.org/licenses/by-nc-sa/4.0/,4.0,https://xeno-canto.org/1029892,hoopit1/XC1029892.mp3,XC
hoopit1,[],['song'],-1.0629,136.0557,Pitta sordida,Hooded Pitta,Aves,,Kelle Moreau,https://creativecommons.org/licenses/by-nc-sa/4.0/,4.0,https://xeno-canto.org/1029889,hoopit1/XC1029889.mp3,XC
hoopit1,[],['song'],-1.0629,136.0557,Pitta sordida,Hooded Pitta,Aves,,Kelle Moreau,https://creativecommons.org/licenses/by-nc-sa/4.0/,4.0,https://xeno-canto.org/1029887,hoopit1/XC1029887.mp3,XC
hoopit1,[],['song'],-1.0629,136.0557,Pitta sordida,Hooded Pitta,Aves,,Kelle Moreau,https://creativecommons.org/licenses/by-nc-sa/4.0/,4.0,https://xeno-canto.org/1029886,hoopit1/XC1029886.mp3,XC
hoopit1,[],['call'],-0.7597,131.7811,Pitta sordida,Hooded Pitta,Aves,,Oscar Campbell,https://creativecommons.org/licenses/by-nc-nd/4.0/,4.0,https://xeno-canto.org/954620,hoopit1/XC954620.mp3,XC
hoopit1,[],['call'],-1.1708,136.1116,Pitta sordida,Hooded Pitta,Aves,,Oscar Campbell,https://creativecommons.org/licenses/by-nc-nd/4.0/,4.0,https://xeno-canto.org/937759,hoopit1/XC937759.mp3,XC
hoopit1,['Pycnonotus plumosus'],['call'],-3.4374,116.022,Pitta sordida,Hooded Pitta,Aves,,Panji Gusti Akbar,https://creativecommons.org/licenses/by-nc-sa/4.0/,4.0,https://xeno-canto.org/698132,hoopit1/XC698132.mp3,XC
hoopit1,[],['song'],-3.1169,115.9548,Pitta sordida,Hooded Pitta,Aves,,Panji Gusti Akbar,https://creativecommons.org/licenses/by-nc-sa/4.0/,4.0,https://xeno-canto.org/691989,hoopit1/XC691989.mp3,XC
hoopit1,[],['song'],-4.9178,105.7489,Pitta sordida,Hooded Pitta,Aves,,Mike Nelson,https://creativecommons.org/licenses/by-nc-sa/4.0/,4.0,https://xeno-canto.org/681137,hoopit1/XC681137.mp3,XC
hoopit1,[],['song'],-4.9178,105.7489,Pitta sordida,Hooded Pitta,Aves,,Mike Nelson,https://creativecommons.org/licenses/by-nc-sa/4.0/,4.0,https://xeno-canto.org/681136,hoopit1/XC681136.mp3,XC
hoopit1,[],['song'],-0.8052,131.6433,Pitta sordida,Hooded Pitta,Aves,,Marc Anderson,https://creativecommons.org/licenses/by-nc-nd/4.0/,4.0,https://xeno-canto.org/632641,hoopit1/XC632641.mp3,XC
hoopit1,[],['song'],-0.8052,131.6433,Pitta sordida,Hooded Pitta,Aves,,Marc Anderson,https://creativecommons.org/licenses/by-nc-nd/4.0/,4.0,https://xeno-canto.org/632640,hoopit1/XC632640.mp3,XC
hoopit1,[],['song'],-1.071483,136.250817,Pitta sordida,Hooded Pitta,Aves,,Ken Behrens,https://creativecommons.org/licenses/by-nc-sa/3.0/,4.0,https://xeno-canto.org/582432,hoopit1/XC582432.mp3,XC
hoopit1,"['Trichoglossus haematodus', 'Philemon novaeguineae', 'Melloria quoyi', 'Oriolus szalayi']",['song'],-0.8399,130.5261,Pitta sordida,Hooded Pitta,Aves,,Marc Anderson,https://creativecommons.org/licenses/by-nc-nd/4.0/,4.0,https://xeno-canto.org/499221,hoopit1/XC499221.mp3,XC
hoopit1,[],['song'],-0.9865,135.9386,Pitta sordida,Hooded Pitta,Aves,,Peter Ericsson,https://creativecommons.org/licenses/by-nc-sa/4.0/,4.0,https://xeno-canto.org/434935,hoopit1/XC434935.mp3,XC
hoopit1,[],['song'],-0.4174,130.7739,Pitta sordida,Hooded Pitta,Aves,,Ross Gallardy,https://creativecommons.org/licenses/by-nc-sa/4.0/,4.0,https://xeno-canto.org/409486,hoopit1/XC409486.mp3,XC
hoopit1,[],['song'],-1.0984,136.2006,Pitta sordida,Hooded Pitta,Aves,,Marc Thibault,https://creativecommons.org/licenses/by-nc-sa/4.0/,4.0,https://xeno-canto.org/395636,hoopit1/XC395636.mp3,XC
hoopit1,[],['song'],-0.9825,134.8668,Pitta sordida,Hooded Pitta,Aves,,Daniel Lopez Velasco,https://creativecommons.org/licenses/by-nc-sa/4.0/,4.0,https://xeno-canto.org/384062,hoopit1/XC384062.mp3,XC
hoopit1,[],['song'],3.492,125.5358,Pitta sordida,Hooded Pitta,Aves,,Stijn Cooleman,https://creativecommons.org/licenses/by-nc-sa/4.0/,4.0,https://xeno-canto.org/205502,hoopit1/XC205502.mp3,XC
hoopit1,[],['song'],3.492,125.5358,Pitta sordida,Hooded Pitta,Aves,,Stijn Cooleman,https://creativecommons.org/licenses/by-nc-sa/4.0/,4.0,https://xeno-canto.org/205501,hoopit1/XC205501.mp3,XC
hoopit1,[],['song'],-1.3607,104.3957,Pitta sordida,Hooded Pitta,Aves,,Stijn Cooleman,https://creativecommons.org/licenses/by-nc-sa/4.0/,4.0,https://xeno-canto.org/202674,hoopit1/XC202674.mp3,XC
hoopit1,[],['call'],-1.3607,104.3957,Pitta sordida,Hooded Pitta,Aves,,Stijn Cooleman,https://creativecommons.org/licenses/by-nc-sa/4.0/,4.0,https://xeno-canto.org/202673,hoopit1/XC202673.mp3,XC
hoopit1,[],['song'],-1.3607,104.3957,Pitta sordida,Hooded Pitta,Aves,,Stijn Cooleman,https://creativecommons.org/licenses/by-nc-sa/4.0/,4.0,https://xeno-canto.org/202672,hoopit1/XC202672.mp3,XC
hoopit1,[],['song'],3.492,125.5358,Pitta sordida,Hooded Pitta,Aves,,Stijn Cooleman,https://creativecommons.org/licenses/by-nc-sa/4.0/,4.0,https://xeno-canto.org/179716,hoopit1/XC179716.mp3,XC
hoopit1,[],['call'],0.2334,113.3689,Pitta sordida,Hooded Pitta,Aves,,Johannes Fischer,https://creativecommons.org/licenses/by-nc-sa/4.0/,4.0,https://xeno-canto.org/177909,hoopit1/XC177909.mp3,XC
hoopit1,[],"['call, juvenile call']",-2.3244,106.1812,Pitta sordida,Hooded Pitta,Aves,,Syahputra,https://creativecommons.org/licenses/by-nc-sa/3.0/,4.0,https://xeno-canto.org/168881,hoopit1/XC168881.mp3,XC
hoopit1,[],['song'],-0.9865,135.9386,Pitta sordida,Hooded Pitta,Aves,,Frank Lambert,https://creativecommons.org/licenses/by-nc-nd/4.0/,4.0,https://xeno-canto.org/166987,hoopit1/XC166987.mp3,XC
hoopit1,[],['song'],-0.9865,135.9386,Pitta sordida,Hooded Pitta,Aves,,Frank Lambert,https://creativecommons.org/licenses/by-nc-nd/4.0/,4.0,https://xeno-canto.org/166984,hoopit1/XC166984.mp3,XC
hoopit1,[],['song'],-0.9865,135.9386,Pitta sordida,Hooded Pitta,Aves,,Frank Lambert,https://creativecommons.org/licenses/by-nc-nd/4.0/,4.0,https://xeno-canto.org/166983,hoopit1/XC166983.mp3,XC
hoopit1,[],['song'],-0.9865,135.9386,Pitta sordida,Hooded Pitta,Aves,,Frank Lambert,https://creativecommons.org/licenses/by-nc-nd/4.0/,4.0,https://xeno-canto.org/166980,hoopit1/XC166980.mp3,XC
hoopit1,[],['song'],-0.9471,130.7952,Pitta sordida,Hooded Pitta,Aves,,Frank Lambert,https://creativecommons.org/licenses/by-nc-nd/4.0/,4.0,https://xeno-canto.org/163439,hoopit1/XC163439.mp3,XC
hoopit1,[],['song'],,,Pitta sordida,Hooded Pitta,Aves,,Bas Van Balen,https://creativecommons.org/licenses/by-nc-sa/3.0/,4.0,https://xeno-canto.org/141989,hoopit1/XC141989.mp3,XC
hoopit1,[],['song'],-0.8289,135.8773,Pitta sordida,Hooded Pitta,Aves,,Bas Van Balen,https://creativecommons.org/licenses/by-nc-nd/2.5/,4.0,https://xeno-canto.org/75917,hoopit1/XC75917.mp3,XC
hoopit1,[],['song'],-0.8909,131.0295,Pitta sordida,Hooded Pitta,Aves,,Patrik Åberg,https://creativecommons.org/licenses/by-nc-sa/3.0/,4.0,https://xeno-canto.org/40343,hoopit1/XC40343.mp3,XC
hoopit1,[],['song'],-0.8909,131.0295,Pitta sordida,Hooded Pitta,Aves,,Patrik Åberg,https://creativecommons.org/licenses/by-nc-sa/3.0/,4.0,https://xeno-canto.org/40342,hoopit1/XC40342.mp3,XC
hoopit1,[],['song'],-1.3806,116.1306,Pitta sordida,Hooded Pitta,Aves,,Tjalle Boorsma,https://creativecommons.org/licenses/by-nc-nd/2.5/,4.0,https://xeno-canto.org/33652,hoopit1/XC33652.mp3,XC
hoopit1,[],['call'],-1.3806,116.1306,Pitta sordida,Hooded Pitta,Aves,,Tjalle Boorsma,https://creativecommons.org/licenses/by-nc-nd/2.5/,4.0,https://xeno-canto.org/33651,hoopit1/XC33651.mp3,XC
hoopit1,[],['call'],-1.0806,136.2906,Pitta sordida,Hooded Pitta,Aves,,George Wagner,https://creativecommons.org/licenses/by-nc-nd/2.5/,4.0,https://xeno-canto.org/23126,hoopit1/XC23126.mp3,XC
hoopit1,"['Psilopogon duvaucelii', 'Lalage fimbriata', 'Pycnonotus goiavier', 'Pellorneum bicolor', 'Brachypodius melanocephalos']",['song'],-1.3806,116.1306,Pitta sordida,Hooded Pitta,Aves,,Sander Pieterse &Amp; Ben Wielstra,https://creativecommons.org/licenses/by-nc-nd/2.5/,4.0,https://xeno-canto.org/22089,hoopit1/XC22089.mp3,XC
hoopit1,['Eudynamys orientalis'],['song'],-0.8052,131.6433,Pitta sordida,Hooded Pitta,Aves,,Marc Anderson,https://creativecommons.org/licenses/by-nc-nd/4.0/,3.0,https://xeno-canto.org/504664,hoopit1/XC504664.mp3,XC
hoopit1,[],['call'],-2.5831,140.1608,Pitta sordida,Hooded Pitta,Aves,,Jacob Hervé,https://creativecommons.org/licenses/by-nc-sa/4.0/,3.0,https://xeno-canto.org/395428,hoopit1/XC395428.mp3,XC
hoopit1,[],['song'],-0.9825,134.8668,Pitta sordida,Hooded Pitta,Aves,,Jacob Hervé,https://creativecommons.org/licenses/by-nc-sa/4.0/,3.0,https://xeno-canto.org/395313,hoopit1/XC395313.mp3,XC
hoopit1,[],['call'],0.2334,113.3689,Pitta sordida,Hooded Pitta,Aves,,Johannes Fischer,https://creativecommons.org/licenses/by-nc-sa/4.0/,3.0,https://xeno-canto.org/177799,hoopit1/XC177799.mp3,XC
hoopit1,[],['song'],-0.8289,135.8773,Pitta sordida,Hooded Pitta,Aves,,Bas Van Balen,https://creativecommons.org/licenses/by-nc-nd/2.5/,3.0,https://xeno-canto.org/75916,hoopit1/XC75916.mp3,XC
hoopit1,[],['song'],-0.8289,135.8773,Pitta sordida,Hooded Pitta,Aves,,Bas Van Balen,https://creativecommons.org/licenses/by-nc-nd/2.5/,3.0,https://xeno-canto.org/75915,hoopit1/XC75915.mp3,XC
hoopit1,[],['song'],-0.9865,135.9386,Pitta sordida,Hooded Pitta,Aves,,Jacob Hervé,https://creativecommons.org/licenses/by-nc-sa/4.0/,2.0,https://xeno-canto.org/395234,hoopit1/XC395234.mp3,XC
hoopit1,[],"['call, juvenile call']",-2.3244,106.1812,Pitta sordida,Hooded Pitta,Aves,,Syahputra,https://creativecommons.org/licenses/by-nc-sa/3.0/,2.0,https://xeno-canto.org/168880,hoopit1/XC168880.mp3,XC
hoopit1,[],['song'],,,Pitta sordida,Hooded Pitta,Aves,,Bas Van Balen,https://creativecommons.org/licenses/by-nc-nd/2.5/,2.0,https://xeno-canto.org/75884,hoopit1/XC75884.mp3,XC
hoopit1,[],['call'],-1.1167,116.8167,Pitta sordida,Hooded Pitta,Aves,,Richard Payne,https://creativecommons.org/licenses/by-nc-nd/4.0/,1.0,https://xeno-canto.org/835488,hoopit1/XC835488.mp3,XC
crseag1,['Dicaeum trigonostigma'],['song'],2.4634,96.3007,Spilornis cheela,Crested Serpent Eagle,Aves,,Ding Li Yong,https://creativecommons.org/licenses/by-nc-nd/4.0/,5.0,https://xeno-canto.org/757143,crseag1/XC757143.mp3,XC
crseag1,[],['flight call'],-6.7461,106.5182,Spilornis cheela,Crested Serpent Eagle,Aves,,Marc Anderson,https://creativecommons.org/licenses/by-nc-nd/4.0/,5.0,https://xeno-canto.org/214699,crseag1/XC214699.mp3,XC
crseag1,['Brachypodius melanocephalos'],"['call, song']",2.4634,96.3007,Spilornis cheela,Crested Serpent Eagle,Aves,,Ding Li Yong,https://creativecommons.org/licenses/by-nc-nd/4.0/,4.0,https://xeno-canto.org/638365,crseag1/XC638365.mp3,XC
crseag1,[],['flight call'],-6.7407,107.0057,Spilornis cheela,Crested Serpent Eagle,Aves,,Okamoto Keita Sin,https://creativecommons.org/licenses/by-nc-sa/4.0/,4.0,https://xeno-canto.org/578380,crseag1/XC578380.mp3,XC
crseag1,[],['call'],2.3814,96.3509,Spilornis cheela,Crested Serpent Eagle,Aves,,Frank Lambert,https://creativecommons.org/licenses/by-nc-nd/4.0/,4.0,https://xeno-canto.org/501306,crseag1/XC501306.mp3,XC
crseag1,[],"['call, perched']",2.3814,96.3509,Spilornis cheela,Crested Serpent Eagle,Aves,,Frank Lambert,https://creativecommons.org/licenses/by-nc-nd/4.0/,4.0,https://xeno-canto.org/501304,crseag1/XC501304.mp3,XC
crseag1,[],"['call, perched']",2.3814,96.3509,Spilornis cheela,Crested Serpent Eagle,Aves,,Frank Lambert,https://creativecommons.org/licenses/by-nc-nd/4.0/,4.0,https://xeno-canto.org/501303,crseag1/XC501303.mp3,XC
crseag1,[],['call'],1.001,97.494,Spilornis cheela,Crested Serpent Eagle,Aves,,Frank Rheindt,https://creativecommons.org/licenses/by-nc-sa/4.0/,4.0,https://xeno-canto.org/482239,crseag1/XC482239.mp3,XC
crseag1,[],['flight call'],-6.7182,106.4901,Spilornis cheela,Crested Serpent Eagle,Aves,,Frank Lambert,https://creativecommons.org/licenses/by-nc-nd/4.0/,4.0,https://xeno-canto.org/409167,crseag1/XC409167.mp3,XC
crseag1,[],['call'],,,Spilornis cheela,Crested Serpent Eagle,Aves,,Brendan Sloan,https://creativecommons.org/licenses/by-nc-sa/4.0/,4.0,https://xeno-canto.org/393380,crseag1/XC393380.mp3,XC
crseag1,[],['flight call'],-8.2719,115.1552,Spilornis cheela,Crested Serpent Eagle,Aves,,Bruno Durand,https://creativecommons.org/licenses/by-nc-sa/4.0/,4.0,https://xeno-canto.org/338727,crseag1/XC338727.mp3,XC
crseag1,[],"['call, flight call']",-6.3233,105.8357,Spilornis cheela,Crested Serpent Eagle,Aves,,Paulo Alves,https://creativecommons.org/licenses/by-nc-sa/4.0/,4.0,https://xeno-canto.org/245915,crseag1/XC245915.mp3,XC
crseag1,[],['flight call'],-4.9178,105.7489,Spilornis cheela,Crested Serpent Eagle,Aves,,Mike Nelson,https://creativecommons.org/licenses/by-nc-sa/4.0/,4.0,https://xeno-canto.org/243351,crseag1/XC243351.mp3,XC
crseag1,[],['flight call'],-2.0498,101.3073,Spilornis cheela,Crested Serpent Eagle,Aves,,Mike Nelson,https://creativecommons.org/licenses/by-nc-sa/4.0/,4.0,https://xeno-canto.org/242268,crseag1/XC242268.mp3,XC
crseag1,[],"['call, flight call']",-1.7342,101.2512,Spilornis cheela,Crested Serpent Eagle,Aves,,Mike Nelson,https://creativecommons.org/licenses/by-nc-sa/4.0/,4.0,https://xeno-canto.org/241631,crseag1/XC241631.mp3,XC
crseag1,"['Tesia superciliaris', 'Dicaeum sanguinolentum']",['flight call'],-6.7515,106.9898,Spilornis cheela,Crested Serpent Eagle,Aves,,Paulo Alves,https://creativecommons.org/licenses/by-nc-sa/4.0/,4.0,https://xeno-canto.org/215378,crseag1/XC215378.mp3,XC
crseag1,[],['song'],-6.7461,106.5182,Spilornis cheela,Crested Serpent Eagle,Aves,,Marc Anderson,https://creativecommons.org/licenses/by-nc-nd/4.0/,4.0,https://xeno-canto.org/214978,crseag1/XC214978.mp3,XC
crseag1,[],['flight call'],-6.7461,106.5182,Spilornis cheela,Crested Serpent Eagle,Aves,,Marc Anderson,https://creativecommons.org/licenses/by-nc-nd/4.0/,4.0,https://xeno-canto.org/214698,crseag1/XC214698.mp3,XC
crseag1,[],"['call, flight call']",-6.7461,106.5182,Spilornis cheela,Crested Serpent Eagle,Aves,,Mike Nelson,https://creativecommons.org/licenses/by-nc-sa/4.0/,4.0,https://xeno-canto.org/204119,crseag1/XC204119.mp3,XC
crseag1,[],"['flight call, song']",-6.7414,107.0019,Spilornis cheela,Crested Serpent Eagle,Aves,,Frank Lambert,https://creativecommons.org/licenses/by-nc-nd/4.0/,4.0,https://xeno-canto.org/166747,crseag1/XC166747.mp3,XC
crseag1,[],['flight call'],-6.6762,106.5164,Spilornis cheela,Crested Serpent Eagle,Aves,,Frank Lambert,https://creativecommons.org/licenses/by-nc-nd/4.0/,4.0,https://xeno-canto.org/166746,crseag1/XC166746.mp3,XC
crseag1,[],['song'],-1.1167,116.8167,Spilornis cheela,Crested Serpent Eagle,Aves,,Frank Lambert,https://creativecommons.org/licenses/by-nc-nd/4.0/,4.0,https://xeno-canto.org/69493,crseag1/XC69493.mp3,XC
crseag1,[],['call'],2.192,116.7351,Spilornis cheela,Crested Serpent Eagle,Aves,,Iain Woxvold,https://creativecommons.org/licenses/by-nc-nd/2.5/,4.0,https://xeno-canto.org/65381,crseag1/XC65381.mp3,XC
crseag1,[],['call'],-1.1167,116.8167,Spilornis cheela,Crested Serpent Eagle,Aves,,Tjalle Boorsma,https://creativecommons.org/licenses/by-nc-nd/2.5/,4.0,https://xeno-canto.org/33420,crseag1/XC33420.mp3,XC
crseag1,[],['call'],-1.1167,116.8167,Spilornis cheela,Crested Serpent Eagle,Aves,,Tjalle Boorsma,https://creativecommons.org/licenses/by-nc-nd/2.5/,4.0,https://xeno-canto.org/33419,crseag1/XC33419.mp3,XC
crseag1,[],['flight call'],-6.7691,106.9792,Spilornis cheela,Crested Serpent Eagle,Aves,,Teus Luijendijk,https://creativecommons.org/licenses/by-nc-nd/4.0/,3.0,https://xeno-canto.org/618811,crseag1/XC618811.mp3,XC
crseag1,['Geopelia striata'],['call'],0.4342,101.876,Spilornis cheela,Crested Serpent Eagle,Aves,,Muhammad Iqbal,https://creativecommons.org/licenses/by-nc-sa/4.0/,3.0,https://xeno-canto.org/570921,crseag1/XC570921.mp3,XC
crseag1,[],"['call, perched']",-1.1963,98.9791,Spilornis cheela,Crested Serpent Eagle,Aves,,Frank Lambert,https://creativecommons.org/licenses/by-nc-nd/4.0/,3.0,https://xeno-canto.org/498466,crseag1/XC498466.mp3,XC
crseag1,[],['call'],1.001,97.494,Spilornis cheela,Crested Serpent Eagle,Aves,,Frank Rheindt,https://creativecommons.org/licenses/by-nc-sa/4.0/,3.0,https://xeno-canto.org/482238,crseag1/XC482238.mp3,XC
crseag1,[],['flight call'],-8.753,115.168,Spilornis cheela,Crested Serpent Eagle,Aves,,Bruno Durand,https://creativecommons.org/licenses/by-nc-sa/4.0/,3.0,https://xeno-canto.org/338728,crseag1/XC338728.mp3,XC
crseag1,"['Psilopogon armillaris', 'Alcippe pyrrhoptera']","['call, song']",-6.7515,106.9898,Spilornis cheela,Crested Serpent Eagle,Aves,,Paulo Alves,https://creativecommons.org/licenses/by-nc-sa/4.0/,3.0,https://xeno-canto.org/241042,crseag1/XC241042.mp3,XC
crseag1,[],['flight call'],3.9459,115.6019,Spilornis cheela,Crested Serpent Eagle,Aves,,Frank Lambert,https://creativecommons.org/licenses/by-nc-nd/4.0/,3.0,https://xeno-canto.org/207989,crseag1/XC207989.mp3,XC
crseag1,[],['flight call'],,,Spilornis cheela,Crested Serpent Eagle,Aves,,Heru Cahyono,https://creativecommons.org/licenses/by-nc-sa/3.0/,3.0,https://xeno-canto.org/143550,crseag1/XC143550.mp3,XC
crseag1,['Hylobates klossii'],['call'],-1.7274,99.2248,Spilornis cheela,Crested Serpent Eagle,Aves,,Daan Drukker,https://creativecommons.org/licenses/by-nc-sa/4.0/,2.0,https://xeno-canto.org/965048,crseag1/XC965048.mp3,XC
crseag1,['Hydrornis guajanus'],['song'],,,Spilornis cheela,Crested Serpent Eagle,Aves,,Heru Cahyono,https://creativecommons.org/licenses/by-nc-sa/3.0/,2.0,https://xeno-canto.org/144914,crseag1/XC144914.mp3,XC
latnig1,[],['song'],-0.4329,130.7881,Caprimulgus macrurus,Large-tailed Nightjar,Aves,,Ding Li Yong,https://creativecommons.org/licenses/by-nc-nd/4.0/,5.0,https://xeno-canto.org/1166606,latnig1/XC1166606.mp3,XC
latnig1,[],['song'],-9.875,124.2117,Caprimulgus macrurus,Large-tailed Nightjar,Aves,,Untung Sarmawi,https://creativecommons.org/publicdomain/zero/1.0/,5.0,https://xeno-canto.org/1000904,latnig1/XC1000904.mp3,XC
latnig1,[],['song'],-0.4329,130.7881,Caprimulgus macrurus,Large-tailed Nightjar,Aves,,Ding Li Yong,https://creativecommons.org/licenses/by-nc-nd/4.0/,4.0,https://xeno-canto.org/1166609,latnig1/XC1166609.mp3,XC
latnig1,['Podargus papuensis'],['song'],-1.131,136.1355,Caprimulgus macrurus,Large-tailed Nightjar,Aves,,Kelle Moreau,https://creativecommons.org/licenses/by-nc-sa/4.0/,4.0,https://xeno-canto.org/1027232,latnig1/XC1027232.mp3,XC
latnig1,[],['song'],-1.131,136.1355,Caprimulgus macrurus,Large-tailed Nightjar,Aves,,Kelle Moreau,https://creativecommons.org/licenses/by-nc-sa/4.0/,4.0,https://xeno-canto.org/1027230,latnig1/XC1027230.mp3,XC
latnig1,[],['song'],-1.0984,136.2006,Caprimulgus macrurus,Large-tailed Nightjar,Aves,,Oscar Campbell,https://creativecommons.org/licenses/by-nc-nd/4.0/,4.0,https://xeno-canto.org/937761,latnig1/XC937761.mp3,XC
latnig1,[],['song'],-7.8356,114.435,Caprimulgus macrurus,Large-tailed Nightjar,Aves,,Untung Sarmawi,https://creativecommons.org/publicdomain/zero/1.0/,4.0,https://xeno-canto.org/864330,latnig1/XC864330.mp3,XC
latnig1,[],['song'],-6.2781,105.8537,Caprimulgus macrurus,Large-tailed Nightjar,Aves,,Mike Nelson,https://creativecommons.org/licenses/by-nc-sa/4.0/,4.0,https://xeno-canto.org/691494,latnig1/XC691494.mp3,XC
latnig1,[],['call'],-6.561,106.7594,Caprimulgus macrurus,Large-tailed Nightjar,Aves,,Hanom Bashari,https://creativecommons.org/licenses/by-nc-sa/4.0/,4.0,https://xeno-canto.org/639792,latnig1/XC639792.mp3,XC
latnig1,[],['song'],0.9281,127.5623,Caprimulgus macrurus,Large-tailed Nightjar,Aves,,Teus Luijendijk,https://creativecommons.org/licenses/by-nc-nd/4.0/,4.0,https://xeno-canto.org/612584,latnig1/XC612584.mp3,XC
latnig1,[],['song'],-7.965683,140.443,Caprimulgus macrurus,Large-tailed Nightjar,Aves,,Ken Behrens,https://creativecommons.org/licenses/by-nc-sa/3.0/,4.0,https://xeno-canto.org/582486,latnig1/XC582486.mp3,XC
latnig1,[],['song'],-0.8022,130.5743,Caprimulgus macrurus,Large-tailed Nightjar,Aves,,Marc Anderson,https://creativecommons.org/licenses/by-nc-nd/4.0/,4.0,https://xeno-canto.org/530323,latnig1/XC530323.mp3,XC
latnig1,[],['song'],-0.8022,130.5743,Caprimulgus macrurus,Large-tailed Nightjar,Aves,,Marc Anderson,https://creativecommons.org/licenses/by-nc-nd/4.0/,4.0,https://xeno-canto.org/530322,latnig1/XC530322.mp3,XC
latnig1,[],['song'],-3.1692,129.4714,Caprimulgus macrurus,Large-tailed Nightjar,Aves,,Ross Gallardy,https://creativecommons.org/licenses/by-nc-sa/4.0/,4.0,https://xeno-canto.org/417892,latnig1/XC417892.mp3,XC
latnig1,[],['call'],,,Caprimulgus macrurus,Large-tailed Nightjar,Aves,,Brendan Sloan,https://creativecommons.org/licenses/by-nc-sa/4.0/,4.0,https://xeno-canto.org/393264,latnig1/XC393264.mp3,XC
latnig1,[],['call'],-7.0495,110.4412,Caprimulgus macrurus,Large-tailed Nightjar,Aves,,Karyadi Baskoro,https://creativecommons.org/licenses/by-nc-sa/4.0/,4.0,https://xeno-canto.org/377589,latnig1/XC377589.mp3,XC
latnig1,[],['song'],-9.875,124.2117,Caprimulgus macrurus,Large-tailed Nightjar,Aves,,Gareth K.,https://creativecommons.org/licenses/by-nc-sa/4.0/,4.0,https://xeno-canto.org/351670,latnig1/XC351670.mp3,XC
latnig1,[],['song'],-9.875,124.2117,Caprimulgus macrurus,Large-tailed Nightjar,Aves,,Gareth K.,https://creativecommons.org/licenses/by-nc-sa/4.0/,4.0,https://xeno-canto.org/351669,latnig1/XC351669.mp3,XC
latnig1,[],"['call, song']",-8.2719,115.1552,Caprimulgus macrurus,Large-tailed Nightjar,Aves,,Bruno Durand,https://creativecommons.org/licenses/by-nc-sa/4.0/,4.0,https://xeno-canto.org/282754,latnig1/XC282754.mp3,XC
latnig1,[],['song'],-6.3233,105.8357,Caprimulgus macrurus,Large-tailed Nightjar,Aves,,Paulo Alves,https://creativecommons.org/licenses/by-nc-sa/4.0/,4.0,https://xeno-canto.org/245918,latnig1/XC245918.mp3,XC
latnig1,[],['song'],-5.0282,105.7769,Caprimulgus macrurus,Large-tailed Nightjar,Aves,,Stijn Cooleman,https://creativecommons.org/licenses/by-nc-sa/4.0/,4.0,https://xeno-canto.org/239282,latnig1/XC239282.mp3,XC
latnig1,[],['song'],0.7003,127.83,Caprimulgus macrurus,Large-tailed Nightjar,Aves,,Patrik Åberg,https://creativecommons.org/licenses/by-nc-sa/4.0/,4.0,https://xeno-canto.org/216318,latnig1/XC216318.mp3,XC
latnig1,[],['song'],-7.7072,126.2796,Caprimulgus macrurus,Large-tailed Nightjar,Aves,,Mike Nelson,https://creativecommons.org/licenses/by-nc-sa/4.0/,4.0,https://xeno-canto.org/204789,latnig1/XC204789.mp3,XC
latnig1,[],['song'],-7.7072,126.2796,Caprimulgus macrurus,Large-tailed Nightjar,Aves,,Mike Nelson,https://creativecommons.org/licenses/by-nc-sa/4.0/,4.0,https://xeno-canto.org/204788,latnig1/XC204788.mp3,XC
latnig1,[],['call'],-8.2719,115.1552,Caprimulgus macrurus,Large-tailed Nightjar,Aves,,Bruno Durand,https://creativecommons.org/licenses/by-nc-sa/4.0/,4.0,https://xeno-canto.org/200016,latnig1/XC200016.mp3,XC
latnig1,[],['call'],2.1185,128.5616,Caprimulgus macrurus,Large-tailed Nightjar,Aves,,Frank Lambert,https://creativecommons.org/licenses/by-nc-nd/4.0/,4.0,https://xeno-canto.org/196627,latnig1/XC196627.mp3,XC
latnig1,[],['song'],-7.8797,129.6046,Caprimulgus macrurus,Large-tailed Nightjar,Aves,,Frank Lambert,https://creativecommons.org/licenses/by-nc-nd/4.0/,4.0,https://xeno-canto.org/161446,latnig1/XC161446.mp3,XC
latnig1,[],['song'],-4.1337,138.7087,Caprimulgus macrurus,Large-tailed Nightjar,Aves,,Hans Matheve,https://creativecommons.org/licenses/by-nc-nd/3.0/,4.0,https://xeno-canto.org/155937,latnig1/XC155937.mp3,XC
latnig1,[],['call'],-6.2781,105.8537,Caprimulgus macrurus,Large-tailed Nightjar,Aves,,Frank Lambert,https://creativecommons.org/licenses/by-nc-nd/4.0/,4.0,https://xeno-canto.org/141803,latnig1/XC141803.mp3,XC
latnig1,[],['song'],-2.4997,133.1694,Caprimulgus macrurus,Large-tailed Nightjar,Aves,,Bas Van Balen,https://creativecommons.org/licenses/by-nc-sa/3.0/,4.0,https://xeno-canto.org/141044,latnig1/XC141044.mp3,XC
latnig1,['Caprimulgus affinis'],['?'],-7.8317,114.4139,Caprimulgus macrurus,Large-tailed Nightjar,Aves,,Swiss Winnasis,https://creativecommons.org/licenses/by-nc-nd/2.5/,4.0,https://xeno-canto.org/38187,latnig1/XC38187.mp3,XC
latnig1,[],['song'],-8.1003,114.4357,Caprimulgus macrurus,Large-tailed Nightjar,Aves,,Panji Gusti Akbar,https://creativecommons.org/licenses/by-nc-sa/4.0/,3.0,https://xeno-canto.org/1073401,latnig1/XC1073401.mp3,XC
latnig1,[],['dawn song'],-8.1003,114.4357,Caprimulgus macrurus,Large-tailed Nightjar,Aves,,Panji Gusti Akbar,https://creativecommons.org/licenses/by-nc-sa/4.0/,3.0,https://xeno-canto.org/1073400,latnig1/XC1073400.mp3,XC
latnig1,[],['song'],0.4342,101.876,Caprimulgus macrurus,Large-tailed Nightjar,Aves,,Muhammad Iqbal,https://creativecommons.org/licenses/by-nc-sa/4.0/,3.0,https://xeno-canto.org/497037,latnig1/XC497037.mp3,XC
latnig1,[],['call'],0.3725,101.8577,Caprimulgus macrurus,Large-tailed Nightjar,Aves,,Prayitno Goenarto,https://creativecommons.org/licenses/by-nc-nd/4.0/,3.0,https://xeno-canto.org/480757,latnig1/XC480757.mp3,XC
latnig1,[],['call'],,,Caprimulgus macrurus,Large-tailed Nightjar,Aves,,Brendan Sloan,https://creativecommons.org/licenses/by-nc-sa/4.0/,3.0,https://xeno-canto.org/393262,latnig1/XC393262.mp3,XC
latnig1,[],['song'],-7.0611,110.4473,Caprimulgus macrurus,Large-tailed Nightjar,Aves,,Karyadi Baskoro,https://creativecommons.org/licenses/by-nc-sa/4.0/,3.0,https://xeno-canto.org/378237,latnig1/XC378237.mp3,XC
latnig1,[],['song'],-4.9178,105.7489,Caprimulgus macrurus,Large-tailed Nightjar,Aves,,Mike Nelson,https://creativecommons.org/licenses/by-nc-sa/4.0/,3.0,https://xeno-canto.org/243369,latnig1/XC243369.mp3,XC
latnig1,[],['call'],-7.8797,129.6046,Caprimulgus macrurus,Large-tailed Nightjar,Aves,,Frank Lambert,https://creativecommons.org/licenses/by-nc-nd/4.0/,3.0,https://xeno-canto.org/161445,latnig1/XC161445.mp3,XC
latnig1,[],"['call, song']",0.4218,127.9019,Caprimulgus macrurus,Large-tailed Nightjar,Aves,,Mike Nelson,https://creativecommons.org/licenses/by-nc-sa/3.0/,3.0,https://xeno-canto.org/151699,latnig1/XC151699.mp3,XC
latnig1,[],['song'],-6.2781,105.8537,Caprimulgus macrurus,Large-tailed Nightjar,Aves,,Frank Lambert,https://creativecommons.org/licenses/by-nc-nd/4.0/,3.0,https://xeno-canto.org/141804,latnig1/XC141804.mp3,XC
latnig1,[],['call'],1.2659,128.1973,Caprimulgus macrurus,Large-tailed Nightjar,Aves,,Frank Lambert,https://creativecommons.org/licenses/by-nc-nd/4.0/,3.0,https://xeno-canto.org/89535,latnig1/XC89535.mp3,XC
latnig1,[],['song'],1.2659,128.1973,Caprimulgus macrurus,Large-tailed Nightjar,Aves,,Frank Lambert,https://creativecommons.org/licenses/by-nc-nd/4.0/,3.0,https://xeno-canto.org/89505,latnig1/XC89505.mp3,XC
latnig1,[],['call'],1.2659,128.1973,Caprimulgus macrurus,Large-tailed Nightjar,Aves,,Frank Lambert,https://creativecommons.org/licenses/by-nc-nd/4.0/,3.0,https://xeno-canto.org/89482,latnig1/XC89482.mp3,XC
latnig1,[],['call'],1.2659,128.1973,Caprimulgus macrurus,Large-tailed Nightjar,Aves,,Frank Lambert,https://creativecommons.org/licenses/by-nc-nd/4.0/,3.0,https://xeno-canto.org/89481,latnig1/XC89481.mp3,XC
latnig1,[],['call'],-3.1345,126.2356,Caprimulgus macrurus,Large-tailed Nightjar,Aves,,George Wagner,https://creativecommons.org/licenses/by-nc-nd/2.5/,3.0,https://xeno-canto.org/42291,latnig1/XC42291.mp3,XC
latnig1,['Megapodius freycinet'],['?'],1.2659,128.1975,Caprimulgus macrurus,Large-tailed Nightjar,Aves,,Mike Catsis,https://creativecommons.org/licenses/by-nc-nd/2.5/,3.0,https://xeno-canto.org/18866,latnig1/XC18866.mp3,XC
latnig1,"['Megapodius freycinet', 'Otus magicus', 'Aegotheles crinifrons']",['song'],0.9281,127.5623,Caprimulgus macrurus,Large-tailed Nightjar,Aves,,Teus Luijendijk,https://creativecommons.org/licenses/by-nc-nd/4.0/,2.0,https://xeno-canto.org/612586,latnig1/XC612586.mp3,XC
subwar1,"['Ficedula westermanni', 'Pycnonotus bimaculatus', 'Phylloscopus trivirgatus']",['alarm call'],-7.1662,107.4021,Horornis vulcanius,Sunda Bush Warbler,Aves,,Panji Gusti Akbar,https://creativecommons.org/licenses/by-nc-sa/4.0/,5.0,https://xeno-canto.org/842313,subwar1/XC842313.mp3,XC
subwar1,"['Ficedula westermanni', 'Pycnonotus bimaculatus', 'Phylloscopus trivirgatus']","['alarm call, song']",-7.1662,107.4021,Horornis vulcanius,Sunda Bush Warbler,Aves,,Panji Gusti Akbar,https://creativecommons.org/licenses/by-nc-sa/4.0/,5.0,https://xeno-canto.org/842312,subwar1/XC842312.mp3,XC
subwar1,"['Ficedula westermanni', 'Pycnonotus bimaculatus', 'Phylloscopus trivirgatus']",['song'],-7.1662,107.4021,Horornis vulcanius,Sunda Bush Warbler,Aves,,Panji Gusti Akbar,https://creativecommons.org/licenses/by-nc-sa/4.0/,5.0,https://xeno-canto.org/842311,subwar1/XC842311.mp3,XC
subwar1,[],['call'],-7.6616,111.1849,Horornis vulcanius,Sunda Bush Warbler,Aves,,Geoff Carey,https://creativecommons.org/licenses/by-nc-sa/4.0/,5.0,https://xeno-canto.org/737855,subwar1/XC737855.mp3,XC
subwar1,[],['song'],-7.6616,111.1849,Horornis vulcanius,Sunda Bush Warbler,Aves,,Geoff Carey,https://creativecommons.org/licenses/by-nc-sa/4.0/,5.0,https://xeno-canto.org/737854,subwar1/XC737854.mp3,XC
subwar1,[],['call'],-7.6616,111.1849,Horornis vulcanius,Sunda Bush Warbler,Aves,,Geoff Carey,https://creativecommons.org/licenses/by-nc-sa/4.0/,5.0,https://xeno-canto.org/737853,subwar1/XC737853.mp3,XC
subwar1,[],['song'],-7.6616,111.1849,Horornis vulcanius,Sunda Bush Warbler,Aves,,Geoff Carey,https://creativecommons.org/licenses/by-nc-sa/4.0/,5.0,https://xeno-canto.org/737852,subwar1/XC737852.mp3,XC
subwar1,[],['song'],-7.6616,111.1849,Horornis vulcanius,Sunda Bush Warbler,Aves,,Geoff Carey,https://creativecommons.org/licenses/by-nc-sa/4.0/,5.0,https://xeno-canto.org/737851,subwar1/XC737851.mp3,XC
subwar1,[],['song'],-7.6616,111.1849,Horornis vulcanius,Sunda Bush Warbler,Aves,,Geoff Carey,https://creativecommons.org/licenses/by-nc-sa/4.0/,5.0,https://xeno-canto.org/737850,subwar1/XC737850.mp3,XC
subwar1,"['Pycnonotus bimaculatus', 'Cacomantis sepulcralis']",['song'],-6.7691,106.9792,Horornis vulcanius,Sunda Bush Warbler,Aves,,Teus Luijendijk,https://creativecommons.org/licenses/by-nc-nd/4.0/,5.0,https://xeno-canto.org/618791,subwar1/XC618791.mp3,XC
subwar1,[],['song'],-6.7691,106.9792,Horornis vulcanius,Sunda Bush Warbler,Aves,,Teus Luijendijk,https://creativecommons.org/licenses/by-nc-nd/4.0/,5.0,https://xeno-canto.org/618724,subwar1/XC618724.mp3,XC
subwar1,[],['song'],0.0799,99.978,Horornis vulcanius,Sunda Bush Warbler,Aves,,Matthew L. Brady,https://creativecommons.org/licenses/by-nc-sa/4.0/,5.0,https://xeno-canto.org/477169,subwar1/XC477169.mp3,XC
subwar1,[],['song'],-8.0849,114.2364,Horornis vulcanius,Sunda Bush Warbler,Aves,,Frank Lambert,https://creativecommons.org/licenses/by-nc-nd/4.0/,5.0,https://xeno-canto.org/468865,subwar1/XC468865.mp3,XC
subwar1,[],['call'],,,Horornis vulcanius,Sunda Bush Warbler,Aves,,Brendan Sloan,https://creativecommons.org/licenses/by-nc-nd/4.0/,5.0,https://xeno-canto.org/453239,subwar1/XC453239.mp3,XC
subwar1,[],['song'],,,Horornis vulcanius,Sunda Bush Warbler,Aves,,Brendan Sloan,https://creativecommons.org/licenses/by-nc-nd/4.0/,5.0,https://xeno-canto.org/453232,subwar1/XC453232.mp3,XC
subwar1,[],['song'],,,Horornis vulcanius,Sunda Bush Warbler,Aves,,Brendan Sloan,https://creativecommons.org/licenses/by-nc-nd/4.0/,5.0,https://xeno-canto.org/453085,subwar1/XC453085.mp3,XC
subwar1,[],['song'],4.3043,96.5658,Horornis vulcanius,Sunda Bush Warbler,Aves,,Brian Cox,https://creativecommons.org/licenses/by-nc-sa/4.0/,5.0,https://xeno-canto.org/431623,subwar1/XC431623.mp3,XC
subwar1,[],['song'],4.3043,96.5658,Horornis vulcanius,Sunda Bush Warbler,Aves,,Brian Cox,https://creativecommons.org/licenses/by-nc-sa/4.0/,5.0,https://xeno-canto.org/431622,subwar1/XC431622.mp3,XC
subwar1,[],['song'],-1.74,101.26,Horornis vulcanius,Sunda Bush Warbler,Aves,,Brian Cox,https://creativecommons.org/licenses/by-nc-sa/4.0/,5.0,https://xeno-canto.org/431521,subwar1/XC431521.mp3,XC
subwar1,[],['alarm call'],-1.74,101.26,Horornis vulcanius,Sunda Bush Warbler,Aves,,Brian Cox,https://creativecommons.org/licenses/by-nc-sa/4.0/,5.0,https://xeno-canto.org/431520,subwar1/XC431520.mp3,XC
subwar1,[],['song'],-8.0764,114.2235,Horornis vulcanius,Sunda Bush Warbler,Aves,,Ross Gallardy,https://creativecommons.org/licenses/by-nc-sa/4.0/,5.0,https://xeno-canto.org/410381,subwar1/XC410381.mp3,XC
subwar1,[],['song'],-8.0764,114.2235,Horornis vulcanius,Sunda Bush Warbler,Aves,,Ross Gallardy,https://creativecommons.org/licenses/by-nc-sa/4.0/,5.0,https://xeno-canto.org/410372,subwar1/XC410372.mp3,XC
subwar1,[],['song'],-7.2435,109.1279,Horornis vulcanius,Sunda Bush Warbler,Aves,,Karyadi Baskoro,https://creativecommons.org/licenses/by-nc-sa/4.0/,5.0,https://xeno-canto.org/376481,subwar1/XC376481.mp3,XC
subwar1,['Lonchura leucogastroides'],['song'],-6.7013,106.9951,Horornis vulcanius,Sunda Bush Warbler,Aves,,Paulo Alves,https://creativecommons.org/licenses/by-nc-sa/4.0/,5.0,https://xeno-canto.org/256655,subwar1/XC256655.mp3,XC
subwar1,"['Brachypteryx montana', 'Phylloscopus trivirgatus']",['song'],-1.729,101.2623,Horornis vulcanius,Sunda Bush Warbler,Aves,,Daan Drukker,https://creativecommons.org/licenses/by-nc-sa/4.0/,4.0,https://xeno-canto.org/963452,subwar1/XC963452.mp3,XC
subwar1,[],['song'],-1.735,101.26,Horornis vulcanius,Sunda Bush Warbler,Aves,,Garry Bakker,https://creativecommons.org/licenses/by-nc-sa/4.0/,4.0,https://xeno-canto.org/576888,subwar1/XC576888.mp3,XC
subwar1,[],['song'],-7.1851,110.3473,Horornis vulcanius,Sunda Bush Warbler,Aves,,Karyadi Baskoro,https://creativecommons.org/licenses/by-nc-sa/4.0/,4.0,https://xeno-canto.org/376562,subwar1/XC376562.mp3,XC
subwar1,[],['song'],-10.0608,123.9118,Horornis vulcanius,Sunda Bush Warbler,Aves,,Mike Nelson,https://creativecommons.org/licenses/by-nc-sa/4.0/,4.0,https://xeno-canto.org/292337,subwar1/XC292337.mp3,XC
subwar1,[],"['alarm call, song']",-7.9773,113.5355,Horornis vulcanius,Sunda Bush Warbler,Aves,,Bas Van Balen,https://creativecommons.org/licenses/by-nc-sa/4.0/,4.0,https://xeno-canto.org/287816,subwar1/XC287816.mp3,XC
subwar1,[],"['alarm call, song']",-7.9773,113.5355,Horornis vulcanius,Sunda Bush Warbler,Aves,,Bas Van Balen,https://creativecommons.org/licenses/by-nc-sa/4.0/,4.0,https://xeno-canto.org/287770,subwar1/XC287770.mp3,XC
subwar1,[],['call'],-1.7342,101.2512,Horornis vulcanius,Sunda Bush Warbler,Aves,,Mike Nelson,https://creativecommons.org/licenses/by-nc-sa/4.0/,4.0,https://xeno-canto.org/241736,subwar1/XC241736.mp3,XC
subwar1,[],['song'],-1.7342,101.2512,Horornis vulcanius,Sunda Bush Warbler,Aves,,Mike Nelson,https://creativecommons.org/licenses/by-nc-sa/4.0/,4.0,https://xeno-canto.org/241735,subwar1/XC241735.mp3,XC
subwar1,[],['song'],-1.7342,101.2512,Horornis vulcanius,Sunda Bush Warbler,Aves,,Mike Nelson,https://creativecommons.org/licenses/by-nc-sa/4.0/,4.0,https://xeno-canto.org/241734,subwar1/XC241734.mp3,XC
subwar1,[],['song'],-1.7342,101.2512,Horornis vulcanius,Sunda Bush Warbler,Aves,,Mike Nelson,https://creativecommons.org/licenses/by-nc-sa/4.0/,4.0,https://xeno-canto.org/241732,subwar1/XC241732.mp3,XC
subwar1,[],['song'],-1.7342,101.2512,Horornis vulcanius,Sunda Bush Warbler,Aves,,Mike Nelson,https://creativecommons.org/licenses/by-nc-sa/4.0/,4.0,https://xeno-canto.org/241731,subwar1/XC241731.mp3,XC
subwar1,[],['song'],-7.1793,107.4451,Horornis vulcanius,Sunda Bush Warbler,Aves,,Sidiq Pambudi,https://creativecommons.org/licenses/by-nc-sa/4.0/,4.0,https://xeno-canto.org/198574,subwar1/XC198574.mp3,XC
subwar1,[],['song'],-8.2831,124.6388,Horornis vulcanius,Sunda Bush Warbler,Aves,,Frank Lambert,https://creativecommons.org/licenses/by-nc-nd/4.0/,4.0,https://xeno-canto.org/153479,subwar1/XC153479.mp3,XC
subwar1,[],['call'],-9.56,124.23,Horornis vulcanius,Sunda Bush Warbler,Aves,,Frank Lambert,https://creativecommons.org/licenses/by-nc-nd/4.0/,4.0,https://xeno-canto.org/67917,subwar1/XC67917.mp3,XC
subwar1,[],['song'],-9.56,124.23,Horornis vulcanius,Sunda Bush Warbler,Aves,,Frank Lambert,https://creativecommons.org/licenses/by-nc-nd/4.0/,4.0,https://xeno-canto.org/67916,subwar1/XC67916.mp3,XC
subwar1,[],['song'],-9.56,124.23,Horornis vulcanius,Sunda Bush Warbler,Aves,,Frank Lambert,https://creativecommons.org/licenses/by-nc-nd/4.0/,4.0,https://xeno-canto.org/67913,subwar1/XC67913.mp3,XC
subwar1,[],['song'],-6.715073,107.018166,Horornis vulcanius,Sunda Bush Warbler,Aves,,Frank Lambert,https://creativecommons.org/licenses/by-nc-nd/4.0/,4.0,https://xeno-canto.org/30756,subwar1/XC30756.mp3,XC
subwar1,"['Pycnonotus aurigaster', 'Cyanoderma melanothorax']",['song'],-7.2042,110.3381,Horornis vulcanius,Sunda Bush Warbler,Aves,,Paulo Alves,https://creativecommons.org/licenses/by-nc-sa/4.0/,3.0,https://xeno-canto.org/263337,subwar1/XC263337.mp3,XC
subwar1,[],['song'],,,Horornis vulcanius,Sunda Bush Warbler,Aves,,Heru Cahyono,https://creativecommons.org/licenses/by-nc-sa/3.0/,3.0,https://xeno-canto.org/154541,subwar1/XC154541.mp3,XC
subwar1,[],['song'],,,Horornis vulcanius,Sunda Bush Warbler,Aves,,Heru Cahyono,https://creativecommons.org/licenses/by-nc-sa/3.0/,3.0,https://xeno-canto.org/145300,subwar1/XC145300.mp3,XC
subwar1,[],['song'],-1.7401,101.2601,Horornis vulcanius,Sunda Bush Warbler,Aves,,David Gibbs,https://creativecommons.org/licenses/by-nc-nd/2.5/,3.0,https://xeno-canto.org/70336,subwar1/XC70336.mp3,XC
subwar1,[],['song'],-6.727348,106.97113,Horornis vulcanius,Sunda Bush Warbler,Aves,,David Gibbs,https://creativecommons.org/licenses/by-nc-nd/2.5/,3.0,https://xeno-canto.org/70225,subwar1/XC70225.mp3,XC
subwar1,[],['song'],-6.7273,106.9712,Horornis vulcanius,Sunda Bush Warbler,Aves,,Richard Thomas,https://creativecommons.org/licenses/by-nc-nd/2.5/,3.0,https://xeno-canto.org/58384,subwar1/XC58384.mp3,XC
subwar1,[],['call'],,,Horornis vulcanius,Sunda Bush Warbler,Aves,,Mike Catsis,https://creativecommons.org/licenses/by-nc-nd/2.5/,3.0,https://xeno-canto.org/38488,subwar1/XC38488.mp3,XC
sohbul1,[],['call'],1.5212,125.1373,Pycnonotus aurigaster,Sooty-headed Bulbul,Aves,,Richard E. Webster,https://creativecommons.org/licenses/by-nc-sa/4.0/,5.0,https://xeno-canto.org/1075097,sohbul1/XC1075097.mp3,XC
sohbul1,"['Geopelia striata', 'Passer montanus']","['call, song']",0.7363,124.3128,Pycnonotus aurigaster,Sooty-headed Bulbul,Aves,,Richard E. Webster,https://creativecommons.org/licenses/by-nc-sa/4.0/,5.0,https://xeno-canto.org/1075095,sohbul1/XC1075095.mp3,XC
sohbul1,"['Pycnonotus goiavier', 'Gallus gallus', 'Anthreptes malacensis']","['alarm call, mobbing call']",-8.5662,114.3575,Pycnonotus aurigaster,Sooty-headed Bulbul,Aves,,Panji Gusti Akbar,https://creativecommons.org/licenses/by-nc-sa/4.0/,5.0,https://xeno-canto.org/1032972,sohbul1/XC1032972.mp3,XC
sohbul1,[],"['call, song']",-8.6792,115.4456,Pycnonotus aurigaster,Sooty-headed Bulbul,Aves,,Arjun Dutta,https://creativecommons.org/licenses/by-nc-sa/4.0/,5.0,https://xeno-canto.org/954978,sohbul1/XC954978.mp3,XC
sohbul1,[],"['call, subsong']",1.5555,124.8335,Pycnonotus aurigaster,Sooty-headed Bulbul,Aves,,Ding Li Yong,https://creativecommons.org/licenses/by-nc-nd/4.0/,5.0,https://xeno-canto.org/932943,sohbul1/XC932943.mp3,XC
sohbul1,[],['song'],0.7784,124.4009,Pycnonotus aurigaster,Sooty-headed Bulbul,Aves,,Greg Irving,https://creativecommons.org/licenses/by-nc-sa/4.0/,5.0,https://xeno-canto.org/823878,sohbul1/XC823878.mp3,XC
sohbul1,[],['alarm call'],-6.3037,106.7815,Pycnonotus aurigaster,Sooty-headed Bulbul,Aves,,Yasinchumaedi,https://creativecommons.org/licenses/by-nc-sa/4.0/,4.0,https://xeno-canto.org/1175920,sohbul1/XC1175920.mp3,XC
sohbul1,[],['call'],1.5212,125.1373,Pycnonotus aurigaster,Sooty-headed Bulbul,Aves,,Richard E. Webster,https://creativecommons.org/licenses/by-nc-sa/4.0/,4.0,https://xeno-canto.org/1075098,sohbul1/XC1075098.mp3,XC
sohbul1,[],['call'],1.5647,125.1571,Pycnonotus aurigaster,Sooty-headed Bulbul,Aves,,Richard E. Webster,https://creativecommons.org/licenses/by-nc-sa/4.0/,4.0,https://xeno-canto.org/1075096,sohbul1/XC1075096.mp3,XC
sohbul1,[],['call'],-6.1053,106.7356,Pycnonotus aurigaster,Sooty-headed Bulbul,Aves,,Lucas-Chen,https://creativecommons.org/licenses/by-nc-sa/4.0/,4.0,https://xeno-canto.org/1059447,sohbul1/XC1059447.mp3,XC
sohbul1,[],['song'],-1.1608,136.1105,Pycnonotus aurigaster,Sooty-headed Bulbul,Aves,,Kelle Moreau,https://creativecommons.org/licenses/by-nc-sa/4.0/,4.0,https://xeno-canto.org/1029243,sohbul1/XC1029243.mp3,XC
sohbul1,[],['song'],1.562,125.173,Pycnonotus aurigaster,Sooty-headed Bulbul,Aves,,Greg Irving,https://creativecommons.org/licenses/by-nc-sa/4.0/,4.0,https://xeno-canto.org/823085,sohbul1/XC823085.mp3,XC
sohbul1,[],"['song, subsong']",0.7784,124.4009,Pycnonotus aurigaster,Sooty-headed Bulbul,Aves,,Greg Irving,https://creativecommons.org/licenses/by-nc-sa/4.0/,4.0,https://xeno-canto.org/823084,sohbul1/XC823084.mp3,XC
sohbul1,['Passer montanus'],['call'],-7.8583,112.5376,Pycnonotus aurigaster,Sooty-headed Bulbul,Aves,,Panji Gusti Akbar,https://creativecommons.org/licenses/by-nc-sa/4.0/,4.0,https://xeno-canto.org/571699,sohbul1/XC571699.mp3,XC
sohbul1,[],['call'],-10.0402,123.9349,Pycnonotus aurigaster,Sooty-headed Bulbul,Aves,,Ross Gallardy,https://creativecommons.org/licenses/by-nc-sa/4.0/,4.0,https://xeno-canto.org/409901,sohbul1/XC409901.mp3,XC
sohbul1,[],['call'],-8.7312,115.2357,Pycnonotus aurigaster,Sooty-headed Bulbul,Aves,,Bruno Durand,https://creativecommons.org/licenses/by-nc-sa/4.0/,4.0,https://xeno-canto.org/285032,sohbul1/XC285032.mp3,XC
sohbul1,['Pycnonotus goiavier'],['call'],-8.8253,115.2199,Pycnonotus aurigaster,Sooty-headed Bulbul,Aves,,Bruno Durand,https://creativecommons.org/licenses/by-nc-sa/4.0/,4.0,https://xeno-canto.org/284505,sohbul1/XC284505.mp3,XC
sohbul1,[],['begging for food'],-5.0178,119.68,Pycnonotus aurigaster,Sooty-headed Bulbul,Aves,,Frank Lambert,https://creativecommons.org/licenses/by-nc-nd/4.0/,4.0,https://xeno-canto.org/89307,sohbul1/XC89307.mp3,XC
sohbul1,[],['song'],-1.0806,136.2906,Pycnonotus aurigaster,Sooty-headed Bulbul,Aves,,Patrik Åberg,https://creativecommons.org/licenses/by-nc-sa/3.0/,4.0,https://xeno-canto.org/40696,sohbul1/XC40696.mp3,XC
sohbul1,['Oriolus chinensis'],"['call, song, song or call']",-8.7323,115.5342,Pycnonotus aurigaster,Sooty-headed Bulbul,Aves,,Patrik Åberg,https://creativecommons.org/licenses/by-nc-sa/3.0/,4.0,https://xeno-canto.org/40066,sohbul1/XC40066.mp3,XC
sohbul1,[],['song'],-6.1782,106.8261,Pycnonotus aurigaster,Sooty-headed Bulbul,Aves,,Lucas-Chen,https://creativecommons.org/licenses/by-nc-sa/4.0/,3.0,https://xeno-canto.org/1003835,sohbul1/XC1003835.mp3,XC
sohbul1,"['Acridotheres melanopterus', 'Amaurornis phoenicurus']",['song'],-6.1139,106.767,Pycnonotus aurigaster,Sooty-headed Bulbul,Aves,,Ding Li Yong,https://creativecommons.org/licenses/by-nc-nd/4.0/,3.0,https://xeno-canto.org/617117,sohbul1/XC617117.mp3,XC
sohbul1,[],"['call, song']",-3.642,121.0964,Pycnonotus aurigaster,Sooty-headed Bulbul,Aves,,Frank Lambert,https://creativecommons.org/licenses/by-nc-nd/4.0/,3.0,https://xeno-canto.org/598556,sohbul1/XC598556.mp3,XC
sohbul1,[],['song'],-8.106569,114.241732,Pycnonotus aurigaster,Sooty-headed Bulbul,Aves,,Okamoto Keita Sin,https://creativecommons.org/licenses/by-nc-sa/4.0/,3.0,https://xeno-canto.org/578381,sohbul1/XC578381.mp3,XC
sohbul1,[],['song'],-8.1647,114.4386,Pycnonotus aurigaster,Sooty-headed Bulbul,Aves,,Tom Squires,https://creativecommons.org/licenses/by-nc-sa/4.0/,3.0,https://xeno-canto.org/482292,sohbul1/XC482292.mp3,XC
sohbul1,[],['call'],0.3725,101.8577,Pycnonotus aurigaster,Sooty-headed Bulbul,Aves,,Prayitno Goenarto,https://creativecommons.org/licenses/by-nc-nd/4.0/,3.0,https://xeno-canto.org/479599,sohbul1/XC479599.mp3,XC
sohbul1,[],['call'],-6.1054,106.7644,Pycnonotus aurigaster,Sooty-headed Bulbul,Aves,,Guido O. Keijl,https://creativecommons.org/licenses/by-nc-sa/4.0/,3.0,https://xeno-canto.org/445221,sohbul1/XC445221.mp3,XC
sohbul1,['Gerygone sulphurea'],['call'],-6.1054,106.7644,Pycnonotus aurigaster,Sooty-headed Bulbul,Aves,,Guido O. Keijl,https://creativecommons.org/licenses/by-nc-sa/4.0/,3.0,https://xeno-canto.org/445216,sohbul1/XC445216.mp3,XC
sohbul1,[],['song'],1.562,125.173,Pycnonotus aurigaster,Sooty-headed Bulbul,Aves,,Marc Anderson,https://creativecommons.org/licenses/by-nc-nd/4.0/,3.0,https://xeno-canto.org/414596,sohbul1/XC414596.mp3,XC
sohbul1,[],['song'],-6.9097,110.2543,Pycnonotus aurigaster,Sooty-headed Bulbul,Aves,,Karyadi Baskoro,https://creativecommons.org/licenses/by-nc-sa/4.0/,3.0,https://xeno-canto.org/376551,sohbul1/XC376551.mp3,XC
sohbul1,[],['song'],-7.2042,110.3381,Pycnonotus aurigaster,Sooty-headed Bulbul,Aves,,Karyadi Baskoro,https://creativecommons.org/licenses/by-nc-sa/4.0/,3.0,https://xeno-canto.org/376192,sohbul1/XC376192.mp3,XC
sohbul1,['Caprimulgus affinis'],['song'],-2.9955,114.3742,Pycnonotus aurigaster,Sooty-headed Bulbul,Aves,,Paulo Alves,https://creativecommons.org/licenses/by-nc-sa/4.0/,3.0,https://xeno-canto.org/236318,sohbul1/XC236318.mp3,XC
sohbul1,['Psilopogon haemacephalus'],['song'],-6.5998,106.7962,Pycnonotus aurigaster,Sooty-headed Bulbul,Aves,,Paulo Alves,https://creativecommons.org/licenses/by-nc-sa/4.0/,3.0,https://xeno-canto.org/233697,sohbul1/XC233697.mp3,XC
sohbul1,[],['song'],-6.7461,106.5182,Pycnonotus aurigaster,Sooty-headed Bulbul,Aves,,Mike Nelson,https://creativecommons.org/licenses/by-nc-sa/4.0/,3.0,https://xeno-canto.org/204142,sohbul1/XC204142.mp3,XC
sohbul1,"['Pycnonotus goiavier', 'Spilopelia chinensis']",['call'],-8.7312,115.2357,Pycnonotus aurigaster,Sooty-headed Bulbul,Aves,,Bruno Durand,https://creativecommons.org/licenses/by-nc-sa/3.0/,3.0,https://xeno-canto.org/153017,sohbul1/XC153017.mp3,XC
sohbul1,[],['call'],1.5675,125.1595,Pycnonotus aurigaster,Sooty-headed Bulbul,Aves,,Mike Nelson,https://creativecommons.org/licenses/by-nc-sa/3.0/,3.0,https://xeno-canto.org/151862,sohbul1/XC151862.mp3,XC
sohbul1,['Hirundo tahitica'],"['call, song, song or call']",-2.203,113.915,Pycnonotus aurigaster,Sooty-headed Bulbul,Aves,,Samuel Jones,https://creativecommons.org/licenses/by-nc-nd/2.5/,3.0,https://xeno-canto.org/110294,sohbul1/XC110294.mp3,XC
sohbul1,[],['call'],1.4834,124.8473,Pycnonotus aurigaster,Sooty-headed Bulbul,Aves,,David Farrow,https://creativecommons.org/licenses/by-nc-sa/3.0/,3.0,https://xeno-canto.org/19858,sohbul1/XC19858.mp3,XC
sohbul1,[],['song'],-6.3102,106.8083,Pycnonotus aurigaster,Sooty-headed Bulbul,Aves,,Yasinchumaedi,https://creativecommons.org/licenses/by-nc-sa/4.0/,2.0,https://xeno-canto.org/1099331,sohbul1/XC1099331.mp3,XC
sohbul1,[],['song'],-6.3102,106.8083,Pycnonotus aurigaster,Sooty-headed Bulbul,Aves,,Danni Setyawan,https://creativecommons.org/licenses/by-nc-sa/4.0/,2.0,https://xeno-canto.org/673480,sohbul1/XC673480.mp3,XC
sohbul1,['Pycnonotus aurigaster'],"['alarm call, call, mating call']",-6.8614,107.5926,Pycnonotus aurigaster,Sooty-headed Bulbul,Aves,,Rendra Pratama,https://creativecommons.org/licenses/by-nc-sa/4.0/,2.0,https://xeno-canto.org/497488,sohbul1/XC497488.mp3,XC
sohbul1,[],['song'],,,Pycnonotus aurigaster,Sooty-headed Bulbul,Aves,,Brendan Sloan,https://creativecommons.org/licenses/by-nc-sa/4.0/,2.0,https://xeno-canto.org/388228,sohbul1/XC388228.mp3,XC
sohbul1,[],['call'],,,Pycnonotus aurigaster,Sooty-headed Bulbul,Aves,,Brendan Sloan,https://creativecommons.org/licenses/by-nc-sa/4.0/,2.0,https://xeno-canto.org/336690,sohbul1/XC336690.mp3,XC
sohbul1,[],['song'],-8.7234,115.1703,Pycnonotus aurigaster,Sooty-headed Bulbul,Aves,,Allen T. Chartier,https://creativecommons.org/licenses/by-nc-sa/3.0/,2.0,https://xeno-canto.org/31436,sohbul1/XC31436.mp3,XC
gpipig1,['Macropygia doreya'],"['call, song']",0.5887,124.1189,Ducula aenea,Green Imperial Pigeon,Aves,,Richard E. Webster,https://creativecommons.org/licenses/by-nc-sa/4.0/,5.0,https://xeno-canto.org/1075681,gpipig1/XC1075681.mp3,XC
gpipig1,[],['call'],1.556,125.17,Ducula aenea,Green Imperial Pigeon,Aves,,Ding Li Yong,https://creativecommons.org/licenses/by-nc-nd/4.0/,5.0,https://xeno-canto.org/931732,gpipig1/XC931732.mp3,XC
gpipig1,[],['call'],1.556,125.17,Ducula aenea,Green Imperial Pigeon,Aves,,Ding Li Yong,https://creativecommons.org/licenses/by-nc-nd/4.0/,5.0,https://xeno-canto.org/926386,gpipig1/XC926386.mp3,XC
gpipig1,['Cacatua sulphurea'],"['song, subsong']",-8.5695,119.5007,Ducula aenea,Green Imperial Pigeon,Aves,,Untung Sarmawi,https://creativecommons.org/licenses/by/4.0/,4.0,https://xeno-canto.org/1175249,gpipig1/XC1175249.mp3,XC
gpipig1,['Megapodius reinwardt'],"['call, song']",-8.5695,119.5007,Ducula aenea,Green Imperial Pigeon,Aves,,Untung Sarmawi,https://creativecommons.org/licenses/by/4.0/,4.0,https://xeno-canto.org/1175248,gpipig1/XC1175248.mp3,XC
gpipig1,['Cacatua sulphurea'],"['call, song']",-8.5695,119.5007,Ducula aenea,Green Imperial Pigeon,Aves,,Untung Sarmawi,https://creativecommons.org/licenses/by/4.0/,4.0,https://xeno-canto.org/1175247,gpipig1/XC1175247.mp3,XC
gpipig1,"['Ptilinopus gularis', 'Prosciurillus rosenbergii', 'Macropygia doreya']",['call'],0.5667,123.9026,Ducula aenea,Green Imperial Pigeon,Aves,,Richard E. Webster,https://creativecommons.org/licenses/by-nc-sa/4.0/,4.0,https://xeno-canto.org/1075706,gpipig1/XC1075706.mp3,XC
gpipig1,"['Pycnonotus aurigaster', 'Centropus bengalensis']","['call, song']",1.5647,125.1571,Ducula aenea,Green Imperial Pigeon,Aves,,Richard E. Webster,https://creativecommons.org/licenses/by-nc-sa/4.0/,4.0,https://xeno-canto.org/1075705,gpipig1/XC1075705.mp3,XC
gpipig1,"['Centropus celebensis', 'Oriolus chinensis', 'Dicrurus hottentottus', 'Macropygia doreya']",['call'],0.5887,124.1189,Ducula aenea,Green Imperial Pigeon,Aves,,Richard E. Webster,https://creativecommons.org/licenses/by-nc-sa/4.0/,4.0,https://xeno-canto.org/1075698,gpipig1/XC1075698.mp3,XC
gpipig1,"['Pellorneum celebense', 'Macropygia doreya']","['call, song']",0.5887,124.1189,Ducula aenea,Green Imperial Pigeon,Aves,,Richard E. Webster,https://creativecommons.org/licenses/by-nc-sa/4.0/,4.0,https://xeno-canto.org/1075692,gpipig1/XC1075692.mp3,XC
gpipig1,[],['song'],2.4634,96.3007,Ducula aenea,Green Imperial Pigeon,Aves,,Ding Li Yong,https://creativecommons.org/licenses/by-nc-nd/4.0/,4.0,https://xeno-canto.org/998361,gpipig1/XC998361.mp3,XC
gpipig1,"['Rhabdotorrhinus exarhatus', 'Hemiprocne longipennis']",['song'],1.556,125.17,Ducula aenea,Green Imperial Pigeon,Aves,,Ding Li Yong,https://creativecommons.org/licenses/by-nc-nd/4.0/,4.0,https://xeno-canto.org/931631,gpipig1/XC931631.mp3,XC
gpipig1,[],['song'],1.562,125.173,Ducula aenea,Green Imperial Pigeon,Aves,,Greg Irving,https://creativecommons.org/licenses/by-nc-sa/4.0/,4.0,https://xeno-canto.org/820631,gpipig1/XC820631.mp3,XC
gpipig1,[],['song'],-9.6786,119.5293,Ducula aenea,Green Imperial Pigeon,Aves,,Ding Li Yong,https://creativecommons.org/licenses/by-nc-nd/4.0/,4.0,https://xeno-canto.org/758173,gpipig1/XC758173.mp3,XC
gpipig1,"['Tanygnathus sumatranus', 'Oriolus chinensis', 'Ptilinopus melanospilus', 'Eudynamys melanorhynchus']",['call'],1.562,125.173,Ducula aenea,Green Imperial Pigeon,Aves,,Marc Anderson,https://creativecommons.org/licenses/by-nc-nd/4.0/,4.0,https://xeno-canto.org/415148,gpipig1/XC415148.mp3,XC
gpipig1,"['Tanygnathus sumatranus', 'Oriolus chinensis', 'Macropygia doreya', 'Rhabdotorrhinus exarhatus']",['call'],1.562,125.173,Ducula aenea,Green Imperial Pigeon,Aves,,Marc Anderson,https://creativecommons.org/licenses/by-nc-nd/4.0/,4.0,https://xeno-canto.org/414778,gpipig1/XC414778.mp3,XC
gpipig1,[],['call'],-8.5308,121.8007,Ducula aenea,Green Imperial Pigeon,Aves,,Raf Drijvers,https://creativecommons.org/licenses/by-nc-sa/4.0/,4.0,https://xeno-canto.org/350933,gpipig1/XC350933.mp3,XC
gpipig1,[],"['call, song']",-4.4657,123.104,Ducula aenea,Green Imperial Pigeon,Aves,,Joseph Monkhouse,https://creativecommons.org/licenses/by-nc-sa/4.0/,4.0,https://xeno-canto.org/331995,gpipig1/XC331995.mp3,XC
gpipig1,[],['call'],1.5675,125.1595,Ducula aenea,Green Imperial Pigeon,Aves,,Mike Nelson,https://creativecommons.org/licenses/by-nc-sa/4.0/,4.0,https://xeno-canto.org/203842,gpipig1/XC203842.mp3,XC
gpipig1,[],['song'],1.5675,125.1595,Ducula aenea,Green Imperial Pigeon,Aves,,Mike Nelson,https://creativecommons.org/licenses/by-nc-sa/3.0/,4.0,https://xeno-canto.org/151826,gpipig1/XC151826.mp3,XC
gpipig1,[],['call'],-1.2309,123.3678,Ducula aenea,Green Imperial Pigeon,Aves,,Frank Lambert,https://creativecommons.org/licenses/by-nc-nd/4.0/,4.0,https://xeno-canto.org/95071,gpipig1/XC95071.mp3,XC
gpipig1,[],['song'],-1.2309,123.3678,Ducula aenea,Green Imperial Pigeon,Aves,,Frank Lambert,https://creativecommons.org/licenses/by-nc-nd/4.0/,4.0,https://xeno-canto.org/95070,gpipig1/XC95070.mp3,XC
gpipig1,['Rhyticeros cassidix'],['song'],-0.4239,121.8498,Ducula aenea,Green Imperial Pigeon,Aves,,Frank Lambert,https://creativecommons.org/licenses/by-nc-nd/4.0/,4.0,https://xeno-canto.org/89642,gpipig1/XC89642.mp3,XC
gpipig1,[],['call'],0.5606,123.68,Ducula aenea,Green Imperial Pigeon,Aves,,David Farrow,https://creativecommons.org/licenses/by-nc-sa/3.0/,4.0,https://xeno-canto.org/19690,gpipig1/XC19690.mp3,XC
gpipig1,[],['?'],1.5106,125.195,Ducula aenea,Green Imperial Pigeon,Aves,,Mike Catsis,https://creativecommons.org/licenses/by-nc-nd/2.5/,4.0,https://xeno-canto.org/18858,gpipig1/XC18858.mp3,XC
gpipig1,[],['song'],-5.4104,102.3703,Ducula aenea,Green Imperial Pigeon,Aves,,Philippe Verbelen,https://creativecommons.org/licenses/by-nc-sa/4.0/,3.0,https://xeno-canto.org/1091216,gpipig1/XC1091216.mp3,XC
gpipig1,"['Ptilinopus gularis', 'Eudynamys melanorhynchus']","['call, song']",1.5212,125.1373,Ducula aenea,Green Imperial Pigeon,Aves,,Richard E. Webster,https://creativecommons.org/licenses/by-nc-sa/4.0/,3.0,https://xeno-canto.org/1075710,gpipig1/XC1075710.mp3,XC
gpipig1,[],['call'],1.562,125.1728,Ducula aenea,Green Imperial Pigeon,Aves,,Richard E. Webster,https://creativecommons.org/licenses/by-nc-sa/4.0/,3.0,https://xeno-canto.org/1075707,gpipig1/XC1075707.mp3,XC
gpipig1,[],['song'],1.562,125.173,Ducula aenea,Green Imperial Pigeon,Aves,,Greg Irving,https://creativecommons.org/licenses/by-nc-sa/4.0/,3.0,https://xeno-canto.org/820630,gpipig1/XC820630.mp3,XC
gpipig1,[],['song'],1.562,125.173,Ducula aenea,Green Imperial Pigeon,Aves,,Greg Irving,https://creativecommons.org/licenses/by-nc-sa/4.0/,3.0,https://xeno-canto.org/820629,gpipig1/XC820629.mp3,XC
gpipig1,[],['song'],1.562,125.173,Ducula aenea,Green Imperial Pigeon,Aves,,Greg Irving,https://creativecommons.org/licenses/by-nc-sa/4.0/,3.0,https://xeno-canto.org/820628,gpipig1/XC820628.mp3,XC
gpipig1,['Ptilinopus melanospilus'],['call'],0.5606,123.68,Ducula aenea,Green Imperial Pigeon,Aves,,Teus Luijendijk,https://creativecommons.org/licenses/by-nc-nd/4.0/,3.0,https://xeno-canto.org/612114,gpipig1/XC612114.mp3,XC
gpipig1,[],['call'],1.562,125.173,Ducula aenea,Green Imperial Pigeon,Aves,,Teus Luijendijk,https://creativecommons.org/licenses/by-nc-nd/4.0/,3.0,https://xeno-canto.org/611790,gpipig1/XC611790.mp3,XC
gpipig1,['Eudynamys melanorhynchus'],['call'],1.562,125.173,Ducula aenea,Green Imperial Pigeon,Aves,,Marc Anderson,https://creativecommons.org/licenses/by-nc-nd/4.0/,3.0,https://xeno-canto.org/414777,gpipig1/XC414777.mp3,XC
gpipig1,[],['call'],-8.5308,121.8007,Ducula aenea,Green Imperial Pigeon,Aves,,Raf Drijvers,https://creativecommons.org/licenses/by-nc-sa/4.0/,3.0,https://xeno-canto.org/350930,gpipig1/XC350930.mp3,XC
gpipig1,[],['song'],-6.7662,105.2765,Ducula aenea,Green Imperial Pigeon,Aves,,Bas Van Balen,https://creativecommons.org/licenses/by-nc-sa/4.0/,3.0,https://xeno-canto.org/284708,gpipig1/XC284708.mp3,XC
gpipig1,[],['song'],1.5675,125.1595,Ducula aenea,Green Imperial Pigeon,Aves,,Mike Nelson,https://creativecommons.org/licenses/by-nc-sa/3.0/,3.0,https://xeno-canto.org/151828,gpipig1/XC151828.mp3,XC
gpipig1,[],['song'],0.5606,123.68,Ducula aenea,Green Imperial Pigeon,Aves,,Niels Poul Dreyer,https://creativecommons.org/licenses/by-nc-sa/3.0/,3.0,https://xeno-canto.org/120918,gpipig1/XC120918.mp3,XC
gpipig1,[],['song'],-0.4239,121.8498,Ducula aenea,Green Imperial Pigeon,Aves,,Frank Lambert,https://creativecommons.org/licenses/by-nc-nd/4.0/,3.0,https://xeno-canto.org/90091,gpipig1/XC90091.mp3,XC
gpipig1,[],['song'],-0.4239,121.8498,Ducula aenea,Green Imperial Pigeon,Aves,,Frank Lambert,https://creativecommons.org/licenses/by-nc-nd/4.0/,3.0,https://xeno-canto.org/89643,gpipig1/XC89643.mp3,XC
gpipig1,[],['song'],2.4987,96.3256,Ducula aenea,Green Imperial Pigeon,Aves,,Martjan Lammertink,https://creativecommons.org/licenses/by-nc-nd/2.5/,3.0,https://xeno-canto.org/20588,gpipig1/XC20588.mp3,XC
gpipig1,[],['song'],2.4987,96.3256,Ducula aenea,Green Imperial Pigeon,Aves,,Martjan Lammertink,https://creativecommons.org/licenses/by-nc-nd/2.5/,3.0,https://xeno-canto.org/20587,gpipig1/XC20587.mp3,XC
gpipig1,[],['call'],-1.3806,116.1306,Ducula aenea,Green Imperial Pigeon,Aves,,Sander Pieterse &Amp; Ben Wielstra,https://creativecommons.org/licenses/by-nc-nd/2.5/,3.0,https://xeno-canto.org/20214,gpipig1/XC20214.mp3,XC
gpipig1,[],['call'],-1.7622,124.807,Ducula aenea,Green Imperial Pigeon,Aves,,Peter Wilton,https://creativecommons.org/licenses/by-sa/4.0/,2.0,https://xeno-canto.org/176902,gpipig1/XC176902.mp3,XC
gpipig1,[],['call'],-8.5695,119.4992,Ducula aenea,Green Imperial Pigeon,Aves,,Allen T. Chartier,https://creativecommons.org/licenses/by-nc-sa/3.0/,2.0,https://xeno-canto.org/31373,gpipig1/XC31373.mp3,XC
suncuc1,[],['song'],-8.0764,114.2235,Cuculus lepidus,Sunda Cuckoo,Aves,,Ross Gallardy,https://creativecommons.org/licenses/by-nc-sa/4.0/,5.0,https://xeno-canto.org/410383,suncuc1/XC410383.mp3,XC
suncuc1,[],['song'],-8.2719,115.1552,Cuculus lepidus,Sunda Cuckoo,Aves,,Bruno Durand,https://creativecommons.org/licenses/by-nc-sa/4.0/,5.0,https://xeno-canto.org/409754,suncuc1/XC409754.mp3,XC
suncuc1,[],['song'],-8.2785,115.1534,Cuculus lepidus,Sunda Cuckoo,Aves,,Bruno Durand,https://creativecommons.org/licenses/by-nc-sa/4.0/,5.0,https://xeno-canto.org/361000,suncuc1/XC361000.mp3,XC
suncuc1,[],['song'],-6.7515,106.9898,Cuculus lepidus,Sunda Cuckoo,Aves,,Paulo Alves,https://creativecommons.org/licenses/by-nc-sa/4.0/,5.0,https://xeno-canto.org/237110,suncuc1/XC237110.mp3,XC
suncuc1,[],['song'],-6.7515,106.9898,Cuculus lepidus,Sunda Cuckoo,Aves,,Paulo Alves,https://creativecommons.org/licenses/by-nc-sa/4.0/,5.0,https://xeno-canto.org/227096,suncuc1/XC227096.mp3,XC
suncuc1,[],['song'],-1.7342,101.2512,Cuculus lepidus,Sunda Cuckoo,Aves,,Marc Thibault,https://creativecommons.org/licenses/by-nc-sa/4.0/,5.0,https://xeno-canto.org/195591,suncuc1/XC195591.mp3,XC
suncuc1,[],['call'],-8.7392,120.0129,Cuculus lepidus,Sunda Cuckoo,Aves,,Feri Irawan,https://creativecommons.org/licenses/by-nc-sa/3.0/,5.0,https://xeno-canto.org/142179,suncuc1/XC142179.mp3,XC
suncuc1,[],['song'],-6.5,107.3,Cuculus lepidus,Sunda Cuckoo,Aves,,Frank Lambert,https://creativecommons.org/licenses/by-nc-nd/4.0/,5.0,https://xeno-canto.org/68067,suncuc1/XC68067.mp3,XC
suncuc1,['Tesia superciliaris'],['song'],-6.7273,106.9711,Cuculus lepidus,Sunda Cuckoo,Aves,,Teus Luijendijk,https://creativecommons.org/licenses/by-nc-nd/4.0/,4.0,https://xeno-canto.org/619425,suncuc1/XC619425.mp3,XC
suncuc1,['Alcippe pyrrhoptera'],['song'],-6.7691,106.9792,Cuculus lepidus,Sunda Cuckoo,Aves,,Teus Luijendijk,https://creativecommons.org/licenses/by-nc-nd/4.0/,4.0,https://xeno-canto.org/618806,suncuc1/XC618806.mp3,XC
suncuc1,"['Psilopogon armillaris', 'Psilopogon corvinus']",['song'],-6.7691,106.9792,Cuculus lepidus,Sunda Cuckoo,Aves,,Teus Luijendijk,https://creativecommons.org/licenses/by-nc-nd/4.0/,4.0,https://xeno-canto.org/618722,suncuc1/XC618722.mp3,XC
suncuc1,"['Cyanoderma melanothorax', 'Pnoepyga pusilla', 'Psilopogon armillaris', 'Alcippe pyrrhoptera', 'Phylloscopus trivirgatus']",['song'],-6.7515,106.9898,Cuculus lepidus,Sunda Cuckoo,Aves,,Jelle Scharringa,https://creativecommons.org/licenses/by-nc-sa/4.0/,4.0,https://xeno-canto.org/604764,suncuc1/XC604764.mp3,XC
suncuc1,[],['call'],-8.0849,114.2364,Cuculus lepidus,Sunda Cuckoo,Aves,,Frank Lambert,https://creativecommons.org/licenses/by-nc-nd/4.0/,4.0,https://xeno-canto.org/468854,suncuc1/XC468854.mp3,XC
suncuc1,[],['song'],-7.2435,109.1279,Cuculus lepidus,Sunda Cuckoo,Aves,,Karyadi Baskoro,https://creativecommons.org/licenses/by-nc-sa/4.0/,4.0,https://xeno-canto.org/376480,suncuc1/XC376480.mp3,XC
suncuc1,[],['song'],-8.1732,112.9796,Cuculus lepidus,Sunda Cuckoo,Aves,,Karyadi Baskoro,https://creativecommons.org/licenses/by-nc-sa/4.0/,4.0,https://xeno-canto.org/376173,suncuc1/XC376173.mp3,XC
suncuc1,['Psilopogon armillaris'],['song'],-8.2547,115.1743,Cuculus lepidus,Sunda Cuckoo,Aves,,Bruno Durand,https://creativecommons.org/licenses/by-nc-sa/4.0/,4.0,https://xeno-canto.org/360726,suncuc1/XC360726.mp3,XC
suncuc1,['Pnoepyga pusilla'],['song'],-8.7689,121.8221,Cuculus lepidus,Sunda Cuckoo,Aves,,Raf Drijvers,https://creativecommons.org/licenses/by-nc-sa/4.0/,4.0,https://xeno-canto.org/350529,suncuc1/XC350529.mp3,XC
suncuc1,[],['song'],-8.7689,121.8221,Cuculus lepidus,Sunda Cuckoo,Aves,,Raf Drijvers,https://creativecommons.org/licenses/by-nc-sa/4.0/,4.0,https://xeno-canto.org/350526,suncuc1/XC350526.mp3,XC
suncuc1,[],['song'],-8.2719,115.1552,Cuculus lepidus,Sunda Cuckoo,Aves,,Bruno Durand,https://creativecommons.org/licenses/by-nc-sa/4.0/,4.0,https://xeno-canto.org/338746,suncuc1/XC338746.mp3,XC
suncuc1,[],['call'],,,Cuculus lepidus,Sunda Cuckoo,Aves,,Brendan Sloan,https://creativecommons.org/licenses/by-nc-sa/4.0/,4.0,https://xeno-canto.org/335977,suncuc1/XC335977.mp3,XC
suncuc1,[],['song'],-8.6148,120.5801,Cuculus lepidus,Sunda Cuckoo,Aves,,Mike Nelson,https://creativecommons.org/licenses/by-nc-sa/4.0/,4.0,https://xeno-canto.org/292571,suncuc1/XC292571.mp3,XC
suncuc1,[],['song'],-7.9504,113.6248,Cuculus lepidus,Sunda Cuckoo,Aves,,Bas Van Balen,https://creativecommons.org/licenses/by-nc-sa/4.0/,4.0,https://xeno-canto.org/287965,suncuc1/XC287965.mp3,XC
suncuc1,[],['song'],-6.7515,106.9898,Cuculus lepidus,Sunda Cuckoo,Aves,,Paulo Alves,https://creativecommons.org/licenses/by-nc-sa/4.0/,4.0,https://xeno-canto.org/237112,suncuc1/XC237112.mp3,XC
suncuc1,[],['song'],-6.7515,106.9898,Cuculus lepidus,Sunda Cuckoo,Aves,,Paulo Alves,https://creativecommons.org/licenses/by-nc-sa/4.0/,4.0,https://xeno-canto.org/237111,suncuc1/XC237111.mp3,XC
suncuc1,[],['song'],-6.7273,106.9711,Cuculus lepidus,Sunda Cuckoo,Aves,,Mike Nelson,https://creativecommons.org/licenses/by-nc-sa/4.0/,4.0,https://xeno-canto.org/204329,suncuc1/XC204329.mp3,XC
suncuc1,[],['song'],-8.3235,116.4012,Cuculus lepidus,Sunda Cuckoo,Aves,,Frank Lambert,https://creativecommons.org/licenses/by-nc-nd/4.0/,4.0,https://xeno-canto.org/166500,suncuc1/XC166500.mp3,XC
suncuc1,[],['song'],-6.7273,106.9711,Cuculus lepidus,Sunda Cuckoo,Aves,,Frank Lambert,https://creativecommons.org/licenses/by-nc-nd/4.0/,4.0,https://xeno-canto.org/141809,suncuc1/XC141809.mp3,XC
suncuc1,[],['call'],-8.692,120.449,Cuculus lepidus,Sunda Cuckoo,Aves,,Peter Collaerts,https://creativecommons.org/licenses/by-nc-sa/3.0/,4.0,https://xeno-canto.org/113315,suncuc1/XC113315.mp3,XC
suncuc1,[],['song'],,,Cuculus lepidus,Sunda Cuckoo,Aves,,Fabian Ducry &Amp; David Marques,https://creativecommons.org/licenses/by-nc-nd/2.5/,4.0,https://xeno-canto.org/90714,suncuc1/XC90714.mp3,XC
suncuc1,[],['song'],-6.7273,106.9712,Cuculus lepidus,Sunda Cuckoo,Aves,,David Gibbs,https://creativecommons.org/licenses/by-nc-nd/2.5/,4.0,https://xeno-canto.org/70236,suncuc1/XC70236.mp3,XC
suncuc1,[],['song'],-1.74,101.26,Cuculus lepidus,Sunda Cuckoo,Aves,,Frank Lambert,https://creativecommons.org/licenses/by-nc-nd/4.0/,4.0,https://xeno-canto.org/68068,suncuc1/XC68068.mp3,XC
suncuc1,['Myophonus glaucinus'],['song'],-8.2785,115.1534,Cuculus lepidus,Sunda Cuckoo,Aves,,Matthias Feuersenger,https://creativecommons.org/licenses/by-nc-nd/2.5/,4.0,https://xeno-canto.org/37944,suncuc1/XC37944.mp3,XC
suncuc1,[],['call'],-7.299,109.2205,Cuculus lepidus,Sunda Cuckoo,Aves,,Bas Van Balen,https://creativecommons.org/licenses/by-nc-nd/2.5/,4.0,https://xeno-canto.org/36872,suncuc1/XC36872.mp3,XC
suncuc1,[],['song'],-8.2942,115.1773,Cuculus lepidus,Sunda Cuckoo,Aves,,Allen T. Chartier,https://creativecommons.org/licenses/by-nc-sa/3.0/,4.0,https://xeno-canto.org/31361,suncuc1/XC31361.mp3,XC
suncuc1,[],['song'],-8.114,114.242,Cuculus lepidus,Sunda Cuckoo,Aves,,Untung Sarmawi,https://creativecommons.org/licenses/by-nc-nd/4.0/,3.0,https://xeno-canto.org/1048038,suncuc1/XC1048038.mp3,XC
suncuc1,[],['song'],-8.6342,120.526,Cuculus lepidus,Sunda Cuckoo,Aves,,Ross Gallardy,https://creativecommons.org/licenses/by-nc-sa/4.0/,3.0,https://xeno-canto.org/410391,suncuc1/XC410391.mp3,XC
suncuc1,['Cuculus lepidus'],['song'],-8.6205,120.5195,Cuculus lepidus,Sunda Cuckoo,Aves,,Oscar Campbell,https://creativecommons.org/licenses/by-nc-sa/4.0/,3.0,https://xeno-canto.org/389503,suncuc1/XC389503.mp3,XC
suncuc1,[],['call'],-8.6347,120.5599,Cuculus lepidus,Sunda Cuckoo,Aves,,Jacob Hervé,https://creativecommons.org/licenses/by-nc-sa/4.0/,3.0,https://xeno-canto.org/289131,suncuc1/XC289131.mp3,XC
suncuc1,[],['song'],-1.7342,101.2512,Cuculus lepidus,Sunda Cuckoo,Aves,,Mike Nelson,https://creativecommons.org/licenses/by-nc-sa/4.0/,3.0,https://xeno-canto.org/241737,suncuc1/XC241737.mp3,XC
suncuc1,[],['song'],-6.7515,106.9898,Cuculus lepidus,Sunda Cuckoo,Aves,,Paulo Alves,https://creativecommons.org/licenses/by-nc-sa/4.0/,3.0,https://xeno-canto.org/215404,suncuc1/XC215404.mp3,XC
suncuc1,[],['song'],-6.7552,106.989,Cuculus lepidus,Sunda Cuckoo,Aves,,Bas Van Balen,https://creativecommons.org/licenses/by-nc-nd/2.5/,3.0,https://xeno-canto.org/71626,suncuc1/XC71626.mp3,XC
suncuc1,[],['call'],,,Cuculus lepidus,Sunda Cuckoo,Aves,,Heru Cahyono,https://creativecommons.org/licenses/by-nc-sa/3.0/,2.0,https://xeno-canto.org/143544,suncuc1/XC143544.mp3,XC
whbsho1,[],['song'],-6.7273,106.9711,Brachypteryx montana,White-browed Shortwing,Aves,,Mike Nelson,https://creativecommons.org/licenses/by-nc-sa/4.0/,5.0,https://xeno-canto.org/681091,whbsho1/XC681091.mp3,XC
whbsho1,[],['song'],-6.7273,106.9711,Brachypteryx montana,White-browed Shortwing,Aves,,Mike Nelson,https://creativecommons.org/licenses/by-nc-sa/4.0/,5.0,https://xeno-canto.org/681090,whbsho1/XC681090.mp3,XC
whbsho1,[],['song'],-6.7878,106.9819,Brachypteryx montana,White-browed Shortwing,Aves,,Okamoto Keita Sin,https://creativecommons.org/licenses/by-nc-sa/4.0/,5.0,https://xeno-canto.org/576634,whbsho1/XC576634.mp3,XC
whbsho1,[],['song'],-1.74,101.26,Brachypteryx montana,White-browed Shortwing,Aves,,Raphaël Jordan,https://creativecommons.org/licenses/by-nc-sa/4.0/,5.0,https://xeno-canto.org/511158,whbsho1/XC511158.mp3,XC
whbsho1,[],['song'],-6.7515,106.9898,Brachypteryx montana,White-browed Shortwing,Aves,,Ross Gallardy,https://creativecommons.org/licenses/by-nc-sa/4.0/,5.0,https://xeno-canto.org/490247,whbsho1/XC490247.mp3,XC
whbsho1,[],['call'],-8.6342,120.526,Brachypteryx montana,White-browed Shortwing,Aves,,Ross Gallardy,https://creativecommons.org/licenses/by-nc-sa/4.0/,5.0,https://xeno-canto.org/410395,whbsho1/XC410395.mp3,XC
whbsho1,[],"['song, subsong']",-1.7342,101.2512,Brachypteryx montana,White-browed Shortwing,Aves,,Frank Lambert,https://creativecommons.org/licenses/by-nc-nd/4.0/,5.0,https://xeno-canto.org/409528,whbsho1/XC409528.mp3,XC
whbsho1,[],['song'],-1.74,101.26,Brachypteryx montana,White-browed Shortwing,Aves,,Irene Dy,https://creativecommons.org/licenses/by-nc-sa/4.0/,5.0,https://xeno-canto.org/391045,whbsho1/XC391045.mp3,XC
whbsho1,[],['song'],-8.636,120.5263,Brachypteryx montana,White-browed Shortwing,Aves,,Stijn De Win,https://creativecommons.org/licenses/by-nc-sa/4.0/,5.0,https://xeno-canto.org/294218,whbsho1/XC294218.mp3,XC
whbsho1,[],['song'],-6.7013,106.9951,Brachypteryx montana,White-browed Shortwing,Aves,,Bas Van Balen,https://creativecommons.org/licenses/by-nc-sa/4.0/,5.0,https://xeno-canto.org/284666,whbsho1/XC284666.mp3,XC
whbsho1,[],['song'],-7.2989,107.7263,Brachypteryx montana,White-browed Shortwing,Aves,,Sidiq Pambudi,https://creativecommons.org/licenses/by-nc-sa/4.0/,5.0,https://xeno-canto.org/206314,whbsho1/XC206314.mp3,XC
whbsho1,[],['song'],-6.7273,106.9711,Brachypteryx montana,White-browed Shortwing,Aves,,Mike Nelson,https://creativecommons.org/licenses/by-nc-sa/4.0/,5.0,https://xeno-canto.org/204334,whbsho1/XC204334.mp3,XC
whbsho1,[],['song'],-1.7342,101.2512,Brachypteryx montana,White-browed Shortwing,Aves,,Marc Thibault,https://creativecommons.org/licenses/by-nc-sa/4.0/,5.0,https://xeno-canto.org/195596,whbsho1/XC195596.mp3,XC
whbsho1,[],['song'],-6.7273,106.9711,Brachypteryx montana,White-browed Shortwing,Aves,,Frank Lambert,https://creativecommons.org/licenses/by-nc-nd/4.0/,5.0,https://xeno-canto.org/141802,whbsho1/XC141802.mp3,XC
whbsho1,[],['song'],-6.7273,106.9711,Brachypteryx montana,White-browed Shortwing,Aves,,Frank Lambert,https://creativecommons.org/licenses/by-nc-nd/4.0/,5.0,https://xeno-canto.org/141801,whbsho1/XC141801.mp3,XC
whbsho1,[],['song'],-1.7342,101.2512,Brachypteryx montana,White-browed Shortwing,Aves,,Fabian Ducry &Amp; David Marques,https://creativecommons.org/licenses/by-nc-nd/2.5/,5.0,https://xeno-canto.org/90803,whbsho1/XC90803.mp3,XC
whbsho1,[],['song'],-1.7342,101.2512,Brachypteryx montana,White-browed Shortwing,Aves,,Fabian Ducry &Amp; David Marques,https://creativecommons.org/licenses/by-nc-nd/2.5/,5.0,https://xeno-canto.org/56929,whbsho1/XC56929.mp3,XC
whbsho1,"['Ixos virescens', 'Pteruthius flaviscapis']",['song'],-6.7691,106.9792,Brachypteryx montana,White-browed Shortwing,Aves,,Teus Luijendijk,https://creativecommons.org/licenses/by-nc-nd/4.0/,4.0,https://xeno-canto.org/618795,whbsho1/XC618795.mp3,XC
whbsho1,[],['song'],-6.7691,106.9792,Brachypteryx montana,White-browed Shortwing,Aves,,Teus Luijendijk,https://creativecommons.org/licenses/by-nc-nd/4.0/,4.0,https://xeno-canto.org/618731,whbsho1/XC618731.mp3,XC
whbsho1,['Horornis vulcanius'],['song'],-1.74,101.26,Brachypteryx montana,White-browed Shortwing,Aves,,Brian Cox,https://creativecommons.org/licenses/by-nc-sa/4.0/,4.0,https://xeno-canto.org/431514,whbsho1/XC431514.mp3,XC
whbsho1,[],['song'],-1.7342,101.2512,Brachypteryx montana,White-browed Shortwing,Aves,,Mike Nelson,https://creativecommons.org/licenses/by-nc-sa/4.0/,4.0,https://xeno-canto.org/241726,whbsho1/XC241726.mp3,XC
whbsho1,[],['song'],-1.7342,101.2512,Brachypteryx montana,White-browed Shortwing,Aves,,Mike Nelson,https://creativecommons.org/licenses/by-nc-sa/4.0/,4.0,https://xeno-canto.org/241725,whbsho1/XC241725.mp3,XC
whbsho1,['Myophonus melanurus'],['song'],-1.7342,101.2512,Brachypteryx montana,White-browed Shortwing,Aves,,Mike Nelson,https://creativecommons.org/licenses/by-nc-sa/4.0/,4.0,https://xeno-canto.org/241723,whbsho1/XC241723.mp3,XC
whbsho1,[],['song'],-6.7273,106.9711,Brachypteryx montana,White-browed Shortwing,Aves,,Mike Nelson,https://creativecommons.org/licenses/by-nc-sa/4.0/,4.0,https://xeno-canto.org/204333,whbsho1/XC204333.mp3,XC
whbsho1,[],"['call, song']",-6.7273,106.9711,Brachypteryx montana,White-browed Shortwing,Aves,,Mike Nelson,https://creativecommons.org/licenses/by-nc-sa/4.0/,4.0,https://xeno-canto.org/204332,whbsho1/XC204332.mp3,XC
whbsho1,['Tesia superciliaris'],['song'],-6.7273,106.9711,Brachypteryx montana,White-browed Shortwing,Aves,,Frank Lambert,https://creativecommons.org/licenses/by-nc-nd/4.0/,4.0,https://xeno-canto.org/141900,whbsho1/XC141900.mp3,XC
whbsho1,[],['song'],-8.692,120.449,Brachypteryx montana,White-browed Shortwing,Aves,,Peter Collaerts,https://creativecommons.org/licenses/by-nc-sa/3.0/,4.0,https://xeno-canto.org/113308,whbsho1/XC113308.mp3,XC
whbsho1,[],['subsong'],-6.7273,106.9712,Brachypteryx montana,White-browed Shortwing,Aves,,David Gibbs,https://creativecommons.org/licenses/by-nc-nd/2.5/,4.0,https://xeno-canto.org/70339,whbsho1/XC70339.mp3,XC
whbsho1,[],['song'],-6.7273,106.9712,Brachypteryx montana,White-browed Shortwing,Aves,,David Gibbs,https://creativecommons.org/licenses/by-nc-nd/2.5/,4.0,https://xeno-canto.org/70338,whbsho1/XC70338.mp3,XC
whbsho1,[],['song'],-6.7,107.0,Brachypteryx montana,White-browed Shortwing,Aves,,Frank Lambert,https://creativecommons.org/licenses/by-nc-nd/4.0/,4.0,https://xeno-canto.org/67743,whbsho1/XC67743.mp3,XC
whbsho1,[],['song'],-6.7,107.0,Brachypteryx montana,White-browed Shortwing,Aves,,Frank Lambert,https://creativecommons.org/licenses/by-nc-nd/4.0/,4.0,https://xeno-canto.org/67742,whbsho1/XC67742.mp3,XC
whbsho1,[],['song'],-6.7273,106.9712,Brachypteryx montana,White-browed Shortwing,Aves,,Richard Thomas,https://creativecommons.org/licenses/by-nc-nd/2.5/,4.0,https://xeno-canto.org/58379,whbsho1/XC58379.mp3,XC
whbsho1,[],['song'],-6.7691,106.9792,Brachypteryx montana,White-browed Shortwing,Aves,,Chi-Hsuan Shao,https://creativecommons.org/licenses/by-nc-sa/4.0/,3.0,https://xeno-canto.org/791748,whbsho1/XC791748.mp3,XC
whbsho1,[],['song'],-6.7511,106.989,Brachypteryx montana,White-browed Shortwing,Aves,,Jelle Scharringa,https://creativecommons.org/licenses/by-nc-sa/4.0/,3.0,https://xeno-canto.org/646895,whbsho1/XC646895.mp3,XC
whbsho1,[],['song'],-1.7342,101.2512,Brachypteryx montana,White-browed Shortwing,Aves,,Frank Lambert,https://creativecommons.org/licenses/by-nc-nd/4.0/,3.0,https://xeno-canto.org/409530,whbsho1/XC409530.mp3,XC
whbsho1,[],['song'],-1.7342,101.2512,Brachypteryx montana,White-browed Shortwing,Aves,,Mike Nelson,https://creativecommons.org/licenses/by-nc-sa/4.0/,3.0,https://xeno-canto.org/241724,whbsho1/XC241724.mp3,XC
whbsho1,[],['song'],-6.7515,106.9898,Brachypteryx montana,White-browed Shortwing,Aves,,Paulo Alves,https://creativecommons.org/licenses/by-nc-sa/4.0/,3.0,https://xeno-canto.org/227646,whbsho1/XC227646.mp3,XC
whbsho1,[],['call'],-8.692,120.449,Brachypteryx montana,White-browed Shortwing,Aves,,Peter Collaerts,https://creativecommons.org/licenses/by-nc-sa/3.0/,3.0,https://xeno-canto.org/113310,whbsho1/XC113310.mp3,XC
whbsho1,[],['song'],-1.7401,101.2601,Brachypteryx montana,White-browed Shortwing,Aves,,David Gibbs,https://creativecommons.org/licenses/by-nc-nd/2.5/,3.0,https://xeno-canto.org/70340,whbsho1/XC70340.mp3,XC
whbsho1,[],['song'],-6.7273,106.9712,Brachypteryx montana,White-browed Shortwing,Aves,,Richard Thomas,https://creativecommons.org/licenses/by-nc-nd/2.5/,3.0,https://xeno-canto.org/58377,whbsho1/XC58377.mp3,XC
comior1,[],['uncertain'],3.5302,98.6615,Aegithina tiphia,Common Iora,Aves,,Indra Kusuma,https://creativecommons.org/licenses/by-nc-sa/4.0/,5.0,https://xeno-canto.org/1138175,comior1/XC1138175.mp3,XC
comior1,[],['uncertain'],3.5302,98.6615,Aegithina tiphia,Common Iora,Aves,,Indra Kusuma,https://creativecommons.org/licenses/by-nc-sa/4.0/,5.0,https://xeno-canto.org/1138167,comior1/XC1138167.mp3,XC
comior1,[],"['uncertain, song?']",-6.1053,106.7356,Aegithina tiphia,Common Iora,Aves,,Oscar Campbell,https://creativecommons.org/licenses/by-nc-nd/4.0/,5.0,https://xeno-canto.org/938454,comior1/XC938454.mp3,XC
comior1,[],['call'],0.3725,101.8577,Aegithina tiphia,Common Iora,Aves,,Prayitno Goenarto,https://creativecommons.org/licenses/by-nc-nd/4.0/,5.0,https://xeno-canto.org/479859,comior1/XC479859.mp3,XC
comior1,[],['song'],-6.114,106.767,Aegithina tiphia,Common Iora,Aves,,Lucas-Chen,https://creativecommons.org/licenses/by-nc-sa/4.0/,4.0,https://xeno-canto.org/1003838,comior1/XC1003838.mp3,XC
comior1,[],['call'],-8.2284,114.5116,Aegithina tiphia,Common Iora,Aves,,Frank Lambert,https://creativecommons.org/licenses/by-nc-nd/4.0/,4.0,https://xeno-canto.org/413662,comior1/XC413662.mp3,XC
comior1,[],['song'],-6.2781,105.8537,Aegithina tiphia,Common Iora,Aves,,Frank Lambert,https://creativecommons.org/licenses/by-nc-nd/4.0/,4.0,https://xeno-canto.org/409138,comior1/XC409138.mp3,XC
comior1,[],['song'],-8.4221,115.296,Aegithina tiphia,Common Iora,Aves,,Bruno Durand,https://creativecommons.org/licenses/by-nc-sa/4.0/,4.0,https://xeno-canto.org/389533,comior1/XC389533.mp3,XC
comior1,['Orthotomus sepium'],"['begging call, song']",-6.1745,105.9697,Aegithina tiphia,Common Iora,Aves,,Bas Van Balen,https://creativecommons.org/licenses/by-nc-sa/4.0/,4.0,https://xeno-canto.org/284767,comior1/XC284767.mp3,XC
comior1,['Orthotomus sepium'],"['begging call, song']",-6.1745,105.9697,Aegithina tiphia,Common Iora,Aves,,Bas Van Balen,https://creativecommons.org/licenses/by-nc-sa/4.0/,4.0,https://xeno-canto.org/284766,comior1/XC284766.mp3,XC
comior1,[],"['call, song']",-4.9178,105.7489,Aegithina tiphia,Common Iora,Aves,,Mike Nelson,https://creativecommons.org/licenses/by-nc-sa/4.0/,4.0,https://xeno-canto.org/243350,comior1/XC243350.mp3,XC
comior1,[],['song'],-2.9444,114.1861,Aegithina tiphia,Common Iora,Aves,,Paulo Alves,https://creativecommons.org/licenses/by-nc-sa/4.0/,4.0,https://xeno-canto.org/236320,comior1/XC236320.mp3,XC
comior1,"['Cinnyris jugularis', 'Lonchura punctulata']",['song'],-6.0187,106.1947,Aegithina tiphia,Common Iora,Aves,,Paulo Alves,https://creativecommons.org/licenses/by-nc-sa/4.0/,4.0,https://xeno-canto.org/214418,comior1/XC214418.mp3,XC
comior1,['Pycnonotus goiavier'],['song'],-8.8258,115.2124,Aegithina tiphia,Common Iora,Aves,,Bruno Durand,https://creativecommons.org/licenses/by-nc-sa/4.0/,4.0,https://xeno-canto.org/198430,comior1/XC198430.mp3,XC
comior1,['Pycnonotus goiavier'],['song'],-8.8258,115.2124,Aegithina tiphia,Common Iora,Aves,,Bruno Durand,https://creativecommons.org/licenses/by-nc-sa/4.0/,4.0,https://xeno-canto.org/198428,comior1/XC198428.mp3,XC
comior1,"['Pycnonotus goiavier', 'Todiramphus chloris', 'Dicaeum trochileum']",['song'],-8.8258,115.2124,Aegithina tiphia,Common Iora,Aves,,Bruno Durand,https://creativecommons.org/licenses/by-nc-sa/4.0/,4.0,https://xeno-canto.org/198426,comior1/XC198426.mp3,XC
comior1,[],['song'],-8.7868,115.2218,Aegithina tiphia,Common Iora,Aves,,Nick Talbot,https://creativecommons.org/licenses/by-nc-sa/3.0/,4.0,https://xeno-canto.org/153788,comior1/XC153788.mp3,XC
comior1,[],['song'],-8.4923,115.2652,Aegithina tiphia,Common Iora,Aves,,Bruno Durand,https://creativecommons.org/licenses/by-nc-sa/3.0/,4.0,https://xeno-canto.org/150431,comior1/XC150431.mp3,XC
comior1,"['Pycnonotus goiavier', 'Spilopelia chinensis']","['call, song']",-8.5121,115.2671,Aegithina tiphia,Common Iora,Aves,,Matthias Feuersenger,https://creativecommons.org/licenses/by-nc-nd/2.5/,4.0,https://xeno-canto.org/38505,comior1/XC38505.mp3,XC
comior1,[],['song'],-8.5121,115.2671,Aegithina tiphia,Common Iora,Aves,,Matthias Feuersenger,https://creativecommons.org/licenses/by-nc-nd/2.5/,4.0,https://xeno-canto.org/38504,comior1/XC38504.mp3,XC
comior1,[],['call'],-1.1322,100.3646,Aegithina tiphia,Common Iora,Aves,,Kalvin Chan,https://creativecommons.org/licenses/by-nc-sa/4.0/,3.0,https://xeno-canto.org/1082290,comior1/XC1082290.mp3,XC
comior1,[],['song'],-6.1047,106.7612,Aegithina tiphia,Common Iora,Aves,,Lucas-Chen,https://creativecommons.org/licenses/by-nc-sa/4.0/,3.0,https://xeno-canto.org/1059451,comior1/XC1059451.mp3,XC
comior1,"['Yungipicus moluccensis', 'Pachycephala cinerea']",['song'],-7.7667,110.1156,Aegithina tiphia,Common Iora,Aves,,Panji Gusti Akbar,https://creativecommons.org/licenses/by-nc-sa/4.0/,3.0,https://xeno-canto.org/661284,comior1/XC661284.mp3,XC
comior1,[],['call'],0.3725,101.8577,Aegithina tiphia,Common Iora,Aves,,Prayitno Goenarto,https://creativecommons.org/licenses/by-nc-nd/4.0/,3.0,https://xeno-canto.org/479862,comior1/XC479862.mp3,XC
comior1,[],['call'],0.3725,101.8577,Aegithina tiphia,Common Iora,Aves,,Prayitno Goenarto,https://creativecommons.org/licenses/by-nc-nd/4.0/,3.0,https://xeno-canto.org/479861,comior1/XC479861.mp3,XC
comior1,[],['call'],0.3725,101.8577,Aegithina tiphia,Common Iora,Aves,,Prayitno Goenarto,https://creativecommons.org/licenses/by-nc-nd/4.0/,3.0,https://xeno-canto.org/479597,comior1/XC479597.mp3,XC
comior1,[],['song'],0.3725,101.8577,Aegithina tiphia,Common Iora,Aves,,Prayitno Goenarto,https://creativecommons.org/licenses/by-nc-nd/4.0/,3.0,https://xeno-canto.org/479207,comior1/XC479207.mp3,XC
comior1,[],['call'],0.3725,101.8577,Aegithina tiphia,Common Iora,Aves,,Prayitno Goenarto,https://creativecommons.org/licenses/by-nc-nd/4.0/,3.0,https://xeno-canto.org/478346,comior1/XC478346.mp3,XC
comior1,[],['song'],,,Aegithina tiphia,Common Iora,Aves,,Brendan Sloan,https://creativecommons.org/licenses/by-nc-sa/4.0/,3.0,https://xeno-canto.org/393660,comior1/XC393660.mp3,XC
comior1,[],['song'],-7.029,110.4012,Aegithina tiphia,Common Iora,Aves,,Karyadi Baskoro,https://creativecommons.org/licenses/by-nc-sa/4.0/,3.0,https://xeno-canto.org/376572,comior1/XC376572.mp3,XC
comior1,[],['song'],-7.1075,110.4256,Aegithina tiphia,Common Iora,Aves,,Karyadi Baskoro,https://creativecommons.org/licenses/by-nc-sa/4.0/,3.0,https://xeno-canto.org/376560,comior1/XC376560.mp3,XC
comior1,[],['song'],-7.2435,109.1279,Aegithina tiphia,Common Iora,Aves,,Karyadi Baskoro,https://creativecommons.org/licenses/by-nc-sa/4.0/,3.0,https://xeno-canto.org/376482,comior1/XC376482.mp3,XC
comior1,[],['begging call'],-6.1745,105.9697,Aegithina tiphia,Common Iora,Aves,,Bas Van Balen,https://creativecommons.org/licenses/by-nc-sa/4.0/,3.0,https://xeno-canto.org/284765,comior1/XC284765.mp3,XC
comior1,"['Pycnonotus goiavier', 'Prinia familiaris']",['song'],-8.7444,115.223,Aegithina tiphia,Common Iora,Aves,,Bruno Durand,https://creativecommons.org/licenses/by-nc-sa/3.0/,3.0,https://xeno-canto.org/152928,comior1/XC152928.mp3,XC
comior1,[],['song'],,,Aegithina tiphia,Common Iora,Aves,,Heru Cahyono,https://creativecommons.org/licenses/by-nc-sa/3.0/,3.0,https://xeno-canto.org/143542,comior1/XC143542.mp3,XC
comior1,[],['song'],-6.2781,105.8537,Aegithina tiphia,Common Iora,Aves,,Fabian Ducry &Amp; David Marques,https://creativecommons.org/licenses/by-nc-nd/2.5/,3.0,https://xeno-canto.org/90734,comior1/XC90734.mp3,XC
comior1,"['Arachnothera longirostra', 'Psilopogon javensis', 'Collocalia linchi']",['song'],-6.2781,105.8537,Aegithina tiphia,Common Iora,Aves,,Teus Luijendijk,https://creativecommons.org/licenses/by-nc-nd/4.0/,2.0,https://xeno-canto.org/618428,comior1/XC618428.mp3,XC
comior1,[],['call'],,,Aegithina tiphia,Common Iora,Aves,,Brendan Sloan,https://creativecommons.org/licenses/by-nc-sa/4.0/,2.0,https://xeno-canto.org/394245,comior1/XC394245.mp3,XC
comior1,[],['call'],,,Aegithina tiphia,Common Iora,Aves,,Brendan Sloan,https://creativecommons.org/licenses/by-nc-sa/4.0/,2.0,https://xeno-canto.org/388231,comior1/XC388231.mp3,XC
ghcfly1,['Culicicapa ceylonensis'],"['aberrant, call, song']",,,Culicicapa ceylonensis,Grey-headed Canary-flycatcher,Aves,,Michael Frankenstein,https://creativecommons.org/licenses/by-sa/4.0/,4.0,https://xeno-canto.org/665640,ghcfly1/XC665640.mp3,XC
ghcfly1,['Phylloscopus trivirgatus'],['song'],2.7848,98.5144,Culicicapa ceylonensis,Grey-headed Canary-flycatcher,Aves,,Ding Li Yong,https://creativecommons.org/licenses/by-nc-nd/4.0/,4.0,https://xeno-canto.org/648654,ghcfly1/XC648654.mp3,XC
ghcfly1,[],['song'],-10.0988,120.2769,Culicicapa ceylonensis,Grey-headed Canary-flycatcher,Aves,,Kim Chuah Lim,https://creativecommons.org/licenses/by-nc-sa/4.0/,4.0,https://xeno-canto.org/553058,ghcfly1/XC553058.mp3,XC
ghcfly1,[],['song'],-6.7465,106.5373,Culicicapa ceylonensis,Grey-headed Canary-flycatcher,Aves,,Ross Gallardy,https://creativecommons.org/licenses/by-nc-sa/4.0/,4.0,https://xeno-canto.org/490229,ghcfly1/XC490229.mp3,XC
ghcfly1,[],['song'],-6.7465,106.5373,Culicicapa ceylonensis,Grey-headed Canary-flycatcher,Aves,,Ross Gallardy,https://creativecommons.org/licenses/by-nc-sa/4.0/,4.0,https://xeno-canto.org/490228,ghcfly1/XC490228.mp3,XC
ghcfly1,[],['song'],-1.604,99.1631,Culicicapa ceylonensis,Grey-headed Canary-flycatcher,Aves,,Matthew L. Brady,https://creativecommons.org/licenses/by-nc-sa/4.0/,4.0,https://xeno-canto.org/476546,ghcfly1/XC476546.mp3,XC
ghcfly1,[],['song'],-8.0849,114.2364,Culicicapa ceylonensis,Grey-headed Canary-flycatcher,Aves,,Frank Lambert,https://creativecommons.org/licenses/by-nc-nd/4.0/,4.0,https://xeno-canto.org/468855,ghcfly1/XC468855.mp3,XC
ghcfly1,[],['song'],,,Culicicapa ceylonensis,Grey-headed Canary-flycatcher,Aves,,Brendan Sloan,https://creativecommons.org/licenses/by-nc-nd/4.0/,4.0,https://xeno-canto.org/453066,ghcfly1/XC453066.mp3,XC
ghcfly1,[],['song'],,,Culicicapa ceylonensis,Grey-headed Canary-flycatcher,Aves,,Brendan Sloan,https://creativecommons.org/licenses/by-nc-nd/4.0/,4.0,https://xeno-canto.org/453064,ghcfly1/XC453064.mp3,XC
ghcfly1,[],['song'],,,Culicicapa ceylonensis,Grey-headed Canary-flycatcher,Aves,,Brendan Sloan,https://creativecommons.org/licenses/by-nc-nd/4.0/,4.0,https://xeno-canto.org/452815,ghcfly1/XC452815.mp3,XC
ghcfly1,[],['song'],-8.2625,115.1029,Culicicapa ceylonensis,Grey-headed Canary-flycatcher,Aves,,Bruno Durand,https://creativecommons.org/licenses/by-nc-sa/4.0/,4.0,https://xeno-canto.org/440109,ghcfly1/XC440109.mp3,XC
ghcfly1,[],['song'],-1.74,101.26,Culicicapa ceylonensis,Grey-headed Canary-flycatcher,Aves,,Brian Cox,https://creativecommons.org/licenses/by-nc-sa/4.0/,4.0,https://xeno-canto.org/431554,ghcfly1/XC431554.mp3,XC
ghcfly1,"['Malacocincla sepiaria', 'Cacomantis sepulcralis']",['song'],-6.7419,107.0099,Culicicapa ceylonensis,Grey-headed Canary-flycatcher,Aves,,Achmad Ridha,https://creativecommons.org/licenses/by-nc-sa/4.0/,4.0,https://xeno-canto.org/318156,ghcfly1/XC318156.mp3,XC
ghcfly1,[],['song'],-9.7369,119.9381,Culicicapa ceylonensis,Grey-headed Canary-flycatcher,Aves,,Mike Nelson,https://creativecommons.org/licenses/by-nc-sa/4.0/,4.0,https://xeno-canto.org/292378,ghcfly1/XC292378.mp3,XC
ghcfly1,[],['song'],-9.7369,119.9381,Culicicapa ceylonensis,Grey-headed Canary-flycatcher,Aves,,Mike Nelson,https://creativecommons.org/licenses/by-nc-sa/4.0/,4.0,https://xeno-canto.org/292230,ghcfly1/XC292230.mp3,XC
ghcfly1,[],['song'],-9.7369,119.9381,Culicicapa ceylonensis,Grey-headed Canary-flycatcher,Aves,,Mike Nelson,https://creativecommons.org/licenses/by-nc-sa/4.0/,4.0,https://xeno-canto.org/292229,ghcfly1/XC292229.mp3,XC
ghcfly1,[],['song'],-9.7369,119.9381,Culicicapa ceylonensis,Grey-headed Canary-flycatcher,Aves,,Mike Nelson,https://creativecommons.org/licenses/by-nc-sa/4.0/,4.0,https://xeno-canto.org/292228,ghcfly1/XC292228.mp3,XC
ghcfly1,[],"['call, song']",-2.0498,101.3073,Culicicapa ceylonensis,Grey-headed Canary-flycatcher,Aves,,Mike Nelson,https://creativecommons.org/licenses/by-nc-sa/4.0/,4.0,https://xeno-canto.org/242486,ghcfly1/XC242486.mp3,XC
ghcfly1,[],"['call, song']",-2.0498,101.3073,Culicicapa ceylonensis,Grey-headed Canary-flycatcher,Aves,,Mike Nelson,https://creativecommons.org/licenses/by-nc-sa/4.0/,4.0,https://xeno-canto.org/242479,ghcfly1/XC242479.mp3,XC
ghcfly1,[],"['call, song']",-2.0498,101.3073,Culicicapa ceylonensis,Grey-headed Canary-flycatcher,Aves,,Mike Nelson,https://creativecommons.org/licenses/by-nc-sa/4.0/,4.0,https://xeno-canto.org/242468,ghcfly1/XC242468.mp3,XC
ghcfly1,[],"['call, song']",-1.7342,101.2512,Culicicapa ceylonensis,Grey-headed Canary-flycatcher,Aves,,Mike Nelson,https://creativecommons.org/licenses/by-nc-sa/4.0/,4.0,https://xeno-canto.org/241648,ghcfly1/XC241648.mp3,XC
ghcfly1,[],['song'],-6.7465,106.5373,Culicicapa ceylonensis,Grey-headed Canary-flycatcher,Aves,,Paulo Alves,https://creativecommons.org/licenses/by-nc-sa/4.0/,4.0,https://xeno-canto.org/237544,ghcfly1/XC237544.mp3,XC
ghcfly1,[],['song'],-6.7461,106.5182,Culicicapa ceylonensis,Grey-headed Canary-flycatcher,Aves,,Mike Nelson,https://creativecommons.org/licenses/by-nc-sa/4.0/,4.0,https://xeno-canto.org/204131,ghcfly1/XC204131.mp3,XC
ghcfly1,[],['song'],-6.7461,106.5182,Culicicapa ceylonensis,Grey-headed Canary-flycatcher,Aves,,Mike Nelson,https://creativecommons.org/licenses/by-nc-sa/4.0/,4.0,https://xeno-canto.org/204130,ghcfly1/XC204130.mp3,XC
ghcfly1,"['Chloropsis cochinchinensis', 'Psilopogon armillaris']",['song'],-6.7182,106.4901,Culicicapa ceylonensis,Grey-headed Canary-flycatcher,Aves,,Ding Li Yong,https://creativecommons.org/licenses/by-nc-nd/4.0/,4.0,https://xeno-canto.org/197757,ghcfly1/XC197757.mp3,XC
ghcfly1,[],['song'],-9.658,119.831,Culicicapa ceylonensis,Grey-headed Canary-flycatcher,Aves,,Frank Lambert,https://creativecommons.org/licenses/by-nc-nd/4.0/,4.0,https://xeno-canto.org/115272,ghcfly1/XC115272.mp3,XC
ghcfly1,[],['song'],-9.658,119.831,Culicicapa ceylonensis,Grey-headed Canary-flycatcher,Aves,,Frank Lambert,https://creativecommons.org/licenses/by-nc-nd/4.0/,4.0,https://xeno-canto.org/115271,ghcfly1/XC115271.mp3,XC
ghcfly1,[],['song'],-6.5,107.3,Culicicapa ceylonensis,Grey-headed Canary-flycatcher,Aves,,Frank Lambert,https://creativecommons.org/licenses/by-nc-nd/4.0/,4.0,https://xeno-canto.org/68077,ghcfly1/XC68077.mp3,XC
ghcfly1,[],['song'],-6.6762,106.5164,Culicicapa ceylonensis,Grey-headed Canary-flycatcher,Aves,,David Edwards,https://creativecommons.org/licenses/by-nc-nd/2.5/,4.0,https://xeno-canto.org/40454,ghcfly1/XC40454.mp3,XC
ghcfly1,[],['song'],-6.6762,106.5164,Culicicapa ceylonensis,Grey-headed Canary-flycatcher,Aves,,David Edwards,https://creativecommons.org/licenses/by-nc-nd/2.5/,4.0,https://xeno-canto.org/40453,ghcfly1/XC40453.mp3,XC
ghcfly1,[],['song'],-9.5981,119.5444,Culicicapa ceylonensis,Grey-headed Canary-flycatcher,Aves,,Ding Li Yong,https://creativecommons.org/licenses/by-nc-nd/4.0/,3.0,https://xeno-canto.org/616845,ghcfly1/XC616845.mp3,XC
ghcfly1,"['Chloropsis cochinchinensis', 'Napothera epilepidota']",['song'],-6.746386,106.537563,Culicicapa ceylonensis,Grey-headed Canary-flycatcher,Aves,,Okamoto Keita Sin,https://creativecommons.org/licenses/by-nc-sa/4.0/,3.0,https://xeno-canto.org/578378,ghcfly1/XC578378.mp3,XC
ghcfly1,[],['song'],,,Culicicapa ceylonensis,Grey-headed Canary-flycatcher,Aves,,Brendan Sloan,https://creativecommons.org/licenses/by-nc-nd/4.0/,3.0,https://xeno-canto.org/452811,ghcfly1/XC452811.mp3,XC
ghcfly1,[],['song'],-1.604,99.1631,Culicicapa ceylonensis,Grey-headed Canary-flycatcher,Aves,,Oscar Johnson,https://creativecommons.org/licenses/by-nc-sa/4.0/,3.0,https://xeno-canto.org/431740,ghcfly1/XC431740.mp3,XC
ghcfly1,[],['song'],-9.7309,119.9393,Culicicapa ceylonensis,Grey-headed Canary-flycatcher,Aves,,Gareth K.,https://creativecommons.org/licenses/by-nc-sa/4.0/,3.0,https://xeno-canto.org/351526,ghcfly1/XC351526.mp3,XC
ghcfly1,[],['song'],-9.6578,119.8309,Culicicapa ceylonensis,Grey-headed Canary-flycatcher,Aves,,Todd Mark,https://creativecommons.org/licenses/by-nc-nd/2.5/,3.0,https://xeno-canto.org/93386,ghcfly1/XC93386.mp3,XC
ghcfly1,[],['song'],-1.1167,116.8167,Culicicapa ceylonensis,Grey-headed Canary-flycatcher,Aves,,Tjalle Boorsma,https://creativecommons.org/licenses/by-nc-nd/2.5/,3.0,https://xeno-canto.org/34507,ghcfly1/XC34507.mp3,XC
ghcfly1,['Ducula aenea'],['song'],-8.46667,120.01667,Culicicapa ceylonensis,Grey-headed Canary-flycatcher,Aves,,Allen T. Chartier,https://creativecommons.org/licenses/by-nc-sa/3.0/,2.0,https://xeno-canto.org/31362,ghcfly1/XC31362.mp3,XC
colkin1,['Tanygnathus sumatranus'],['call'],0.5667,123.9026,Todiramphus chloris,Collared Kingfisher,Aves,,Richard E. Webster,https://creativecommons.org/licenses/by-nc-sa/4.0/,5.0,https://xeno-canto.org/1075899,colkin1/XC1075899.mp3,XC
colkin1,['Halcyon coromanda'],['song'],1.1528,104.5741,Todiramphus chloris,Collared Kingfisher,Aves,,Ding Li Yong,https://creativecommons.org/licenses/by-nc-nd/4.0/,5.0,https://xeno-canto.org/894014,colkin1/XC894014.mp3,XC
colkin1,[],['song'],1.1528,104.5741,Todiramphus chloris,Collared Kingfisher,Aves,,Ding Li Yong,https://creativecommons.org/licenses/by-nc-nd/4.0/,5.0,https://xeno-canto.org/893700,colkin1/XC893700.mp3,XC
colkin1,[],['call'],-8.1368,114.5531,Todiramphus chloris,Collared Kingfisher,Aves,,Simon Elliott,https://creativecommons.org/licenses/by-nc-nd/4.0/,5.0,https://xeno-canto.org/825797,colkin1/XC825797.mp3,XC
colkin1,[],['call'],-8.3507,115.2741,Todiramphus chloris,Collared Kingfisher,Aves,,Bruno Durand,https://creativecommons.org/licenses/by-nc-sa/4.0/,5.0,https://xeno-canto.org/286713,colkin1/XC286713.mp3,XC
colkin1,[],['flight call'],-8.3235,116.4012,Todiramphus chloris,Collared Kingfisher,Aves,,Frank Lambert,https://creativecommons.org/licenses/by-nc-nd/4.0/,5.0,https://xeno-canto.org/166851,colkin1/XC166851.mp3,XC
colkin1,"['Pycnonotus aurigaster', 'Spilopelia chinensis']",['call'],-8.7312,115.2357,Todiramphus chloris,Collared Kingfisher,Aves,,Bruno Durand,https://creativecommons.org/licenses/by-nc-sa/3.0/,5.0,https://xeno-canto.org/152653,colkin1/XC152653.mp3,XC
colkin1,[],['call'],1.5106,125.195,Todiramphus chloris,Collared Kingfisher,Aves,,David Farrow,https://creativecommons.org/licenses/by-nc-sa/3.0/,5.0,https://xeno-canto.org/42618,colkin1/XC42618.mp3,XC
colkin1,[],['call'],-1.4351,120.3067,Todiramphus chloris,Collared Kingfisher,Aves,,Richard E. Webster,https://creativecommons.org/licenses/by-nc-sa/4.0/,4.0,https://xeno-canto.org/1075897,colkin1/XC1075897.mp3,XC
colkin1,[],['call'],-6.1053,106.7356,Todiramphus chloris,Collared Kingfisher,Aves,,Lucas-Chen,https://creativecommons.org/licenses/by-nc-sa/4.0/,4.0,https://xeno-canto.org/1059449,colkin1/XC1059449.mp3,XC
colkin1,['Synoicus chinensis'],['call'],0.7784,124.4009,Todiramphus chloris,Collared Kingfisher,Aves,,Greg Irving,https://creativecommons.org/licenses/by-nc-sa/4.0/,4.0,https://xeno-canto.org/823277,colkin1/XC823277.mp3,XC
colkin1,['Psilopogon armillaris'],['call'],-6.7691,106.9792,Todiramphus chloris,Collared Kingfisher,Aves,,Teus Luijendijk,https://creativecommons.org/licenses/by-nc-nd/4.0/,4.0,https://xeno-canto.org/618710,colkin1/XC618710.mp3,XC
colkin1,[],['flight call'],0.3725,101.8577,Todiramphus chloris,Collared Kingfisher,Aves,,Prayitno Goenarto,https://creativecommons.org/licenses/by-nc-nd/4.0/,4.0,https://xeno-canto.org/479214,colkin1/XC479214.mp3,XC
colkin1,[],['song'],-8.2756,115.1511,Todiramphus chloris,Collared Kingfisher,Aves,,Frank Lambert,https://creativecommons.org/licenses/by-nc-nd/4.0/,4.0,https://xeno-canto.org/413677,colkin1/XC413677.mp3,XC
colkin1,[],['song'],-7.2435,109.1279,Todiramphus chloris,Collared Kingfisher,Aves,,Karyadi Baskoro,https://creativecommons.org/licenses/by-nc-sa/4.0/,4.0,https://xeno-canto.org/376316,colkin1/XC376316.mp3,XC
colkin1,[],['song'],-7.2435,109.1279,Todiramphus chloris,Collared Kingfisher,Aves,,Karyadi Baskoro,https://creativecommons.org/licenses/by-nc-sa/4.0/,4.0,https://xeno-canto.org/376315,colkin1/XC376315.mp3,XC
colkin1,"['Pycnonotus goiavier', 'Pycnonotus aurigaster', 'Lichmera limbata', 'Spilopelia chinensis']",['call'],-8.7361,115.2285,Todiramphus chloris,Collared Kingfisher,Aves,,Bruno Durand,https://creativecommons.org/licenses/by-nc-sa/4.0/,4.0,https://xeno-canto.org/338730,colkin1/XC338730.mp3,XC
colkin1,[],['call'],0.5126,123.9109,Todiramphus chloris,Collared Kingfisher,Aves,,Mike Nelson,https://creativecommons.org/licenses/by-nc-sa/4.0/,4.0,https://xeno-canto.org/293219,colkin1/XC293219.mp3,XC
colkin1,[],['call'],-6.5998,106.7962,Todiramphus chloris,Collared Kingfisher,Aves,,Paulo Alves,https://creativecommons.org/licenses/by-nc-sa/4.0/,4.0,https://xeno-canto.org/217355,colkin1/XC217355.mp3,XC
colkin1,[],"['call, song']",-7.8679,131.2988,Todiramphus chloris,Collared Kingfisher,Aves,,Mike Nelson,https://creativecommons.org/licenses/by-nc-sa/4.0/,4.0,https://xeno-canto.org/205148,colkin1/XC205148.mp3,XC
colkin1,[],"['call, song']",-8.0105,131.0847,Todiramphus chloris,Collared Kingfisher,Aves,,Mike Nelson,https://creativecommons.org/licenses/by-nc-sa/4.0/,4.0,https://xeno-canto.org/205073,colkin1/XC205073.mp3,XC
colkin1,[],['call'],-8.1646,127.6883,Todiramphus chloris,Collared Kingfisher,Aves,,Mike Nelson,https://creativecommons.org/licenses/by-nc-sa/4.0/,4.0,https://xeno-canto.org/204898,colkin1/XC204898.mp3,XC
colkin1,[],['call'],-7.098,120.6647,Todiramphus chloris,Collared Kingfisher,Aves,,Mike Nelson,https://creativecommons.org/licenses/by-nc-sa/4.0/,4.0,https://xeno-canto.org/204535,colkin1/XC204535.mp3,XC
colkin1,['Aegithina tiphia'],['song'],-8.8258,115.2124,Todiramphus chloris,Collared Kingfisher,Aves,,Bruno Durand,https://creativecommons.org/licenses/by-nc-sa/4.0/,4.0,https://xeno-canto.org/198433,colkin1/XC198433.mp3,XC
colkin1,[],['call'],-1.0265,119.9483,Todiramphus chloris,Collared Kingfisher,Aves,,Mike Nelson,https://creativecommons.org/licenses/by-nc-sa/3.0/,4.0,https://xeno-canto.org/152203,colkin1/XC152203.mp3,XC
colkin1,[],['call'],0.5126,123.9109,Todiramphus chloris,Collared Kingfisher,Aves,,Mike Nelson,https://creativecommons.org/licenses/by-nc-sa/3.0/,4.0,https://xeno-canto.org/152005,colkin1/XC152005.mp3,XC
colkin1,[],['call'],1.5675,125.1595,Todiramphus chloris,Collared Kingfisher,Aves,,Mike Nelson,https://creativecommons.org/licenses/by-nc-sa/3.0/,4.0,https://xeno-canto.org/151815,colkin1/XC151815.mp3,XC
colkin1,[],['call'],-8.7868,115.2218,Todiramphus chloris,Collared Kingfisher,Aves,,Bruno Durand,https://creativecommons.org/licenses/by-nc-sa/3.0/,4.0,https://xeno-canto.org/151642,colkin1/XC151642.mp3,XC
colkin1,[],['song'],-0.4631,121.8103,Todiramphus chloris,Collared Kingfisher,Aves,,Frank Lambert,https://creativecommons.org/licenses/by-nc-nd/4.0/,4.0,https://xeno-canto.org/89927,colkin1/XC89927.mp3,XC
colkin1,[],['call'],0.5606,123.68,Todiramphus chloris,Collared Kingfisher,Aves,,David Farrow,https://creativecommons.org/licenses/by-nc-sa/3.0/,4.0,https://xeno-canto.org/19639,colkin1/XC19639.mp3,XC
colkin1,['Oriolus chinensis'],['call'],0.5887,124.1189,Todiramphus chloris,Collared Kingfisher,Aves,,Richard E. Webster,https://creativecommons.org/licenses/by-nc-sa/4.0/,3.0,https://xeno-canto.org/1075900,colkin1/XC1075900.mp3,XC
colkin1,[],['call'],-6.1782,106.8261,Todiramphus chloris,Collared Kingfisher,Aves,,Lucas-Chen,https://creativecommons.org/licenses/by-nc-sa/4.0/,3.0,https://xeno-canto.org/1003705,colkin1/XC1003705.mp3,XC
colkin1,[],['call'],-6.7273,106.9711,Todiramphus chloris,Collared Kingfisher,Aves,,Teus Luijendijk,https://creativecommons.org/licenses/by-nc-nd/4.0/,3.0,https://xeno-canto.org/619809,colkin1/XC619809.mp3,XC
colkin1,[],['call'],-8.2848,114.6043,Todiramphus chloris,Collared Kingfisher,Aves,,Phil Gregory,https://creativecommons.org/licenses/by-nc-sa/4.0/,3.0,https://xeno-canto.org/346529,colkin1/XC346529.mp3,XC
colkin1,[],['flight call'],-8.3235,116.4012,Todiramphus chloris,Collared Kingfisher,Aves,,Frank Lambert,https://creativecommons.org/licenses/by-nc-nd/4.0/,3.0,https://xeno-canto.org/166850,colkin1/XC166850.mp3,XC
colkin1,[],['song'],-9.643,119.683,Todiramphus chloris,Collared Kingfisher,Aves,,Frank Lambert,https://creativecommons.org/licenses/by-nc-nd/4.0/,3.0,https://xeno-canto.org/121824,colkin1/XC121824.mp3,XC
colkin1,[],['song'],-3.25,126.15,Todiramphus chloris,Collared Kingfisher,Aves,,Frank Lambert,https://creativecommons.org/licenses/by-nc-nd/4.0/,3.0,https://xeno-canto.org/69653,colkin1/XC69653.mp3,XC
colkin1,['Terpsiphone cinnamomea'],['song'],4.4,126.8,Todiramphus chloris,Collared Kingfisher,Aves,,Frank Lambert,https://creativecommons.org/licenses/by-nc-nd/4.0/,3.0,https://xeno-canto.org/68435,colkin1/XC68435.mp3,XC
colkin1,[],['call'],-6.114,106.767,Todiramphus chloris,Collared Kingfisher,Aves,,Lucas-Chen,https://creativecommons.org/licenses/by-nc-sa/4.0/,2.0,https://xeno-canto.org/1004275,colkin1/XC1004275.mp3,XC
colkin1,[],['song'],-9.643,119.683,Todiramphus chloris,Collared Kingfisher,Aves,,Frank Lambert,https://creativecommons.org/licenses/by-nc-nd/4.0/,2.0,https://xeno-canto.org/121823,colkin1/XC121823.mp3,XC
savnig1,[],"['call, flight call']",-8.6727,115.4696,Caprimulgus affinis,Savanna Nightjar,Aves,,Arjun Dutta,https://creativecommons.org/licenses/by-nc-sa/4.0/,5.0,https://xeno-canto.org/954968,savnig1/XC954968.mp3,XC
savnig1,['Pycnonotus goiavier'],['flight call'],-8.7319,115.2235,Caprimulgus affinis,Savanna Nightjar,Aves,,Bruno Durand,https://creativecommons.org/licenses/by-nc-sa/3.0/,5.0,https://xeno-canto.org/152644,savnig1/XC152644.mp3,XC
savnig1,[],['call'],,,Caprimulgus affinis,Savanna Nightjar,Aves,,Kevin Darras,https://creativecommons.org/licenses/by-nc-nd/2.5/,5.0,https://xeno-canto.org/105677,savnig1/XC105677.mp3,XC
savnig1,['Caprimulgus affinis'],['song'],-8.674,115.261,Caprimulgus affinis,Savanna Nightjar,Aves,,David Marques,https://creativecommons.org/licenses/by-nc-nd/2.5/,5.0,https://xeno-canto.org/42472,savnig1/XC42472.mp3,XC
savnig1,['Pycnonotus goiavier'],['song'],-8.7014,115.1742,Caprimulgus affinis,Savanna Nightjar,Aves,,Patrik Åberg,https://creativecommons.org/licenses/by-nc-sa/3.0/,5.0,https://xeno-canto.org/40064,savnig1/XC40064.mp3,XC
savnig1,[],['song'],-6.3102,106.8083,Caprimulgus affinis,Savanna Nightjar,Aves,,Yasinchumaedi,https://creativecommons.org/licenses/by-nc-sa/4.0/,4.0,https://xeno-canto.org/1098971,savnig1/XC1098971.mp3,XC
savnig1,[],"['call, flight call']",-8.6727,115.4696,Caprimulgus affinis,Savanna Nightjar,Aves,,Arjun Dutta,https://creativecommons.org/licenses/by-nc-sa/4.0/,4.0,https://xeno-canto.org/954966,savnig1/XC954966.mp3,XC
savnig1,[],['song'],-9.771,120.563,Caprimulgus affinis,Savanna Nightjar,Aves,,George Sangster,https://creativecommons.org/licenses/by-nc-sa/4.0/,4.0,https://xeno-canto.org/643735,savnig1/XC643735.mp3,XC
savnig1,[],['song'],-8.718,115.169,Caprimulgus affinis,Savanna Nightjar,Aves,,George Sangster,https://creativecommons.org/licenses/by-nc-sa/4.0/,4.0,https://xeno-canto.org/643733,savnig1/XC643733.mp3,XC
savnig1,[],['song'],3.679,97.656,Caprimulgus affinis,Savanna Nightjar,Aves,,Garry Bakker,https://creativecommons.org/licenses/by-nc-sa/4.0/,4.0,https://xeno-canto.org/576876,savnig1/XC576876.mp3,XC
savnig1,[],['song'],1.5642,99.2653,Caprimulgus affinis,Savanna Nightjar,Aves,,Kim Liljehult,https://creativecommons.org/licenses/by-nc-sa/4.0/,4.0,https://xeno-canto.org/543657,savnig1/XC543657.mp3,XC
savnig1,[],['call'],-7.0495,110.4412,Caprimulgus affinis,Savanna Nightjar,Aves,,Karyadi Baskoro,https://creativecommons.org/licenses/by-nc-sa/4.0/,4.0,https://xeno-canto.org/362439,savnig1/XC362439.mp3,XC
savnig1,[],['call'],-7.0495,110.4412,Caprimulgus affinis,Savanna Nightjar,Aves,,Karyadi Baskoro,https://creativecommons.org/licenses/by-nc-sa/4.0/,4.0,https://xeno-canto.org/360828,savnig1/XC360828.mp3,XC
savnig1,[],['call'],,,Caprimulgus affinis,Savanna Nightjar,Aves,,Brendan Sloan,https://creativecommons.org/licenses/by-nc-sa/4.0/,4.0,https://xeno-canto.org/336685,savnig1/XC336685.mp3,XC
savnig1,[],['song'],-7.7136,110.0078,Caprimulgus affinis,Savanna Nightjar,Aves,,Justin Rayboun,https://creativecommons.org/licenses/by-nc-sa/4.0/,4.0,https://xeno-canto.org/317621,savnig1/XC317621.mp3,XC
savnig1,[],['call'],-10.5634,123.3257,Caprimulgus affinis,Savanna Nightjar,Aves,,Mike Nelson,https://creativecommons.org/licenses/by-nc-sa/4.0/,4.0,https://xeno-canto.org/292326,savnig1/XC292326.mp3,XC
savnig1,['Pycnonotus aurigaster'],['call'],-2.9955,114.3742,Caprimulgus affinis,Savanna Nightjar,Aves,,Paulo Alves,https://creativecommons.org/licenses/by-nc-sa/4.0/,4.0,https://xeno-canto.org/236333,savnig1/XC236333.mp3,XC
savnig1,[],['song'],-8.1646,127.6883,Caprimulgus affinis,Savanna Nightjar,Aves,,Mike Nelson,https://creativecommons.org/licenses/by-nc-sa/4.0/,4.0,https://xeno-canto.org/204922,savnig1/XC204922.mp3,XC
savnig1,['Philemon buceroides'],"['flight call, song']",-8.3925,124.1055,Caprimulgus affinis,Savanna Nightjar,Aves,,Stijn Cooleman,https://creativecommons.org/licenses/by-nc-sa/4.0/,4.0,https://xeno-canto.org/176580,savnig1/XC176580.mp3,XC
savnig1,[],"['flight call, song']",-8.1646,127.6883,Caprimulgus affinis,Savanna Nightjar,Aves,,Frank Lambert,https://creativecommons.org/licenses/by-nc-nd/4.0/,4.0,https://xeno-canto.org/156491,savnig1/XC156491.mp3,XC
savnig1,[],['call'],-8.7947,115.2292,Caprimulgus affinis,Savanna Nightjar,Aves,,Bruno Durand,https://creativecommons.org/licenses/by-nc-sa/3.0/,4.0,https://xeno-canto.org/150980,savnig1/XC150980.mp3,XC
savnig1,[],['song'],-8.7319,115.2235,Caprimulgus affinis,Savanna Nightjar,Aves,,Bruno Durand,https://creativecommons.org/licenses/by-nc-sa/3.0/,4.0,https://xeno-canto.org/150446,savnig1/XC150446.mp3,XC
savnig1,[],['song'],0.5606,123.68,Caprimulgus affinis,Savanna Nightjar,Aves,,Niels Poul Dreyer,https://creativecommons.org/licenses/by-nc-sa/3.0/,4.0,https://xeno-canto.org/120964,savnig1/XC120964.mp3,XC
savnig1,[],['song'],-7.8317,114.4139,Caprimulgus affinis,Savanna Nightjar,Aves,,Swiss Winnasis,https://creativecommons.org/licenses/by-nc-nd/2.5/,4.0,https://xeno-canto.org/36986,savnig1/XC36986.mp3,XC
savnig1,[],['song'],-7.9745,110.2177,Caprimulgus affinis,Savanna Nightjar,Aves,,Asman Adi Purwanto,https://creativecommons.org/licenses/by-nc-sa/4.0/,3.0,https://xeno-canto.org/998788,savnig1/XC998788.mp3,XC
savnig1,[],"['call, flight call']",-8.6727,115.4696,Caprimulgus affinis,Savanna Nightjar,Aves,,Arjun Dutta,https://creativecommons.org/licenses/by-nc-sa/4.0/,3.0,https://xeno-canto.org/954969,savnig1/XC954969.mp3,XC
savnig1,[],"['call, flight call']",-8.6727,115.4696,Caprimulgus affinis,Savanna Nightjar,Aves,,Arjun Dutta,https://creativecommons.org/licenses/by-nc-sa/4.0/,3.0,https://xeno-canto.org/954967,savnig1/XC954967.mp3,XC
savnig1,[],['call'],,,Caprimulgus affinis,Savanna Nightjar,Aves,,Brendan Sloan,https://creativecommons.org/licenses/by-nc-sa/4.0/,3.0,https://xeno-canto.org/336689,savnig1/XC336689.mp3,XC
savnig1,[],['call'],,,Caprimulgus affinis,Savanna Nightjar,Aves,,Brendan Sloan,https://creativecommons.org/licenses/by-nc-sa/4.0/,3.0,https://xeno-canto.org/336687,savnig1/XC336687.mp3,XC
savnig1,[],"['flight call, song']",-8.3925,124.1055,Caprimulgus affinis,Savanna Nightjar,Aves,,Stijn Cooleman,https://creativecommons.org/licenses/by-nc-sa/4.0/,3.0,https://xeno-canto.org/176586,savnig1/XC176586.mp3,XC
savnig1,[],['call'],-8.6828,115.1627,Caprimulgus affinis,Savanna Nightjar,Aves,,Ilaria,https://creativecommons.org/licenses/by-nc-sa/4.0/,2.0,https://xeno-canto.org/929253,savnig1/XC929253.mp3,XC
ashtai1,[],['uncertain'],3.7345,98.6974,Orthotomus ruficeps,Ashy Tailorbird,Aves,,Indra Kusuma,https://creativecommons.org/licenses/by-nc-sa/4.0/,5.0,https://xeno-canto.org/1157504,ashtai1/XC1157504.mp3,XC
ashtai1,[],['call'],2.9262,117.5281,Orthotomus ruficeps,Ashy Tailorbird,Aves,,Yasinchumaedi,https://creativecommons.org/licenses/by-nc-sa/4.0/,5.0,https://xeno-canto.org/1098429,ashtai1/XC1098429.mp3,XC
ashtai1,[],"['call, song']",-6.1047,106.7612,Orthotomus ruficeps,Ashy Tailorbird,Aves,,Lucas-Chen,https://creativecommons.org/licenses/by-nc-sa/4.0/,5.0,https://xeno-canto.org/1003648,ashtai1/XC1003648.mp3,XC
ashtai1,[],['song'],-1.1313,98.9678,Orthotomus ruficeps,Ashy Tailorbird,Aves,,Brian Cox,https://creativecommons.org/licenses/by-nc-sa/4.0/,5.0,https://xeno-canto.org/431498,ashtai1/XC431498.mp3,XC
ashtai1,[],['call'],-1.1313,98.9678,Orthotomus ruficeps,Ashy Tailorbird,Aves,,Brian Cox,https://creativecommons.org/licenses/by-nc-sa/4.0/,5.0,https://xeno-canto.org/431487,ashtai1/XC431487.mp3,XC
ashtai1,"['Dicaeum trigonostigma', 'Mixornis bornensis', 'Cyanoderma erythropterum', 'Centropus bengalensis']",['call'],-1.3806,116.1306,Orthotomus ruficeps,Ashy Tailorbird,Aves,,Sander Pieterse &Amp; Ben Wielstra,https://creativecommons.org/licenses/by-nc-nd/2.5/,5.0,https://xeno-canto.org/20097,ashtai1/XC20097.mp3,XC
ashtai1,[],['call'],1.1528,104.5741,Orthotomus ruficeps,Ashy Tailorbird,Aves,,Ding Li Yong,https://creativecommons.org/licenses/by-nc-nd/4.0/,4.0,https://xeno-canto.org/895144,ashtai1/XC895144.mp3,XC
ashtai1,[],"['call, subsong']",1.1528,104.5741,Orthotomus ruficeps,Ashy Tailorbird,Aves,,Ding Li Yong,https://creativecommons.org/licenses/by-nc-nd/4.0/,4.0,https://xeno-canto.org/895137,ashtai1/XC895137.mp3,XC
ashtai1,[],['duet'],0.4342,101.876,Orthotomus ruficeps,Ashy Tailorbird,Aves,,Muhammad Iqbal,https://creativecommons.org/licenses/by-nc-sa/4.0/,4.0,https://xeno-canto.org/610884,ashtai1/XC610884.mp3,XC
ashtai1,[],['song'],0.3725,101.8577,Orthotomus ruficeps,Ashy Tailorbird,Aves,,Prayitno Goenarto,https://creativecommons.org/licenses/by-nc-nd/4.0/,4.0,https://xeno-canto.org/604617,ashtai1/XC604617.mp3,XC
ashtai1,[],['song'],0.6837,104.26,Orthotomus ruficeps,Ashy Tailorbird,Aves,,Okamoto Keita Sin,https://creativecommons.org/licenses/by-nc-sa/4.0/,4.0,https://xeno-canto.org/578699,ashtai1/XC578699.mp3,XC
ashtai1,['Geopelia striata'],['call'],0.4342,101.876,Orthotomus ruficeps,Ashy Tailorbird,Aves,,Muhammad Iqbal,https://creativecommons.org/licenses/by-nc-sa/4.0/,4.0,https://xeno-canto.org/571751,ashtai1/XC571751.mp3,XC
ashtai1,[],['song'],-1.7124,103.4003,Orthotomus ruficeps,Ashy Tailorbird,Aves,,Andres Angulo Rubiano,https://creativecommons.org/licenses/by-nc-sa/4.0/,4.0,https://xeno-canto.org/535411,ashtai1/XC535411.mp3,XC
ashtai1,[],['song'],5.5968,95.3667,Orthotomus ruficeps,Ashy Tailorbird,Aves,,Ding Li Yong,https://creativecommons.org/licenses/by-nc-nd/4.0/,4.0,https://xeno-canto.org/503737,ashtai1/XC503737.mp3,XC
ashtai1,[],['song'],-1.1963,98.9791,Orthotomus ruficeps,Ashy Tailorbird,Aves,,Frank Lambert,https://creativecommons.org/licenses/by-nc-nd/4.0/,4.0,https://xeno-canto.org/498827,ashtai1/XC498827.mp3,XC
ashtai1,[],['song'],-1.1963,98.9791,Orthotomus ruficeps,Ashy Tailorbird,Aves,,Frank Lambert,https://creativecommons.org/licenses/by-nc-nd/4.0/,4.0,https://xeno-canto.org/498826,ashtai1/XC498826.mp3,XC
ashtai1,[],['song'],-1.1963,98.9791,Orthotomus ruficeps,Ashy Tailorbird,Aves,,Frank Lambert,https://creativecommons.org/licenses/by-nc-nd/4.0/,4.0,https://xeno-canto.org/498825,ashtai1/XC498825.mp3,XC
ashtai1,[],['song'],-1.1963,98.9791,Orthotomus ruficeps,Ashy Tailorbird,Aves,,Frank Lambert,https://creativecommons.org/licenses/by-nc-nd/4.0/,4.0,https://xeno-canto.org/498824,ashtai1/XC498824.mp3,XC
ashtai1,[],['song'],-1.1963,98.9791,Orthotomus ruficeps,Ashy Tailorbird,Aves,,Frank Lambert,https://creativecommons.org/licenses/by-nc-nd/4.0/,4.0,https://xeno-canto.org/498823,ashtai1/XC498823.mp3,XC
ashtai1,[],"['song, 4+ birds']",-1.1963,98.9791,Orthotomus ruficeps,Ashy Tailorbird,Aves,,Frank Lambert,https://creativecommons.org/licenses/by-nc-nd/4.0/,4.0,https://xeno-canto.org/498822,ashtai1/XC498822.mp3,XC
ashtai1,[],['song'],0.1063,99.8865,Orthotomus ruficeps,Ashy Tailorbird,Aves,,Matthew L. Brady,https://creativecommons.org/licenses/by-nc-sa/4.0/,4.0,https://xeno-canto.org/473999,ashtai1/XC473999.mp3,XC
ashtai1,[],['song'],-1.1313,98.9678,Orthotomus ruficeps,Ashy Tailorbird,Aves,,Brian Cox,https://creativecommons.org/licenses/by-nc-sa/4.0/,4.0,https://xeno-canto.org/431497,ashtai1/XC431497.mp3,XC
ashtai1,[],['call'],-2.9955,114.3742,Orthotomus ruficeps,Ashy Tailorbird,Aves,,Paulo Alves,https://creativecommons.org/licenses/by-nc-sa/4.0/,4.0,https://xeno-canto.org/236330,ashtai1/XC236330.mp3,XC
ashtai1,[],['call'],-6.0187,106.1947,Orthotomus ruficeps,Ashy Tailorbird,Aves,,Paulo Alves,https://creativecommons.org/licenses/by-nc-sa/4.0/,4.0,https://xeno-canto.org/214420,ashtai1/XC214420.mp3,XC
ashtai1,[],['call'],3.9459,115.6019,Orthotomus ruficeps,Ashy Tailorbird,Aves,,Frank Lambert,https://creativecommons.org/licenses/by-nc-nd/4.0/,4.0,https://xeno-canto.org/208015,ashtai1/XC208015.mp3,XC
ashtai1,[],['call'],3.9459,115.6019,Orthotomus ruficeps,Ashy Tailorbird,Aves,,Frank Lambert,https://creativecommons.org/licenses/by-nc-nd/4.0/,4.0,https://xeno-canto.org/208014,ashtai1/XC208014.mp3,XC
ashtai1,[],['call'],-1.3806,116.1306,Orthotomus ruficeps,Ashy Tailorbird,Aves,,Tjalle Boorsma,https://creativecommons.org/licenses/by-nc-nd/2.5/,4.0,https://xeno-canto.org/34503,ashtai1/XC34503.mp3,XC
ashtai1,[],['song'],-1.7124,103.4003,Orthotomus ruficeps,Ashy Tailorbird,Aves,,Andres Angulo Rubiano,https://creativecommons.org/licenses/by-nc-sa/4.0/,3.0,https://xeno-canto.org/503919,ashtai1/XC503919.mp3,XC
ashtai1,[],['call'],-1.604,99.1631,Orthotomus ruficeps,Ashy Tailorbird,Aves,,Oscar Johnson,https://creativecommons.org/licenses/by-nc-sa/4.0/,3.0,https://xeno-canto.org/431741,ashtai1/XC431741.mp3,XC
ashtai1,"['Mixornis bornensis', 'Centropus bengalensis']",['song'],-1.3806,116.1306,Orthotomus ruficeps,Ashy Tailorbird,Aves,,Sander Pieterse &Amp; Ben Wielstra,https://creativecommons.org/licenses/by-nc-nd/2.5/,3.0,https://xeno-canto.org/20098,ashtai1/XC20098.mp3,XC
