segment_id,source_file,start_sec,end_sec,duration_sec,lokasi,lokasi_detail,latitude,longitude,tanggal,waktu_mulai,daypart,cuaca,device_id,firmware,sample_rate,gain,filter,rms,peak,bird_free,verified_by,verified_date,catatan,sha256
NOISE_0001,Embung F ITERA Amplitudo/32 kHz High Amplitudo/20261004_145000T.WAV,0,55,55,Embung F ITERA Amplitudo,High,-5.368215,105.320026,10/4/2026,14:50,Siang,Cerah,24F31901603767F6,Unknown,32000,Unknown,Amplitude,0.01931672,0.6352844,Y,System,10/8/2026,,160800718be312333316a2611801712a6020763b1cb0324f7f7137ccd86a77b1
NOISE_0002,Embung F ITERA Amplitudo/32 kHz High Amplitudo/20261004_145100T.WAV,0,55,55,Embung F ITERA Amplitudo,High,-5.368215,105.320026,10/4/2026,14:50,Siang,Cerah,24F31901603767F6,Unknown,32000,Unknown,Amplitude,0.03136575,0.9999695,Y,System,10/8/2026,,ed572655e63bea37f446c62fcd51be3ba0f683ff49108f2447df054bbd8416ab
NOISE_0003,Embung F ITERA Amplitudo/32 kHz High Amplitudo/20261004_145200T.WAV,0,55,55,Embung F ITERA Amplitudo,High,-5.368215,105.320026,10/4/2026,14:50,Siang,Cerah,24F31901603767F6,Unknown,32000,Unknown,Amplitude,0.02373907,0.3779297,Y,System,10/8/2026,,e8e64262b5c208cd24f1cb02dd77c7b987be8d4a49f2957ba26ca4ba89d7cdc1
NOISE_0004,Embung F ITERA Amplitudo/32 kHz High Amplitudo/20261004_145300T.WAV,0,55,55,Embung F ITERA Amplitudo,High,-5.368215,105.320026,10/4/2026,14:50,Siang,Cerah,24F31901603767F6,Unknown,32000,Unknown,Amplitude,0.022309998,0.34277344,Y,System,10/8/2026,,a2259ac965d8bb88ae4bd41c49466d7916144ae9a0178ffe73313154c233f634
NOISE_0005,Embung F ITERA Amplitudo/32 kHz High Amplitudo/20261004_145400T.WAV,0,55,55,Embung F ITERA Amplitudo,High,-5.368215,105.320026,10/4/2026,14:50,Siang,Cerah,24F31901603767F6,Unknown,32000,Unknown,Amplitude,0.020332238,0.19717407,Y,System,10/8/2026,,eb4150c191c0f57199d3179342c720e5714cec9e0831ab5f27884f676b635b13
NOISE_0006,Embung F ITERA Amplitudo/32 kHz High Amplitudo/20261004_145500T.WAV,0,55,55,Embung F ITERA Amplitudo,High,-5.368215,105.320026,10/4/2026,14:50,Siang,Cerah,24F31901603767F6,Unknown,32000,Unknown,Amplitude,0.025503183,0.36901855,Y,System,10/8/2026,,303394b771cbd850a380ac843001b5e4401ae8f331f6a214e314a37af10104ed
NOISE_0007,Embung F ITERA Amplitudo/32 kHz High Amplitudo/20261004_145600T.WAV,0,55,55,Embung F ITERA Amplitudo,High,-5.368215,105.320026,10/4/2026,14:50,Siang,Cerah,24F31901603767F6,Unknown,32000,Unknown,Amplitude,0.027283136,0.16656494,Y,System,10/8/2026,,cae9552d5fc4ce7621465ea76bd24f60af629259519d552d3fde31cf3da4f3d7
NOISE_0008,Embung F ITERA Amplitudo/32 kHz High Amplitudo/20261004_145700T.WAV,0,55,55,Embung F ITERA Amplitudo,High,-5.368215,105.320026,10/4/2026,14:50,Siang,Cerah,24F31901603767F6,Unknown,32000,Unknown,Amplitude,0.030154554,0.21612549,Y,System,10/8/2026,,e6c63b945ba1d398e39c6f5602abbee82dea8d35f905772dc236916951fb496b
NOISE_0009,Embung F ITERA Amplitudo/32 kHz High Amplitudo/20261004_145800T.WAV,0,55,55,Embung F ITERA Amplitudo,High,-5.368215,105.320026,10/4/2026,14:50,Siang,Cerah,24F31901603767F6,Unknown,32000,Unknown,Amplitude,0.026946953,0.18603516,Y,System,10/8/2026,,820d17f432f99ebca0a5e64258c2ce2f713f1581d0286748db99c17cd87cc4d2
NOISE_0010,Embung F ITERA Amplitudo/32 kHz High Amplitudo/20261004_145900T.WAV,0,55,55,Embung F ITERA Amplitudo,High,-5.368215,105.320026,10/4/2026,14:50,Siang,Cerah,24F31901603767F6,Unknown,32000,Unknown,Amplitude,0.026394522,0.2946167,Y,System,10/8/2026,,a15e11dd66dca2725fcc2f93e8cfdec96353cdab0f909bddf721832b7c4fdfc1
NOISE_0011,Embung F ITERA Amplitudo/32 kHz High Amplitudo/20261004_150000T.WAV,0,55,55,Embung F ITERA Amplitudo,High,-5.368215,105.320026,10/4/2026,14:50,Siang,Cerah,24F31901603767F6,Unknown,32000,Unknown,Amplitude,0.017714124,0.2741394,Y,System,10/8/2026,,46631f78c9f19f5175417248b32ad211d1fd586d82546fd4e52a687aae4c6932
NOISE_0012,Embung F ITERA Amplitudo/32 kHz High Amplitudo/20261004_150100T.WAV,0,55,55,Embung F ITERA Amplitudo,High,-5.368215,105.320026,10/4/2026,14:50,Siang,Cerah,24F31901603767F6,Unknown,32000,Unknown,Amplitude,0.016631333,0.096710205,Y,System,10/8/2026,,9b20cd41a3cf216ac29dc7899df73e47cf96a838ad930c65343f005601ce54c5
NOISE_0013,Embung F ITERA Amplitudo/32 kHz High Amplitudo/20261004_150200T.WAV,0,55,55,Embung F ITERA Amplitudo,High,-5.368215,105.320026,10/4/2026,14:50,Siang,Cerah,24F31901603767F6,Unknown,32000,Unknown,Amplitude,0.015182687,0.12567139,Y,System,10/8/2026,,d22883bcd06b29de71b3a621f42476cf9e3d865fc79c06bb4aeea833668e5404
NOISE_0014,Embung F ITERA Amplitudo/32 kHz High Amplitudo/20261004_150300T.WAV,0,55,55,Embung F ITERA Amplitudo,High,-5.368215,105.320026,10/4/2026,14:50,Siang,Cerah,24F31901603767F6,Unknown,32000,Unknown,Amplitude,0.013346455,0.1605835,Y,System,10/8/2026,,cd29774509e189e9d649f8e8881630b277252377e127f041eec2b7a037ddd575
NOISE_0015,Embung F ITERA Amplitudo/32 kHz High Amplitudo/20261004_150400T.WAV,0,55,55,Embung F ITERA Amplitudo,High,-5.368215,105.320026,10/4/2026,14:50,Siang,Cerah,24F31901603767F6,Unknown,32000,Unknown,Amplitude,0.013452027,0.15289307,Y,System,10/8/2026,,c9b76a9b408cbc8ce1a95253b504d79113f13b81cb7fed52f7e59eaa7df1d3a5
NOISE_0016,Embung F ITERA Amplitudo/32 kHz High Amplitudo/20261004_150500T.WAV,0,55,55,Embung F ITERA Amplitudo,High,-5.368215,105.320026,10/4/2026,14:50,Siang,Cerah,24F31901603767F6,Unknown,32000,Unknown,Amplitude,0.01466934,0.1701355,Y,System,10/8/2026,,af8d0f6127909247e6eac97843e555913228f152996530c3a0c5455eb2014968
NOISE_0017,Embung F ITERA Amplitudo/32 kHz High Amplitudo/20261004_150600T.WAV,0,55,55,Embung F ITERA Amplitudo,High,-5.368215,105.320026,10/4/2026,14:50,Siang,Cerah,24F31901603767F6,Unknown,32000,Unknown,Amplitude,0.015194218,0.10992432,Y,System,10/8/2026,,97cf71129e77feaf451f37f7d0a5d7f86b7b966576c8617bd5fac05f7046d1e1
NOISE_0018,Embung F ITERA Amplitudo/32 kHz High Amplitudo/20261004_150700T.WAV,0,55,55,Embung F ITERA Amplitudo,High,-5.368215,105.320026,10/4/2026,14:50,Siang,Cerah,24F31901603767F6,Unknown,32000,Unknown,Amplitude,0.011288486,0.1592102,Y,System,10/8/2026,,61dd2992b8c07addd99243c0ce7f48e8edc5bafa858041b5b3d9d22eb028b0f0
NOISE_0019,Embung F ITERA Amplitudo/32 kHz High Amplitudo/20261004_150800T.WAV,0,55,55,Embung F ITERA Amplitudo,High,-5.368215,105.320026,10/4/2026,14:50,Siang,Cerah,24F31901603767F6,Unknown,32000,Unknown,Amplitude,0.010699817,0.09170532,Y,System,10/8/2026,,d49f10eab68a59341de1969b20b9307fe00e8d1810e04e0f7e5bfb1ba7d32ce7
NOISE_0020,Embung F ITERA Amplitudo/32 kHz High Amplitudo/20261004_150900T.WAV,0,55,55,Embung F ITERA Amplitudo,High,-5.368215,105.320026,10/4/2026,14:50,Siang,Cerah,24F31901603767F6,Unknown,32000,Unknown,Amplitude,0.010463574,0.15216064,Y,System,10/8/2026,,21316b74008007234590803c99489620f99c6ca5e467e701516a648aa7dd0986
NOISE_0021,Embung F ITERA Amplitudo/32 kHz High Amplitudo/20261004_151000T.WAV,0,55,55,Embung F ITERA Amplitudo,High,-5.368215,105.320026,10/4/2026,14:50,Siang,Cerah,24F31901603767F6,Unknown,32000,Unknown,Amplitude,0.010684966,0.14685059,Y,System,10/8/2026,,90ce24d9fee302d0a5d4d40cb354d54bd2aed67377ac7c482bad9c0acb196fc0
NOISE_0022,Embung F ITERA Amplitudo/32 kHz High Amplitudo/20261004_151100T.WAV,0,55,55,Embung F ITERA Amplitudo,High,-5.368215,105.320026,10/4/2026,14:50,Siang,Cerah,24F31901603767F6,Unknown,32000,Unknown,Amplitude,0.009968593,0.10055542,Y,System,10/8/2026,,c1a81a45789e3378c800d73d9596af9653dfc4299ad3e885265f7d97c12da2f3
NOISE_0023,Embung F ITERA Amplitudo/32 kHz High Amplitudo/20261004_151200T.WAV,0,55,55,Embung F ITERA Amplitudo,High,-5.368215,105.320026,10/4/2026,14:50,Siang,Cerah,24F31901603767F6,Unknown,32000,Unknown,Amplitude,0.010899761,0.1651001,Y,System,10/8/2026,,85848259f1affa6c25bd35809bf944f0060b599aa5498e1f69818f67d6f4a514
NOISE_0024,Embung F ITERA Amplitudo/32 kHz High Amplitudo/20261004_151300T.WAV,0,55,55,Embung F ITERA Amplitudo,High,-5.368215,105.320026,10/4/2026,14:50,Siang,Cerah,24F31901603767F6,Unknown,32000,Unknown,Amplitude,0.015522606,0.14633179,Y,System,10/8/2026,,ede8e734acffb2036fdb2cd43109f57e34c981331cbf555238f54e6e4b14a6e2
NOISE_0025,Embung F ITERA Amplitudo/32 kHz High Amplitudo/20261004_151400T.WAV,0,55,55,Embung F ITERA Amplitudo,High,-5.368215,105.320026,10/4/2026,14:50,Siang,Cerah,24F31901603767F6,Unknown,32000,Unknown,Amplitude,0.008712072,0.1003418,Y,System,10/8/2026,,672eb2d5ae4ea88a8ad7426f01db16901dc75bd5b13bc828a9798078dc12b591
NOISE_0026,Embung F ITERA Amplitudo/32 kHz High Amplitudo/20261004_151500T.WAV,0,55,55,Embung F ITERA Amplitudo,High,-5.368215,105.320026,10/4/2026,14:50,Siang,Cerah,24F31901603767F6,Unknown,32000,Unknown,Amplitude,0.008989566,0.0730896,Y,System,10/8/2026,,668d0ad431bdffacc8f69b5006d7e93bb4f6b1be462cb32f822c8f7536dba075
NOISE_0027,Embung F ITERA Amplitudo/32 kHz High Amplitudo/20261004_151600T.WAV,0,55,55,Embung F ITERA Amplitudo,High,-5.368215,105.320026,10/4/2026,14:50,Siang,Cerah,24F31901603767F6,Unknown,32000,Unknown,Amplitude,0.01017651,0.14770508,Y,System,10/8/2026,,47f744ca29f1400e59428eef493fe36b4d84bfa59bbe9cc34a33df1a825c4ca4
NOISE_0028,Embung F ITERA Amplitudo/32 kHz High Amplitudo/20261004_151700T.WAV,0,55,55,Embung F ITERA Amplitudo,High,-5.368215,105.320026,10/4/2026,14:50,Siang,Cerah,24F31901603767F6,Unknown,32000,Unknown,Amplitude,0.014144626,0.15045166,Y,System,10/8/2026,,bedad52a9120488f9666eb408df9be563475e236ee2735a4a3f5f81228bc9220
NOISE_0029,Embung F ITERA Amplitudo/32 kHz High Amplitudo/20261004_151800T.WAV,0,55,55,Embung F ITERA Amplitudo,High,-5.368215,105.320026,10/4/2026,14:50,Siang,Cerah,24F31901603767F6,Unknown,32000,Unknown,Amplitude,0.010882313,0.2975464,Y,System,10/8/2026,,a15fd8e9a6e112f39cc9a27d79acf43d94ffd9d303b48c1625e987d309388478
NOISE_0030,Embung F ITERA Amplitudo/32 kHz High Amplitudo/20261004_151900T.WAV,0,55,55,Embung F ITERA Amplitudo,High,-5.368215,105.320026,10/4/2026,14:50,Siang,Cerah,24F31901603767F6,Unknown,32000,Unknown,Amplitude,0.010171021,0.85672,Y,System,10/8/2026,,b91ff983c617eb640844ce0c615882a9147d6bb62260f46cf6484fc4dffb94fc
NOISE_0031,Embung F ITERA Amplitudo/32 kHz High Amplitudo/20261004_152000T.WAV,0,55,55,Embung F ITERA Amplitudo,High,-5.368215,105.320026,10/4/2026,14:50,Siang,Cerah,24F31901603767F6,Unknown,32000,Unknown,Amplitude,0.010061006,0.1005249,Y,System,10/8/2026,,ef14e356cba79566696063682e50989defc6321c6ebd64a55fc47b37f696601d
NOISE_0032,Embung F ITERA Amplitudo/32 kHz High Amplitudo/20261004_152100T.WAV,0,55,55,Embung F ITERA Amplitudo,High,-5.368215,105.320026,10/4/2026,14:50,Siang,Cerah,24F31901603767F6,Unknown,32000,Unknown,Amplitude,0.011946086,0.21969604,Y,System,10/8/2026,,2ffc3d9ccd6e407a4730bc7de7364493ac4b7683dc86c11d531af57057b1316c
NOISE_0033,Embung F ITERA Amplitudo/32 kHz High Amplitudo/20261004_152200T.WAV,0,55,55,Embung F ITERA Amplitudo,High,-5.368215,105.320026,10/4/2026,14:50,Siang,Cerah,24F31901603767F6,Unknown,32000,Unknown,Amplitude,0.018080318,0.3026123,Y,System,10/8/2026,,78f84c7ffbae9b9df5a7708e3b69940035ed77d549660941119d8c2d24337072
NOISE_0034,Embung F ITERA Amplitudo/32 kHz High Amplitudo/20261004_152300T.WAV,0,55,55,Embung F ITERA Amplitudo,High,-5.368215,105.320026,10/4/2026,14:50,Siang,Cerah,24F31901603767F6,Unknown,32000,Unknown,Amplitude,0.013493897,0.29684448,Y,System,10/8/2026,,1b8e1205ce841b46fdccb30a1509981fbacd95d7ad48f85b32d9ff2f7f2d776f
NOISE_0035,Embung F ITERA Amplitudo/32 kHz High Amplitudo/20261004_152400T.WAV,0,55,55,Embung F ITERA Amplitudo,High,-5.368215,105.320026,10/4/2026,14:50,Siang,Cerah,24F31901603767F6,Unknown,32000,Unknown,Amplitude,0.014958106,0.24905396,Y,System,10/8/2026,,775fb4312b22c194e82cdd6331728e201fb56f9f8108a634099c7a7563d95844
NOISE_0036,Embung F ITERA Amplitudo/32 kHz High Amplitudo/20261004_152500T.WAV,0,55,55,Embung F ITERA Amplitudo,High,-5.368215,105.320026,10/4/2026,14:50,Siang,Cerah,24F31901603767F6,Unknown,32000,Unknown,Amplitude,0.010710605,0.11148071,Y,System,10/8/2026,,a80beb34d1a393ac212100aaa283794cdbb6ac050d01f272540613158e02f707
NOISE_0037,Embung F ITERA Amplitudo/32 kHz High Amplitudo/20261004_152600T.WAV,0,55,55,Embung F ITERA Amplitudo,High,-5.368215,105.320026,10/4/2026,14:50,Siang,Cerah,24F31901603767F6,Unknown,32000,Unknown,Amplitude,0.010773256,0.22555542,Y,System,10/8/2026,,7bb62e83634fa7fcb2fb88cc06dfa7fdca3da7db46a60c97001eb95d224221c6
NOISE_0038,Embung F ITERA Amplitudo/32 kHz High Amplitudo/20261004_152700T.WAV,0,55,55,Embung F ITERA Amplitudo,High,-5.368215,105.320026,10/4/2026,14:50,Siang,Cerah,24F31901603767F6,Unknown,32000,Unknown,Amplitude,0.009829066,0.38085938,Y,System,10/8/2026,,95137d0c2afb47e98cf52bbe427919fdb06e0826d8fcc49d4fb2355c0f8d8944
NOISE_0039,Embung F ITERA Amplitudo/32 kHz High Amplitudo/20261004_152800T.WAV,0,55,55,Embung F ITERA Amplitudo,High,-5.368215,105.320026,10/4/2026,14:50,Siang,Cerah,24F31901603767F6,Unknown,32000,Unknown,Amplitude,0.011862166,0.31896973,Y,System,10/8/2026,,e4617cc073d2abcfc68378feb9d1726c5b7def08c48bf1d8dc4020fc6c8c5506
NOISE_0040,Embung F ITERA Amplitudo/32 kHz High Amplitudo/20261004_152900T.WAV,0,55,55,Embung F ITERA Amplitudo,High,-5.368215,105.320026,10/4/2026,14:50,Siang,Cerah,24F31901603767F6,Unknown,32000,Unknown,Amplitude,0.012633569,0.18338013,Y,System,10/8/2026,,34b6d16289bfd5385054f533db664a0b04ff18f1df7d78f6b7cf0e8bfbf0b017
NOISE_0041,Embung F ITERA Amplitudo/32 kHz High Amplitudo/20261004_153000T.WAV,0,55,55,Embung F ITERA Amplitudo,High,-5.368215,105.320026,10/4/2026,14:50,Siang,Cerah,24F31901603767F6,Unknown,32000,Unknown,Amplitude,0.011521014,0.16790771,Y,System,10/8/2026,,b9b4678cbecfca28521902670a111a66e0f43ab400cb6c666f631f832a76f0c7
NOISE_0042,Embung F ITERA Amplitudo/32 kHz High Amplitudo/20261004_153100T.WAV,0,55,55,Embung F ITERA Amplitudo,High,-5.368215,105.320026,10/4/2026,14:50,Siang,Cerah,24F31901603767F6,Unknown,32000,Unknown,Amplitude,0.012786692,0.12097168,Y,System,10/8/2026,,e7e6482ea57e62a9d943b38342bf959c17408a043f8beddea89c7be73be7525f
NOISE_0043,Embung F ITERA Amplitudo/32 kHz High Amplitudo/20261004_153200T.WAV,0,55,55,Embung F ITERA Amplitudo,High,-5.368215,105.320026,10/4/2026,14:50,Siang,Cerah,24F31901603767F6,Unknown,32000,Unknown,Amplitude,0.009268822,0.072021484,Y,System,10/8/2026,,54eac22adb1ca50abc0fa4fed062c47ae1599d31d91ef0b3434f621fdd515ee8
NOISE_0044,Embung F ITERA Amplitudo/32 kHz High Amplitudo/20261004_153300T.WAV,0,55,55,Embung F ITERA Amplitudo,High,-5.368215,105.320026,10/4/2026,14:50,Siang,Cerah,24F31901603767F6,Unknown,32000,Unknown,Amplitude,0.009978313,0.45559692,Y,System,10/8/2026,,77e7b114e2fa1895d487d01669ebc016f6fc172ff378d31ee8092f148ef114a5
NOISE_0045,Embung F ITERA Amplitudo/32 kHz High Amplitudo/20261004_153400T.WAV,0,55,55,Embung F ITERA Amplitudo,High,-5.368215,105.320026,10/4/2026,14:50,Siang,Cerah,24F31901603767F6,Unknown,32000,Unknown,Amplitude,0.010211068,0.16998291,Y,System,10/8/2026,,47c37b1d066eb0e7b2d0d8b66466a423ed85008220071b44f83f352743317411
NOISE_0046,Embung F ITERA Amplitudo/32 kHz High Amplitudo/20261004_153500T.WAV,0,55,55,Embung F ITERA Amplitudo,High,-5.368215,105.320026,10/4/2026,14:50,Siang,Cerah,24F31901603767F6,Unknown,32000,Unknown,Amplitude,0.012989751,0.27746582,Y,System,10/8/2026,,99a327d90a61c45b4eda3ec1d0fd53cb918845c6161ef00bc2d53a093392ebb9
NOISE_0047,Embung F ITERA Amplitudo/32 kHz High Amplitudo/20261004_153600T.WAV,0,55,55,Embung F ITERA Amplitudo,High,-5.368215,105.320026,10/4/2026,14:50,Siang,Cerah,24F31901603767F6,Unknown,32000,Unknown,Amplitude,0.011813,0.17782593,Y,System,10/8/2026,,74bd0fb65fe7abfe8f647c537d4c09d7dddfb1c4bd82dd63351d4444cfaefbce
NOISE_0048,Embung F ITERA Amplitudo/32 kHz High Amplitudo/20261004_153700T.WAV,0,55,55,Embung F ITERA Amplitudo,High,-5.368215,105.320026,10/4/2026,14:50,Siang,Cerah,24F31901603767F6,Unknown,32000,Unknown,Amplitude,0.009966149,0.17749023,Y,System,10/8/2026,,569a04db169aec05507ae01f70a3fd8f2e4cd3fdd2224c6e907081b328c859a3
NOISE_0049,Embung F ITERA Amplitudo/32 kHz High Amplitudo/20261004_153800T.WAV,0,55,55,Embung F ITERA Amplitudo,High,-5.368215,105.320026,10/4/2026,14:50,Siang,Cerah,24F31901603767F6,Unknown,32000,Unknown,Amplitude,0.011818757,0.9999695,Y,System,10/8/2026,,45ce36fc94e7c68fa66efecc14a787d29c774c054aad0ece6f1ee4da7799afc9
NOISE_0050,Embung F ITERA Amplitudo/32 kHz High Amplitudo/20261004_153900T.WAV,0,55,55,Embung F ITERA Amplitudo,High,-5.368215,105.320026,10/4/2026,14:50,Siang,Cerah,24F31901603767F6,Unknown,32000,Unknown,Amplitude,0.010657234,0.200531,Y,System,10/8/2026,,aa085ca2d0e8faa0359fbbd9651b4fa894bed3daaad8195f9707e6f362b6ceac
NOISE_0051,Embung F ITERA Amplitudo/32 kHz High Amplitudo/20261004_154000T.WAV,0,55,55,Embung F ITERA Amplitudo,High,-5.368215,105.320026,10/4/2026,14:50,Siang,Cerah,24F31901603767F6,Unknown,32000,Unknown,Amplitude,0.008749726,0.08944702,Y,System,10/8/2026,,2d73a4dabf69da5dbc594a9fc9b4cbb5e761f67d9fa1bc3527320bea3a8c9154
NOISE_0052,Embung F ITERA Amplitudo/32 kHz High Amplitudo/20261004_154100T.WAV,0,55,55,Embung F ITERA Amplitudo,High,-5.368215,105.320026,10/4/2026,14:50,Siang,Cerah,24F31901603767F6,Unknown,32000,Unknown,Amplitude,0.009377353,0.07107544,Y,System,10/8/2026,,156b427bc7943334cf858affcb6118e29f88430c3dd0e17005f7d8ba1328a599
NOISE_0053,Embung F ITERA Amplitudo/32 kHz High Amplitudo/20261004_154200T.WAV,0,55,55,Embung F ITERA Amplitudo,High,-5.368215,105.320026,10/4/2026,14:50,Siang,Cerah,24F31901603767F6,Unknown,32000,Unknown,Amplitude,0.009620143,0.089904785,Y,System,10/8/2026,,23bc5d6fe08a8c62d3dd7ac4256836934b48177b32a088cac6c9b116e3a42d09
NOISE_0054,Embung F ITERA Amplitudo/32 kHz High Amplitudo/20261004_154300T.WAV,0,55,55,Embung F ITERA Amplitudo,High,-5.368215,105.320026,10/4/2026,14:50,Siang,Cerah,24F31901603767F6,Unknown,32000,Unknown,Amplitude,0.010586919,0.25723267,Y,System,10/8/2026,,de1c65f36373d37e5612bb051fc539e63ba8f61fec7b636a2c774c1f7a910d74
NOISE_0055,Embung F ITERA Amplitudo/32 kHz High Amplitudo/20261004_154400T.WAV,0,55,55,Embung F ITERA Amplitudo,High,-5.368215,105.320026,10/4/2026,14:50,Siang,Cerah,24F31901603767F6,Unknown,32000,Unknown,Amplitude,0.010534324,0.10369873,Y,System,10/8/2026,,5264224b5930cb272836ecb667853b68854bd571f62648f76790cea903343786
NOISE_0056,Embung F ITERA Amplitudo/32 kHz High Amplitudo/20261004_154500T.WAV,0,55,55,Embung F ITERA Amplitudo,High,-5.368215,105.320026,10/4/2026,14:50,Siang,Cerah,24F31901603767F6,Unknown,32000,Unknown,Amplitude,0.01142792,0.12850952,Y,System,10/8/2026,,3f5a07511b91045c9b11420161927151311f50b5a6cb87ece6e7e7b9ee8fded9
NOISE_0057,Embung F ITERA Amplitudo/32 kHz High Amplitudo/20261004_154600T.WAV,0,55,55,Embung F ITERA Amplitudo,High,-5.368215,105.320026,10/4/2026,14:50,Siang,Cerah,24F31901603767F6,Unknown,32000,Unknown,Amplitude,0.013611468,0.11791992,Y,System,10/8/2026,,cc74fea3a28083e41803921d3ba850ed8fd094cf7a899ba80bc8b2dd9e8b8771
NOISE_0058,Embung F ITERA Amplitudo/32 kHz High Amplitudo/20261004_154700T.WAV,0,55,55,Embung F ITERA Amplitudo,High,-5.368215,105.320026,10/4/2026,14:50,Siang,Cerah,24F31901603767F6,Unknown,32000,Unknown,Amplitude,0.009351851,0.08016968,Y,System,10/8/2026,,d8271ab994d58a45384fefc088cc803d723b03ee8ed707af7dcdc2091e3f561f
NOISE_0059,Embung F ITERA Amplitudo/32 kHz High Amplitudo/20261004_154800T.WAV,0,55,55,Embung F ITERA Amplitudo,High,-5.368215,105.320026,10/4/2026,14:50,Siang,Cerah,24F31901603767F6,Unknown,32000,Unknown,Amplitude,0.009233362,0.15621948,Y,System,10/8/2026,,60726c976f8b5d2f684753eb926b67f94badca81bbef255baeb847577e03b984
NOISE_0060,Embung F ITERA Amplitudo/32 kHz High Amplitudo/20261004_154900T.WAV,0,55,55,Embung F ITERA Amplitudo,High,-5.368215,105.320026,10/4/2026,14:50,Siang,Cerah,24F31901603767F6,Unknown,32000,Unknown,Amplitude,0.008962741,0.070495605,Y,System,10/8/2026,,30cd0444cbc0b2c7d37444b90a48b8c02695ccbb279e3379661098173104e188
NOISE_0061,Embung F ITERA Amplitudo/32 kHz Low Amplitudo/20261004_122500T.WAV,0,55,55,Embung F ITERA Amplitudo,Low,-5.368902,105.320293,10/4/2026,12:25,Siang,Cerah,24F31901603767F6,Unknown,32000,Unknown,Amplitude,0.006095475,0.15841675,Y,System,10/8/2026,,bad2c598a39bf2a5035f1b582b741d2f86b235fc95ea164b26683a1a853a50fa
NOISE_0062,Embung F ITERA Amplitudo/32 kHz Low Amplitudo/20261004_122600T.WAV,0,55,55,Embung F ITERA Amplitudo,Low,-5.368902,105.320293,10/4/2026,12:25,Siang,Cerah,24F31901603767F6,Unknown,32000,Unknown,Amplitude,0.001301328,0.045196533,Y,System,10/8/2026,,a1d011351562edc1b96762f4fa5552d917e2145a89daf1c95d098b13226f722d
NOISE_0063,Embung F ITERA Amplitudo/32 kHz Low Amplitudo/20261004_122700T.WAV,0,55,55,Embung F ITERA Amplitudo,Low,-5.368902,105.320293,10/4/2026,12:25,Siang,Cerah,24F31901603767F6,Unknown,32000,Unknown,Amplitude,0.001036377,0.06555176,Y,System,10/8/2026,,bc3ff5e26454b13562dac9cc2df6bf802b9fcee74b817288fb4fa8efaa9e5c6f
NOISE_0064,Embung F ITERA Amplitudo/32 kHz Low Amplitudo/20261004_122800T.WAV,0,55,55,Embung F ITERA Amplitudo,Low,-5.368902,105.320293,10/4/2026,12:25,Siang,Cerah,24F31901603767F6,Unknown,32000,Unknown,Amplitude,0.001290986,0.02331543,Y,System,10/8/2026,,53a5884f7889ae1da631b844b4257a54b221599b2e1ca1450128494ab39a4c2a
NOISE_0065,Embung F ITERA Amplitudo/32 kHz Low Amplitudo/20261004_122900T.WAV,0,55,55,Embung F ITERA Amplitudo,Low,-5.368902,105.320293,10/4/2026,12:25,Siang,Cerah,24F31901603767F6,Unknown,32000,Unknown,Amplitude,0.001380277,0.07293701,Y,System,10/8/2026,,d7f28edbb0797a4518988790c37e39521aff5cb4ec7c624d4dd80d6456dbb99d
NOISE_0066,Embung F ITERA Amplitudo/32 kHz Low Amplitudo/20261004_123000T.WAV,0,55,55,Embung F ITERA Amplitudo,Low,-5.368902,105.320293,10/4/2026,12:25,Siang,Cerah,24F31901603767F6,Unknown,32000,Unknown,Amplitude,0.001923512,0.07324219,Y,System,10/8/2026,,43429a25134d4e46a8dec2d083237d137f9e99693adeb5143c4b5290f63c3b5b
NOISE_0067,Embung F ITERA Amplitudo/32 kHz Low Amplitudo/20261004_123100T.WAV,0,55,55,Embung F ITERA Amplitudo,Low,-5.368902,105.320293,10/4/2026,12:25,Siang,Cerah,24F31901603767F6,Unknown,32000,Unknown,Amplitude,0.002023181,0.2588501,Y,System,10/8/2026,,c95aae84907a50d3cf8831eff18bd9207adb0a1c3d9ea153be9a537e2ff57b5d
NOISE_0068,Embung F ITERA Amplitudo/32 kHz Low Amplitudo/20261004_123200T.WAV,0,55,55,Embung F ITERA Amplitudo,Low,-5.368902,105.320293,10/4/2026,12:25,Siang,Cerah,24F31901603767F6,Unknown,32000,Unknown,Amplitude,0.003482708,0.10369873,Y,System,10/8/2026,,c2e219e3568d1bfce6ee973471ec380265879dd04dd38093622f76267a72bd4f
NOISE_0069,Embung F ITERA Amplitudo/32 kHz Low Amplitudo/20261004_123300T.WAV,0,55,55,Embung F ITERA Amplitudo,Low,-5.368902,105.320293,10/4/2026,12:25,Siang,Cerah,24F31901603767F6,Unknown,32000,Unknown,Amplitude,0.006568157,0.21875,Y,System,10/8/2026,,215579a427c86a8382be4934d4d3f9b51b3d91dde74b6848777241b88e533a0e
NOISE_0070,Embung F ITERA Amplitudo/32 kHz Low Amplitudo/20261004_123400T.WAV,0,55,55,Embung F ITERA Amplitudo,Low,-5.368902,105.320293,10/4/2026,12:25,Siang,Cerah,24F31901603767F6,Unknown,32000,Unknown,Amplitude,0.00490643,0.35531616,Y,System,10/8/2026,,bc59ead3cceb548aa2528b7331c9a583c3c059015ac51662089d238a3c210efb
NOISE_0071,Embung F ITERA Amplitudo/32 kHz Low Amplitudo/20261004_123500T.WAV,0,55,55,Embung F ITERA Amplitudo,Low,-5.368902,105.320293,10/4/2026,12:25,Siang,Cerah,24F31901603767F6,Unknown,32000,Unknown,Amplitude,0.00637282,0.20098877,Y,System,10/8/2026,,0c4da2f8adb27a4fc341b29bba43d0ddf5205cfab1315cbf6f5e7295db5384a6
NOISE_0072,Embung F ITERA Amplitudo/32 kHz Low Amplitudo/20261004_123600T.WAV,0,55,55,Embung F ITERA Amplitudo,Low,-5.368902,105.320293,10/4/2026,12:25,Siang,Cerah,24F31901603767F6,Unknown,32000,Unknown,Amplitude,0.007382006,0.23648071,Y,System,10/8/2026,,5d3d9f906d0adff242c8e115fa1590fcf84a21db0dbf0321693efb65e8983c6a
NOISE_0073,Embung F ITERA Amplitudo/32 kHz Low Amplitudo/20261004_123700T.WAV,0,55,55,Embung F ITERA Amplitudo,Low,-5.368902,105.320293,10/4/2026,12:25,Siang,Cerah,24F31901603767F6,Unknown,32000,Unknown,Amplitude,0.003161732,0.11141968,Y,System,10/8/2026,,46da71f35f9a88097dd65900cd9aee180e34685f5085df4846e123334b01eccd
NOISE_0074,Embung F ITERA Amplitudo/32 kHz Low Amplitudo/20261004_123800T.WAV,0,55,55,Embung F ITERA Amplitudo,Low,-5.368902,105.320293,10/4/2026,12:25,Siang,Cerah,24F31901603767F6,Unknown,32000,Unknown,Amplitude,0.002624682,0.09793091,Y,System,10/8/2026,,745f3e3542ed18f45d87c9187546e6c85f762f402f6986c30c7f9bf1f4e23133
NOISE_0075,Embung F ITERA Amplitudo/32 kHz Low Amplitudo/20261004_123900T.WAV,0,55,55,Embung F ITERA Amplitudo,Low,-5.368902,105.320293,10/4/2026,12:25,Siang,Cerah,24F31901603767F6,Unknown,32000,Unknown,Amplitude,0.001420337,0.026794434,Y,System,10/8/2026,,ec8fbf36b6eb628543c96a9ad624b6a1d4fe036f4e48e912bef09f81584a11c3
NOISE_0076,Embung F ITERA Amplitudo/32 kHz Low Amplitudo/20261004_124000T.WAV,0,55,55,Embung F ITERA Amplitudo,Low,-5.368902,105.320293,10/4/2026,12:25,Siang,Cerah,24F31901603767F6,Unknown,32000,Unknown,Amplitude,0.001496994,0.045532227,Y,System,10/8/2026,,225d6b250189ffed34c6ba39f398e4e8050e211dd6db5739c1a5fe0aa8f5b7ff
NOISE_0077,Embung F ITERA Amplitudo/32 kHz Low Amplitudo/20261004_124100T.WAV,0,55,55,Embung F ITERA Amplitudo,Low,-5.368902,105.320293,10/4/2026,12:25,Siang,Cerah,24F31901603767F6,Unknown,32000,Unknown,Amplitude,0.001502716,0.05960083,Y,System,10/8/2026,,fdd986ecbd37915ee13d34d1cf194f683ef794244e6b5644c40caa3b5f7775f0
NOISE_0078,Embung F ITERA Amplitudo/32 kHz Low Amplitudo/20261004_124200T.WAV,0,55,55,Embung F ITERA Amplitudo,Low,-5.368902,105.320293,10/4/2026,12:25,Siang,Cerah,24F31901603767F6,Unknown,32000,Unknown,Amplitude,0.001809762,0.029052734,Y,System,10/8/2026,,18f6a9a4bb682a26e8367acb8fad44c9be3e8ef80b367c292fbcaea00fac49ef
NOISE_0079,Embung F ITERA Amplitudo/32 kHz Low Amplitudo/20261004_124300T.WAV,0,55,55,Embung F ITERA Amplitudo,Low,-5.368902,105.320293,10/4/2026,12:25,Siang,Cerah,24F31901603767F6,Unknown,32000,Unknown,Amplitude,0.007980956,0.19122314,Y,System,10/8/2026,,b11282c4af088382c23f6dc6fb97e309b712421afd519552a92509d5195686ad
NOISE_0080,Embung F ITERA Amplitudo/32 kHz Low Amplitudo/20261004_124400T.WAV,0,55,55,Embung F ITERA Amplitudo,Low,-5.368902,105.320293,10/4/2026,12:25,Siang,Cerah,24F31901603767F6,Unknown,32000,Unknown,Amplitude,0.001280967,0.0317688,Y,System,10/8/2026,,2719c9f3668fcdd91cabe9525f35d976872c9356c73f5dd07f29e50286cc772b
NOISE_0081,Embung F ITERA Amplitudo/32 kHz Low Amplitudo/20261004_124500T.WAV,0,55,55,Embung F ITERA Amplitudo,Low,-5.368902,105.320293,10/4/2026,12:25,Siang,Cerah,24F31901603767F6,Unknown,32000,Unknown,Amplitude,0.002724292,0.05307007,Y,System,10/8/2026,,363dbec9068a549625dfa9de99f4a3682fba223ea345db0e656f7b3bb1f8872e
NOISE_0082,Embung F ITERA Amplitudo/32 kHz Low Amplitudo/20261004_124600T.WAV,0,55,55,Embung F ITERA Amplitudo,Low,-5.368902,105.320293,10/4/2026,12:25,Siang,Cerah,24F31901603767F6,Unknown,32000,Unknown,Amplitude,0.003857625,0.07888794,Y,System,10/8/2026,,47309d89a9f742ff0618ee69450f3b31cefdca6b2e58828381444ab382fd8a08
NOISE_0083,Embung F ITERA Amplitudo/32 kHz Low Amplitudo/20261004_124700T.WAV,0,55,55,Embung F ITERA Amplitudo,Low,-5.368902,105.320293,10/4/2026,12:25,Siang,Cerah,24F31901603767F6,Unknown,32000,Unknown,Amplitude,0.009583977,0.23355103,Y,System,10/8/2026,,0160c670e16c9221a0ca37f4dcaea6c09cdec1f3eefecd9942775f6f4f7a0ebd
NOISE_0084,Embung F ITERA Amplitudo/32 kHz Low Amplitudo/20261004_124800T.WAV,0,55,55,Embung F ITERA Amplitudo,Low,-5.368902,105.320293,10/4/2026,12:25,Siang,Cerah,24F31901603767F6,Unknown,32000,Unknown,Amplitude,0.002638921,0.0317688,Y,System,10/8/2026,,d581efbf9c878a60f1baab2d53c19ff1714ed414a6ec2582ebd48c4c34e1590a
NOISE_0085,Embung F ITERA Amplitudo/32 kHz Low Amplitudo/20261004_124900T.WAV,0,55,55,Embung F ITERA Amplitudo,Low,-5.368902,105.320293,10/4/2026,12:25,Siang,Cerah,24F31901603767F6,Unknown,32000,Unknown,Amplitude,0.004034262,0.04925537,Y,System,10/8/2026,,9123c28d04a81a040da030607595d4b5383d9de124bfbbb60aaedf168182e2b0
NOISE_0086,Embung F ITERA Amplitudo/32 kHz Low Amplitudo/20261004_125000T.WAV,0,55,55,Embung F ITERA Amplitudo,Low,-5.368902,105.320293,10/4/2026,12:25,Siang,Cerah,24F31901603767F6,Unknown,32000,Unknown,Amplitude,0.00102558,0.044311523,Y,System,10/8/2026,,494a86a49b374aa9d545159c280d75acd533619687363e50679a9cc854829fa8
NOISE_0087,Embung F ITERA Amplitudo/32 kHz Low Amplitudo/20261004_125100T.WAV,0,55,55,Embung F ITERA Amplitudo,Low,-5.368902,105.320293,10/4/2026,12:25,Siang,Cerah,24F31901603767F6,Unknown,32000,Unknown,Amplitude,0.001030159,0.02130127,Y,System,10/8/2026,,c3f745da51384f991b1ea9683ad6c280af899d3f440039dd7a1ba56e0e53c54a
NOISE_0088,Embung F ITERA Amplitudo/32 kHz Low Amplitudo/20261004_125200T.WAV,0,55,55,Embung F ITERA Amplitudo,Low,-5.368902,105.320293,10/4/2026,12:25,Siang,Cerah,24F31901603767F6,Unknown,32000,Unknown,Amplitude,0.00092245,0.014801025,Y,System,10/8/2026,,5cbbb1aaf149ceb92761a031678b09ec5f12a3bb94ce722712d51d643a90e3bc
NOISE_0089,Embung F ITERA Amplitudo/32 kHz Low Amplitudo/20261004_125300T.WAV,0,55,55,Embung F ITERA Amplitudo,Low,-5.368902,105.320293,10/4/2026,12:25,Siang,Cerah,24F31901603767F6,Unknown,32000,Unknown,Amplitude,0.001025553,0.025756836,Y,System,10/8/2026,,82b92517ed070d77516e81795745bca4741b1dc2dd1d1000b0f7353354d3d67d
NOISE_0090,Embung F ITERA Amplitudo/32 kHz Low Amplitudo/20261004_125400T.WAV,0,55,55,Embung F ITERA Amplitudo,Low,-5.368902,105.320293,10/4/2026,12:25,Siang,Cerah,24F31901603767F6,Unknown,32000,Unknown,Amplitude,0.001354537,0.024719238,Y,System,10/8/2026,,78af6b441429707f36d6005db386a7dc19c62d30d169739a3fe37df273bc0416
NOISE_0091,Embung F ITERA Amplitudo/32 kHz Low Amplitudo/20261004_125500T.WAV,0,55,55,Embung F ITERA Amplitudo,Low,-5.368902,105.320293,10/4/2026,12:25,Siang,Cerah,24F31901603767F6,Unknown,32000,Unknown,Amplitude,0.001284078,0.103393555,Y,System,10/8/2026,,95773f65eea4c534d61ea672db3b7cee2d415403f3aaa48ec54830861b69f141
NOISE_0092,Embung F ITERA Amplitudo/32 kHz Low Amplitudo/20261004_125600T.WAV,0,55,55,Embung F ITERA Amplitudo,Low,-5.368902,105.320293,10/4/2026,12:25,Siang,Cerah,24F31901603767F6,Unknown,32000,Unknown,Amplitude,0.001102031,0.05014038,Y,System,10/8/2026,,989bc61faa79e73ee43bb9a1834b16789e21e3407aa5b82306d375cbf107b836
NOISE_0093,Embung F ITERA Amplitudo/32 kHz Low Amplitudo/20261004_125700T.WAV,0,55,55,Embung F ITERA Amplitudo,Low,-5.368902,105.320293,10/4/2026,12:25,Siang,Cerah,24F31901603767F6,Unknown,32000,Unknown,Amplitude,0.001654621,0.06750488,Y,System,10/8/2026,,c574688fe4b97b3e5264bc7b5e9762da700285fd98a21c4c5b22d4caa77e7c48
NOISE_0094,Embung F ITERA Amplitudo/32 kHz Low Amplitudo/20261004_125800T.WAV,0,55,55,Embung F ITERA Amplitudo,Low,-5.368902,105.320293,10/4/2026,12:25,Siang,Cerah,24F31901603767F6,Unknown,32000,Unknown,Amplitude,0.001020316,0.025299072,Y,System,10/8/2026,,4dcfbb8f1813a68f4b576571db79d586ab3aeced597f83a739ce6804f174330e
NOISE_0095,Embung F ITERA Amplitudo/32 kHz Low Amplitudo/20261004_125900T.WAV,0,55,55,Embung F ITERA Amplitudo,Low,-5.368902,105.320293,10/4/2026,12:25,Siang,Cerah,24F31901603767F6,Unknown,32000,Unknown,Amplitude,0.001153238,0.041229248,Y,System,10/8/2026,,ccc0f3928d1c2ec2a6ad32094351745af7d2a47da6ec89cc3885208db65074fb
NOISE_0096,Embung F ITERA Amplitudo/32 kHz Low Amplitudo/20261004_130000T.WAV,0,55,55,Embung F ITERA Amplitudo,Low,-5.368902,105.320293,10/4/2026,12:25,Siang,Cerah,24F31901603767F6,Unknown,32000,Unknown,Amplitude,0.001181352,0.10168457,Y,System,10/8/2026,,c12152f9413c91d1884cb905db860487718e53d4b14a2539a854bc55b4534bb2
NOISE_0097,Embung F ITERA Amplitudo/32 kHz Low Amplitudo/20261004_130100T.WAV,0,55,55,Embung F ITERA Amplitudo,Low,-5.368902,105.320293,10/4/2026,12:25,Siang,Cerah,24F31901603767F6,Unknown,32000,Unknown,Amplitude,0.002488853,0.05432129,Y,System,10/8/2026,,b08542d5aff6c88bacbc22fbc43d7cc556a86cf4f81a8b0657fda52f8d3e41cb
NOISE_0098,Embung F ITERA Amplitudo/32 kHz Low Amplitudo/20261004_130200T.WAV,0,55,55,Embung F ITERA Amplitudo,Low,-5.368902,105.320293,10/4/2026,12:25,Siang,Cerah,24F31901603767F6,Unknown,32000,Unknown,Amplitude,0.002115054,0.039764404,Y,System,10/8/2026,,af23805001ae54e6ca323e168192ebeff11c57b336c4b94db925fa19227fadde
NOISE_0099,Embung F ITERA Amplitudo/32 kHz Low Amplitudo/20261004_130300T.WAV,0,55,55,Embung F ITERA Amplitudo,Low,-5.368902,105.320293,10/4/2026,12:25,Siang,Cerah,24F31901603767F6,Unknown,32000,Unknown,Amplitude,0.002298458,0.10443115,Y,System,10/8/2026,,e1323cd82ff71a990faf792aba6fc4063337f0fe475c5e207412bbf33383c40c
NOISE_0100,Embung F ITERA Amplitudo/32 kHz Low Amplitudo/20261004_130400T.WAV,0,55,55,Embung F ITERA Amplitudo,Low,-5.368902,105.320293,10/4/2026,12:25,Siang,Cerah,24F31901603767F6,Unknown,32000,Unknown,Amplitude,0.001385192,0.053985596,Y,System,10/8/2026,,943bd70bab92e729eda3a891a50e54dd22555c0c04d69f7f0beda64270ac3c19
NOISE_0101,Embung F ITERA Amplitudo/32 kHz Low Amplitudo/20261004_130500T.WAV,0,55,55,Embung F ITERA Amplitudo,Low,-5.368902,105.320293,10/4/2026,12:25,Siang,Cerah,24F31901603767F6,Unknown,32000,Unknown,Amplitude,0.001127586,0.027770996,Y,System,10/8/2026,,4bd5e3ef96327f892d31e2037f0fb8f153a54a0845f4c1da70e5f695c4a092f1
NOISE_0102,Embung F ITERA Amplitudo/32 kHz Low Amplitudo/20261004_130600T.WAV,0,55,55,Embung F ITERA Amplitudo,Low,-5.368902,105.320293,10/4/2026,12:25,Siang,Cerah,24F31901603767F6,Unknown,32000,Unknown,Amplitude,0.001678484,0.22766113,Y,System,10/8/2026,,01b00bae825f5590f3e06b665d21b0ba4e696885fd2d338816dd199624a066e6
NOISE_0103,Embung F ITERA Amplitudo/32 kHz Low Amplitudo/20261004_130700T.WAV,0,55,55,Embung F ITERA Amplitudo,Low,-5.368902,105.320293,10/4/2026,12:25,Siang,Cerah,24F31901603767F6,Unknown,32000,Unknown,Amplitude,0.00472028,0.18075562,Y,System,10/8/2026,,804825909f973c46e7e94c420559ccbc0fb5396fc592f2939f4dd470e75a395e
NOISE_0104,Embung F ITERA Amplitudo/32 kHz Low Amplitudo/20261004_130800T.WAV,0,55,55,Embung F ITERA Amplitudo,Low,-5.368902,105.320293,10/4/2026,12:25,Siang,Cerah,24F31901603767F6,Unknown,32000,Unknown,Amplitude,0.002173195,0.10998535,Y,System,10/8/2026,,2a4c5752850a7aa8379f0e435fe024e9d1592fee673563179368af3e50da9e7f
NOISE_0105,Embung F ITERA Amplitudo/32 kHz Low Amplitudo/20261004_130900T.WAV,0,55,55,Embung F ITERA Amplitudo,Low,-5.368902,105.320293,10/4/2026,12:25,Siang,Cerah,24F31901603767F6,Unknown,32000,Unknown,Amplitude,0.001555957,0.037750244,Y,System,10/8/2026,,d7bf7797232b83e9a740668caeb6dbdcfa530c51e8529c65e8a0bc3950c2f8a6
NOISE_0106,Embung F ITERA Amplitudo/32 kHz Low Amplitudo/20261004_131000T.WAV,0,55,55,Embung F ITERA Amplitudo,Low,-5.368902,105.320293,10/4/2026,12:25,Siang,Cerah,24F31901603767F6,Unknown,32000,Unknown,Amplitude,0.001693274,0.034729004,Y,System,10/8/2026,,4b5e56848f455097818bb75b8a1809bd29330676abc408e3c0ee30fff91d8e29
NOISE_0107,Embung F ITERA Amplitudo/32 kHz Low Amplitudo/20261004_131100T.WAV,0,55,55,Embung F ITERA Amplitudo,Low,-5.368902,105.320293,10/4/2026,12:25,Siang,Cerah,24F31901603767F6,Unknown,32000,Unknown,Amplitude,0.001284914,0.029937744,Y,System,10/8/2026,,7f6556c3b849239b0a53bfe7b5f545cc343ad0782959d99451a3d69566b3f0e5
NOISE_0108,Embung F ITERA Amplitudo/32 kHz Low Amplitudo/20261004_131200T.WAV,0,55,55,Embung F ITERA Amplitudo,Low,-5.368902,105.320293,10/4/2026,12:25,Siang,Cerah,24F31901603767F6,Unknown,32000,Unknown,Amplitude,0.001158128,0.035858154,Y,System,10/8/2026,,30623d6e739866a2a9e7fea351e016328db01f5bb03c66a1c2f3bb853ad839fb
NOISE_0109,Embung F ITERA Amplitudo/32 kHz Low Amplitudo/20261004_131300T.WAV,0,55,55,Embung F ITERA Amplitudo,Low,-5.368902,105.320293,10/4/2026,12:25,Siang,Cerah,24F31901603767F6,Unknown,32000,Unknown,Amplitude,0.001162347,0.08795166,Y,System,10/8/2026,,82747d2b9956f23ec6a2a3f6493d4f22bc9b7cf2e34e937078bacf04232ec881
NOISE_0110,Embung F ITERA Amplitudo/32 kHz Low Amplitudo/20261004_131400T.WAV,0,55,55,Embung F ITERA Amplitudo,Low,-5.368902,105.320293,10/4/2026,12:25,Siang,Cerah,24F31901603767F6,Unknown,32000,Unknown,Amplitude,0.001461695,0.07778931,Y,System,10/8/2026,,c2a8977748fc838df6f09b274de19f0832112a4dc37c2ab6c3e0faabbf4b82af
NOISE_0111,Embung F ITERA Amplitudo/32 kHz Low Amplitudo/20261004_131500T.WAV,0,55,55,Embung F ITERA Amplitudo,Low,-5.368902,105.320293,10/4/2026,12:25,Siang,Cerah,24F31901603767F6,Unknown,32000,Unknown,Amplitude,0.009511396,0.2695923,Y,System,10/8/2026,,596e615d224b66ca864e690dc627576312aae7e73cf9098db4dcb1c845239086
NOISE_0112,Embung F ITERA Amplitudo/32 kHz Low Amplitudo/20261004_131600T.WAV,0,55,55,Embung F ITERA Amplitudo,Low,-5.368902,105.320293,10/4/2026,12:25,Siang,Cerah,24F31901603767F6,Unknown,32000,Unknown,Amplitude,0.001350521,0.033416748,Y,System,10/8/2026,,9e145d120d48201414209408b14411cd2aa4f2c69e3602fd455f62428468a30a
NOISE_0113,Embung F ITERA Amplitudo/32 kHz Low Amplitudo/20261004_131700T.WAV,0,55,55,Embung F ITERA Amplitudo,Low,-5.368902,105.320293,10/4/2026,12:25,Siang,Cerah,24F31901603767F6,Unknown,32000,Unknown,Amplitude,0.001293815,0.042755127,Y,System,10/8/2026,,161370b7aed060e3d782e3af735c96d819eacd59cdb0d5ad22e458d27ea020c7
NOISE_0114,Embung F ITERA Amplitudo/32 kHz Low Amplitudo/20261004_131800T.WAV,0,55,55,Embung F ITERA Amplitudo,Low,-5.368902,105.320293,10/4/2026,12:25,Siang,Cerah,24F31901603767F6,Unknown,32000,Unknown,Amplitude,0.001124962,0.08779907,Y,System,10/8/2026,,9d35d2e697080a8268ea1106421922bda71573533ae634a23ff74f142e5eb449
NOISE_0115,Embung F ITERA Amplitudo/32 kHz Low Amplitudo/20261004_131900T.WAV,0,55,55,Embung F ITERA Amplitudo,Low,-5.368902,105.320293,10/4/2026,12:25,Siang,Cerah,24F31901603767F6,Unknown,32000,Unknown,Amplitude,0.001459501,0.03942871,Y,System,10/8/2026,,18e7e0c6b891a2a4fcab3664f1fdd1708186fa4b29792306d3950f5105ac6e1f
NOISE_0116,Embung F ITERA Amplitudo/32 kHz Low Amplitudo/20261004_132000T.WAV,0,55,55,Embung F ITERA Amplitudo,Low,-5.368902,105.320293,10/4/2026,12:25,Siang,Cerah,24F31901603767F6,Unknown,32000,Unknown,Amplitude,0.001389552,0.019836426,Y,System,10/8/2026,,7f399b50f6c6a2d41fe07ca684ce683ee773018d695c5e8e22786df3c77ca6dd
NOISE_0117,Embung F ITERA Amplitudo/32 kHz Low Amplitudo/20261004_132100T.WAV,0,55,55,Embung F ITERA Amplitudo,Low,-5.368902,105.320293,10/4/2026,12:25,Siang,Cerah,24F31901603767F6,Unknown,32000,Unknown,Amplitude,0.001190019,0.0496521,Y,System,10/8/2026,,1f4f0cf92f09c5a70785028006b821fe8e5d0ba3d3e78c18beaa7829ed051cb5
NOISE_0118,Embung F ITERA Amplitudo/32 kHz Low Amplitudo/20261004_132200T.WAV,0,55,55,Embung F ITERA Amplitudo,Low,-5.368902,105.320293,10/4/2026,12:25,Siang,Cerah,24F31901603767F6,Unknown,32000,Unknown,Amplitude,0.001158161,0.015838623,Y,System,10/8/2026,,a73d8f8cd658800c0c4a1af9c20dd501e59954a7e93fcdf946d881a63c93edc0
NOISE_0119,Embung F ITERA Amplitudo/32 kHz Low Amplitudo/20261004_132300T.WAV,0,55,55,Embung F ITERA Amplitudo,Low,-5.368902,105.320293,10/4/2026,12:25,Siang,Cerah,24F31901603767F6,Unknown,32000,Unknown,Amplitude,0.001130421,0.017303467,Y,System,10/8/2026,,c618917aac4061703085e6715de2115e0cdd34facdc81baa66580a2eaf529428
NOISE_0120,Embung F ITERA Amplitudo/32 kHz Low Amplitudo/20261004_132400T.WAV,0,55,55,Embung F ITERA Amplitudo,Low,-5.368902,105.320293,10/4/2026,12:25,Siang,Cerah,24F31901603767F6,Unknown,32000,Unknown,Amplitude,0.001475094,0.043792725,Y,System,10/8/2026,,5fbe1583eb33fbcab70787661f30003851e3161480c6e72db2b9872770c57637
NOISE_0121,Embung F ITERA Amplitudo/32 kHz Medium Amplitudo/20261004_133500T.WAV,0,55,55,Embung F ITERA Amplitudo,Medium,-5.369377,105.319006,10/4/2026,13:35,Siang,Gerimis (sebentar),24F31901603767F6,Unknown,32000,Unknown,Amplitude,0.010952685,0.47631836,Y,System,10/8/2026,Ada suara hujan ringan namun tidak deras dan hanya sebentar.,774762e2bbcd32e4b96a1bc0f021407b824646c294072971dfc912260148d2df
NOISE_0122,Embung F ITERA Amplitudo/32 kHz Medium Amplitudo/20261004_133600T.WAV,0,55,55,Embung F ITERA Amplitudo,Medium,-5.369377,105.319006,10/4/2026,13:35,Siang,Gerimis (sebentar),24F31901603767F6,Unknown,32000,Unknown,Amplitude,0.004171945,0.07601929,Y,System,10/8/2026,Ada suara hujan ringan namun tidak deras dan hanya sebentar.,befc37ee3302f105cd4a768b207e399b68fa076244fcf7777b0d6e951d13ece1
NOISE_0123,Embung F ITERA Amplitudo/32 kHz Medium Amplitudo/20261004_133700T.WAV,0,55,55,Embung F ITERA Amplitudo,Medium,-5.369377,105.319006,10/4/2026,13:35,Siang,Gerimis (sebentar),24F31901603767F6,Unknown,32000,Unknown,Amplitude,0.003638863,0.08999634,Y,System,10/8/2026,Ada suara hujan ringan namun tidak deras dan hanya sebentar.,b186bb7b150247619a63d3991748fc5872b20b1bbd4ce0b23d2caefae3609697
NOISE_0124,Embung F ITERA Amplitudo/32 kHz Medium Amplitudo/20261004_133800T.WAV,0,55,55,Embung F ITERA Amplitudo,Medium,-5.369377,105.319006,10/4/2026,13:35,Siang,Gerimis (sebentar),24F31901603767F6,Unknown,32000,Unknown,Amplitude,0.005801949,0.11953735,Y,System,10/8/2026,Ada suara hujan ringan namun tidak deras dan hanya sebentar.,3efe2f85d9a21e644edf7f69d3cd6420d2c9dacae087a875db9bd0a5a6994cc2
NOISE_0125,Embung F ITERA Amplitudo/32 kHz Medium Amplitudo/20261004_133900T.WAV,0,55,55,Embung F ITERA Amplitudo,Medium,-5.369377,105.319006,10/4/2026,13:35,Siang,Gerimis (sebentar),24F31901603767F6,Unknown,32000,Unknown,Amplitude,0.004872183,0.068847656,Y,System,10/8/2026,Ada suara hujan ringan namun tidak deras dan hanya sebentar.,8bc58c45d2e19ce8645a0da2951b3fab50631ab56f4dd2b7c33e6c40f491759b
NOISE_0126,Embung F ITERA Amplitudo/32 kHz Medium Amplitudo/20261004_134000T.WAV,0,55,55,Embung F ITERA Amplitudo,Medium,-5.369377,105.319006,10/4/2026,13:35,Siang,Gerimis (sebentar),24F31901603767F6,Unknown,32000,Unknown,Amplitude,0.00868392,0.2843628,Y,System,10/8/2026,Ada suara hujan ringan namun tidak deras dan hanya sebentar.,50c2235643387764e8873d8d69b8bc186f02243bef62f7bd2667eba153f24f2d
NOISE_0127,Embung F ITERA Amplitudo/32 kHz Medium Amplitudo/20261004_134100T.WAV,0,55,55,Embung F ITERA Amplitudo,Medium,-5.369377,105.319006,10/4/2026,13:35,Siang,Gerimis (sebentar),24F31901603767F6,Unknown,32000,Unknown,Amplitude,0.004064059,0.18399048,Y,System,10/8/2026,Ada suara hujan ringan namun tidak deras dan hanya sebentar.,8bcf46cf4ed9414eb2c9b57aa95189aa1c9a87484653cf55c86941735e856de8
NOISE_0128,Embung F ITERA Amplitudo/32 kHz Medium Amplitudo/20261004_134200T.WAV,0,55,55,Embung F ITERA Amplitudo,Medium,-5.369377,105.319006,10/4/2026,13:35,Siang,Gerimis (sebentar),24F31901603767F6,Unknown,32000,Unknown,Amplitude,0.003687585,0.1015625,Y,System,10/8/2026,Ada suara hujan ringan namun tidak deras dan hanya sebentar.,31d1e545e58af509d2f9ddc226024c496e90f4307fbb5958642fe83674d5bd7a
NOISE_0129,Embung F ITERA Amplitudo/32 kHz Medium Amplitudo/20261004_134300T.WAV,0,55,55,Embung F ITERA Amplitudo,Medium,-5.369377,105.319006,10/4/2026,13:35,Siang,Gerimis (sebentar),24F31901603767F6,Unknown,32000,Unknown,Amplitude,0.004833819,0.096343994,Y,System,10/8/2026,Ada suara hujan ringan namun tidak deras dan hanya sebentar.,fc63e0a294f0036ed2481a343fc3d193f122d6add552ee46785fdbddc96e97c9
NOISE_0130,Embung F ITERA Amplitudo/32 kHz Medium Amplitudo/20261004_134400T.WAV,0,55,55,Embung F ITERA Amplitudo,Medium,-5.369377,105.319006,10/4/2026,13:35,Siang,Gerimis (sebentar),24F31901603767F6,Unknown,32000,Unknown,Amplitude,0.004286744,0.2043457,Y,System,10/8/2026,Ada suara hujan ringan namun tidak deras dan hanya sebentar.,856dd2fb9721cae7c848eff87466277f28cc7f2cb50e28492fb9aae1706dcf2d
NOISE_0131,Embung F ITERA Amplitudo/32 kHz Medium Amplitudo/20261004_134500T.WAV,0,55,55,Embung F ITERA Amplitudo,Medium,-5.369377,105.319006,10/4/2026,13:35,Siang,Gerimis (sebentar),24F31901603767F6,Unknown,32000,Unknown,Amplitude,0.00387178,0.12902832,Y,System,10/8/2026,Ada suara hujan ringan namun tidak deras dan hanya sebentar.,b1171f1eebd3e00db657ff45dc56be563a04805a9b1933dd08245624b7285991
NOISE_0132,Embung F ITERA Amplitudo/32 kHz Medium Amplitudo/20261004_134600T.WAV,0,55,55,Embung F ITERA Amplitudo,Medium,-5.369377,105.319006,10/4/2026,13:35,Siang,Gerimis (sebentar),24F31901603767F6,Unknown,32000,Unknown,Amplitude,0.00385389,0.13775635,Y,System,10/8/2026,Ada suara hujan ringan namun tidak deras dan hanya sebentar.,ad7653df716af716b205cea89493dc0fdba5de6f24bc91be2d17b048b55a8b04
NOISE_0133,Embung F ITERA Amplitudo/32 kHz Medium Amplitudo/20261004_134700T.WAV,0,55,55,Embung F ITERA Amplitudo,Medium,-5.369377,105.319006,10/4/2026,13:35,Siang,Gerimis (sebentar),24F31901603767F6,Unknown,32000,Unknown,Amplitude,0.005084278,0.17730713,Y,System,10/8/2026,Ada suara hujan ringan namun tidak deras dan hanya sebentar.,751ef9b36d4c976a19cff6d9c997dd50052f25d5ae39704b3d4053a2d616d1b7
NOISE_0134,Embung F ITERA Amplitudo/32 kHz Medium Amplitudo/20261004_134800T.WAV,0,55,55,Embung F ITERA Amplitudo,Medium,-5.369377,105.319006,10/4/2026,13:35,Siang,Gerimis (sebentar),24F31901603767F6,Unknown,32000,Unknown,Amplitude,0.011632573,0.2546997,Y,System,10/8/2026,Ada suara hujan ringan namun tidak deras dan hanya sebentar.,7b615c20876e258ff531e5df82e327ec83e37ce179c53a6e6caae27c56bb9cec
NOISE_0135,Embung F ITERA Amplitudo/32 kHz Medium Amplitudo/20261004_134900T.WAV,0,55,55,Embung F ITERA Amplitudo,Medium,-5.369377,105.319006,10/4/2026,13:35,Siang,Gerimis (sebentar),24F31901603767F6,Unknown,32000,Unknown,Amplitude,0.004991953,0.11062622,Y,System,10/8/2026,Ada suara hujan ringan namun tidak deras dan hanya sebentar.,06eb6b05ee0ed703f18496b666dec59e700aba707bdb847e6d728d0ea91fc652
NOISE_0136,Embung F ITERA Amplitudo/32 kHz Medium Amplitudo/20261004_135000T.WAV,0,55,55,Embung F ITERA Amplitudo,Medium,-5.369377,105.319006,10/4/2026,13:35,Siang,Gerimis (sebentar),24F31901603767F6,Unknown,32000,Unknown,Amplitude,0.010923178,0.2611084,Y,System,10/8/2026,Ada suara hujan ringan namun tidak deras dan hanya sebentar.,2e0055059c05fb425b4b6da4ccce5df6f97d5ebc84defd2f049be854d8643307
NOISE_0137,Embung F ITERA Amplitudo/32 kHz Medium Amplitudo/20261004_135100T.WAV,0,55,55,Embung F ITERA Amplitudo,Medium,-5.369377,105.319006,10/4/2026,13:35,Siang,Gerimis (sebentar),24F31901603767F6,Unknown,32000,Unknown,Amplitude,0.014176887,0.34249878,Y,System,10/8/2026,Ada suara hujan ringan namun tidak deras dan hanya sebentar.,de3ce425564abb5cf69554ca9ca361181325fadafe085fb03f2b7dc381cbf769
NOISE_0138,Embung F ITERA Amplitudo/32 kHz Medium Amplitudo/20261004_135200T.WAV,0,55,55,Embung F ITERA Amplitudo,Medium,-5.369377,105.319006,10/4/2026,13:35,Siang,Gerimis (sebentar),24F31901603767F6,Unknown,32000,Unknown,Amplitude,0.005522977,0.15811157,Y,System,10/8/2026,Ada suara hujan ringan namun tidak deras dan hanya sebentar.,9df7c081e74c39ca556c9f04474c6f8482dd9c0c88f5efaef4bd6e771773204a
NOISE_0139,Embung F ITERA Amplitudo/32 kHz Medium Amplitudo/20261004_135300T.WAV,0,55,55,Embung F ITERA Amplitudo,Medium,-5.369377,105.319006,10/4/2026,13:35,Siang,Gerimis (sebentar),24F31901603767F6,Unknown,32000,Unknown,Amplitude,0.031577308,0.7881775,Y,System,10/8/2026,Ada suara hujan ringan namun tidak deras dan hanya sebentar.,50e2eb7d25f7b50e2f99a1d53cef21b1e130f230f8acd27cebc39b5ab5943527
NOISE_0140,Embung F ITERA Amplitudo/32 kHz Medium Amplitudo/20261004_135400T.WAV,0,55,55,Embung F ITERA Amplitudo,Medium,-5.369377,105.319006,10/4/2026,13:35,Siang,Gerimis (sebentar),24F31901603767F6,Unknown,32000,Unknown,Amplitude,0.023062468,0.6609802,Y,System,10/8/2026,Ada suara hujan ringan namun tidak deras dan hanya sebentar.,b8a8559e55b1a4a295e2a32dfc26b619c5ac0acb524d04bb93e6ec66aa80b181
NOISE_0141,Embung F ITERA Amplitudo/32 kHz Medium Amplitudo/20261004_135500T.WAV,0,55,55,Embung F ITERA Amplitudo,Medium,-5.369377,105.319006,10/4/2026,13:35,Siang,Gerimis (sebentar),24F31901603767F6,Unknown,32000,Unknown,Amplitude,0.009768011,0.3232422,Y,System,10/8/2026,Ada suara hujan ringan namun tidak deras dan hanya sebentar.,86a8ae736c79222b92ce5e73fe6187b3e3c701a8632d1770f69cde09c2695f45
NOISE_0142,Embung F ITERA Amplitudo/32 kHz Medium Amplitudo/20261004_135600T.WAV,0,55,55,Embung F ITERA Amplitudo,Medium,-5.369377,105.319006,10/4/2026,13:35,Siang,Gerimis (sebentar),24F31901603767F6,Unknown,32000,Unknown,Amplitude,0.026204268,0.67214966,Y,System,10/8/2026,Ada suara hujan ringan namun tidak deras dan hanya sebentar.,656be518fa358a5d338b28bad071f6329bcde4506758fcc11e6f73756cfb987a
NOISE_0143,Embung F ITERA Amplitudo/32 kHz Medium Amplitudo/20261004_135700T.WAV,0,55,55,Embung F ITERA Amplitudo,Medium,-5.369377,105.319006,10/4/2026,13:35,Siang,Gerimis (sebentar),24F31901603767F6,Unknown,32000,Unknown,Amplitude,0.026756175,0.5159912,Y,System,10/8/2026,Ada suara hujan ringan namun tidak deras dan hanya sebentar.,95b02d32022ddc22b58afe23ebbcd0766bf71447d575bcae2eebf8ff3d8e5cc1
NOISE_0144,Embung F ITERA Amplitudo/32 kHz Medium Amplitudo/20261004_135800T.WAV,0,55,55,Embung F ITERA Amplitudo,Medium,-5.369377,105.319006,10/4/2026,13:35,Siang,Gerimis (sebentar),24F31901603767F6,Unknown,32000,Unknown,Amplitude,0.029231194,0.9999695,Y,System,10/8/2026,Ada suara hujan ringan namun tidak deras dan hanya sebentar.,f072c5ec0bb3b2cae0b05fa52ee6486b99f4cb2fa5db3208bfbcf771b0465ac8
NOISE_0145,Embung F ITERA Amplitudo/32 kHz Medium Amplitudo/20261004_135900T.WAV,0,55,55,Embung F ITERA Amplitudo,Medium,-5.369377,105.319006,10/4/2026,13:35,Siang,Gerimis (sebentar),24F31901603767F6,Unknown,32000,Unknown,Amplitude,0.013147615,0.30648804,Y,System,10/8/2026,Ada suara hujan ringan namun tidak deras dan hanya sebentar.,2335b194a7d3a66dcfad7d5ea57f4f2cf25cce3b2a772c479d1c9e35c2e47df6
NOISE_0146,Embung F ITERA Amplitudo/32 kHz Medium Amplitudo/20261004_140000T.WAV,0,55,55,Embung F ITERA Amplitudo,Medium,-5.369377,105.319006,10/4/2026,13:35,Siang,Gerimis (sebentar),24F31901603767F6,Unknown,32000,Unknown,Amplitude,0.013596294,0.7626648,Y,System,10/8/2026,Ada suara hujan ringan namun tidak deras dan hanya sebentar.,9a6c2cde6d9150f599be3072e329324bf593d0561de202f530861197e51d11f9
NOISE_0147,Embung F ITERA Amplitudo/32 kHz Medium Amplitudo/20261004_140100T.WAV,0,55,55,Embung F ITERA Amplitudo,Medium,-5.369377,105.319006,10/4/2026,13:35,Siang,Gerimis (sebentar),24F31901603767F6,Unknown,32000,Unknown,Amplitude,0.008934309,0.09509277,Y,System,10/8/2026,Ada suara hujan ringan namun tidak deras dan hanya sebentar.,e18c80bebe0319ca756eece2c57424f37f611c400180659b8b299addad24dd44
NOISE_0148,Embung F ITERA Amplitudo/32 kHz Medium Amplitudo/20261004_140200T.WAV,0,55,55,Embung F ITERA Amplitudo,Medium,-5.369377,105.319006,10/4/2026,13:35,Siang,Gerimis (sebentar),24F31901603767F6,Unknown,32000,Unknown,Amplitude,0.07455479,0.9999695,Y,System,10/8/2026,Ada suara hujan ringan namun tidak deras dan hanya sebentar.,188b54279768abbda8f3019eb45113f86bb0c08434495fbecb03a7d45fb17158
NOISE_0149,Embung F ITERA Amplitudo/32 kHz Medium Amplitudo/20261004_140300T.WAV,0,55,55,Embung F ITERA Amplitudo,Medium,-5.369377,105.319006,10/4/2026,13:35,Siang,Gerimis (sebentar),24F31901603767F6,Unknown,32000,Unknown,Amplitude,0.026247662,0.8119507,Y,System,10/8/2026,Ada suara hujan ringan namun tidak deras dan hanya sebentar.,77f8ca22ce6a2e936ce78d990b1d5d256fde6843aeead5e67692bb8e1ff9546b
NOISE_0150,Embung F ITERA Amplitudo/32 kHz Medium Amplitudo/20261004_140400T.WAV,0,55,55,Embung F ITERA Amplitudo,Medium,-5.369377,105.319006,10/4/2026,13:35,Siang,Gerimis (sebentar),24F31901603767F6,Unknown,32000,Unknown,Amplitude,0.09645134,0.9999695,Y,System,10/8/2026,Ada suara hujan ringan namun tidak deras dan hanya sebentar.,5e653643d9f208ffcf5d1be3bc668ddc599ed5d05951bd195c3166f8ab176954
NOISE_0151,Embung F ITERA Amplitudo/32 kHz Medium Amplitudo/20261004_140500T.WAV,0,55,55,Embung F ITERA Amplitudo,Medium,-5.369377,105.319006,10/4/2026,13:35,Siang,Gerimis (sebentar),24F31901603767F6,Unknown,32000,Unknown,Amplitude,0.046578694,0.9999695,Y,System,10/8/2026,Ada suara hujan ringan namun tidak deras dan hanya sebentar.,9c6e74488b07b6e06a6f850d7b293fc05db30d8b2a9306aef1c95f0d539c7cc0
NOISE_0152,Embung F ITERA Amplitudo/32 kHz Medium Amplitudo/20261004_140600T.WAV,0,55,55,Embung F ITERA Amplitudo,Medium,-5.369377,105.319006,10/4/2026,13:35,Siang,Gerimis (sebentar),24F31901603767F6,Unknown,32000,Unknown,Amplitude,0.046667837,0.9999695,Y,System,10/8/2026,Ada suara hujan ringan namun tidak deras dan hanya sebentar.,a4760a16d38d299cb960fa81b663ba140659596f1c2218881b02c1eb990ff713
NOISE_0153,Embung F ITERA Amplitudo/32 kHz Medium Amplitudo/20261004_140700T.WAV,0,55,55,Embung F ITERA Amplitudo,Medium,-5.369377,105.319006,10/4/2026,13:35,Siang,Gerimis (sebentar),24F31901603767F6,Unknown,32000,Unknown,Amplitude,0.03099457,0.7559204,Y,System,10/8/2026,Ada suara hujan ringan namun tidak deras dan hanya sebentar.,2a9b6e1f6ff9bcb0f588a14c2ee747126b36763614d836418d9dc4dccda08975
NOISE_0154,Embung F ITERA Amplitudo/32 kHz Medium Amplitudo/20261004_140800T.WAV,0,55,55,Embung F ITERA Amplitudo,Medium,-5.369377,105.319006,10/4/2026,13:35,Siang,Gerimis (sebentar),24F31901603767F6,Unknown,32000,Unknown,Amplitude,0.041443944,0.7533264,Y,System,10/8/2026,Ada suara hujan ringan namun tidak deras dan hanya sebentar.,5ec45b66b8c3aa002c66edd153553fbef27ec038db10e9407d68a3f62c638ee6
NOISE_0155,Embung F ITERA Amplitudo/32 kHz Medium Amplitudo/20261004_140900T.WAV,0,55,55,Embung F ITERA Amplitudo,Medium,-5.369377,105.319006,10/4/2026,13:35,Siang,Gerimis (sebentar),24F31901603767F6,Unknown,32000,Unknown,Amplitude,0.007310129,0.555603,Y,System,10/8/2026,Ada suara hujan ringan namun tidak deras dan hanya sebentar.,f62b24a4c6ee7308c2523e9a69c292b923613bd01d0c1cc95dec39691703e6af
NOISE_0156,Embung F ITERA Amplitudo/32 kHz Medium Amplitudo/20261004_141000T.WAV,0,55,55,Embung F ITERA Amplitudo,Medium,-5.369377,105.319006,10/4/2026,13:35,Siang,Gerimis (sebentar),24F31901603767F6,Unknown,32000,Unknown,Amplitude,0.005542793,0.13494873,Y,System,10/8/2026,Ada suara hujan ringan namun tidak deras dan hanya sebentar.,7da682acf184f3bdec036fc96f63ed187003cdc23005309fe1d5621a72cd1587
NOISE_0157,Embung F ITERA Amplitudo/32 kHz Medium Amplitudo/20261004_141100T.WAV,0,55,55,Embung F ITERA Amplitudo,Medium,-5.369377,105.319006,10/4/2026,13:35,Siang,Gerimis (sebentar),24F31901603767F6,Unknown,32000,Unknown,Amplitude,0.007024915,0.2579956,Y,System,10/8/2026,Ada suara hujan ringan namun tidak deras dan hanya sebentar.,a64e915e5c59e9d2615c9e3d389290ad0eccdf69b8872e274e09c808472ae444
NOISE_0158,Embung F ITERA Amplitudo/32 kHz Medium Amplitudo/20261004_141200T.WAV,0,55,55,Embung F ITERA Amplitudo,Medium,-5.369377,105.319006,10/4/2026,13:35,Siang,Gerimis (sebentar),24F31901603767F6,Unknown,32000,Unknown,Amplitude,0.007159908,0.2616272,Y,System,10/8/2026,Ada suara hujan ringan namun tidak deras dan hanya sebentar.,84d2b5a4b7ca4cfdcfa3961b2bc22df9f2bf67824ba3f66902f0468fa75b0247
NOISE_0159,Embung F ITERA Amplitudo/32 kHz Medium Amplitudo/20261004_141300T.WAV,0,55,55,Embung F ITERA Amplitudo,Medium,-5.369377,105.319006,10/4/2026,13:35,Siang,Gerimis (sebentar),24F31901603767F6,Unknown,32000,Unknown,Amplitude,0.006118489,0.20898438,Y,System,10/8/2026,Ada suara hujan ringan namun tidak deras dan hanya sebentar.,8dcb5102e21e6fa79a791904fb582d4a8e5d1c63c68b1b3fef08bd96f92a500b
NOISE_0160,Embung F ITERA Amplitudo/32 kHz Medium Amplitudo/20261004_141400T.WAV,0,55,55,Embung F ITERA Amplitudo,Medium,-5.369377,105.319006,10/4/2026,13:35,Siang,Gerimis (sebentar),24F31901603767F6,Unknown,32000,Unknown,Amplitude,0.005893095,0.07003784,Y,System,10/8/2026,Ada suara hujan ringan namun tidak deras dan hanya sebentar.,ece62d7dc62586e013e696f33bbeda21ccb12ceab214080f0fdf4284f626eb4b
NOISE_0161,Embung F ITERA Amplitudo/32 kHz Medium Amplitudo/20261004_141500T.WAV,0,55,55,Embung F ITERA Amplitudo,Medium,-5.369377,105.319006,10/4/2026,13:35,Siang,Gerimis (sebentar),24F31901603767F6,Unknown,32000,Unknown,Amplitude,0.006805454,0.250885,Y,System,10/8/2026,Ada suara hujan ringan namun tidak deras dan hanya sebentar.,449fdc2e65e93cdc5849a245d8d2dca09b09e7dbc4b38f59a37411c9e0967204
NOISE_0162,Embung F ITERA Amplitudo/32 kHz Medium Amplitudo/20261004_141600T.WAV,0,55,55,Embung F ITERA Amplitudo,Medium,-5.369377,105.319006,10/4/2026,13:35,Siang,Gerimis (sebentar),24F31901603767F6,Unknown,32000,Unknown,Amplitude,0.012794186,0.7515564,Y,System,10/8/2026,Ada suara hujan ringan namun tidak deras dan hanya sebentar.,37c6036a5e49ada06eb2ee0a83444cdc7139fca41ffea878feedb78f9ecea0ee
NOISE_0163,Embung F ITERA Amplitudo/32 kHz Medium Amplitudo/20261004_141700T.WAV,0,55,55,Embung F ITERA Amplitudo,Medium,-5.369377,105.319006,10/4/2026,13:35,Siang,Gerimis (sebentar),24F31901603767F6,Unknown,32000,Unknown,Amplitude,0.025882032,0.67767334,Y,System,10/8/2026,Ada suara hujan ringan namun tidak deras dan hanya sebentar.,ced7b4ed08902c978e33bf84eae7eb026ed68c8df8c3df67d015af1184370351
NOISE_0164,Embung F ITERA Amplitudo/32 kHz Medium Amplitudo/20261004_141800T.WAV,0,55,55,Embung F ITERA Amplitudo,Medium,-5.369377,105.319006,10/4/2026,13:35,Siang,Gerimis (sebentar),24F31901603767F6,Unknown,32000,Unknown,Amplitude,0.006331142,0.24856567,Y,System,10/8/2026,Ada suara hujan ringan namun tidak deras dan hanya sebentar.,1491b5defa22d5e0216460b61e2070ec843dfb3cd69817b00e8c5408e48238ea
NOISE_0165,Embung F ITERA Amplitudo/32 kHz Medium Amplitudo/20261004_141900T.WAV,0,55,55,Embung F ITERA Amplitudo,Medium,-5.369377,105.319006,10/4/2026,13:35,Siang,Gerimis (sebentar),24F31901603767F6,Unknown,32000,Unknown,Amplitude,0.007148329,0.28625488,Y,System,10/8/2026,Ada suara hujan ringan namun tidak deras dan hanya sebentar.,aff771805e87d09948454d427e1354ea96f19d42d6c8d21ba337bdcaceb8efe9
NOISE_0166,Embung F ITERA Amplitudo/32 kHz Medium Amplitudo/20261004_142000T.WAV,0,55,55,Embung F ITERA Amplitudo,Medium,-5.369377,105.319006,10/4/2026,13:35,Siang,Gerimis (sebentar),24F31901603767F6,Unknown,32000,Unknown,Amplitude,0.011506884,0.9999695,Y,System,10/8/2026,Ada suara hujan ringan namun tidak deras dan hanya sebentar.,a40b5237a4c1430d4e1ecec55034223157ff3a1ce2ff4d68a009c78221fe9ce7
NOISE_0167,Embung F ITERA Amplitudo/32 kHz Medium Amplitudo/20261004_142100T.WAV,0,55,55,Embung F ITERA Amplitudo,Medium,-5.369377,105.319006,10/4/2026,13:35,Siang,Gerimis (sebentar),24F31901603767F6,Unknown,32000,Unknown,Amplitude,0.020126807,0.9999695,Y,System,10/8/2026,Ada suara hujan ringan namun tidak deras dan hanya sebentar.,d2cac19a68e4c61fa4b14cfb0419235b3105a5daa1eee499840b9b7f32da574b
NOISE_0168,Embung F ITERA Amplitudo/32 kHz Medium Amplitudo/20261004_142200T.WAV,0,55,55,Embung F ITERA Amplitudo,Medium,-5.369377,105.319006,10/4/2026,13:35,Siang,Gerimis (sebentar),24F31901603767F6,Unknown,32000,Unknown,Amplitude,0.007140694,0.9999695,Y,System,10/8/2026,Ada suara hujan ringan namun tidak deras dan hanya sebentar.,9584cfcaefef0263f39a40c163a0590db562a7280563075df3bf7585eb451ae7
NOISE_0169,Embung F ITERA Amplitudo/32 kHz Medium Amplitudo/20261004_142300T.WAV,0,55,55,Embung F ITERA Amplitudo,Medium,-5.369377,105.319006,10/4/2026,13:35,Siang,Gerimis (sebentar),24F31901603767F6,Unknown,32000,Unknown,Amplitude,0.021300027,0.9999695,Y,System,10/8/2026,Ada suara hujan ringan namun tidak deras dan hanya sebentar.,e11d881d7f35727a48917d131b2244529da93911d582880c9a53e27b8211072a
NOISE_0170,Embung F ITERA Amplitudo/32 kHz Medium Amplitudo/20261004_142400T.WAV,0,55,55,Embung F ITERA Amplitudo,Medium,-5.369377,105.319006,10/4/2026,13:35,Siang,Gerimis (sebentar),24F31901603767F6,Unknown,32000,Unknown,Amplitude,0.007917416,0.8890686,Y,System,10/8/2026,Ada suara hujan ringan namun tidak deras dan hanya sebentar.,9a8806e79f68f1be85c2c7844f014953ada3dffebc3972d94681265604ddcede
NOISE_0171,Embung F ITERA Amplitudo/32 kHz Medium Amplitudo/20261004_142500T.WAV,0,55,55,Embung F ITERA Amplitudo,Medium,-5.369377,105.319006,10/4/2026,13:35,Siang,Gerimis (sebentar),24F31901603767F6,Unknown,32000,Unknown,Amplitude,0.007100769,0.9864197,Y,System,10/8/2026,Ada suara hujan ringan namun tidak deras dan hanya sebentar.,fbbd0aa89743a40e35dd8bf0705acf5a0b4a2f5737ac5ef4aa753d83cf8e6f6f
NOISE_0172,Embung F ITERA Amplitudo/32 kHz Medium Amplitudo/20261004_142600T.WAV,0,55,55,Embung F ITERA Amplitudo,Medium,-5.369377,105.319006,10/4/2026,13:35,Siang,Gerimis (sebentar),24F31901603767F6,Unknown,32000,Unknown,Amplitude,0.016133867,0.582489,Y,System,10/8/2026,Ada suara hujan ringan namun tidak deras dan hanya sebentar.,eb5699e75a9d72af457ff1f931dc91bc03ae77a0b43a488ad8e8727596f65d47
NOISE_0173,Embung F ITERA Amplitudo/32 kHz Medium Amplitudo/20261004_142700T.WAV,0,55,55,Embung F ITERA Amplitudo,Medium,-5.369377,105.319006,10/4/2026,13:35,Siang,Gerimis (sebentar),24F31901603767F6,Unknown,32000,Unknown,Amplitude,0.010569945,0.49368286,Y,System,10/8/2026,Ada suara hujan ringan namun tidak deras dan hanya sebentar.,2d04402982d6256836f58446eb11b9041d891deb6ba35902061999a659c89277
NOISE_0174,Embung F ITERA Amplitudo/32 kHz Medium Amplitudo/20261004_142800T.WAV,0,55,55,Embung F ITERA Amplitudo,Medium,-5.369377,105.319006,10/4/2026,13:35,Siang,Gerimis (sebentar),24F31901603767F6,Unknown,32000,Unknown,Amplitude,0.01085199,0.94418335,Y,System,10/8/2026,Ada suara hujan ringan namun tidak deras dan hanya sebentar.,13d74222202dcbd62083fff1f0cada0a951d5524119532d622628b755c74d01e
NOISE_0175,Embung F ITERA Amplitudo/32 kHz Medium Amplitudo/20261004_142900T.WAV,0,55,55,Embung F ITERA Amplitudo,Medium,-5.369377,105.319006,10/4/2026,13:35,Siang,Gerimis (sebentar),24F31901603767F6,Unknown,32000,Unknown,Amplitude,0.009950762,0.63638306,Y,System,10/8/2026,Ada suara hujan ringan namun tidak deras dan hanya sebentar.,a5e303427907059ef835d022b6b8e74d8de7b1813227b1d982049f0476ceb669
NOISE_0176,Embung F ITERA Amplitudo/32 kHz Medium Amplitudo/20261004_143000T.WAV,0,55,55,Embung F ITERA Amplitudo,Medium,-5.369377,105.319006,10/4/2026,13:35,Siang,Gerimis (sebentar),24F31901603767F6,Unknown,32000,Unknown,Amplitude,0.006772804,0.23049927,Y,System,10/8/2026,Ada suara hujan ringan namun tidak deras dan hanya sebentar.,8c4975c12ca1f30c3323f3d99954fc67f912477f9d6fb7859d95b3d6049db8b4
NOISE_0177,Embung F ITERA Amplitudo/32 kHz Medium Amplitudo/20261004_143100T.WAV,0,55,55,Embung F ITERA Amplitudo,Medium,-5.369377,105.319006,10/4/2026,13:35,Siang,Gerimis (sebentar),24F31901603767F6,Unknown,32000,Unknown,Amplitude,0.014077273,0.596405,Y,System,10/8/2026,Ada suara hujan ringan namun tidak deras dan hanya sebentar.,7578b24bb8cc4dc4037dfac88cd0d7b1b9839aaccd8871114f2b6056b05e3fb7
NOISE_0178,Embung F ITERA Amplitudo/32 kHz Medium Amplitudo/20261004_143200T.WAV,0,55,55,Embung F ITERA Amplitudo,Medium,-5.369377,105.319006,10/4/2026,13:35,Siang,Gerimis (sebentar),24F31901603767F6,Unknown,32000,Unknown,Amplitude,0.016279252,0.6192932,Y,System,10/8/2026,Ada suara hujan ringan namun tidak deras dan hanya sebentar.,95353f777e76d6bd953ea60cf04a62e653cbf33744f539284327d3c10cc79998
NOISE_0179,Embung F ITERA Amplitudo/32 kHz Medium Amplitudo/20261004_143300T.WAV,0,55,55,Embung F ITERA Amplitudo,Medium,-5.369377,105.319006,10/4/2026,13:35,Siang,Gerimis (sebentar),24F31901603767F6,Unknown,32000,Unknown,Amplitude,0.011512169,0.8661499,Y,System,10/8/2026,Ada suara hujan ringan namun tidak deras dan hanya sebentar.,62066898c0226723915b201910c0bd4d87d7dbd5d558b3e96e572ff0edb12de8
NOISE_0180,Embung F ITERA Amplitudo/32 kHz Medium Amplitudo/20261004_143400T.WAV,0,55,55,Embung F ITERA Amplitudo,Medium,-5.369377,105.319006,10/4/2026,13:35,Siang,Gerimis (sebentar),24F31901603767F6,Unknown,32000,Unknown,Amplitude,0.005592365,0.3768921,Y,System,10/8/2026,Ada suara hujan ringan namun tidak deras dan hanya sebentar.,080155082039dce7bcf081cba7024bc9a4514a1af46bb4c4dc0e38e08c405e2d
NOISE_0181,Embung F ITERA Frequency/32 kHz High Frequency Embung F/20260920_152500T.WAV,0,55,55,Embung F ITERA Frequency,High,-5.36822,105.319832,9/20/2026,15:25,Siang,Cerah,24F31901603767F6,Unknown,32000,Unknown,Frequency,0.034425735,0.15820312,Y,System,10/8/2026,,4199ff6cbd0f0a591a3e4f87a4320f01b92d917083f0c0572be22fc76700f126
NOISE_0182,Embung F ITERA Frequency/32 kHz High Frequency Embung F/20260920_152600T.WAV,0,55,55,Embung F ITERA Frequency,High,-5.36822,105.319832,9/20/2026,15:25,Siang,Cerah,24F31901603767F6,Unknown,32000,Unknown,Frequency,0.046816442,0.4590149,Y,System,10/8/2026,,46dbf19db6c1cb9e137c7114211fb4c7f92bda127721ab745c8b0b1cbd62e80e
NOISE_0183,Embung F ITERA Frequency/32 kHz High Frequency Embung F/20260920_152700T.WAV,0,55,55,Embung F ITERA Frequency,High,-5.36822,105.319832,9/20/2026,15:25,Siang,Cerah,24F31901603767F6,Unknown,32000,Unknown,Frequency,0.021023948,0.1685791,Y,System,10/8/2026,,8f86fecd51d2302213ceeed4f762e5cd3519eb56b4e5f7c3f3d8cd7507d94027
NOISE_0184,Embung F ITERA Frequency/32 kHz High Frequency Embung F/20260920_152800T.WAV,0,55,55,Embung F ITERA Frequency,High,-5.36822,105.319832,9/20/2026,15:25,Siang,Cerah,24F31901603767F6,Unknown,32000,Unknown,Frequency,0.025670454,0.3373108,Y,System,10/8/2026,,ee19cd6defb0dca41f3b5745987aa4d2e02797a2c96bd48e6641e9c0939d29e8
NOISE_0185,Embung F ITERA Frequency/32 kHz High Frequency Embung F/20260920_152900T.WAV,0,55,55,Embung F ITERA Frequency,High,-5.36822,105.319832,9/20/2026,15:25,Siang,Cerah,24F31901603767F6,Unknown,32000,Unknown,Frequency,0.028269803,0.6191101,Y,System,10/8/2026,,9d1db07e1fe2d412e26a48b992ff09b629eff10f19acf90ca06138509d934625
NOISE_0186,Embung F ITERA Frequency/32 kHz High Frequency Embung F/20260920_153000T.WAV,0,55,55,Embung F ITERA Frequency,High,-5.36822,105.319832,9/20/2026,15:25,Siang,Cerah,24F31901603767F6,Unknown,32000,Unknown,Frequency,0.032564208,0.44763184,Y,System,10/8/2026,,d16ef73c036a530d1260a29238f57981e3050d0c5ff77fc36b8945758b61fe51
NOISE_0187,Embung F ITERA Frequency/32 kHz High Frequency Embung F/20260920_153100T.WAV,0,55,55,Embung F ITERA Frequency,High,-5.36822,105.319832,9/20/2026,15:25,Siang,Cerah,24F31901603767F6,Unknown,32000,Unknown,Frequency,0.02093049,0.16934204,Y,System,10/8/2026,,296b7b313ea2c97d37d640478a0144950203543f35fd0fc5f2860d2072565409
NOISE_0188,Embung F ITERA Frequency/32 kHz High Frequency Embung F/20260920_153200T.WAV,0,55,55,Embung F ITERA Frequency,High,-5.36822,105.319832,9/20/2026,15:25,Siang,Cerah,24F31901603767F6,Unknown,32000,Unknown,Frequency,0.023071364,0.9999695,Y,System,10/8/2026,,3061357cf883dea3f345b0a72ad0a0ab9511ce787a2e63591c4f683b551e7913
NOISE_0189,Embung F ITERA Frequency/32 kHz High Frequency Embung F/20260920_153300T.WAV,0,55,55,Embung F ITERA Frequency,High,-5.36822,105.319832,9/20/2026,15:25,Siang,Cerah,24F31901603767F6,Unknown,32000,Unknown,Frequency,0.025622752,0.1506958,Y,System,10/8/2026,,a931b34d9ef00c849c0a8526a411bb875fb76feaedb0e6c1c56e8a702b5a1c6e
NOISE_0190,Embung F ITERA Frequency/32 kHz High Frequency Embung F/20260920_153400T.WAV,0,55,55,Embung F ITERA Frequency,High,-5.36822,105.319832,9/20/2026,15:25,Siang,Cerah,24F31901603767F6,Unknown,32000,Unknown,Frequency,0.05100479,0.7170105,Y,System,10/8/2026,,c3abefcbdc8f14d66ea911c886a40aa6f33209ffd4fd5bdfbf4497ac0bd7c0ed
NOISE_0191,Embung F ITERA Frequency/32 kHz High Frequency Embung F/20260920_153500T.WAV,0,55,55,Embung F ITERA Frequency,High,-5.36822,105.319832,9/20/2026,15:25,Siang,Cerah,24F31901603767F6,Unknown,32000,Unknown,Frequency,0.057585623,0.74884033,Y,System,10/8/2026,,a234bd560961c6af19421ab8c70b4ac77a2dc0d691c25d1f4c1ba788303e71d2
NOISE_0192,Embung F ITERA Frequency/32 kHz High Frequency Embung F/20260920_153600T.WAV,0,55,55,Embung F ITERA Frequency,High,-5.36822,105.319832,9/20/2026,15:25,Siang,Cerah,24F31901603767F6,Unknown,32000,Unknown,Frequency,0.07241361,0.9999695,Y,System,10/8/2026,,c3ac41e9ea106c27c937a06ec3d35aa7f6e0a28058fda1335ad1f4a693dbe67f
NOISE_0193,Embung F ITERA Frequency/32 kHz High Frequency Embung F/20260920_153700T.WAV,0,55,55,Embung F ITERA Frequency,High,-5.36822,105.319832,9/20/2026,15:25,Siang,Cerah,24F31901603767F6,Unknown,32000,Unknown,Frequency,0.08485173,0.9999695,Y,System,10/8/2026,,f1ea9bc5ead62adae01e89f9c55fb3584613576a249c189b4e3b38a28bb98ffb
NOISE_0194,Embung F ITERA Frequency/32 kHz High Frequency Embung F/20260920_153800T.WAV,0,55,55,Embung F ITERA Frequency,High,-5.36822,105.319832,9/20/2026,15:25,Siang,Cerah,24F31901603767F6,Unknown,32000,Unknown,Frequency,0.03834222,0.70184326,Y,System,10/8/2026,,360b02342aef07b4324bb294418179b853ab04e95ce926a62af3e93bbe0ef2f8
NOISE_0195,Embung F ITERA Frequency/32 kHz High Frequency Embung F/20260920_153900T.WAV,0,55,55,Embung F ITERA Frequency,High,-5.36822,105.319832,9/20/2026,15:25,Siang,Cerah,24F31901603767F6,Unknown,32000,Unknown,Frequency,0.023749745,0.1427002,Y,System,10/8/2026,,ecf19542447378f49cd1dea20cb8b92a803c0eba57dd224b673dc48e67383b44
NOISE_0196,Embung F ITERA Frequency/32 kHz High Frequency Embung F/20260920_154000T.WAV,0,55,55,Embung F ITERA Frequency,High,-5.36822,105.319832,9/20/2026,15:25,Siang,Cerah,24F31901603767F6,Unknown,32000,Unknown,Frequency,0.053882938,0.7996521,Y,System,10/8/2026,,d0b966fd45effa8b34bb9cd5b30f00ad728c19d130ff133fd6d82da05223dc35
NOISE_0197,Embung F ITERA Frequency/32 kHz High Frequency Embung F/20260920_154100T.WAV,0,55,55,Embung F ITERA Frequency,High,-5.36822,105.319832,9/20/2026,15:25,Siang,Cerah,24F31901603767F6,Unknown,32000,Unknown,Frequency,0.038038567,0.32373047,Y,System,10/8/2026,,e7cc5f82960e78634b7172fab4cd76999d8f71ce81cd68a8074f53669c109495
NOISE_0198,Embung F ITERA Frequency/32 kHz High Frequency Embung F/20260920_154200T.WAV,0,55,55,Embung F ITERA Frequency,High,-5.36822,105.319832,9/20/2026,15:25,Siang,Cerah,24F31901603767F6,Unknown,32000,Unknown,Frequency,0.048643496,0.44830322,Y,System,10/8/2026,,55c3baa1916536f5030181e477967677c40279466a91348927919911604b790f
NOISE_0199,Embung F ITERA Frequency/32 kHz High Frequency Embung F/20260920_154300T.WAV,0,55,55,Embung F ITERA Frequency,High,-5.36822,105.319832,9/20/2026,15:25,Siang,Cerah,24F31901603767F6,Unknown,32000,Unknown,Frequency,0.058870908,0.8960266,Y,System,10/8/2026,,9e12079e599aa997b5dac5cefb15fbeeb798d3802facf4d7c6f11907002c37f4
NOISE_0200,Embung F ITERA Frequency/32 kHz High Frequency Embung F/20260920_154400T.WAV,0,55,55,Embung F ITERA Frequency,High,-5.36822,105.319832,9/20/2026,15:25,Siang,Cerah,24F31901603767F6,Unknown,32000,Unknown,Frequency,0.05913028,0.9999695,Y,System,10/8/2026,,d5cb3d75e0116284a2631d50504135765e0a4eff9bc6cd76826055e38e05037b
NOISE_0201,Embung F ITERA Frequency/32 kHz High Frequency Embung F/20260920_154500T.WAV,0,55,55,Embung F ITERA Frequency,High,-5.36822,105.319832,9/20/2026,15:25,Siang,Cerah,24F31901603767F6,Unknown,32000,Unknown,Frequency,0.045937434,0.6185913,Y,System,10/8/2026,,2abdfe0f9118e748184b69816b1ed8f0ca2ac01a2f41d7671140a7c716b5d29e
NOISE_0202,Embung F ITERA Frequency/32 kHz High Frequency Embung F/20260920_154600T.WAV,0,55,55,Embung F ITERA Frequency,High,-5.36822,105.319832,9/20/2026,15:25,Siang,Cerah,24F31901603767F6,Unknown,32000,Unknown,Frequency,0.024175672,0.2626953,Y,System,10/8/2026,,127ad6599e9dd9d942b18ac56faecb5c70e04e137b56e8bcd767b3794b9df351
NOISE_0203,Embung F ITERA Frequency/32 kHz High Frequency Embung F/20260920_154700T.WAV,0,55,55,Embung F ITERA Frequency,High,-5.36822,105.319832,9/20/2026,15:25,Siang,Cerah,24F31901603767F6,Unknown,32000,Unknown,Frequency,0.10919494,0.9999695,Y,System,10/8/2026,,8dd050f5ea44a3eac0aeb03a03796cb8edc2d0e31638165df55de7fa68989a0a
NOISE_0204,Embung F ITERA Frequency/32 kHz High Frequency Embung F/20260920_154800T.WAV,0,55,55,Embung F ITERA Frequency,High,-5.36822,105.319832,9/20/2026,15:25,Siang,Cerah,24F31901603767F6,Unknown,32000,Unknown,Frequency,0.058277473,0.83306885,Y,System,10/8/2026,,08eecb2e33df5583b44e396a7637304d57f3d9fce80fbe29788e1e6bf612f289
NOISE_0205,Embung F ITERA Frequency/32 kHz High Frequency Embung F/20260920_154900T.WAV,0,55,55,Embung F ITERA Frequency,High,-5.36822,105.319832,9/20/2026,15:25,Siang,Cerah,24F31901603767F6,Unknown,32000,Unknown,Frequency,0.053391535,0.7674866,Y,System,10/8/2026,,96fd72727b7f927209dc96ceafd30c7876626210cfd1f9ed8750b426149ea2ab
NOISE_0206,Embung F ITERA Frequency/32 kHz High Frequency Embung F/20260920_155000T.WAV,0,55,55,Embung F ITERA Frequency,High,-5.36822,105.319832,9/20/2026,15:25,Siang,Cerah,24F31901603767F6,Unknown,32000,Unknown,Frequency,0.034620695,0.49694824,Y,System,10/8/2026,,7029b179f5bcbef47052bbdbc3eb56e8c373accb7f7b9963e616c26d1615b2c7
NOISE_0207,Embung F ITERA Frequency/32 kHz High Frequency Embung F/20260920_155100T.WAV,0,55,55,Embung F ITERA Frequency,High,-5.36822,105.319832,9/20/2026,15:25,Siang,Cerah,24F31901603767F6,Unknown,32000,Unknown,Frequency,0.036841467,0.3927002,Y,System,10/8/2026,,f88fda2e79c067983de9434349cbf77f4ef41923a3550a386ff9d549b06f1b5b
NOISE_0208,Embung F ITERA Frequency/32 kHz High Frequency Embung F/20260920_155200T.WAV,0,55,55,Embung F ITERA Frequency,High,-5.36822,105.319832,9/20/2026,15:25,Siang,Cerah,24F31901603767F6,Unknown,32000,Unknown,Frequency,0.022635642,0.15084839,Y,System,10/8/2026,,80483d0db49b8c220e7a06be8c64c0a861a916c50a4b8b3f703fd7728b9f7e84
NOISE_0209,Embung F ITERA Frequency/32 kHz High Frequency Embung F/20260920_155300T.WAV,0,55,55,Embung F ITERA Frequency,High,-5.36822,105.319832,9/20/2026,15:25,Siang,Cerah,24F31901603767F6,Unknown,32000,Unknown,Frequency,0.048256643,0.8110657,Y,System,10/8/2026,,296fe3c33e6429c0d49c55a7ce4bbf41e2dd1bf5dcb9385efc8575c66621d27a
NOISE_0210,Embung F ITERA Frequency/32 kHz High Frequency Embung F/20260920_155400T.WAV,0,55,55,Embung F ITERA Frequency,High,-5.36822,105.319832,9/20/2026,15:25,Siang,Cerah,24F31901603767F6,Unknown,32000,Unknown,Frequency,0.093528956,0.9999695,Y,System,10/8/2026,,4f1ed205986553a45a50f498fe42fdace08c35e0a2d1c8efa8ff34a30f388a71
NOISE_0211,Embung F ITERA Frequency/32 kHz High Frequency Embung F/20260920_155500T.WAV,0,55,55,Embung F ITERA Frequency,High,-5.36822,105.319832,9/20/2026,15:25,Siang,Cerah,24F31901603767F6,Unknown,32000,Unknown,Frequency,0.031038633,0.3684082,Y,System,10/8/2026,,32f768edb94a842fb0b79c0c94b654db7f073d7f38357379dafef88ef6680884
NOISE_0212,Embung F ITERA Frequency/32 kHz High Frequency Embung F/20260920_155600T.WAV,0,55,55,Embung F ITERA Frequency,High,-5.36822,105.319832,9/20/2026,15:25,Siang,Cerah,24F31901603767F6,Unknown,32000,Unknown,Frequency,0.037535,0.7718811,Y,System,10/8/2026,,4138cbfd9a318daa53b73f926439860f2401a05c0d85480669d98f85464949ba
NOISE_0213,Embung F ITERA Frequency/32 kHz High Frequency Embung F/20260920_155700T.WAV,0,55,55,Embung F ITERA Frequency,High,-5.36822,105.319832,9/20/2026,15:25,Siang,Cerah,24F31901603767F6,Unknown,32000,Unknown,Frequency,0.030703476,0.45233154,Y,System,10/8/2026,,4800fb2e4a4f1f41174b68e38a10460c4b8e82b00dfbe1ca36fd1aba45f8b408
NOISE_0214,Embung F ITERA Frequency/32 kHz High Frequency Embung F/20260920_155800T.WAV,0,55,55,Embung F ITERA Frequency,High,-5.36822,105.319832,9/20/2026,15:25,Siang,Cerah,24F31901603767F6,Unknown,32000,Unknown,Frequency,0.029534996,0.46743774,Y,System,10/8/2026,,9e01cc3a9368ba1b53a8092921a579b6e787ff175c47b66c05425d5bc0c1c3ac
NOISE_0215,Embung F ITERA Frequency/32 kHz High Frequency Embung F/20260920_155900T.WAV,0,55,55,Embung F ITERA Frequency,High,-5.36822,105.319832,9/20/2026,15:25,Siang,Cerah,24F31901603767F6,Unknown,32000,Unknown,Frequency,0.08411499,0.9999695,Y,System,10/8/2026,,99698d440c74647e5abe742598d78c2fabfa87ddb6359cfbc596ea9d713a7fa1
NOISE_0216,Embung F ITERA Frequency/32 kHz High Frequency Embung F/20260920_160000T.WAV,0,55,55,Embung F ITERA Frequency,High,-5.36822,105.319832,9/20/2026,15:25,Siang,Cerah,24F31901603767F6,Unknown,32000,Unknown,Frequency,0.03784267,0.49542236,Y,System,10/8/2026,,1435a66bd982a968f9892d5a6cdd93dd44e6a2b6de28bfdacca9340d76f1f65a
NOISE_0217,Embung F ITERA Frequency/32 kHz High Frequency Embung F/20260920_160100T.WAV,0,55,55,Embung F ITERA Frequency,High,-5.36822,105.319832,9/20/2026,15:25,Siang,Cerah,24F31901603767F6,Unknown,32000,Unknown,Frequency,0.044080462,0.7240906,Y,System,10/8/2026,,254e62225c746b3161077a838795c154305441f902e18b426e9fbe3c05d771a6
NOISE_0218,Embung F ITERA Frequency/32 kHz High Frequency Embung F/20260920_160200T.WAV,0,55,55,Embung F ITERA Frequency,High,-5.36822,105.319832,9/20/2026,15:25,Siang,Cerah,24F31901603767F6,Unknown,32000,Unknown,Frequency,0.07575322,0.9999695,Y,System,10/8/2026,,fc1d457580254ab670e416d5be56a4659ffceaebbf1b95d870ac3e0e19088cf5
NOISE_0219,Embung F ITERA Frequency/32 kHz High Frequency Embung F/20260920_160300T.WAV,0,55,55,Embung F ITERA Frequency,High,-5.36822,105.319832,9/20/2026,15:25,Siang,Cerah,24F31901603767F6,Unknown,32000,Unknown,Frequency,0.043768495,0.475708,Y,System,10/8/2026,,d89546e775edf9aaeb36bee5fd74de2fca8e59c0ecebfefd04825e1853d8703d
NOISE_0220,Embung F ITERA Frequency/32 kHz High Frequency Embung F/20260920_160400T.WAV,0,55,55,Embung F ITERA Frequency,High,-5.36822,105.319832,9/20/2026,15:25,Siang,Cerah,24F31901603767F6,Unknown,32000,Unknown,Frequency,0.03506207,0.27160645,Y,System,10/8/2026,,6e28a23f75152593f2a16269c0ab406b62d99d98432b9f019b202671c1e7ef6b
NOISE_0221,Embung F ITERA Frequency/32 kHz High Frequency Embung F/20260920_160500T.WAV,0,55,55,Embung F ITERA Frequency,High,-5.36822,105.319832,9/20/2026,15:25,Siang,Cerah,24F31901603767F6,Unknown,32000,Unknown,Frequency,0.028161353,0.34936523,Y,System,10/8/2026,,041961a4876f9089520de568110d0eae4ab3d74a5a3b6ea92ae6ef11cc0a4b19
NOISE_0222,Embung F ITERA Frequency/32 kHz High Frequency Embung F/20260920_160600T.WAV,0,55,55,Embung F ITERA Frequency,High,-5.36822,105.319832,9/20/2026,15:25,Siang,Cerah,24F31901603767F6,Unknown,32000,Unknown,Frequency,0.0817763,0.9999695,Y,System,10/8/2026,,86ad69b2d9a0a93b91c154b7f9b7a5e428eab7e4763e36a295040ee961af6dc6
NOISE_0223,Embung F ITERA Frequency/32 kHz High Frequency Embung F/20260920_160700T.WAV,0,55,55,Embung F ITERA Frequency,High,-5.36822,105.319832,9/20/2026,15:25,Siang,Cerah,24F31901603767F6,Unknown,32000,Unknown,Frequency,0.057130944,0.77685547,Y,System,10/8/2026,,754cf8d771490bed87055a4c1275c2a377bf93dc25b15b66e94be4ea944cbb37
NOISE_0224,Embung F ITERA Frequency/32 kHz High Frequency Embung F/20260920_160800T.WAV,0,55,55,Embung F ITERA Frequency,High,-5.36822,105.319832,9/20/2026,15:25,Siang,Cerah,24F31901603767F6,Unknown,32000,Unknown,Frequency,0.04788796,0.5064392,Y,System,10/8/2026,,ecc2b5bfeec3b01771abcb1e3d9f72f50072a23b5ac1bedb97c081d80f41ffc5
NOISE_0225,Embung F ITERA Frequency/32 kHz High Frequency Embung F/20260920_160900T.WAV,0,55,55,Embung F ITERA Frequency,High,-5.36822,105.319832,9/20/2026,15:25,Siang,Cerah,24F31901603767F6,Unknown,32000,Unknown,Frequency,0.09297119,0.9999695,Y,System,10/8/2026,,3ffd2b9fb5d602a691c557783f51986820d51ac4fafc10f5c7a0df61f499205f
NOISE_0226,Embung F ITERA Frequency/32 kHz High Frequency Embung F/20260920_161000T.WAV,0,55,55,Embung F ITERA Frequency,High,-5.36822,105.319832,9/20/2026,15:25,Siang,Cerah,24F31901603767F6,Unknown,32000,Unknown,Frequency,0.050291173,0.87072754,Y,System,10/8/2026,,1e2754d6e42e195bd5570f2291df9f5f254ea21506b0642b984b56bcd405b0b0
NOISE_0227,Embung F ITERA Frequency/32 kHz High Frequency Embung F/20260920_161100T.WAV,0,55,55,Embung F ITERA Frequency,High,-5.36822,105.319832,9/20/2026,15:25,Siang,Cerah,24F31901603767F6,Unknown,32000,Unknown,Frequency,0.030723568,0.5282593,Y,System,10/8/2026,,0f6e9dd2f496f4a262f7140e0cfc27b2b06cccf707e564abfdcfe171cd7a997e
NOISE_0228,Embung F ITERA Frequency/32 kHz High Frequency Embung F/20260920_161200T.WAV,0,55,55,Embung F ITERA Frequency,High,-5.36822,105.319832,9/20/2026,15:25,Siang,Cerah,24F31901603767F6,Unknown,32000,Unknown,Frequency,0.074760124,0.94628906,Y,System,10/8/2026,,781cb35edb202389b743f93d0f76c26450fd70af329a4142e97c285a40fe835a
NOISE_0229,Embung F ITERA Frequency/32 kHz High Frequency Embung F/20260920_161300T.WAV,0,55,55,Embung F ITERA Frequency,High,-5.36822,105.319832,9/20/2026,15:25,Siang,Cerah,24F31901603767F6,Unknown,32000,Unknown,Frequency,0.061429076,0.9999695,Y,System,10/8/2026,,7343c611ece88f47667b7c432461f1e1a7db75551416cabe75faf046616d202c
NOISE_0230,Embung F ITERA Frequency/32 kHz High Frequency Embung F/20260920_161400T.WAV,0,55,55,Embung F ITERA Frequency,High,-5.36822,105.319832,9/20/2026,15:25,Siang,Cerah,24F31901603767F6,Unknown,32000,Unknown,Frequency,0.041239485,0.27929688,Y,System,10/8/2026,,2e49d46fb20a99ea3f9735512331e73984d18968fd5d0ceb903d3ed21835413b
NOISE_0231,Embung F ITERA Frequency/32 kHz High Frequency Embung F/20260920_161500T.WAV,0,55,55,Embung F ITERA Frequency,High,-5.36822,105.319832,9/20/2026,15:25,Siang,Cerah,24F31901603767F6,Unknown,32000,Unknown,Frequency,0.044798978,0.5677185,Y,System,10/8/2026,,6c5e01166a507be05e6eb1590a9200c766d8bb6bde75b7ef727abb2d5dd724a7
NOISE_0232,Embung F ITERA Frequency/32 kHz High Frequency Embung F/20260920_161600T.WAV,0,55,55,Embung F ITERA Frequency,High,-5.36822,105.319832,9/20/2026,15:25,Siang,Cerah,24F31901603767F6,Unknown,32000,Unknown,Frequency,0.0412412,0.4623413,Y,System,10/8/2026,,9380dfc6d47eb5dcb46788af4f0199104b283be3377192f3478c48240b05623c
NOISE_0233,Embung F ITERA Frequency/32 kHz High Frequency Embung F/20260920_161700T.WAV,0,55,55,Embung F ITERA Frequency,High,-5.36822,105.319832,9/20/2026,15:25,Siang,Cerah,24F31901603767F6,Unknown,32000,Unknown,Frequency,0.04912016,0.56622314,Y,System,10/8/2026,,8236fab8afe80f2654ae65f295f651856913198baa46da324c2870d4c0383e52
NOISE_0234,Embung F ITERA Frequency/32 kHz High Frequency Embung F/20260920_161800T.WAV,0,55,55,Embung F ITERA Frequency,High,-5.36822,105.319832,9/20/2026,15:25,Siang,Cerah,24F31901603767F6,Unknown,32000,Unknown,Frequency,0.08501705,0.9999695,Y,System,10/8/2026,,beb4a2c831eb897df6bf28f49e2e78f56db9f713b6403b4ce33005cee40bea89
NOISE_0235,Embung F ITERA Frequency/32 kHz High Frequency Embung F/20260920_161900T.WAV,0,55,55,Embung F ITERA Frequency,High,-5.36822,105.319832,9/20/2026,15:25,Siang,Cerah,24F31901603767F6,Unknown,32000,Unknown,Frequency,0.11657349,0.9999695,Y,System,10/8/2026,,3f4db9fa22bf7e72eb81435970e95eb59f1fe46402dd52ecd9af453e0756e104
NOISE_0236,Embung F ITERA Frequency/32 kHz High Frequency Embung F/20260920_162000T.WAV,0,55,55,Embung F ITERA Frequency,High,-5.36822,105.319832,9/20/2026,15:25,Siang,Cerah,24F31901603767F6,Unknown,32000,Unknown,Frequency,0.09904898,0.9999695,Y,System,10/8/2026,,e6551f2bff7e44527da8ede1af20f19add6280d46068187f0bf2cd66f156ed6a
NOISE_0237,Embung F ITERA Frequency/32 kHz High Frequency Embung F/20260920_162100T.WAV,0,55,55,Embung F ITERA Frequency,High,-5.36822,105.319832,9/20/2026,15:25,Siang,Cerah,24F31901603767F6,Unknown,32000,Unknown,Frequency,0.03632021,0.2841797,Y,System,10/8/2026,,296633b3e7d4a675b45bae2ae44cd1b036e6d585a3a43d976cf1a0c3062f2844
NOISE_0238,Embung F ITERA Frequency/32 kHz High Frequency Embung F/20260920_162200T.WAV,0,55,55,Embung F ITERA Frequency,High,-5.36822,105.319832,9/20/2026,15:25,Siang,Cerah,24F31901603767F6,Unknown,32000,Unknown,Frequency,0.041960698,0.37908936,Y,System,10/8/2026,,bb07748cf6f4833c56f83c4e8e7f5d80c6059bf550a18bf8d227d4583f0cac9a
NOISE_0239,Embung F ITERA Frequency/32 kHz High Frequency Embung F/20260920_162300T.WAV,0,55,55,Embung F ITERA Frequency,High,-5.36822,105.319832,9/20/2026,15:25,Siang,Cerah,24F31901603767F6,Unknown,32000,Unknown,Frequency,0.06538145,0.93237305,Y,System,10/8/2026,,47a85d833acebb9524575fbb6f1b31c3b9fe4ab26853e638ad1cee126b18c525
NOISE_0240,Embung F ITERA Frequency/32 kHz High Frequency Embung F/20260920_162400T.WAV,0,55,55,Embung F ITERA Frequency,High,-5.36822,105.319832,9/20/2026,15:25,Siang,Cerah,24F31901603767F6,Unknown,32000,Unknown,Frequency,0.0490314,0.9882202,Y,System,10/8/2026,,1f280874285302356da98552926f6894f0b35d76639093f41e52b970807a8202
NOISE_0241,Embung F ITERA Frequency/32 kHz Low Frequency Embung F/20260920_125000T.WAV,0,55,55,Embung F ITERA Frequency,Low,-5.368573,105.320346,9/20/2026,12:50,Siang,Cerah,24F31901603767F6,Unknown,32000,Unknown,Frequency,0.03561309,0.98269653,Y,System,10/8/2026,,5e6141bcd9d236428e908be7766523b7fbeca7ce7c611c8d3ad8e09e2b4c7132
NOISE_0242,Embung F ITERA Frequency/32 kHz Low Frequency Embung F/20260920_125100T.WAV,0,12.544,12.544,Embung F ITERA Frequency,Low,-5.368573,105.320346,9/20/2026,12:50,Siang,Cerah,24F31901603767F6,Unknown,32000,Unknown,Frequency,0.007071207,0.09854126,Y,System,10/8/2026,,54e7ce17de34e6f49dd01cc7914ee163504d2d5d48501fd8c5d27ae2b90e7da0
NOISE_0243,Embung F ITERA Frequency/32 kHz Low Frequency Embung F/20260920_125200T.WAV,0,9.488,9.488,Embung F ITERA Frequency,Low,-5.368573,105.320346,9/20/2026,12:50,Siang,Cerah,24F31901603767F6,Unknown,32000,Unknown,Frequency,0.002960505,0.07461548,Y,System,10/8/2026,,272af1722db72726fd49335dc11aec6dd10c47efa42d15de853d9df28e674ce6
NOISE_0244,Embung F ITERA Frequency/32 kHz Low Frequency Embung F/20260920_125300T.WAV,0,12.056,12.056,Embung F ITERA Frequency,Low,-5.368573,105.320346,9/20/2026,12:50,Siang,Cerah,24F31901603767F6,Unknown,32000,Unknown,Frequency,0.012564475,0.23345947,Y,System,10/8/2026,,9f71ed8647cdad44283762e52de5685d6bf6d84cafc4c4921272fbe87e182874
NOISE_0245,Embung F ITERA Frequency/32 kHz Low Frequency Embung F/20260920_125400T.WAV,0,38.184,38.184,Embung F ITERA Frequency,Low,-5.368573,105.320346,9/20/2026,12:50,Siang,Cerah,24F31901603767F6,Unknown,32000,Unknown,Frequency,0.032033738,0.4973755,Y,System,10/8/2026,,01efd728ac695295933d8ec55b5ff7377d5ec9680bc7db1fabe6b2815f98184a
NOISE_0246,Embung F ITERA Frequency/32 kHz Low Frequency Embung F/20260920_125500T.WAV,0,12.056,12.056,Embung F ITERA Frequency,Low,-5.368573,105.320346,9/20/2026,12:50,Siang,Cerah,24F31901603767F6,Unknown,32000,Unknown,Frequency,0.007539089,0.10882568,Y,System,10/8/2026,,1c32d1b271fe60df6eb5b26582e9966b98179d2715bdfe6f875128b25212eca7
NOISE_0247,Embung F ITERA Frequency/32 kHz Low Frequency Embung F/20260920_125600T.WAV,0,5.88,5.88,Embung F ITERA Frequency,Low,-5.368573,105.320346,9/20/2026,12:50,Siang,Cerah,24F31901603767F6,Unknown,32000,Unknown,Frequency,0.004384846,0.3805542,Y,System,10/8/2026,,a9e4c4d9cdb31db96d89f178f908fa9864f21748c1c31ef5703823d5b239bba6
NOISE_0248,Embung F ITERA Frequency/32 kHz Low Frequency Embung F/20260920_125700T.WAV,0,5.896,5.896,Embung F ITERA Frequency,Low,-5.368573,105.320346,9/20/2026,12:50,Siang,Cerah,24F31901603767F6,Unknown,32000,Unknown,Frequency,0.00390323,0.024902344,Y,System,10/8/2026,,e6b242039054d82e82c02e257b02e77dcd91771ac3656ce80ffabfc22dd64980
NOISE_0249,Embung F ITERA Frequency/32 kHz Low Frequency Embung F/20260920_125800T.WAV,0,7.432,7.432,Embung F ITERA Frequency,Low,-5.368573,105.320346,9/20/2026,12:50,Siang,Cerah,24F31901603767F6,Unknown,32000,Unknown,Frequency,0.003793734,0.01864624,Y,System,10/8/2026,,8fd7aa491dad39ed986eab843a75046bab03b2858cd1b1e11e55fed8e5bccbaa
NOISE_0250,Embung F ITERA Frequency/32 kHz Low Frequency Embung F/20260920_125900T.WAV,0,6.408,6.408,Embung F ITERA Frequency,Low,-5.368573,105.320346,9/20/2026,12:50,Siang,Cerah,24F31901603767F6,Unknown,32000,Unknown,Frequency,0.00219808,0.03366089,Y,System,10/8/2026,,6981ccb6fa4dd746e553059d669c22db97d580ee27c353654de5f968c3fed7be
NOISE_0251,Embung F ITERA Frequency/32 kHz Low Frequency Embung F/20260920_130000T.WAV,0,26.424,26.424,Embung F ITERA Frequency,Low,-5.368573,105.320346,9/20/2026,12:50,Siang,Cerah,24F31901603767F6,Unknown,32000,Unknown,Frequency,0.005895997,0.08230591,Y,System,10/8/2026,,077ff6912c930138b384ebd35ba3e3c36753144eb7f6e9ed2ba834c95bcc68e1
NOISE_0252,Embung F ITERA Frequency/32 kHz Low Frequency Embung F/20260920_130100T.WAV,0,25.376,25.376,Embung F ITERA Frequency,Low,-5.368573,105.320346,9/20/2026,12:50,Siang,Cerah,24F31901603767F6,Unknown,32000,Unknown,Frequency,0.017347023,0.2541504,Y,System,10/8/2026,,51a60690b1c7cfc2d45184130f51fbdf8124ecc57c2bc60fe5687373ca432a22
NOISE_0253,Embung F ITERA Frequency/32 kHz Low Frequency Embung F/20260920_130200T.WAV,0,13.088,13.088,Embung F ITERA Frequency,Low,-5.368573,105.320346,9/20/2026,12:50,Siang,Cerah,24F31901603767F6,Unknown,32000,Unknown,Frequency,0.003898457,0.031677246,Y,System,10/8/2026,,8cab91e4a9772d1a957fa80ff918b0c8ec14cc736efe96aff43139d4364169cb
NOISE_0254,Embung F ITERA Frequency/32 kHz Low Frequency Embung F/20260920_130300T.WAV,0,19.264,19.264,Embung F ITERA Frequency,Low,-5.368573,105.320346,9/20/2026,12:50,Siang,Cerah,24F31901603767F6,Unknown,32000,Unknown,Frequency,0.003906804,0.036254883,Y,System,10/8/2026,,1db3b0032a04832baf84313388e5bfcb687c4bc131eb029df8f37e65c9667fb7
NOISE_0255,Embung F ITERA Frequency/32 kHz Low Frequency Embung F/20260920_130400T.WAV,0,43.808,43.808,Embung F ITERA Frequency,Low,-5.368573,105.320346,9/20/2026,12:50,Siang,Cerah,24F31901603767F6,Unknown,32000,Unknown,Frequency,0.018473312,0.23641968,Y,System,10/8/2026,,d11fb0c5644437dbfe5b7f895d7b4d30f8f451b3f70fdbd6c3ccf45acccaa7bf
NOISE_0256,Embung F ITERA Frequency/32 kHz Low Frequency Embung F/20260920_130500T.WAV,0,14.128,14.128,Embung F ITERA Frequency,Low,-5.368573,105.320346,9/20/2026,12:50,Siang,Cerah,24F31901603767F6,Unknown,32000,Unknown,Frequency,0.015027937,0.18411255,Y,System,10/8/2026,,4306da49b417bf0337d755be95abe8b311cfa8a0f4c7f5488de5a5205d211495
NOISE_0257,Embung F ITERA Frequency/32 kHz Low Frequency Embung F/20260920_130600T.WAV,0,12.568,12.568,Embung F ITERA Frequency,Low,-5.368573,105.320346,9/20/2026,12:50,Siang,Cerah,24F31901603767F6,Unknown,32000,Unknown,Frequency,0.004475095,0.03289795,Y,System,10/8/2026,,757871c568aaabce827b0c08a70c66c5fa41e4dd8f0f385a2ceaaec8b2843b6c
NOISE_0258,Embung F ITERA Frequency/32 kHz Low Frequency Embung F/20260920_130700T.WAV,0,11.56,11.56,Embung F ITERA Frequency,Low,-5.368573,105.320346,9/20/2026,12:50,Siang,Cerah,24F31901603767F6,Unknown,32000,Unknown,Frequency,0.022729468,0.55148315,Y,System,10/8/2026,,7d6c54295844feba729cfbdfae0aa2307a6497d1ecf5175b6af82f2f88c92e36
NOISE_0259,Embung F ITERA Frequency/32 kHz Low Frequency Embung F/20260920_130800T.WAV,0,9.496,9.496,Embung F ITERA Frequency,Low,-5.368573,105.320346,9/20/2026,12:50,Siang,Cerah,24F31901603767F6,Unknown,32000,Unknown,Frequency,0.004287165,0.035736084,Y,System,10/8/2026,,b152138ba9173e287f4ee9f1393cd9fc938e6e8a88271c7f42758ad3c425dee7
NOISE_0260,Embung F ITERA Frequency/32 kHz Low Frequency Embung F/20260920_130900T.WAV,0,21.296,21.296,Embung F ITERA Frequency,Low,-5.368573,105.320346,9/20/2026,12:50,Siang,Cerah,24F31901603767F6,Unknown,32000,Unknown,Frequency,0.016719563,0.17224121,Y,System,10/8/2026,,04429df780a4dd0eea352f89c2d5ec09057f04d00a2f598c92255aa0e66047d6
NOISE_0261,Embung F ITERA Frequency/32 kHz Low Frequency Embung F/20260920_131000T.WAV,0,5.896,5.896,Embung F ITERA Frequency,Low,-5.368573,105.320346,9/20/2026,12:50,Siang,Cerah,24F31901603767F6,Unknown,32000,Unknown,Frequency,0.003959348,0.052459717,Y,System,10/8/2026,,ef9d817b6dac8f80231a631f698dccdbcd8279af57e8a01f15edbc5537075e77
NOISE_0262,Embung F ITERA Frequency/32 kHz Low Frequency Embung F/20260920_131100T.WAV,0,13.096,13.096,Embung F ITERA Frequency,Low,-5.368573,105.320346,9/20/2026,12:50,Siang,Cerah,24F31901603767F6,Unknown,32000,Unknown,Frequency,0.004702783,0.047576904,Y,System,10/8/2026,,4441e77ff1abe38016c25c9221a6fa803aec8fe0e5cae75624834d1e4ab6d2f3
NOISE_0263,Embung F ITERA Frequency/32 kHz Low Frequency Embung F/20260920_131200T.WAV,0,25.888,25.888,Embung F ITERA Frequency,Low,-5.368573,105.320346,9/20/2026,12:50,Siang,Cerah,24F31901603767F6,Unknown,32000,Unknown,Frequency,0.00839721,0.3664856,Y,System,10/8/2026,,bd61adfa3342cff06c183d61b199cf2479f3708a0bcc590175f485df003d0702
NOISE_0264,Embung F ITERA Frequency/32 kHz Low Frequency Embung F/20260920_131300T.WAV,0,25.376,25.376,Embung F ITERA Frequency,Low,-5.368573,105.320346,9/20/2026,12:50,Siang,Cerah,24F31901603767F6,Unknown,32000,Unknown,Frequency,0.020331634,0.2614746,Y,System,10/8/2026,,3ac72657b4f3a0ebeacb41e73dcc711da9f2d662324ccfd4787b1e5218cc820c
NOISE_0265,Embung F ITERA Frequency/32 kHz Low Frequency Embung F/20260920_131400T.WAV,0,28.96,28.96,Embung F ITERA Frequency,Low,-5.368573,105.320346,9/20/2026,12:50,Siang,Cerah,24F31901603767F6,Unknown,32000,Unknown,Frequency,0.009916218,0.08590698,Y,System,10/8/2026,,7ffb9c218ea35c2f52398a516bf6705e43d2ab84d9be5c053634cb3229256862
NOISE_0266,Embung F ITERA Frequency/32 kHz Low Frequency Embung F/20260920_131500T.WAV,0,53.992,53.992,Embung F ITERA Frequency,Low,-5.368573,105.320346,9/20/2026,12:50,Siang,Cerah,24F31901603767F6,Unknown,32000,Unknown,Frequency,0.019188587,0.29830933,Y,System,10/8/2026,,95ecda6eee2abdbe8b6db447e069350e42269d8e387dde107fae408f131c2e35
NOISE_0267,Embung F ITERA Frequency/32 kHz Low Frequency Embung F/20260920_131600T.WAV,0,27.472,27.472,Embung F ITERA Frequency,Low,-5.368573,105.320346,9/20/2026,12:50,Siang,Cerah,24F31901603767F6,Unknown,32000,Unknown,Frequency,0.008806381,0.094329834,Y,System,10/8/2026,,5744aab21f5cf688c119bb922e819d235d06f132d2d9cb2634510913c06cd0ea
NOISE_0268,Embung F ITERA Frequency/32 kHz Low Frequency Embung F/20260920_131700T.WAV,0,12.568,12.568,Embung F ITERA Frequency,Low,-5.368573,105.320346,9/20/2026,12:50,Siang,Cerah,24F31901603767F6,Unknown,32000,Unknown,Frequency,0.002951533,0.028411865,Y,System,10/8/2026,,ed5b6a3da2e610f7006ad424820ea86fa24afb18ba4985cb64598ff0b7285d32
NOISE_0269,Embung F ITERA Frequency/32 kHz Low Frequency Embung F/20260920_131800T.WAV,0,13.096,13.096,Embung F ITERA Frequency,Low,-5.368573,105.320346,9/20/2026,12:50,Siang,Cerah,24F31901603767F6,Unknown,32000,Unknown,Frequency,0.002324068,0.012634277,Y,System,10/8/2026,,69b79427058ca3f617c373c4715916e55ca357c0d0337fa52c8af8dad49f6623
NOISE_0270,Embung F ITERA Frequency/32 kHz Low Frequency Embung F/20260920_131900T.WAV,0,14.632,14.632,Embung F ITERA Frequency,Low,-5.368573,105.320346,9/20/2026,12:50,Siang,Cerah,24F31901603767F6,Unknown,32000,Unknown,Frequency,0.002565696,0.017059326,Y,System,10/8/2026,,8047036d420332fdf9a08cc1f6fe8ec6552ba1e95f3289b2cac6f30dc76c0cdf
NOISE_0271,Embung F ITERA Frequency/32 kHz Low Frequency Embung F/20260920_132000T.WAV,0,12.576,12.576,Embung F ITERA Frequency,Low,-5.368573,105.320346,9/20/2026,12:50,Siang,Cerah,24F31901603767F6,Unknown,32000,Unknown,Frequency,0.00387897,0.041290283,Y,System,10/8/2026,,bffdda10cf0669984b30420ea5f80f37d841ed25eb93d775e0754652dfa0c024
NOISE_0272,Embung F ITERA Frequency/32 kHz Low Frequency Embung F/20260920_132100T.WAV,0,4.864,4.864,Embung F ITERA Frequency,Low,-5.368573,105.320346,9/20/2026,12:50,Siang,Cerah,24F31901603767F6,Unknown,32000,Unknown,Frequency,0.00246208,0.01272583,Y,System,10/8/2026,,a1eeee6938a8a9af95560e349dc4170c2d7271e23449db517397fc0c24278c67
NOISE_0273,Embung F ITERA Frequency/32 kHz Low Frequency Embung F/20260920_132200T.WAV,0,5.896,5.896,Embung F ITERA Frequency,Low,-5.368573,105.320346,9/20/2026,12:50,Siang,Cerah,24F31901603767F6,Unknown,32000,Unknown,Frequency,0.002936175,0.021453857,Y,System,10/8/2026,,3165869709bef053c5240883f62215bab25125396f81c8f6dc08e28eb244a92d
NOISE_0274,Embung F ITERA Frequency/32 kHz Low Frequency Embung F/20260920_132300T.WAV,0,3.824,3.824,Embung F ITERA Frequency,Low,-5.368573,105.320346,9/20/2026,12:50,Siang,Cerah,24F31901603767F6,Unknown,32000,Unknown,Frequency,0.002208037,0.015472412,Y,System,10/8/2026,,2931f779a5d8e43247201623e6c7722258a8381602999a35838a338048387bf2
NOISE_0275,Embung F ITERA Frequency/32 kHz Low Frequency Embung F/20260920_132400T.WAV,0,1.768,1.768,Embung F ITERA Frequency,Low,-5.368573,105.320346,9/20/2026,12:50,Siang,Cerah,24F31901603767F6,Unknown,32000,Unknown,Frequency,0.001707388,0.010406494,Y,System,10/8/2026,,c76c9924f48daa535498f1e675591acca93590edc8889e9efaf268b62aadbe64
NOISE_0276,Embung F ITERA Frequency/32 kHz Low Frequency Embung F/20260920_132500T.WAV,0,2.8,2.8,Embung F ITERA Frequency,Low,-5.368573,105.320346,9/20/2026,12:50,Siang,Cerah,24F31901603767F6,Unknown,32000,Unknown,Frequency,0.001846645,0.011657715,Y,System,10/8/2026,,bd7b878aed234844fcdd680b5bf7b6126cea001963a1ead6e8a0057ea90de059
NOISE_0277,Embung F ITERA Frequency/32 kHz Low Frequency Embung F/20260920_132600T.WAV,0,10.008,10.008,Embung F ITERA Frequency,Low,-5.368573,105.320346,9/20/2026,12:50,Siang,Cerah,24F31901603767F6,Unknown,32000,Unknown,Frequency,0.003063362,0.19116211,Y,System,10/8/2026,,ce4958c6fd62f17b94be485e595dc5bba986b2dd33aaa3b8b95eaec899d88a7c
NOISE_0278,Embung F ITERA Frequency/32 kHz Low Frequency Embung F/20260920_132700T.WAV,0,9.48,9.48,Embung F ITERA Frequency,Low,-5.368573,105.320346,9/20/2026,12:50,Siang,Cerah,24F31901603767F6,Unknown,32000,Unknown,Frequency,0.002762172,0.015991211,Y,System,10/8/2026,,b19e83fbb5bbb7d5599f3f63fdadbb296d23ff79c73f266f632a566ed6e743d3
NOISE_0279,Embung F ITERA Frequency/32 kHz Low Frequency Embung F/20260920_132800T.WAV,0,18.184,18.184,Embung F ITERA Frequency,Low,-5.368573,105.320346,9/20/2026,12:50,Siang,Cerah,24F31901603767F6,Unknown,32000,Unknown,Frequency,0.004746653,0.11709595,Y,System,10/8/2026,,71e31f8d47ce4b1b30a4dc8c37b7fe5c47a6eaf454fe08963bbf2bb136c2d8b5
NOISE_0280,Embung F ITERA Frequency/32 kHz Low Frequency Embung F/20260920_132900T.WAV,0,8.984,8.984,Embung F ITERA Frequency,Low,-5.368573,105.320346,9/20/2026,12:50,Siang,Cerah,24F31901603767F6,Unknown,32000,Unknown,Frequency,0.003055638,0.015686035,Y,System,10/8/2026,,2ead0218f9d4a554a4fc08245a6f1abbf33549312f87b683e548b767aefce746
NOISE_0281,Embung F ITERA Frequency/32 kHz Low Frequency Embung F/20260920_133000T.WAV,0,16.16,16.16,Embung F ITERA Frequency,Low,-5.368573,105.320346,9/20/2026,12:50,Siang,Cerah,24F31901603767F6,Unknown,32000,Unknown,Frequency,0.003315713,0.17703247,Y,System,10/8/2026,,4a57cb534103ca877c01bb22527b62bc320592b5c34e88305018c365a88af567
NOISE_0282,Embung F ITERA Frequency/32 kHz Low Frequency Embung F/20260920_133100T.WAV,0,2.8,2.8,Embung F ITERA Frequency,Low,-5.368573,105.320346,9/20/2026,12:50,Siang,Cerah,24F31901603767F6,Unknown,32000,Unknown,Frequency,0.002821302,0.012176514,Y,System,10/8/2026,,39f9375868662c180bd29adb6aba9db42e6ce6d07e6820af7969fd23414e37d2
NOISE_0283,Embung F ITERA Frequency/32 kHz Low Frequency Embung F/20260920_133200T.WAV,0,17.736,17.736,Embung F ITERA Frequency,Low,-5.368573,105.320346,9/20/2026,12:50,Siang,Cerah,24F31901603767F6,Unknown,32000,Unknown,Frequency,0.003005823,0.022003174,Y,System,10/8/2026,,fdab3ea1c0d3f8c5c2fb5fdb222a2f36f29cdc7c11a32d464815578e3fe26c10
NOISE_0284,Embung F ITERA Frequency/32 kHz Low Frequency Embung F/20260920_133300T.WAV,0,2.8,2.8,Embung F ITERA Frequency,Low,-5.368573,105.320346,9/20/2026,12:50,Siang,Cerah,24F31901603767F6,Unknown,32000,Unknown,Frequency,0.002365068,0.01550293,Y,System,10/8/2026,,1e3c08b4edff8df058198b08f78dc828e41e7215404d1ca6c7e11627410d78b4
NOISE_0285,Embung F ITERA Frequency/32 kHz Low Frequency Embung F/20260920_133400T.WAV,0,12.072,12.072,Embung F ITERA Frequency,Low,-5.368573,105.320346,9/20/2026,12:50,Siang,Cerah,24F31901603767F6,Unknown,32000,Unknown,Frequency,0.002499768,0.013641357,Y,System,10/8/2026,,86102d1c610fec03b1e6b2fdb14f15ad05c721e65f09daa4aaed9f857d7f5449
NOISE_0286,Embung F ITERA Frequency/32 kHz Low Frequency Embung F/20260920_133500T.WAV,0,19.76,19.76,Embung F ITERA Frequency,Low,-5.368573,105.320346,9/20/2026,12:50,Siang,Cerah,24F31901603767F6,Unknown,32000,Unknown,Frequency,0.003256668,0.033996582,Y,System,10/8/2026,,5af1bd24360762094598662c44715f5548770c2ddfdd57bb2a2b2ca3198d9d62
NOISE_0287,Embung F ITERA Frequency/32 kHz Low Frequency Embung F/20260920_133600T.WAV,0,8.472,8.472,Embung F ITERA Frequency,Low,-5.368573,105.320346,9/20/2026,12:50,Siang,Cerah,24F31901603767F6,Unknown,32000,Unknown,Frequency,0.0040183,0.06341553,Y,System,10/8/2026,,656dfc19a45cd0701015160d9932675e33e4f9e1a9373790edf65442f87e0c16
NOISE_0288,Embung F ITERA Frequency/32 kHz Low Frequency Embung F/20260920_133700T.WAV,0,17.72,17.72,Embung F ITERA Frequency,Low,-5.368573,105.320346,9/20/2026,12:50,Siang,Cerah,24F31901603767F6,Unknown,32000,Unknown,Frequency,0.002320528,0.0128479,Y,System,10/8/2026,,30e38bf7332f657a8f0b15663b8581482b45c9dc85023b8a5215fa48406f5164
NOISE_0289,Embung F ITERA Frequency/32 kHz Low Frequency Embung F/20260920_133800T.WAV,0,12.064,12.064,Embung F ITERA Frequency,Low,-5.368573,105.320346,9/20/2026,12:50,Siang,Cerah,24F31901603767F6,Unknown,32000,Unknown,Frequency,0.002669605,0.017913818,Y,System,10/8/2026,,0e2284f00037f16f09bf5c61ffa3f961181bbc83b5c28eac9fb2d08f6eabbf2c
NOISE_0290,Embung F ITERA Frequency/32 kHz Low Frequency Embung F/20260920_133900T.WAV,0,14.648,14.648,Embung F ITERA Frequency,Low,-5.368573,105.320346,9/20/2026,12:50,Siang,Cerah,24F31901603767F6,Unknown,32000,Unknown,Frequency,0.002913386,0.014831543,Y,System,10/8/2026,,3ac6b38ce23c324dae3c3995732749e3483ef9d8eded71b52535e0f114468fc2
NOISE_0291,Embung F ITERA Frequency/32 kHz Low Frequency Embung F/20260920_134000T.WAV,0,15.664,15.664,Embung F ITERA Frequency,Low,-5.368573,105.320346,9/20/2026,12:50,Siang,Cerah,24F31901603767F6,Unknown,32000,Unknown,Frequency,0.00309171,0.019927979,Y,System,10/8/2026,,3066229c3d4bfff1b09fe524a1c0acffb1f65c60d38765a78d0d038150c7b329
NOISE_0292,Embung F ITERA Frequency/32 kHz Low Frequency Embung F/20260920_134100T.WAV,0,8.472,8.472,Embung F ITERA Frequency,Low,-5.368573,105.320346,9/20/2026,12:50,Siang,Cerah,24F31901603767F6,Unknown,32000,Unknown,Frequency,0.003669944,0.018554688,Y,System,10/8/2026,,0243fef056daaf6f7b1985ec3b373da250e4ad73a6610c0672dd0a9cea4dd009
NOISE_0293,Embung F ITERA Frequency/32 kHz Low Frequency Embung F/20260920_134200T.WAV,0,18.68,18.68,Embung F ITERA Frequency,Low,-5.368573,105.320346,9/20/2026,12:50,Siang,Cerah,24F31901603767F6,Unknown,32000,Unknown,Frequency,0.003018579,0.018981934,Y,System,10/8/2026,,abedc7d51389f79ad380da6ebeb36137d4fabdbc237dc257a23774c8f00fa235
NOISE_0294,Embung F ITERA Frequency/32 kHz Low Frequency Embung F/20260920_134300T.WAV,0,3.832,3.832,Embung F ITERA Frequency,Low,-5.368573,105.320346,9/20/2026,12:50,Siang,Cerah,24F31901603767F6,Unknown,32000,Unknown,Frequency,0.003061848,0.017303467,Y,System,10/8/2026,,538bafb70f1eb373d86a1a84baece05b7f059b49d192e147ad9f3ee85849f1c6
NOISE_0295,Embung F ITERA Frequency/32 kHz Low Frequency Embung F/20260920_134400T.WAV,0,14.128,14.128,Embung F ITERA Frequency,Low,-5.368573,105.320346,9/20/2026,12:50,Siang,Cerah,24F31901603767F6,Unknown,32000,Unknown,Frequency,0.003408279,0.021942139,Y,System,10/8/2026,,36d0baeab11ee31ec0ea9e1e42219d1bbc3774132f201dd32f73648bf669a08f
NOISE_0296,Embung F ITERA Frequency/32 kHz Low Frequency Embung F/20260920_134500T.WAV,0,19.272,19.272,Embung F ITERA Frequency,Low,-5.368573,105.320346,9/20/2026,12:50,Siang,Cerah,24F31901603767F6,Unknown,32000,Unknown,Frequency,0.002713962,0.016845703,Y,System,10/8/2026,,4d3b36216227f0074cd983e63adefcb7961ffc817e3a3b270a9d111298b0bbc0
NOISE_0297,Embung F ITERA Frequency/32 kHz Low Frequency Embung F/20260920_134600T.WAV,0,8.464,8.464,Embung F ITERA Frequency,Low,-5.368573,105.320346,9/20/2026,12:50,Siang,Cerah,24F31901603767F6,Unknown,32000,Unknown,Frequency,0.003305242,0.025909424,Y,System,10/8/2026,,e1e45add18a96122382bbe1a709cf5970ff946b344b67ea4e6095a4a476d8d14
NOISE_0298,Embung F ITERA Frequency/32 kHz Low Frequency Embung F/20260920_134700T.WAV,0,18.784,18.784,Embung F ITERA Frequency,Low,-5.368573,105.320346,9/20/2026,12:50,Siang,Cerah,24F31901603767F6,Unknown,32000,Unknown,Frequency,0.003069287,0.018798828,Y,System,10/8/2026,,27ea3e1849975e45290331704438824a2e585c4c5b682ff24432457a50680982
NOISE_0299,Embung F ITERA Frequency/32 kHz Low Frequency Embung F/20260920_134800T.WAV,0,16.72,16.72,Embung F ITERA Frequency,Low,-5.368573,105.320346,9/20/2026,12:50,Siang,Cerah,24F31901603767F6,Unknown,32000,Unknown,Frequency,0.002602155,0.013549805,Y,System,10/8/2026,,82e3e3686835c8d48ce5386502d1d4e12601c940cba96862db0a768b6f2712c3
NOISE_0300,Embung F ITERA Frequency/32 kHz Low Frequency Embung F/20260920_134900T.WAV,0,22.864,22.864,Embung F ITERA Frequency,Low,-5.368573,105.320346,9/20/2026,12:50,Siang,Cerah,24F31901603767F6,Unknown,32000,Unknown,Frequency,0.002830923,0.30767822,Y,System,10/8/2026,,2986a89207111c8cc8b5561cc934462c7d7c46fc8b60bf6c750741609425f860
NOISE_0301,Embung F ITERA Frequency/32 kHz Medium Frequency Embung F/20260920_140500T.WAV,0,55,55,Embung F ITERA Frequency,Medium,-5.369431,105.319074,9/20/2026,14:05,Siang,Gerimis (sebentar),24F31901603767F6,Unknown,32000,Unknown,Frequency,0.019123254,0.9999695,Y,System,10/8/2026,Ada suara hujan ringan namun tidak deras dan hanya sebentar.,d2268a5269de09311a7806fdfe491348e12845b91b0c09f8b40407580af42def
NOISE_0302,Embung F ITERA Frequency/32 kHz Medium Frequency Embung F/20260920_140600T.WAV,0,55,55,Embung F ITERA Frequency,Medium,-5.369431,105.319074,9/20/2026,14:05,Siang,Gerimis (sebentar),24F31901603767F6,Unknown,32000,Unknown,Frequency,0.010373222,0.9999695,Y,System,10/8/2026,Ada suara hujan ringan namun tidak deras dan hanya sebentar.,f75cb9aa549c394dea8617d88892c2189e0d31a5759a6813c6d45ae227b72c90
NOISE_0303,Embung F ITERA Frequency/32 kHz Medium Frequency Embung F/20260920_140700T.WAV,0,55,55,Embung F ITERA Frequency,Medium,-5.369431,105.319074,9/20/2026,14:05,Siang,Gerimis (sebentar),24F31901603767F6,Unknown,32000,Unknown,Frequency,0.009968977,0.9999695,Y,System,10/8/2026,Ada suara hujan ringan namun tidak deras dan hanya sebentar.,22569446eed5aad3c0a4a79eb0d11348c274eed050ae650d70b2c85a7260ca7e
NOISE_0304,Embung F ITERA Frequency/32 kHz Medium Frequency Embung F/20260920_140800T.WAV,0,55,55,Embung F ITERA Frequency,Medium,-5.369431,105.319074,9/20/2026,14:05,Siang,Gerimis (sebentar),24F31901603767F6,Unknown,32000,Unknown,Frequency,0.012176633,0.9999695,Y,System,10/8/2026,Ada suara hujan ringan namun tidak deras dan hanya sebentar.,c4b969ce423160dfa1911b9c7cc1cd5d15e0dbf1be1954572ee7acae67d2ea9b
NOISE_0305,Embung F ITERA Frequency/32 kHz Medium Frequency Embung F/20260920_140900T.WAV,0,55,55,Embung F ITERA Frequency,Medium,-5.369431,105.319074,9/20/2026,14:05,Siang,Gerimis (sebentar),24F31901603767F6,Unknown,32000,Unknown,Frequency,0.016475117,0.9999695,Y,System,10/8/2026,Ada suara hujan ringan namun tidak deras dan hanya sebentar.,c763894b04cdd8f41af037b5c11251486eebb4ae7ca6d0fc835f0b269836c909
NOISE_0306,Embung F ITERA Frequency/32 kHz Medium Frequency Embung F/20260920_141000T.WAV,0,55,55,Embung F ITERA Frequency,Medium,-5.369431,105.319074,9/20/2026,14:05,Siang,Gerimis (sebentar),24F31901603767F6,Unknown,32000,Unknown,Frequency,0.015936706,0.9999695,Y,System,10/8/2026,Ada suara hujan ringan namun tidak deras dan hanya sebentar.,904775e9e97fdae9033c4848f3c8665097b24d60c45f9d70251ee616b2ccf001
NOISE_0307,Embung F ITERA Frequency/32 kHz Medium Frequency Embung F/20260920_141500T.WAV,0,55,55,Embung F ITERA Frequency,Medium,-5.369431,105.319074,9/20/2026,14:05,Siang,Gerimis (sebentar),24F31901603767F6,Unknown,32000,Unknown,Frequency,0.015495359,0.9999695,Y,System,10/8/2026,Ada suara hujan ringan namun tidak deras dan hanya sebentar.,a213966c0c00fb30988c1ab2e8bd2880951d98a13ce461904a5a559e0ad4f64e
NOISE_0308,Embung F ITERA Frequency/32 kHz Medium Frequency Embung F/20260920_141600T.WAV,0,55,55,Embung F ITERA Frequency,Medium,-5.369431,105.319074,9/20/2026,14:05,Siang,Gerimis (sebentar),24F31901603767F6,Unknown,32000,Unknown,Frequency,0.018572528,0.9999695,Y,System,10/8/2026,Ada suara hujan ringan namun tidak deras dan hanya sebentar.,42638586a2f37a07ae38fc4caed2af29e457eefffef75622afc77e6971ed96d3
NOISE_0309,Embung F ITERA Frequency/32 kHz Medium Frequency Embung F/20260920_141700T.WAV,0,55,55,Embung F ITERA Frequency,Medium,-5.369431,105.319074,9/20/2026,14:05,Siang,Gerimis (sebentar),24F31901603767F6,Unknown,32000,Unknown,Frequency,0.012013138,0.9999695,Y,System,10/8/2026,Ada suara hujan ringan namun tidak deras dan hanya sebentar.,971b8b048dd9cf6b8a25773f0112a2b02e1d4c38fa8da8b88e072d008f7abb7f
NOISE_0310,Embung F ITERA Frequency/32 kHz Medium Frequency Embung F/20260920_141800T.WAV,0,55,55,Embung F ITERA Frequency,Medium,-5.369431,105.319074,9/20/2026,14:05,Siang,Gerimis (sebentar),24F31901603767F6,Unknown,32000,Unknown,Frequency,0.009915713,0.9999695,Y,System,10/8/2026,Ada suara hujan ringan namun tidak deras dan hanya sebentar.,a43c245e759af326515b506e514ec5ff7b7887c8d668a7c0000094c7356ef6a1
NOISE_0311,Embung F ITERA Frequency/32 kHz Medium Frequency Embung F/20260920_141900T.WAV,0,55,55,Embung F ITERA Frequency,Medium,-5.369431,105.319074,9/20/2026,14:05,Siang,Gerimis (sebentar),24F31901603767F6,Unknown,32000,Unknown,Frequency,0.007222629,0.5307312,Y,System,10/8/2026,Ada suara hujan ringan namun tidak deras dan hanya sebentar.,1be71d9bc559e7dc971637844ed2240cc44c557463e26108360f9309c5913c45
NOISE_0312,Embung F ITERA Frequency/32 kHz Medium Frequency Embung F/20260920_142000T.WAV,0,55,55,Embung F ITERA Frequency,Medium,-5.369431,105.319074,9/20/2026,14:05,Siang,Gerimis (sebentar),24F31901603767F6,Unknown,32000,Unknown,Frequency,0.006137967,0.09802246,Y,System,10/8/2026,Ada suara hujan ringan namun tidak deras dan hanya sebentar.,3b9373a2143000e253955896cdcad16f483972c398ba2337fd2cc06129cb4cab
NOISE_0313,Embung F ITERA Frequency/32 kHz Medium Frequency Embung F/20260920_142100T.WAV,0,55,55,Embung F ITERA Frequency,Medium,-5.369431,105.319074,9/20/2026,14:05,Siang,Gerimis (sebentar),24F31901603767F6,Unknown,32000,Unknown,Frequency,0.008691889,0.4078064,Y,System,10/8/2026,Ada suara hujan ringan namun tidak deras dan hanya sebentar.,59217d5dde940ab3da647cb4b59412144764a15a51c322b11eef9dd35b9bd5a2
NOISE_0314,Embung F ITERA Frequency/32 kHz Medium Frequency Embung F/20260920_142200T.WAV,0,55,55,Embung F ITERA Frequency,Medium,-5.369431,105.319074,9/20/2026,14:05,Siang,Gerimis (sebentar),24F31901603767F6,Unknown,32000,Unknown,Frequency,0.008555688,0.3699646,Y,System,10/8/2026,Ada suara hujan ringan namun tidak deras dan hanya sebentar.,6e3bad954b8ef7a79027145c57811c5cc80cc3d96b1b097cf375d0bfb67f391a
NOISE_0315,Embung F ITERA Frequency/32 kHz Medium Frequency Embung F/20260920_142300T.WAV,0,55,55,Embung F ITERA Frequency,Medium,-5.369431,105.319074,9/20/2026,14:05,Siang,Gerimis (sebentar),24F31901603767F6,Unknown,32000,Unknown,Frequency,0.013276147,0.9915161,Y,System,10/8/2026,Ada suara hujan ringan namun tidak deras dan hanya sebentar.,e56492b74cdf94d93d4cee6843261be5e571f5e2d4ea539f7fe5258efe22b8a0
NOISE_0316,Embung F ITERA Frequency/32 kHz Medium Frequency Embung F/20260920_142400T.WAV,0,55,55,Embung F ITERA Frequency,Medium,-5.369431,105.319074,9/20/2026,14:05,Siang,Gerimis (sebentar),24F31901603767F6,Unknown,32000,Unknown,Frequency,0.008057778,0.15240479,Y,System,10/8/2026,Ada suara hujan ringan namun tidak deras dan hanya sebentar.,b13aa30e584ab1d3e874eb0abb5d18bbf6d012d398673c6e0a341dc2f0ad2275
NOISE_0317,Embung F ITERA Frequency/32 kHz Medium Frequency Embung F/20260920_142500T.WAV,0,55,55,Embung F ITERA Frequency,Medium,-5.369431,105.319074,9/20/2026,14:05,Siang,Gerimis (sebentar),24F31901603767F6,Unknown,32000,Unknown,Frequency,0.008572976,0.33215332,Y,System,10/8/2026,Ada suara hujan ringan namun tidak deras dan hanya sebentar.,1622b69ce80001875258936fe3dbc126addc5f9b4ccd314718a9e8fbed6c82e6
NOISE_0318,Embung F ITERA Frequency/32 kHz Medium Frequency Embung F/20260920_142600T.WAV,0,55,55,Embung F ITERA Frequency,Medium,-5.369431,105.319074,9/20/2026,14:05,Siang,Gerimis (sebentar),24F31901603767F6,Unknown,32000,Unknown,Frequency,0.008421126,0.10235596,Y,System,10/8/2026,Ada suara hujan ringan namun tidak deras dan hanya sebentar.,ee181b08fe4790c3336feb4b62918b302c3d99b3059a5964a3618c3aa559c937
NOISE_0319,Embung F ITERA Frequency/32 kHz Medium Frequency Embung F/20260920_142700T.WAV,0,55,55,Embung F ITERA Frequency,Medium,-5.369431,105.319074,9/20/2026,14:05,Siang,Gerimis (sebentar),24F31901603767F6,Unknown,32000,Unknown,Frequency,0.008734055,0.15496826,Y,System,10/8/2026,Ada suara hujan ringan namun tidak deras dan hanya sebentar.,e03bb3e8646782d2d178fcf7f07b6d1dd183242ac9d8bdb83b2963bd745ab5cd
NOISE_0320,Embung F ITERA Frequency/32 kHz Medium Frequency Embung F/20260920_142800T.WAV,0,55,55,Embung F ITERA Frequency,Medium,-5.369431,105.319074,9/20/2026,14:05,Siang,Gerimis (sebentar),24F31901603767F6,Unknown,32000,Unknown,Frequency,0.008838061,0.09411621,Y,System,10/8/2026,Ada suara hujan ringan namun tidak deras dan hanya sebentar.,255679e490d340e19f48fca7fd6810e200aadc677b1e747327c404ed88741883
NOISE_0321,Embung F ITERA Frequency/32 kHz Medium Frequency Embung F/20260920_142900T.WAV,0,54.496,54.496,Embung F ITERA Frequency,Medium,-5.369431,105.319074,9/20/2026,14:05,Siang,Gerimis (sebentar),24F31901603767F6,Unknown,32000,Unknown,Frequency,0.007185351,0.11416626,Y,System,10/8/2026,Ada suara hujan ringan namun tidak deras dan hanya sebentar.,e0b990643de908b903b5321424efd7e13561dfb247e0a4196a46744226272f2a
NOISE_0322,Embung F ITERA Frequency/32 kHz Medium Frequency Embung F/20260920_143000T.WAV,0,55,55,Embung F ITERA Frequency,Medium,-5.369431,105.319074,9/20/2026,14:05,Siang,Gerimis (sebentar),24F31901603767F6,Unknown,32000,Unknown,Frequency,0.008439977,0.07019043,Y,System,10/8/2026,Ada suara hujan ringan namun tidak deras dan hanya sebentar.,9490147e665f3557f2e18449527583221b299884d069ee5d99a602b5ed91afa8
NOISE_0323,Embung F ITERA Frequency/32 kHz Medium Frequency Embung F/20260920_143100T.WAV,0,55,55,Embung F ITERA Frequency,Medium,-5.369431,105.319074,9/20/2026,14:05,Siang,Gerimis (sebentar),24F31901603767F6,Unknown,32000,Unknown,Frequency,0.00719318,0.049682617,Y,System,10/8/2026,Ada suara hujan ringan namun tidak deras dan hanya sebentar.,68cb57ed3c3e981decd8454909b74ed7ce3bb642a1c97c10d224a192a6c1f726
NOISE_0324,Embung F ITERA Frequency/32 kHz Medium Frequency Embung F/20260920_143200T.WAV,0,55,55,Embung F ITERA Frequency,Medium,-5.369431,105.319074,9/20/2026,14:05,Siang,Gerimis (sebentar),24F31901603767F6,Unknown,32000,Unknown,Frequency,0.005728927,0.05050659,Y,System,10/8/2026,Ada suara hujan ringan namun tidak deras dan hanya sebentar.,13eb98786a71c4fda10951a135a27a09b0a3400d16d69fe61663092398c47b93
NOISE_0325,Embung F ITERA Frequency/32 kHz Medium Frequency Embung F/20260920_143300T.WAV,0,55,55,Embung F ITERA Frequency,Medium,-5.369431,105.319074,9/20/2026,14:05,Siang,Gerimis (sebentar),24F31901603767F6,Unknown,32000,Unknown,Frequency,0.006589125,0.27749634,Y,System,10/8/2026,Ada suara hujan ringan namun tidak deras dan hanya sebentar.,65782ad5e5a22bbc25d1216fba1aab63a5a2d1186d937b3546e5fbfd5e99ea64
NOISE_0326,Embung F ITERA Frequency/32 kHz Medium Frequency Embung F/20260920_143400T.WAV,0,55,55,Embung F ITERA Frequency,Medium,-5.369431,105.319074,9/20/2026,14:05,Siang,Gerimis (sebentar),24F31901603767F6,Unknown,32000,Unknown,Frequency,0.007137732,0.45599365,Y,System,10/8/2026,Ada suara hujan ringan namun tidak deras dan hanya sebentar.,36b65f5666abeb0b89370e4c0d3ea837a23776078c1a83f71b5f962c17cb079b
NOISE_0327,Embung F ITERA Frequency/32 kHz Medium Frequency Embung F/20260920_143500T.WAV,0,55,55,Embung F ITERA Frequency,Medium,-5.369431,105.319074,9/20/2026,14:05,Siang,Gerimis (sebentar),24F31901603767F6,Unknown,32000,Unknown,Frequency,0.007842678,0.9013977,Y,System,10/8/2026,Ada suara hujan ringan namun tidak deras dan hanya sebentar.,99c99389f1ac09289dba147f2c63563d9e7aa527ea67e81522282d8b7eaf9dad
NOISE_0328,Embung F ITERA Frequency/32 kHz Medium Frequency Embung F/20260920_143600T.WAV,0,55,55,Embung F ITERA Frequency,Medium,-5.369431,105.319074,9/20/2026,14:05,Siang,Gerimis (sebentar),24F31901603767F6,Unknown,32000,Unknown,Frequency,0.010936769,0.9999695,Y,System,10/8/2026,Ada suara hujan ringan namun tidak deras dan hanya sebentar.,7732ebd1421bc38d1c331bf4d9af1e35db226c7e206e9f283b38e28d1fed748d
NOISE_0329,Embung F ITERA Frequency/32 kHz Medium Frequency Embung F/20260920_143700T.WAV,0,55,55,Embung F ITERA Frequency,Medium,-5.369431,105.319074,9/20/2026,14:05,Siang,Gerimis (sebentar),24F31901603767F6,Unknown,32000,Unknown,Frequency,0.007024786,0.07077026,Y,System,10/8/2026,Ada suara hujan ringan namun tidak deras dan hanya sebentar.,f5b38577e45d4386bb7d4edcd6b0eaa5f58e9c26fae7e60243f7e8c33d25ac4c
NOISE_0330,Embung F ITERA Frequency/32 kHz Medium Frequency Embung F/20260920_143800T.WAV,0,55,55,Embung F ITERA Frequency,Medium,-5.369431,105.319074,9/20/2026,14:05,Siang,Gerimis (sebentar),24F31901603767F6,Unknown,32000,Unknown,Frequency,0.010765647,0.3171997,Y,System,10/8/2026,Ada suara hujan ringan namun tidak deras dan hanya sebentar.,c27cc98784fdb51db9933916e3841465471ff3db29a40b929e2fe039c78457ed
NOISE_0331,Embung F ITERA Frequency/32 kHz Medium Frequency Embung F/20260920_143900T.WAV,0,55,55,Embung F ITERA Frequency,Medium,-5.369431,105.319074,9/20/2026,14:05,Siang,Gerimis (sebentar),24F31901603767F6,Unknown,32000,Unknown,Frequency,0.009065028,0.08746338,Y,System,10/8/2026,Ada suara hujan ringan namun tidak deras dan hanya sebentar.,d0df10959b1d3b744bf3438c7f6c70f6e175d80e12886179aa6616f00cf76efb
NOISE_0332,Embung F ITERA Frequency/32 kHz Medium Frequency Embung F/20260920_144000T.WAV,0,55,55,Embung F ITERA Frequency,Medium,-5.369431,105.319074,9/20/2026,14:05,Siang,Gerimis (sebentar),24F31901603767F6,Unknown,32000,Unknown,Frequency,0.00777479,0.060180664,Y,System,10/8/2026,Ada suara hujan ringan namun tidak deras dan hanya sebentar.,73368bcfbc8178177ec3667abe3f3c043be4d0b555baef38d36dfd8b741883b8
NOISE_0333,Embung F ITERA Frequency/32 kHz Medium Frequency Embung F/20260920_144100T.WAV,0,55,55,Embung F ITERA Frequency,Medium,-5.369431,105.319074,9/20/2026,14:05,Siang,Gerimis (sebentar),24F31901603767F6,Unknown,32000,Unknown,Frequency,0.008868375,0.08834839,Y,System,10/8/2026,Ada suara hujan ringan namun tidak deras dan hanya sebentar.,296f9aa1a5c9b53e15a1dbb7c2797e994cdc874785a7d62bee0cd3803256c971
NOISE_0334,Embung F ITERA Frequency/32 kHz Medium Frequency Embung F/20260920_144200T.WAV,0,55,55,Embung F ITERA Frequency,Medium,-5.369431,105.319074,9/20/2026,14:05,Siang,Gerimis (sebentar),24F31901603767F6,Unknown,32000,Unknown,Frequency,0.038760353,0.55404663,Y,System,10/8/2026,Ada suara hujan ringan namun tidak deras dan hanya sebentar.,fe95bef94d7b73340da5ef4fdf30b5e713345c8266a9e81b37b2a1bcf495b5b1
NOISE_0335,Embung F ITERA Frequency/32 kHz Medium Frequency Embung F/20260920_144300T.WAV,0,55,55,Embung F ITERA Frequency,Medium,-5.369431,105.319074,9/20/2026,14:05,Siang,Gerimis (sebentar),24F31901603767F6,Unknown,32000,Unknown,Frequency,0.039110024,0.603302,Y,System,10/8/2026,Ada suara hujan ringan namun tidak deras dan hanya sebentar.,4b81288fd62a53bf2b66dc215751e58c01764ee70e328d741badfcb51d6a6fe9
NOISE_0336,Embung F ITERA Frequency/32 kHz Medium Frequency Embung F/20260920_144400T.WAV,0,55,55,Embung F ITERA Frequency,Medium,-5.369431,105.319074,9/20/2026,14:05,Siang,Gerimis (sebentar),24F31901603767F6,Unknown,32000,Unknown,Frequency,0.04078193,0.43725586,Y,System,10/8/2026,Ada suara hujan ringan namun tidak deras dan hanya sebentar.,896d18b584dcd97756f48a6a95c358bd494c9bd0fd717f7c54d2c81d46c47cee
NOISE_0337,Embung F ITERA Frequency/32 kHz Medium Frequency Embung F/20260920_144500T.WAV,0,55,55,Embung F ITERA Frequency,Medium,-5.369431,105.319074,9/20/2026,14:05,Siang,Gerimis (sebentar),24F31901603767F6,Unknown,32000,Unknown,Frequency,0.12971249,0.9999695,Y,System,10/8/2026,Ada suara hujan ringan namun tidak deras dan hanya sebentar.,3a9d486d2db42977b77de6930650f2759569745045656910220f010633bdb7bf
NOISE_0338,Embung F ITERA Frequency/32 kHz Medium Frequency Embung F/20260920_144600T.WAV,0,55,55,Embung F ITERA Frequency,Medium,-5.369431,105.319074,9/20/2026,14:05,Siang,Gerimis (sebentar),24F31901603767F6,Unknown,32000,Unknown,Frequency,0.06264503,0.9999695,Y,System,10/8/2026,Ada suara hujan ringan namun tidak deras dan hanya sebentar.,360bb0cd8a02c3c7a5909fb85228e222d7ab48435fcddad46d6072639d8b59be
NOISE_0339,Embung F ITERA Frequency/32 kHz Medium Frequency Embung F/20260920_144700T.WAV,0,55,55,Embung F ITERA Frequency,Medium,-5.369431,105.319074,9/20/2026,14:05,Siang,Gerimis (sebentar),24F31901603767F6,Unknown,32000,Unknown,Frequency,0.019507302,0.33798218,Y,System,10/8/2026,Ada suara hujan ringan namun tidak deras dan hanya sebentar.,0f664e1543e42c150f2c9062ca94de269116698df9c5c641726191158f1571a0
NOISE_0340,Embung F ITERA Frequency/32 kHz Medium Frequency Embung F/20260920_144800T.WAV,0,55,55,Embung F ITERA Frequency,Medium,-5.369431,105.319074,9/20/2026,14:05,Siang,Gerimis (sebentar),24F31901603767F6,Unknown,32000,Unknown,Frequency,0.022145228,0.292511,Y,System,10/8/2026,Ada suara hujan ringan namun tidak deras dan hanya sebentar.,c8a5baa86f74ac7c9e629b6021a809c4a050ebcfb8046ffdbcbb7462851771f7
NOISE_0341,Embung F ITERA Frequency/32 kHz Medium Frequency Embung F/20260920_144900T.WAV,0,55,55,Embung F ITERA Frequency,Medium,-5.369431,105.319074,9/20/2026,14:05,Siang,Gerimis (sebentar),24F31901603767F6,Unknown,32000,Unknown,Frequency,0.015017515,0.26556396,Y,System,10/8/2026,Ada suara hujan ringan namun tidak deras dan hanya sebentar.,c41c29356c3a8248a4196290cb353a4b2d6920ed8b8eb3ccb5ae5ad9f5c56333
NOISE_0342,Embung F ITERA Frequency/32 kHz Medium Frequency Embung F/20260920_145000T.WAV,0,55,55,Embung F ITERA Frequency,Medium,-5.369431,105.319074,9/20/2026,14:05,Siang,Gerimis (sebentar),24F31901603767F6,Unknown,32000,Unknown,Frequency,0.029295007,0.5890198,Y,System,10/8/2026,Ada suara hujan ringan namun tidak deras dan hanya sebentar.,604bf08398ab9e9110b6a3eb440ea1d971962a854b113d6cce15fdf66b25decf
NOISE_0343,Embung F ITERA Frequency/32 kHz Medium Frequency Embung F/20260920_145100T.WAV,0,55,55,Embung F ITERA Frequency,Medium,-5.369431,105.319074,9/20/2026,14:05,Siang,Gerimis (sebentar),24F31901603767F6,Unknown,32000,Unknown,Frequency,0.009825809,0.12490845,Y,System,10/8/2026,Ada suara hujan ringan namun tidak deras dan hanya sebentar.,e4cd4dba2d1f9ed2e0fde0c640f9526c7a1bdcbc382f51b2ebf1082fcc28a5f0
NOISE_0344,Embung F ITERA Frequency/32 kHz Medium Frequency Embung F/20260920_145200T.WAV,0,55,55,Embung F ITERA Frequency,Medium,-5.369431,105.319074,9/20/2026,14:05,Siang,Gerimis (sebentar),24F31901603767F6,Unknown,32000,Unknown,Frequency,0.011784035,0.14022827,Y,System,10/8/2026,Ada suara hujan ringan namun tidak deras dan hanya sebentar.,26dd5ecf10d5e05f4eef7e12ba0b84abfeb722c581d86a0d88da39e38c44aabf
NOISE_0345,Embung F ITERA Frequency/32 kHz Medium Frequency Embung F/20260920_145300T.WAV,0,55,55,Embung F ITERA Frequency,Medium,-5.369431,105.319074,9/20/2026,14:05,Siang,Gerimis (sebentar),24F31901603767F6,Unknown,32000,Unknown,Frequency,0.013108061,0.22601318,Y,System,10/8/2026,Ada suara hujan ringan namun tidak deras dan hanya sebentar.,bede58ba799fa6aaf378cddbb0bcb1e50ca35dfae8e04d7891bfbb67b7ddb9ac
NOISE_0346,Embung F ITERA Frequency/32 kHz Medium Frequency Embung F/20260920_145400T.WAV,0,55,55,Embung F ITERA Frequency,Medium,-5.369431,105.319074,9/20/2026,14:05,Siang,Gerimis (sebentar),24F31901603767F6,Unknown,32000,Unknown,Frequency,0.009962072,0.13256836,Y,System,10/8/2026,Ada suara hujan ringan namun tidak deras dan hanya sebentar.,810f23a94097300b58de31dfd2ed7437d8332f2ec3bfede611c1fe1873a0c8d3
NOISE_0347,Embung F ITERA Frequency/32 kHz Medium Frequency Embung F/20260920_145500T.WAV,0,55,55,Embung F ITERA Frequency,Medium,-5.369431,105.319074,9/20/2026,14:05,Siang,Gerimis (sebentar),24F31901603767F6,Unknown,32000,Unknown,Frequency,0.005904275,0.0770874,Y,System,10/8/2026,Ada suara hujan ringan namun tidak deras dan hanya sebentar.,0828244a30a7bb3c075d355bd05c346310f6d51f43252244c0a4d0a0e2c2f3d0
NOISE_0348,Embung F ITERA Frequency/32 kHz Medium Frequency Embung F/20260920_145600T.WAV,0,55,55,Embung F ITERA Frequency,Medium,-5.369431,105.319074,9/20/2026,14:05,Siang,Gerimis (sebentar),24F31901603767F6,Unknown,32000,Unknown,Frequency,0.01027783,0.739563,Y,System,10/8/2026,Ada suara hujan ringan namun tidak deras dan hanya sebentar.,f61a66965ec3092d307fd3cef82970763b67d5bd26ab5794b92e3f93cccd33bc
NOISE_0349,Embung F ITERA Frequency/32 kHz Medium Frequency Embung F/20260920_145700T.WAV,0,55,55,Embung F ITERA Frequency,Medium,-5.369431,105.319074,9/20/2026,14:05,Siang,Gerimis (sebentar),24F31901603767F6,Unknown,32000,Unknown,Frequency,0.008489289,0.09674072,Y,System,10/8/2026,Ada suara hujan ringan namun tidak deras dan hanya sebentar.,cf787d16493eb94ba192d112971dc72e7602224a70789c5863794a3b36e7ca1f
NOISE_0350,Embung F ITERA Frequency/32 kHz Medium Frequency Embung F/20260920_145800T.WAV,0,55,55,Embung F ITERA Frequency,Medium,-5.369431,105.319074,9/20/2026,14:05,Siang,Gerimis (sebentar),24F31901603767F6,Unknown,32000,Unknown,Frequency,0.007852317,0.20852661,Y,System,10/8/2026,Ada suara hujan ringan namun tidak deras dan hanya sebentar.,5bc2ad3b3faae52edbd0b9e6b6da718421e2d2c574b74c555f918144ba0967a8
NOISE_0351,Embung F ITERA Frequency/32 kHz Medium Frequency Embung F/20260920_145900T.WAV,0,55,55,Embung F ITERA Frequency,Medium,-5.369431,105.319074,9/20/2026,14:05,Siang,Gerimis (sebentar),24F31901603767F6,Unknown,32000,Unknown,Frequency,0.013482349,0.18878174,Y,System,10/8/2026,Ada suara hujan ringan namun tidak deras dan hanya sebentar.,49c00f4b8cd3538e783dae4892c8ee2cb19e7f3a81c3bcd431d1ffd229a0c5d0
NOISE_0352,Embung F ITERA Frequency/32 kHz Medium Frequency Embung F/20260920_150000T.WAV,0,55,55,Embung F ITERA Frequency,Medium,-5.369431,105.319074,9/20/2026,14:05,Siang,Gerimis (sebentar),24F31901603767F6,Unknown,32000,Unknown,Frequency,0.034649696,0.5438843,Y,System,10/8/2026,Ada suara hujan ringan namun tidak deras dan hanya sebentar.,b0eaf7b311e182e4928850e33612597443d9456db293aa0a8d21f407c95256b2
NOISE_0353,Embung F ITERA Frequency/32 kHz Medium Frequency Embung F/20260920_150100T.WAV,0,55,55,Embung F ITERA Frequency,Medium,-5.369431,105.319074,9/20/2026,14:05,Siang,Gerimis (sebentar),24F31901603767F6,Unknown,32000,Unknown,Frequency,0.05285987,0.99264526,Y,System,10/8/2026,Ada suara hujan ringan namun tidak deras dan hanya sebentar.,c9ad2dd3d3e41010720032afd86a0440bdfd753f43d5b781ae9adfd42d7ec7f3
NOISE_0354,Embung F ITERA Frequency/32 kHz Medium Frequency Embung F/20260920_150200T.WAV,0,55,55,Embung F ITERA Frequency,Medium,-5.369431,105.319074,9/20/2026,14:05,Siang,Gerimis (sebentar),24F31901603767F6,Unknown,32000,Unknown,Frequency,0.085804135,0.8575134,Y,System,10/8/2026,Ada suara hujan ringan namun tidak deras dan hanya sebentar.,11c8f3f9fb8e1cb0e7cd8e9cfb8fb39a6389f7933a312334e068339f006be6ed
NOISE_0355,Embung F ITERA Frequency/32 kHz Medium Frequency Embung F/20260920_150300T.WAV,0,55,55,Embung F ITERA Frequency,Medium,-5.369431,105.319074,9/20/2026,14:05,Siang,Gerimis (sebentar),24F31901603767F6,Unknown,32000,Unknown,Frequency,0.05558656,0.7579956,Y,System,10/8/2026,Ada suara hujan ringan namun tidak deras dan hanya sebentar.,2091e7c7f56d8b74755a52c6f03cc4c0b250aad3919cdf0606210dbedc8fbb18
NOISE_0356,Embung F ITERA Frequency/32 kHz Medium Frequency Embung F/20260920_150400T.WAV,0,55,55,Embung F ITERA Frequency,Medium,-5.369431,105.319074,9/20/2026,14:05,Siang,Gerimis (sebentar),24F31901603767F6,Unknown,32000,Unknown,Frequency,0.014504637,0.5458069,Y,System,10/8/2026,Ada suara hujan ringan namun tidak deras dan hanya sebentar.,985cde623128af6f3342e46a0e7e83290bff27cf47e37261f44c988d9e8f9a44
NOISE_0357,Embung F ITERA Frequency/32 kHz Medium Frequency Embung F/20260920_164100T.WAV,0,55,55,Embung F ITERA Frequency,Medium,-5.369431,105.319074,9/20/2026,14:05,Siang,Gerimis (sebentar),24F31901603767F6,Unknown,32000,Unknown,Frequency,0.112628326,0.9999695,Y,System,10/8/2026,Ada suara hujan ringan namun tidak deras dan hanya sebentar.,a1097a4c73f861a727cd7870cdb6feba7598898a83830d8823dde1e6c75eed49
NOISE_0358,Embung F ITERA Frequency/32 kHz Medium Frequency Embung F/20260920_164200T.WAV,0,55,55,Embung F ITERA Frequency,Medium,-5.369431,105.319074,9/20/2026,14:05,Siang,Gerimis (sebentar),24F31901603767F6,Unknown,32000,Unknown,Frequency,0.12487762,0.9999695,Y,System,10/8/2026,Ada suara hujan ringan namun tidak deras dan hanya sebentar.,259db0431cc04da06f21f811616f7eeee5f6e481aa77075b498dd454e3505311
NOISE_0359,Embung F ITERA Frequency/32 kHz Medium Frequency Embung F/20260920_164300T.WAV,0,55,55,Embung F ITERA Frequency,Medium,-5.369431,105.319074,9/20/2026,14:05,Siang,Gerimis (sebentar),24F31901603767F6,Unknown,32000,Unknown,Frequency,0.21358638,0.9999695,Y,System,10/8/2026,Ada suara hujan ringan namun tidak deras dan hanya sebentar.,31e11e10274004f127ab79db6fae8faa21e696468bd0d8b6a962a3ea9489e34a
NOISE_0360,Embung F ITERA Frequency/32 kHz Medium Frequency Embung F/20260920_164400T.WAV,0,55,55,Embung F ITERA Frequency,Medium,-5.369431,105.319074,9/20/2026,14:05,Siang,Gerimis (sebentar),24F31901603767F6,Unknown,32000,Unknown,Frequency,0.028096717,0.682312,Y,System,10/8/2026,Ada suara hujan ringan namun tidak deras dan hanya sebentar.,785493810faea427820a7d0feb39e7d11fe290f2b396247f8d6a32810137b318
NOISE_0361,Gedung F Amplitudo/32 kHz High Amplitudo/20261001_150000T.WAV,0,55,55,Gedung F Amplitudo,High,-5.361941,105.313175,10/1/2026,15:00,Siang,Cerah,24F31901603767F6,Unknown,32000,Unknown,Amplitude,0.058064975,0.9999695,Y,System,10/8/2026,,ba722c65573b42c34c27fd764fcaf1ddf3639763c04392138e52a13dccfae104
NOISE_0362,Gedung F Amplitudo/32 kHz High Amplitudo/20261001_150100T.WAV,0,55,55,Gedung F Amplitudo,High,-5.361941,105.313175,10/1/2026,15:00,Siang,Cerah,24F31901603767F6,Unknown,32000,Unknown,Amplitude,0.025500039,0.25897217,Y,System,10/8/2026,,ea1ec96a3fc62728f52c2f6009b79caa79e002ab8ef43baa65c767ae742302df
NOISE_0363,Gedung F Amplitudo/32 kHz High Amplitudo/20261001_150200T.WAV,0,55,55,Gedung F Amplitudo,High,-5.361941,105.313175,10/1/2026,15:00,Siang,Cerah,24F31901603767F6,Unknown,32000,Unknown,Amplitude,0.033619035,0.8956299,Y,System,10/8/2026,,b7f8918ed3952416f0c2761da174435baeb27e58b39a58642d7fceacbe1dfca1
NOISE_0364,Gedung F Amplitudo/32 kHz High Amplitudo/20261001_150300T.WAV,0,55,55,Gedung F Amplitudo,High,-5.361941,105.313175,10/1/2026,15:00,Siang,Cerah,24F31901603767F6,Unknown,32000,Unknown,Amplitude,0.034580797,0.83602905,Y,System,10/8/2026,,e47dd9d81deb591a94340bcafcef8c186f97d48159421dac90adf009e8639e72
NOISE_0365,Gedung F Amplitudo/32 kHz High Amplitudo/20261001_150400T.WAV,0,55,55,Gedung F Amplitudo,High,-5.361941,105.313175,10/1/2026,15:00,Siang,Cerah,24F31901603767F6,Unknown,32000,Unknown,Amplitude,0.028610742,0.26785278,Y,System,10/8/2026,,a87e14f3bd67d6e8490a32f25981ee380422bb2433036dc4cc5e8d223228d817
NOISE_0366,Gedung F Amplitudo/32 kHz High Amplitudo/20261001_150500T.WAV,0,55,55,Gedung F Amplitudo,High,-5.361941,105.313175,10/1/2026,15:00,Siang,Cerah,24F31901603767F6,Unknown,32000,Unknown,Amplitude,0.02961006,0.26846313,Y,System,10/8/2026,,b8278cd88fd863dd47f5ef28acc0625c03cefb006154866c8ccef295ec213a3d
NOISE_0367,Gedung F Amplitudo/32 kHz High Amplitudo/20261001_150600T.WAV,0,55,55,Gedung F Amplitudo,High,-5.361941,105.313175,10/1/2026,15:00,Siang,Cerah,24F31901603767F6,Unknown,32000,Unknown,Amplitude,0.034580536,0.3734131,Y,System,10/8/2026,,7d770853316b4e306f0cb3494e8a211389cd5b0003088b7e6bd5bb732eb22ab6
NOISE_0368,Gedung F Amplitudo/32 kHz High Amplitudo/20261001_150700T.WAV,0,55,55,Gedung F Amplitudo,High,-5.361941,105.313175,10/1/2026,15:00,Siang,Cerah,24F31901603767F6,Unknown,32000,Unknown,Amplitude,0.03217621,0.2699585,Y,System,10/8/2026,,283531a8e5587a8fddcec9bffaa77f202d7f349a56a6e5144be7dfe8175992ef
NOISE_0369,Gedung F Amplitudo/32 kHz High Amplitudo/20261001_150800T.WAV,0,55,55,Gedung F Amplitudo,High,-5.361941,105.313175,10/1/2026,15:00,Siang,Cerah,24F31901603767F6,Unknown,32000,Unknown,Amplitude,0.029122595,0.5357666,Y,System,10/8/2026,,e25cb7c8a175a5bb22c97b95645cc3815ee6382b1fed69de3bd735df6afe8bc2
NOISE_0370,Gedung F Amplitudo/32 kHz High Amplitudo/20261001_150900T.WAV,0,55,55,Gedung F Amplitudo,High,-5.361941,105.313175,10/1/2026,15:00,Siang,Cerah,24F31901603767F6,Unknown,32000,Unknown,Amplitude,0.032764234,0.30252075,Y,System,10/8/2026,,9508ab604d77883089ebfc683a88140d2ad5b272f3f385e742c6253de08e5bd5
NOISE_0371,Gedung F Amplitudo/32 kHz High Amplitudo/20261001_151000T.WAV,0,55,55,Gedung F Amplitudo,High,-5.361941,105.313175,10/1/2026,15:00,Siang,Cerah,24F31901603767F6,Unknown,32000,Unknown,Amplitude,0.0282272,0.8524475,Y,System,10/8/2026,,e0a5f4fc4c8e25d31d4efb1036cc24e7447b471d204eb39c9202d396f7ae04fc
NOISE_0372,Gedung F Amplitudo/32 kHz High Amplitudo/20261001_151100T.WAV,0,55,55,Gedung F Amplitudo,High,-5.361941,105.313175,10/1/2026,15:00,Siang,Cerah,24F31901603767F6,Unknown,32000,Unknown,Amplitude,0.02294773,0.18206787,Y,System,10/8/2026,,66c63a4b702a399acbe38e6b69f2065a83a99ecc7b67326f9e78c11092879965
NOISE_0373,Gedung F Amplitudo/32 kHz High Amplitudo/20261001_151200T.WAV,0,55,55,Gedung F Amplitudo,High,-5.361941,105.313175,10/1/2026,15:00,Siang,Cerah,24F31901603767F6,Unknown,32000,Unknown,Amplitude,0.020816037,0.16934204,Y,System,10/8/2026,,ff30fa3dd689c9aa8a395ddeed780bd8652cdc533fe0da48d382df7d4d594eb0
NOISE_0374,Gedung F Amplitudo/32 kHz High Amplitudo/20261001_151300T.WAV,0,55,55,Gedung F Amplitudo,High,-5.361941,105.313175,10/1/2026,15:00,Siang,Cerah,24F31901603767F6,Unknown,32000,Unknown,Amplitude,0.023876203,0.22143555,Y,System,10/8/2026,,727aebeccd0b4db209728745fe3751ea3b39b0058fb7c1b4887ba480a25551c4
NOISE_0375,Gedung F Amplitudo/32 kHz High Amplitudo/20261001_151400T.WAV,0,55,55,Gedung F Amplitudo,High,-5.361941,105.313175,10/1/2026,15:00,Siang,Cerah,24F31901603767F6,Unknown,32000,Unknown,Amplitude,0.018172797,0.14788818,Y,System,10/8/2026,,cff6c10ced0ea4cc91a09408ccbf40ef87e02b433ea944f6e6c434a20b725800
NOISE_0376,Gedung F Amplitudo/32 kHz High Amplitudo/20261001_151500T.WAV,0,55,55,Gedung F Amplitudo,High,-5.361941,105.313175,10/1/2026,15:00,Siang,Cerah,24F31901603767F6,Unknown,32000,Unknown,Amplitude,0.026366835,0.32836914,Y,System,10/8/2026,,29dfba4f2023b692410fecb19e033b1240cc0a12d2fc3d28321e52000a72a16e
NOISE_0377,Gedung F Amplitudo/32 kHz High Amplitudo/20261001_151600T.WAV,0,55,55,Gedung F Amplitudo,High,-5.361941,105.313175,10/1/2026,15:00,Siang,Cerah,24F31901603767F6,Unknown,32000,Unknown,Amplitude,0.022117125,0.16018677,Y,System,10/8/2026,,987fc03085fd630865398a904dea96e0bea5c4af16f9f407f166033932669160
NOISE_0378,Gedung F Amplitudo/32 kHz High Amplitudo/20261001_151700T.WAV,0,55,55,Gedung F Amplitudo,High,-5.361941,105.313175,10/1/2026,15:00,Siang,Cerah,24F31901603767F6,Unknown,32000,Unknown,Amplitude,0.0422404,0.40020752,Y,System,10/8/2026,,3073ba94d728402a9d50faecc6f658d1f12d7b0ba47d94798acc9a247174badb
NOISE_0379,Gedung F Amplitudo/32 kHz High Amplitudo/20261001_151800T.WAV,0,55,55,Gedung F Amplitudo,High,-5.361941,105.313175,10/1/2026,15:00,Siang,Cerah,24F31901603767F6,Unknown,32000,Unknown,Amplitude,0.031852324,0.9999695,Y,System,10/8/2026,,97c4fc6a8e7601390360afc1ba4ac641c1f18c7c4a739e9e897d07764b9b2997
NOISE_0380,Gedung F Amplitudo/32 kHz High Amplitudo/20261001_151900T.WAV,0,55,55,Gedung F Amplitudo,High,-5.361941,105.313175,10/1/2026,15:00,Siang,Cerah,24F31901603767F6,Unknown,32000,Unknown,Amplitude,0.028180046,0.42877197,Y,System,10/8/2026,,a4f11c73eb7c1bc7c0309979c222cdd61c0cff55e91469ccf6275bfc9082bdf3
NOISE_0381,Gedung F Amplitudo/32 kHz High Amplitudo/20261001_152000T.WAV,0,55,55,Gedung F Amplitudo,High,-5.361941,105.313175,10/1/2026,15:00,Siang,Cerah,24F31901603767F6,Unknown,32000,Unknown,Amplitude,0.018281395,0.15454102,Y,System,10/8/2026,,110a55811218686448a067a8dc201eabc66e056fc735e5f83ed37cf5751b97ab
NOISE_0382,Gedung F Amplitudo/32 kHz High Amplitudo/20261001_152100T.WAV,0,55,55,Gedung F Amplitudo,High,-5.361941,105.313175,10/1/2026,15:00,Siang,Cerah,24F31901603767F6,Unknown,32000,Unknown,Amplitude,0.022687307,0.20907593,Y,System,10/8/2026,,7abca67f73cc8f2738554a09a0c7ac5f453273b3bcea131043f7d37ebe0f88c1
NOISE_0383,Gedung F Amplitudo/32 kHz High Amplitudo/20261001_152200T.WAV,0,55,55,Gedung F Amplitudo,High,-5.361941,105.313175,10/1/2026,15:00,Siang,Cerah,24F31901603767F6,Unknown,32000,Unknown,Amplitude,0.030200664,0.5104065,Y,System,10/8/2026,,1f505c5ed8efd21724b77a56893c50b15f99a13ab4a66e931562db5b634f130f
NOISE_0384,Gedung F Amplitudo/32 kHz High Amplitudo/20261001_152300T.WAV,0,55,55,Gedung F Amplitudo,High,-5.361941,105.313175,10/1/2026,15:00,Siang,Cerah,24F31901603767F6,Unknown,32000,Unknown,Amplitude,0.035052102,0.44006348,Y,System,10/8/2026,,9da5303ad0a48e8fcb7630b0e637c893d06a49dab2a84b5387792b95344290aa
NOISE_0385,Gedung F Amplitudo/32 kHz High Amplitudo/20261001_152400T.WAV,0,55,55,Gedung F Amplitudo,High,-5.361941,105.313175,10/1/2026,15:00,Siang,Cerah,24F31901603767F6,Unknown,32000,Unknown,Amplitude,0.022487596,0.34677124,Y,System,10/8/2026,,cabdba16c38fee3d7d94707079682b83525e6317049bb52ab00fa0bf7d92b46d
NOISE_0386,Gedung F Amplitudo/32 kHz High Amplitudo/20261001_152500T.WAV,0,55,55,Gedung F Amplitudo,High,-5.361941,105.313175,10/1/2026,15:00,Siang,Cerah,24F31901603767F6,Unknown,32000,Unknown,Amplitude,0.032219883,0.2663269,Y,System,10/8/2026,,69fc31fceea3ef99f479b9c060722e8ecabe2d763f01f66c00953cf0b6a9fc32
NOISE_0387,Gedung F Amplitudo/32 kHz High Amplitudo/20261001_152600T.WAV,0,55,55,Gedung F Amplitudo,High,-5.361941,105.313175,10/1/2026,15:00,Siang,Cerah,24F31901603767F6,Unknown,32000,Unknown,Amplitude,0.03813773,0.47491455,Y,System,10/8/2026,,9253717cc2b4028b21d4a14d80c5caf4ffec2ebf5e7d8cfb6a8b11503d482cbb
NOISE_0388,Gedung F Amplitudo/32 kHz High Amplitudo/20261001_152700T.WAV,0,55,55,Gedung F Amplitudo,High,-5.361941,105.313175,10/1/2026,15:00,Siang,Cerah,24F31901603767F6,Unknown,32000,Unknown,Amplitude,0.028603764,0.47323608,Y,System,10/8/2026,,c04a65336db505915362272c5794b26176812d55b5897c733bc2b806ea59d01e
NOISE_0389,Gedung F Amplitudo/32 kHz High Amplitudo/20261001_152800T.WAV,0,55,55,Gedung F Amplitudo,High,-5.361941,105.313175,10/1/2026,15:00,Siang,Cerah,24F31901603767F6,Unknown,32000,Unknown,Amplitude,0.08586777,0.9999695,Y,System,10/8/2026,,ca6ef656a1590756fc852bc73db5d04e531f372f69ffb0bb5f8a9dcd734980f9
NOISE_0390,Gedung F Amplitudo/32 kHz High Amplitudo/20261001_152900T.WAV,0,55,55,Gedung F Amplitudo,High,-5.361941,105.313175,10/1/2026,15:00,Siang,Cerah,24F31901603767F6,Unknown,32000,Unknown,Amplitude,0.06443958,0.7597046,Y,System,10/8/2026,,42e28a83b8b0773fad029141599323b825a20f9437342237037d0f2f7f193253
NOISE_0391,Gedung F Amplitudo/32 kHz High Amplitudo/20261001_153000T.WAV,0,55,55,Gedung F Amplitudo,High,-5.361941,105.313175,10/1/2026,15:00,Siang,Cerah,24F31901603767F6,Unknown,32000,Unknown,Amplitude,0.022961171,0.25146484,Y,System,10/8/2026,,19a04028f3993d2ed687db2fc77473c001a0ffd3a6b8523679270aa9d4c74e78
NOISE_0392,Gedung F Amplitudo/32 kHz High Amplitudo/20261001_153100T.WAV,0,55,55,Gedung F Amplitudo,High,-5.361941,105.313175,10/1/2026,15:00,Siang,Cerah,24F31901603767F6,Unknown,32000,Unknown,Amplitude,0.028352108,0.24087524,Y,System,10/8/2026,,8325413bcfbb4588df4cc372cd4083f72e132adbc84640a8e34fa5749d042ce3
NOISE_0393,Gedung F Amplitudo/32 kHz High Amplitudo/20261001_153200T.WAV,0,55,55,Gedung F Amplitudo,High,-5.361941,105.313175,10/1/2026,15:00,Siang,Cerah,24F31901603767F6,Unknown,32000,Unknown,Amplitude,0.027622622,0.24264526,Y,System,10/8/2026,,be8f2301cbb83f2fae54d2cdc77a9c35ef933b7f192eb2f4a1164c867b0480e2
NOISE_0394,Gedung F Amplitudo/32 kHz High Amplitudo/20261001_153300T.WAV,0,55,55,Gedung F Amplitudo,High,-5.361941,105.313175,10/1/2026,15:00,Siang,Cerah,24F31901603767F6,Unknown,32000,Unknown,Amplitude,0.028398657,0.22338867,Y,System,10/8/2026,,b14059bc27f43db39b9809db8d1b332657adf804f1b092770af37b155a19ce2c
NOISE_0395,Gedung F Amplitudo/32 kHz High Amplitudo/20261001_153400T.WAV,0,55,55,Gedung F Amplitudo,High,-5.361941,105.313175,10/1/2026,15:00,Siang,Cerah,24F31901603767F6,Unknown,32000,Unknown,Amplitude,0.027991852,0.33935547,Y,System,10/8/2026,,b8628422c22520a89ae6f5dca1aecbbde3d9da4bcade1eba0762282a200c5c14
NOISE_0396,Gedung F Amplitudo/32 kHz High Amplitudo/20261001_153500T.WAV,0,55,55,Gedung F Amplitudo,High,-5.361941,105.313175,10/1/2026,15:00,Siang,Cerah,24F31901603767F6,Unknown,32000,Unknown,Amplitude,0.03825561,0.61572266,Y,System,10/8/2026,,45c41fee0f42e73ecc074a9407bb63aadaddbf94c3672e34b22eac5cc01344fc
NOISE_0397,Gedung F Amplitudo/32 kHz High Amplitudo/20261001_153600T.WAV,0,55,55,Gedung F Amplitudo,High,-5.361941,105.313175,10/1/2026,15:00,Siang,Cerah,24F31901603767F6,Unknown,32000,Unknown,Amplitude,0.036603086,0.27172852,Y,System,10/8/2026,,5f6e52ce566d59607ce18c561fe38ac668b4a3e155297ff7af9574fbd25b48b7
NOISE_0398,Gedung F Amplitudo/32 kHz High Amplitudo/20261001_153700T.WAV,0,55,55,Gedung F Amplitudo,High,-5.361941,105.313175,10/1/2026,15:00,Siang,Cerah,24F31901603767F6,Unknown,32000,Unknown,Amplitude,0.051953536,0.37750244,Y,System,10/8/2026,,fee2d063f2be3588a8b30b438c49c02b021245a08d32f94d1861e25d69aa73e2
NOISE_0399,Gedung F Amplitudo/32 kHz High Amplitudo/20261001_153800T.WAV,0,55,55,Gedung F Amplitudo,High,-5.361941,105.313175,10/1/2026,15:00,Siang,Cerah,24F31901603767F6,Unknown,32000,Unknown,Amplitude,0.039059486,0.30133057,Y,System,10/8/2026,,7c1b832cc834e9effd9a53603774a2d3c9aa0f0c8a23cc31ffefd77c410978a8
NOISE_0400,Gedung F Amplitudo/32 kHz High Amplitudo/20261001_153900T.WAV,0,55,55,Gedung F Amplitudo,High,-5.361941,105.313175,10/1/2026,15:00,Siang,Cerah,24F31901603767F6,Unknown,32000,Unknown,Amplitude,0.052949745,0.71383667,Y,System,10/8/2026,,d1e543804e8a1ab5450474e7a39025774d3eb456158c38f0308ed14bfd77cc9c
NOISE_0401,Gedung F Amplitudo/32 kHz High Amplitudo/20261001_154000T.WAV,0,55,55,Gedung F Amplitudo,High,-5.361941,105.313175,10/1/2026,15:00,Siang,Cerah,24F31901603767F6,Unknown,32000,Unknown,Amplitude,0.050674967,0.76071167,Y,System,10/8/2026,,e6c83258f1ec2b100f1ed3bdc082fe4a554a6ada88a263aecfc632c3f778b7c9
NOISE_0402,Gedung F Amplitudo/32 kHz High Amplitudo/20261001_154100T.WAV,0,55,55,Gedung F Amplitudo,High,-5.361941,105.313175,10/1/2026,15:00,Siang,Cerah,24F31901603767F6,Unknown,32000,Unknown,Amplitude,0.05371124,0.42147827,Y,System,10/8/2026,,e001a80938b6d6a47fb34a30621d19109b32bead792247c73bc4da036c4f9b52
NOISE_0403,Gedung F Amplitudo/32 kHz High Amplitudo/20261001_154200T.WAV,0,55,55,Gedung F Amplitudo,High,-5.361941,105.313175,10/1/2026,15:00,Siang,Cerah,24F31901603767F6,Unknown,32000,Unknown,Amplitude,0.047240008,0.55978394,Y,System,10/8/2026,,4f84561539fda46374c5372d647b19a4aedd7e836b0c66de269d26a54e7372dc
NOISE_0404,Gedung F Amplitudo/32 kHz High Amplitudo/20261001_154300T.WAV,0,55,55,Gedung F Amplitudo,High,-5.361941,105.313175,10/1/2026,15:00,Siang,Cerah,24F31901603767F6,Unknown,32000,Unknown,Amplitude,0.04092957,0.8059082,Y,System,10/8/2026,,35963178d8e873ec4753e4f0b7055452b696526fb7e6b28b38719a7cbde04253
NOISE_0405,Gedung F Amplitudo/32 kHz High Amplitudo/20261001_154400T.WAV,0,55,55,Gedung F Amplitudo,High,-5.361941,105.313175,10/1/2026,15:00,Siang,Cerah,24F31901603767F6,Unknown,32000,Unknown,Amplitude,0.036565136,0.42651367,Y,System,10/8/2026,,5a416a6171dc627165a4e8a4ee903d3d87f42f3cdf8331cb84f26b695dd6b93a
NOISE_0406,Gedung F Amplitudo/32 kHz High Amplitudo/20261001_154500T.WAV,0,55,55,Gedung F Amplitudo,High,-5.361941,105.313175,10/1/2026,15:00,Siang,Cerah,24F31901603767F6,Unknown,32000,Unknown,Amplitude,0.029608095,0.49179077,Y,System,10/8/2026,,3aa2cbd580c81fdd6a48311ae8f143fc9080413f45a7df95bdec3e05854804df
NOISE_0407,Gedung F Amplitudo/32 kHz High Amplitudo/20261001_154600T.WAV,0,55,55,Gedung F Amplitudo,High,-5.361941,105.313175,10/1/2026,15:00,Siang,Cerah,24F31901603767F6,Unknown,32000,Unknown,Amplitude,0.036351696,0.39328003,Y,System,10/8/2026,,541b827f365ac5f9f85e03000f65a5d90c35420263516aeb77cdc86b527753f4
NOISE_0408,Gedung F Amplitudo/32 kHz High Amplitudo/20261001_154700T.WAV,0,55,55,Gedung F Amplitudo,High,-5.361941,105.313175,10/1/2026,15:00,Siang,Cerah,24F31901603767F6,Unknown,32000,Unknown,Amplitude,0.03883572,0.38909912,Y,System,10/8/2026,,660284e6e1a489d2300ae3144f2abb0b5d0a324e253882d981c896c7d4518ebd
NOISE_0409,Gedung F Amplitudo/32 kHz High Amplitudo/20261001_154800T.WAV,0,55,55,Gedung F Amplitudo,High,-5.361941,105.313175,10/1/2026,15:00,Siang,Cerah,24F31901603767F6,Unknown,32000,Unknown,Amplitude,0.039911617,0.6281433,Y,System,10/8/2026,,369327e5f3d8854e46bc7937d0825fc8e547d196db0cbc42ca3ff6277c63aed2
NOISE_0410,Gedung F Amplitudo/32 kHz High Amplitudo/20261001_154900T.WAV,0,55,55,Gedung F Amplitudo,High,-5.361941,105.313175,10/1/2026,15:00,Siang,Cerah,24F31901603767F6,Unknown,32000,Unknown,Amplitude,0.03086365,0.26446533,Y,System,10/8/2026,,1e3d565d9effc8c9e5b2d77389c9d962837159f64eceb1826cc641023c5034c5
NOISE_0411,Gedung F Amplitudo/32 kHz High Amplitudo/20261001_155000T.WAV,0,55,55,Gedung F Amplitudo,High,-5.361941,105.313175,10/1/2026,15:00,Siang,Cerah,24F31901603767F6,Unknown,32000,Unknown,Amplitude,0.029550483,0.18450928,Y,System,10/8/2026,,ef72bf7d7a380fc81af42e0ec3b452bc3dab821e619dfd3af311ef1ace305350
NOISE_0412,Gedung F Amplitudo/32 kHz High Amplitudo/20261001_155100T.WAV,0,55,55,Gedung F Amplitudo,High,-5.361941,105.313175,10/1/2026,15:00,Siang,Cerah,24F31901603767F6,Unknown,32000,Unknown,Amplitude,0.04290811,0.9999695,Y,System,10/8/2026,,77ce1c646ad717cec434f2da95d68b009463c4b923825075bf2143af30751982
NOISE_0413,Gedung F Amplitudo/32 kHz High Amplitudo/20261001_155200T.WAV,0,55,55,Gedung F Amplitudo,High,-5.361941,105.313175,10/1/2026,15:00,Siang,Cerah,24F31901603767F6,Unknown,32000,Unknown,Amplitude,0.035799358,0.3149414,Y,System,10/8/2026,,61887f431aea45a7593e4274c08a87da683358b6d8835ee45f19f34cb99e28f7
NOISE_0414,Gedung F Amplitudo/32 kHz High Amplitudo/20261001_155300T.WAV,0,55,55,Gedung F Amplitudo,High,-5.361941,105.313175,10/1/2026,15:00,Siang,Cerah,24F31901603767F6,Unknown,32000,Unknown,Amplitude,0.052024662,0.86291504,Y,System,10/8/2026,,1d205f9a1273b98d54cdf7468bb6682c038808069ecf4d26247a0fd22c560383
NOISE_0415,Gedung F Amplitudo/32 kHz High Amplitudo/20261001_155400T.WAV,0,55,55,Gedung F Amplitudo,High,-5.361941,105.313175,10/1/2026,15:00,Siang,Cerah,24F31901603767F6,Unknown,32000,Unknown,Amplitude,0.031539403,0.29180908,Y,System,10/8/2026,,bb031445c7baa1760c7acf0759fe55ebec4b36c27011e5e56f54391c7246a1c7
NOISE_0416,Gedung F Amplitudo/32 kHz High Amplitudo/20261001_155500T.WAV,0,55,55,Gedung F Amplitudo,High,-5.361941,105.313175,10/1/2026,15:00,Siang,Cerah,24F31901603767F6,Unknown,32000,Unknown,Amplitude,0.031755768,0.4060669,Y,System,10/8/2026,,c9935ddfee537ced4efd208d569cb42de353d9a5e36d31e2eed5bf8691585c3c
NOISE_0417,Gedung F Amplitudo/32 kHz High Amplitudo/20261001_155600T.WAV,0,55,55,Gedung F Amplitudo,High,-5.361941,105.313175,10/1/2026,15:00,Siang,Cerah,24F31901603767F6,Unknown,32000,Unknown,Amplitude,0.04888661,0.9389343,Y,System,10/8/2026,,d4feaec595ba6b67f1878bc926718e63ca8dd147847c6eef2df23bf250bf1429
NOISE_0418,Gedung F Amplitudo/32 kHz High Amplitudo/20261001_155700T.WAV,0,55,55,Gedung F Amplitudo,High,-5.361941,105.313175,10/1/2026,15:00,Siang,Cerah,24F31901603767F6,Unknown,32000,Unknown,Amplitude,0.033110797,0.2185669,Y,System,10/8/2026,,b24fb051dffcf46e01c69bd4cd13b6774a49edcab2d1c9f814b2013666110033
NOISE_0419,Gedung F Amplitudo/32 kHz High Amplitudo/20261001_155800T.WAV,0,55,55,Gedung F Amplitudo,High,-5.361941,105.313175,10/1/2026,15:00,Siang,Cerah,24F31901603767F6,Unknown,32000,Unknown,Amplitude,0.034413975,0.25509644,Y,System,10/8/2026,,92165677129da68ff150dd4cfe2ea37c7be4f11b52a1b268bce38c681fca294c
NOISE_0420,Gedung F Amplitudo/32 kHz High Amplitudo/20261001_155900T.WAV,0,55,55,Gedung F Amplitudo,High,-5.361941,105.313175,10/1/2026,15:00,Siang,Cerah,24F31901603767F6,Unknown,32000,Unknown,Amplitude,0.040381823,0.29812622,Y,System,10/8/2026,,7a49402b0992582de858015a86f4eb569758bc6c3580f91471f9200b91e6b192
NOISE_0421,Gedung F Amplitudo/32 kHz Low Amplitudo/20261001_113000T.WAV,0,55,55,Gedung F Amplitudo,Low,-5.361192,105.3141,10/1/2026,11:30,Siang,Cerah,24F31901603767F6,Unknown,32000,Unknown,Amplitude,0.007368892,0.24621582,Y,System,10/8/2026,,cc2decc28e21e5c303d726df597800d3361fe4f89f609ff2018e51e02728aacd
NOISE_0422,Gedung F Amplitudo/32 kHz Low Amplitudo/20261001_113100T.WAV,0,55,55,Gedung F Amplitudo,Low,-5.361192,105.3141,10/1/2026,11:30,Siang,Cerah,24F31901603767F6,Unknown,32000,Unknown,Amplitude,0.005735606,0.08880615,Y,System,10/8/2026,,77a161877f34a723c877de61cc7c74e86c32384f864ac05301ccfa78733ced0b
NOISE_0423,Gedung F Amplitudo/32 kHz Low Amplitudo/20261001_113200T.WAV,0,55,55,Gedung F Amplitudo,Low,-5.361192,105.3141,10/1/2026,11:30,Siang,Cerah,24F31901603767F6,Unknown,32000,Unknown,Amplitude,0.006145691,0.08267212,Y,System,10/8/2026,,1055cfeceb428cdb82af30254e5b2b7d37dc95956f86b0af05b6bbb616c4458c
NOISE_0424,Gedung F Amplitudo/32 kHz Low Amplitudo/20261001_113300T.WAV,0,55,55,Gedung F Amplitudo,Low,-5.361192,105.3141,10/1/2026,11:30,Siang,Cerah,24F31901603767F6,Unknown,32000,Unknown,Amplitude,0.007827464,0.08987427,Y,System,10/8/2026,,42bec04c6fbeea40dafcda9134d18f2db6fc3c8f2093dc7a3dc71d50ae1c6ff0
NOISE_0425,Gedung F Amplitudo/32 kHz Low Amplitudo/20261001_113400T.WAV,0,55,55,Gedung F Amplitudo,Low,-5.361192,105.3141,10/1/2026,11:30,Siang,Cerah,24F31901603767F6,Unknown,32000,Unknown,Amplitude,0.008348579,0.4180298,Y,System,10/8/2026,,4516737d935321576e8629828bdb94c07c8ddec4038a1a4cb327045cb6062962
NOISE_0426,Gedung F Amplitudo/32 kHz Low Amplitudo/20261001_113500T.WAV,0,55,55,Gedung F Amplitudo,Low,-5.361192,105.3141,10/1/2026,11:30,Siang,Cerah,24F31901603767F6,Unknown,32000,Unknown,Amplitude,0.005977132,0.10745239,Y,System,10/8/2026,,d364739b684f7151159e4d92067b7e0718abcfff53e4c8a61d836cc64cec22c4
NOISE_0427,Gedung F Amplitudo/32 kHz Low Amplitudo/20261001_113600T.WAV,0,55,55,Gedung F Amplitudo,Low,-5.361192,105.3141,10/1/2026,11:30,Siang,Cerah,24F31901603767F6,Unknown,32000,Unknown,Amplitude,0.006431653,0.07684326,Y,System,10/8/2026,,d3b66b9632c0b2f071a204a55bb57dca7dffb0bb578e18245ae91031abac3f31
NOISE_0428,Gedung F Amplitudo/32 kHz Low Amplitudo/20261001_113700T.WAV,0,55,55,Gedung F Amplitudo,Low,-5.361192,105.3141,10/1/2026,11:30,Siang,Cerah,24F31901603767F6,Unknown,32000,Unknown,Amplitude,0.007384232,0.08734131,Y,System,10/8/2026,,630ca62a8ccf595d7ef7d37b8c062010f2605d25ac1fbe65fb5c366384fc437a
NOISE_0429,Gedung F Amplitudo/32 kHz Low Amplitudo/20261001_113800T.WAV,0,55,55,Gedung F Amplitudo,Low,-5.361192,105.3141,10/1/2026,11:30,Siang,Cerah,24F31901603767F6,Unknown,32000,Unknown,Amplitude,0.006627149,0.23764038,Y,System,10/8/2026,,d27b90e5e0388bb2dcd7e396edc8cdde85ed5a23c94ce984145b9b859f3a4bec
NOISE_0430,Gedung F Amplitudo/32 kHz Low Amplitudo/20261001_113900T.WAV,0,55,55,Gedung F Amplitudo,Low,-5.361192,105.3141,10/1/2026,11:30,Siang,Cerah,24F31901603767F6,Unknown,32000,Unknown,Amplitude,0.009551897,0.10412598,Y,System,10/8/2026,,248c4cac44edba8df3ce55e782fa55cde181ace9b1cf10dc26af2427a1b7f100
NOISE_0431,Gedung F Amplitudo/32 kHz Low Amplitudo/20261001_114000T.WAV,0,55,55,Gedung F Amplitudo,Low,-5.361192,105.3141,10/1/2026,11:30,Siang,Cerah,24F31901603767F6,Unknown,32000,Unknown,Amplitude,0.008972285,0.331604,Y,System,10/8/2026,,d1a75b997f8e8f1431520f2b5a6f782be35feea8c669a103b225f65599a545bb
NOISE_0432,Gedung F Amplitudo/32 kHz Low Amplitudo/20261001_114100T.WAV,0,55,55,Gedung F Amplitudo,Low,-5.361192,105.3141,10/1/2026,11:30,Siang,Cerah,24F31901603767F6,Unknown,32000,Unknown,Amplitude,0.009199205,0.12020874,Y,System,10/8/2026,,97e4ecbf9dcb9e7642d1dec4f0c33dd38813bfb60de2e6f9b323b3dc57be2879
NOISE_0433,Gedung F Amplitudo/32 kHz Low Amplitudo/20261001_114200T.WAV,0,55,55,Gedung F Amplitudo,Low,-5.361192,105.3141,10/1/2026,11:30,Siang,Cerah,24F31901603767F6,Unknown,32000,Unknown,Amplitude,0.007732264,0.10684204,Y,System,10/8/2026,,0278ee6e3a96f693b4ed1c910813f0be85d6ac3c4fa9fcab7895201ef7fdf001
NOISE_0434,Gedung F Amplitudo/32 kHz Low Amplitudo/20261001_114300T.WAV,0,55,55,Gedung F Amplitudo,Low,-5.361192,105.3141,10/1/2026,11:30,Siang,Cerah,24F31901603767F6,Unknown,32000,Unknown,Amplitude,0.007840521,0.11450195,Y,System,10/8/2026,,d354ee89aed787097dcd1bdc91849a424ad8531c2c8445536d756e46746e89aa
NOISE_0435,Gedung F Amplitudo/32 kHz Low Amplitudo/20261001_114400T.WAV,0,55,55,Gedung F Amplitudo,Low,-5.361192,105.3141,10/1/2026,11:30,Siang,Cerah,24F31901603767F6,Unknown,32000,Unknown,Amplitude,0.007869483,0.09649658,Y,System,10/8/2026,,539c0946c2bd5310b755c47b6788faf70efad309feb4ed732ac8d99a09f704e1
NOISE_0436,Gedung F Amplitudo/32 kHz Low Amplitudo/20261001_114500T.WAV,0,55,55,Gedung F Amplitudo,Low,-5.361192,105.3141,10/1/2026,11:30,Siang,Cerah,24F31901603767F6,Unknown,32000,Unknown,Amplitude,0.007672105,0.06347656,Y,System,10/8/2026,,2830f0593898622fa203fb30a9e068ff838dd6f0bdc4bbda0dbbcf1ca356a4a7
NOISE_0437,Gedung F Amplitudo/32 kHz Low Amplitudo/20261001_114600T.WAV,0,55,55,Gedung F Amplitudo,Low,-5.361192,105.3141,10/1/2026,11:30,Siang,Cerah,24F31901603767F6,Unknown,32000,Unknown,Amplitude,0.007780647,0.11755371,Y,System,10/8/2026,,4c359aeeff901e7d033904701a387099bb86d09679dd1543a14bb0907e21339d
NOISE_0438,Gedung F Amplitudo/32 kHz Low Amplitudo/20261001_114700T.WAV,0,55,55,Gedung F Amplitudo,Low,-5.361192,105.3141,10/1/2026,11:30,Siang,Cerah,24F31901603767F6,Unknown,32000,Unknown,Amplitude,0.008897658,0.36190796,Y,System,10/8/2026,,087157f146e6985d925768572613b14c6370247b4c5b68bb45ef2ef7a6d96e91
NOISE_0439,Gedung F Amplitudo/32 kHz Low Amplitudo/20261001_114800T.WAV,0,55,55,Gedung F Amplitudo,Low,-5.361192,105.3141,10/1/2026,11:30,Siang,Cerah,24F31901603767F6,Unknown,32000,Unknown,Amplitude,0.009676984,0.22570801,Y,System,10/8/2026,,2cf8731d1a288cf20d4677f8b5e78d9abd2ea7636ca46a775cafb6f72b4df160
NOISE_0440,Gedung F Amplitudo/32 kHz Low Amplitudo/20261001_114900T.WAV,0,55,55,Gedung F Amplitudo,Low,-5.361192,105.3141,10/1/2026,11:30,Siang,Cerah,24F31901603767F6,Unknown,32000,Unknown,Amplitude,0.010360226,0.077301025,Y,System,10/8/2026,,64ab8e95bde15a7420082f5f29d3f557749923926296ecdd32357c65e8eebd6e
NOISE_0441,Gedung F Amplitudo/32 kHz Low Amplitudo/20261001_115000T.WAV,0,55,55,Gedung F Amplitudo,Low,-5.361192,105.3141,10/1/2026,11:30,Siang,Cerah,24F31901603767F6,Unknown,32000,Unknown,Amplitude,0.007250018,0.083862305,Y,System,10/8/2026,,62e8cd5a63f1cf23857184212fd4d3b26422da8a6d2c524963832f7b2b93ebcd
NOISE_0442,Gedung F Amplitudo/32 kHz Low Amplitudo/20261001_115100T.WAV,0,55,55,Gedung F Amplitudo,Low,-5.361192,105.3141,10/1/2026,11:30,Siang,Cerah,24F31901603767F6,Unknown,32000,Unknown,Amplitude,0.007407775,0.08932495,Y,System,10/8/2026,,e211bb3976f2ec506610612b2c255fb7aa5efab907e4c305c9b96d64d2c2758d
NOISE_0443,Gedung F Amplitudo/32 kHz Low Amplitudo/20261001_115200T.WAV,0,55,55,Gedung F Amplitudo,Low,-5.361192,105.3141,10/1/2026,11:30,Siang,Cerah,24F31901603767F6,Unknown,32000,Unknown,Amplitude,0.011995136,0.4529724,Y,System,10/8/2026,,15ce303a8d67956338fa967805fa6d7ebd79d3473f592747e2e1399dd9888b6e
NOISE_0444,Gedung F Amplitudo/32 kHz Low Amplitudo/20261001_115300T.WAV,0,55,55,Gedung F Amplitudo,Low,-5.361192,105.3141,10/1/2026,11:30,Siang,Cerah,24F31901603767F6,Unknown,32000,Unknown,Amplitude,0.01055146,0.39953613,Y,System,10/8/2026,,1249f7324f9cae8b2416120e975cf183a207cafa984ca6863b14ffdd50f20e51
NOISE_0445,Gedung F Amplitudo/32 kHz Low Amplitudo/20261001_115400T.WAV,0,55,55,Gedung F Amplitudo,Low,-5.361192,105.3141,10/1/2026,11:30,Siang,Cerah,24F31901603767F6,Unknown,32000,Unknown,Amplitude,0.008812102,0.06097412,Y,System,10/8/2026,,7c9e3895646e2c067634e222d22d7b1ec3bd60a09f453a50fcf617e3407d1902
NOISE_0446,Gedung F Amplitudo/32 kHz Low Amplitudo/20261001_115500T.WAV,0,55,55,Gedung F Amplitudo,Low,-5.361192,105.3141,10/1/2026,11:30,Siang,Cerah,24F31901603767F6,Unknown,32000,Unknown,Amplitude,0.010933608,0.38031006,Y,System,10/8/2026,,433291922a226be936db7c1c30b5b4a47a6690359f914798236d570b4b1da882
NOISE_0447,Gedung F Amplitudo/32 kHz Low Amplitudo/20261001_115600T.WAV,0,55,55,Gedung F Amplitudo,Low,-5.361192,105.3141,10/1/2026,11:30,Siang,Cerah,24F31901603767F6,Unknown,32000,Unknown,Amplitude,0.005852966,0.05041504,Y,System,10/8/2026,,dfeedade6aed4198578be620d87426fb8dc401c012cffaaab1e59d679e9662ae
NOISE_0448,Gedung F Amplitudo/32 kHz Low Amplitudo/20261001_115700T.WAV,0,55,55,Gedung F Amplitudo,Low,-5.361192,105.3141,10/1/2026,11:30,Siang,Cerah,24F31901603767F6,Unknown,32000,Unknown,Amplitude,0.007537156,0.07623291,Y,System,10/8/2026,,ee75219570622f5480c6a15f68edae21f795871d09237e211e0060a85f866c1f
NOISE_0449,Gedung F Amplitudo/32 kHz Low Amplitudo/20261001_115800T.WAV,0,55,55,Gedung F Amplitudo,Low,-5.361192,105.3141,10/1/2026,11:30,Siang,Cerah,24F31901603767F6,Unknown,32000,Unknown,Amplitude,0.010495518,0.11013794,Y,System,10/8/2026,,97d9cf159a4a9291e780bd08ddfedd520c4f1dad021219d24659f946de16e0ce
NOISE_0450,Gedung F Amplitudo/32 kHz Low Amplitudo/20261001_115900T.WAV,0,55,55,Gedung F Amplitudo,Low,-5.361192,105.3141,10/1/2026,11:30,Siang,Cerah,24F31901603767F6,Unknown,32000,Unknown,Amplitude,0.011353128,0.10748291,Y,System,10/8/2026,,f41bde677720bc967e5ab628dd04a6cdb76c819a324fcbc1f4c3b548c07b3199
NOISE_0451,Gedung F Amplitudo/32 kHz Low Amplitudo/20261001_120000T.WAV,0,55,55,Gedung F Amplitudo,Low,-5.361192,105.3141,10/1/2026,11:30,Siang,Cerah,24F31901603767F6,Unknown,32000,Unknown,Amplitude,0.009273457,0.16262817,Y,System,10/8/2026,,1b93518c5e36db119182b19d1f4b06f58f863679ddfe728fbebe97fe50a70fb0
NOISE_0452,Gedung F Amplitudo/32 kHz Low Amplitudo/20261001_120100T.WAV,0,55,55,Gedung F Amplitudo,Low,-5.361192,105.3141,10/1/2026,11:30,Siang,Cerah,24F31901603767F6,Unknown,32000,Unknown,Amplitude,0.008640876,0.067871094,Y,System,10/8/2026,,760b7c80702815bbd66980cc9d6c341cac1a6ff3abb6204458cf883d52b1964d
NOISE_0453,Gedung F Amplitudo/32 kHz Low Amplitudo/20261001_120200T.WAV,0,55,55,Gedung F Amplitudo,Low,-5.361192,105.3141,10/1/2026,11:30,Siang,Cerah,24F31901603767F6,Unknown,32000,Unknown,Amplitude,0.007904823,0.07156372,Y,System,10/8/2026,,14084bee5b3c49127d89aab2806b9fe8629851b305cd8ac8d7d6ff8ae5b0f09f
NOISE_0454,Gedung F Amplitudo/32 kHz Low Amplitudo/20261001_120300T.WAV,0,55,55,Gedung F Amplitudo,Low,-5.361192,105.3141,10/1/2026,11:30,Siang,Cerah,24F31901603767F6,Unknown,32000,Unknown,Amplitude,0.006830191,0.07461548,Y,System,10/8/2026,,742104c0a2fba0bde84863a6cd2346f91ecde94075b0fb34903f345c084e47cd
NOISE_0455,Gedung F Amplitudo/32 kHz Low Amplitudo/20261001_120400T.WAV,0,55,55,Gedung F Amplitudo,Low,-5.361192,105.3141,10/1/2026,11:30,Siang,Cerah,24F31901603767F6,Unknown,32000,Unknown,Amplitude,0.008849353,0.071777344,Y,System,10/8/2026,,7699d476c524cb66cd136eb6faa9bf85ec29319a2c121ae4fc91ad2f440a0092
NOISE_0456,Gedung F Amplitudo/32 kHz Low Amplitudo/20261001_120500T.WAV,0,55,55,Gedung F Amplitudo,Low,-5.361192,105.3141,10/1/2026,11:30,Siang,Cerah,24F31901603767F6,Unknown,32000,Unknown,Amplitude,0.015145566,0.75076294,Y,System,10/8/2026,,17afb3a6a695679f41ac71bb60ec50c2ad13f6b2c0ebfb4c483c2f84d384b76e
NOISE_0457,Gedung F Amplitudo/32 kHz Low Amplitudo/20261001_120600T.WAV,0,55,55,Gedung F Amplitudo,Low,-5.361192,105.3141,10/1/2026,11:30,Siang,Cerah,24F31901603767F6,Unknown,32000,Unknown,Amplitude,0.007585395,0.06472778,Y,System,10/8/2026,,df3e32837b570e2f2efdc2dbd99110b7c13beb3a26c2ddf2c3764fe6dc7539d2
NOISE_0458,Gedung F Amplitudo/32 kHz Low Amplitudo/20261001_120700T.WAV,0,55,55,Gedung F Amplitudo,Low,-5.361192,105.3141,10/1/2026,11:30,Siang,Cerah,24F31901603767F6,Unknown,32000,Unknown,Amplitude,0.008991381,0.06765747,Y,System,10/8/2026,,a540457c1f41f764ce8e18bff2ab0235179ed81a44c1a0a531c122f09d1efd53
NOISE_0459,Gedung F Amplitudo/32 kHz Low Amplitudo/20261001_120800T.WAV,0,55,55,Gedung F Amplitudo,Low,-5.361192,105.3141,10/1/2026,11:30,Siang,Cerah,24F31901603767F6,Unknown,32000,Unknown,Amplitude,0.010283831,0.108184814,Y,System,10/8/2026,,4553fbcc88cd37022dd6190582831d37cfd2d19cfbbc3d4641ed09fd2c64bfd0
NOISE_0460,Gedung F Amplitudo/32 kHz Low Amplitudo/20261001_120900T.WAV,0,55,55,Gedung F Amplitudo,Low,-5.361192,105.3141,10/1/2026,11:30,Siang,Cerah,24F31901603767F6,Unknown,32000,Unknown,Amplitude,0.012514764,0.18334961,Y,System,10/8/2026,,9e1f6fe7cfef33a1e23c92e2772804b790428984b5e34ba698fa7b6c3240f50c
NOISE_0461,Gedung F Amplitudo/32 kHz Low Amplitudo/20261001_121000T.WAV,0,55,55,Gedung F Amplitudo,Low,-5.361192,105.3141,10/1/2026,11:30,Siang,Cerah,24F31901603767F6,Unknown,32000,Unknown,Amplitude,0.015200561,0.3696289,Y,System,10/8/2026,,7d2d378d550020dc0073033601d7446e145e2d8150518be361b847eb980278fa
NOISE_0462,Gedung F Amplitudo/32 kHz Low Amplitudo/20261001_121100T.WAV,0,55,55,Gedung F Amplitudo,Low,-5.361192,105.3141,10/1/2026,11:30,Siang,Cerah,24F31901603767F6,Unknown,32000,Unknown,Amplitude,0.007926301,0.1038208,Y,System,10/8/2026,,69b9b7177181ab8abad7b6a5dc9aed9a56de60e678975a68329fd4afc3a85ae0
NOISE_0463,Gedung F Amplitudo/32 kHz Low Amplitudo/20261001_121200T.WAV,0,55,55,Gedung F Amplitudo,Low,-5.361192,105.3141,10/1/2026,11:30,Siang,Cerah,24F31901603767F6,Unknown,32000,Unknown,Amplitude,0.01043252,0.38763428,Y,System,10/8/2026,,1320ebd705595520870ca7c4fe3345d4fcc352e4a1db85f31e836e72f15e0f31
NOISE_0464,Gedung F Amplitudo/32 kHz Low Amplitudo/20261001_121300T.WAV,0,55,55,Gedung F Amplitudo,Low,-5.361192,105.3141,10/1/2026,11:30,Siang,Cerah,24F31901603767F6,Unknown,32000,Unknown,Amplitude,0.008526231,0.14437866,Y,System,10/8/2026,,95a25f16a949df53f5e91b446535c5e827aaec3f04755ea840f1e37e2cd66ce9
NOISE_0465,Gedung F Amplitudo/32 kHz Low Amplitudo/20261001_121400T.WAV,0,55,55,Gedung F Amplitudo,Low,-5.361192,105.3141,10/1/2026,11:30,Siang,Cerah,24F31901603767F6,Unknown,32000,Unknown,Amplitude,0.00728022,0.07055664,Y,System,10/8/2026,,affb1e41276920312fb26d396c32143a35d908c9b8c926391905b2c7f75b049d
NOISE_0466,Gedung F Amplitudo/32 kHz Low Amplitudo/20261001_121500T.WAV,0,55,55,Gedung F Amplitudo,Low,-5.361192,105.3141,10/1/2026,11:30,Siang,Cerah,24F31901603767F6,Unknown,32000,Unknown,Amplitude,0.012375834,0.10241699,Y,System,10/8/2026,,76dbc0eee0ee6533964b6558838e3df6f556063b2a9371321e8273dc055d508b
NOISE_0467,Gedung F Amplitudo/32 kHz Low Amplitudo/20261001_121600T.WAV,0,55,55,Gedung F Amplitudo,Low,-5.361192,105.3141,10/1/2026,11:30,Siang,Cerah,24F31901603767F6,Unknown,32000,Unknown,Amplitude,0.009968914,0.084503174,Y,System,10/8/2026,,b14c0739d34f15ef1bfba61e05e9e0956207063d48ac885b7fadc465d0a22a33
NOISE_0468,Gedung F Amplitudo/32 kHz Low Amplitudo/20261001_121700T.WAV,0,55,55,Gedung F Amplitudo,Low,-5.361192,105.3141,10/1/2026,11:30,Siang,Cerah,24F31901603767F6,Unknown,32000,Unknown,Amplitude,0.008471726,0.08682251,Y,System,10/8/2026,,e70173e33929b57b1e08c2c7ff9ab9c9541b0ce680c88d8cb02ec483cbea8355
NOISE_0469,Gedung F Amplitudo/32 kHz Low Amplitudo/20261001_121800T.WAV,0,55,55,Gedung F Amplitudo,Low,-5.361192,105.3141,10/1/2026,11:30,Siang,Cerah,24F31901603767F6,Unknown,32000,Unknown,Amplitude,0.00900224,0.14874268,Y,System,10/8/2026,,4a8a60892e72a583cd0beb4b48b24d34bf8093a1044e0b15f235db22d3dd2b70
NOISE_0470,Gedung F Amplitudo/32 kHz Low Amplitudo/20261001_121900T.WAV,0,55,55,Gedung F Amplitudo,Low,-5.361192,105.3141,10/1/2026,11:30,Siang,Cerah,24F31901603767F6,Unknown,32000,Unknown,Amplitude,0.009390788,0.10107422,Y,System,10/8/2026,,9f4aee2aa54758279c151b51694f857801a56c6bd6b2620ee75efa8a3744d153
NOISE_0471,Gedung F Amplitudo/32 kHz Low Amplitudo/20261001_122000T.WAV,0,55,55,Gedung F Amplitudo,Low,-5.361192,105.3141,10/1/2026,11:30,Siang,Cerah,24F31901603767F6,Unknown,32000,Unknown,Amplitude,0.007733363,0.06692505,Y,System,10/8/2026,,2f8556cf9f8189725404ea23b7593f715ca8a0c3e2e24a302e679030e06fce5a
NOISE_0472,Gedung F Amplitudo/32 kHz Low Amplitudo/20261001_122100T.WAV,0,55,55,Gedung F Amplitudo,Low,-5.361192,105.3141,10/1/2026,11:30,Siang,Cerah,24F31901603767F6,Unknown,32000,Unknown,Amplitude,0.010421668,0.1678772,Y,System,10/8/2026,,7e46e58ad600bb4e00583c2c9fc0e2c241e3d69359783e8f79eb83611b9cd9f2
NOISE_0473,Gedung F Amplitudo/32 kHz Low Amplitudo/20261001_122200T.WAV,0,55,55,Gedung F Amplitudo,Low,-5.361192,105.3141,10/1/2026,11:30,Siang,Cerah,24F31901603767F6,Unknown,32000,Unknown,Amplitude,0.008317774,0.06704712,Y,System,10/8/2026,,ed1829605a44582e5833a78e40e3d25d95f902e4676976b08bbf680a0752a15e
NOISE_0474,Gedung F Amplitudo/32 kHz Low Amplitudo/20261001_122300T.WAV,0,55,55,Gedung F Amplitudo,Low,-5.361192,105.3141,10/1/2026,11:30,Siang,Cerah,24F31901603767F6,Unknown,32000,Unknown,Amplitude,0.009197766,0.06826782,Y,System,10/8/2026,,58086c29240be4f11d2ecb2c80bc7016912276f1ccb51e947f02e9f2647f0816
NOISE_0475,Gedung F Amplitudo/32 kHz Low Amplitudo/20261001_122400T.WAV,0,55,55,Gedung F Amplitudo,Low,-5.361192,105.3141,10/1/2026,11:30,Siang,Cerah,24F31901603767F6,Unknown,32000,Unknown,Amplitude,0.008406336,0.08047485,Y,System,10/8/2026,,ee91e9a9270d733a9c7c0057aff0d337e4ce507a181a67a05c77063f9644d8a5
NOISE_0476,Gedung F Amplitudo/32 kHz Low Amplitudo/20261001_122500T.WAV,0,55,55,Gedung F Amplitudo,Low,-5.361192,105.3141,10/1/2026,11:30,Siang,Cerah,24F31901603767F6,Unknown,32000,Unknown,Amplitude,0.009206411,0.13601685,Y,System,10/8/2026,,420b9e7f06464f5f89e9bf242de8f995e0b75e29e2127560868cfb555848fc3a
NOISE_0477,Gedung F Amplitudo/32 kHz Low Amplitudo/20261001_122600T.WAV,0,55,55,Gedung F Amplitudo,Low,-5.361192,105.3141,10/1/2026,11:30,Siang,Cerah,24F31901603767F6,Unknown,32000,Unknown,Amplitude,0.007363627,0.08508301,Y,System,10/8/2026,,79ec17279e2185f6a36c36767cbac1ece81f60e22b3f2c6a6d94fdf392eb1537
NOISE_0478,Gedung F Amplitudo/32 kHz Low Amplitudo/20261001_122700T.WAV,0,55,55,Gedung F Amplitudo,Low,-5.361192,105.3141,10/1/2026,11:30,Siang,Cerah,24F31901603767F6,Unknown,32000,Unknown,Amplitude,0.0100065,0.09957886,Y,System,10/8/2026,,f61de2ca795c3a5f032d0dfd41ad93b66dbb0252ae31f3f8f6d8e585b07b539b
NOISE_0479,Gedung F Amplitudo/32 kHz Low Amplitudo/20261001_122800T.WAV,0,55,55,Gedung F Amplitudo,Low,-5.361192,105.3141,10/1/2026,11:30,Siang,Cerah,24F31901603767F6,Unknown,32000,Unknown,Amplitude,0.008894339,0.06564331,Y,System,10/8/2026,,970781fd98bb4bdd5f8d5fdf5995453a7d1b62c18e5ae2b2550789fd1c3275ca
NOISE_0480,Gedung F Amplitudo/32 kHz Low Amplitudo/20261001_122900T.WAV,0,55,55,Gedung F Amplitudo,Low,-5.361192,105.3141,10/1/2026,11:30,Siang,Cerah,24F31901603767F6,Unknown,32000,Unknown,Amplitude,0.009345249,0.08276367,Y,System,10/8/2026,,625daec8bd3d752e5a95b506f2fd5d6d572d19291c7fe78d70606ad495e887d6
NOISE_0481,Gedung F Amplitudo/32 kHz Medium Amplitudo/20261001_082500T.WAV,0,55,55,Gedung F Amplitudo,Medium,-5.361839,105.313902,10/1/2026,8:25,Siang,Cerah,24F31901603767F6,Unknown,32000,Unknown,Amplitude,0.062319484,0.9999695,Y,System,10/8/2026,,a37e3ef580438a379d4c863a2e5b8fbda32ee3a79c376ba3e63ad7061d7dfc0b
NOISE_0482,Gedung F Amplitudo/32 kHz Medium Amplitudo/20261001_082600T.WAV,0,55,55,Gedung F Amplitudo,Medium,-5.361839,105.313902,10/1/2026,8:25,Siang,Cerah,24F31901603767F6,Unknown,32000,Unknown,Amplitude,0.007760125,0.39559937,Y,System,10/8/2026,,de4a8fa88826cb7422165a8c0bb7c232ec5d231d230cd0c70a3263db7ac04846
NOISE_0483,Gedung F Amplitudo/32 kHz Medium Amplitudo/20261001_082700T.WAV,0,55,55,Gedung F Amplitudo,Medium,-5.361839,105.313902,10/1/2026,8:25,Siang,Cerah,24F31901603767F6,Unknown,32000,Unknown,Amplitude,0.021266157,0.9999695,Y,System,10/8/2026,,53b18aa23dbe7484cbb939e92b9fad7c44161ed4d10b20d0dfb959c2da91ee21
NOISE_0484,Gedung F Amplitudo/32 kHz Medium Amplitudo/20261001_082800T.WAV,0,55,55,Gedung F Amplitudo,Medium,-5.361839,105.313902,10/1/2026,8:25,Siang,Cerah,24F31901603767F6,Unknown,32000,Unknown,Amplitude,0.007479874,0.7173767,Y,System,10/8/2026,,7c7a6135aed3d36375c33c762869a7ec81409a7ab0e7fc96269d1996f8361562
NOISE_0485,Gedung F Amplitudo/32 kHz Medium Amplitudo/20261001_082900T.WAV,0,55,55,Gedung F Amplitudo,Medium,-5.361839,105.313902,10/1/2026,8:25,Siang,Cerah,24F31901603767F6,Unknown,32000,Unknown,Amplitude,0.007392179,0.7908325,Y,System,10/8/2026,,b6dfac3d1dbbdbd6080a737d6b92025fab7b64d8b3fb2e887feec25adae2af7b
NOISE_0486,Gedung F Amplitudo/32 kHz Medium Amplitudo/20261001_083000T.WAV,0,55,55,Gedung F Amplitudo,Medium,-5.361839,105.313902,10/1/2026,8:25,Siang,Cerah,24F31901603767F6,Unknown,32000,Unknown,Amplitude,0.007301907,0.086517334,Y,System,10/8/2026,,a72bf9decdf36b8c1ff2a0633ea9afb6829028d67dc39067cb0dd5ef1694b314
NOISE_0487,Gedung F Amplitudo/32 kHz Medium Amplitudo/20261001_083100T.WAV,0,55,55,Gedung F Amplitudo,Medium,-5.361839,105.313902,10/1/2026,8:25,Siang,Cerah,24F31901603767F6,Unknown,32000,Unknown,Amplitude,0.006974326,0.091552734,Y,System,10/8/2026,,274c33b3a7cd4d353f12c6fb367f15c01e6cb08f0627d81c7e2fdfcee8bb8170
NOISE_0488,Gedung F Amplitudo/32 kHz Medium Amplitudo/20261001_083200T.WAV,0,55,55,Gedung F Amplitudo,Medium,-5.361839,105.313902,10/1/2026,8:25,Siang,Cerah,24F31901603767F6,Unknown,32000,Unknown,Amplitude,0.007086712,0.11502075,Y,System,10/8/2026,,0e5cdf23afabc8535ace46111c70807bd7c58913021c3b0d9cb37385082e68b1
NOISE_0489,Gedung F Amplitudo/32 kHz Medium Amplitudo/20261001_083300T.WAV,0,55,55,Gedung F Amplitudo,Medium,-5.361839,105.313902,10/1/2026,8:25,Siang,Cerah,24F31901603767F6,Unknown,32000,Unknown,Amplitude,0.006724551,0.10031128,Y,System,10/8/2026,,bcbf1cacf0c647060eb5f4ce20b4cfdf7ce673b4b3027b6b753c79168413eb8c
NOISE_0490,Gedung F Amplitudo/32 kHz Medium Amplitudo/20261001_083400T.WAV,0,55,55,Gedung F Amplitudo,Medium,-5.361839,105.313902,10/1/2026,8:25,Siang,Cerah,24F31901603767F6,Unknown,32000,Unknown,Amplitude,0.006473767,0.092926025,Y,System,10/8/2026,,34ed39631c8f4abff997e765f77e0e8306ccb11ec4c49e4fc64277f0d66c9e04
NOISE_0491,Gedung F Amplitudo/32 kHz Medium Amplitudo/20261001_083500T.WAV,0,55,55,Gedung F Amplitudo,Medium,-5.361839,105.313902,10/1/2026,8:25,Siang,Cerah,24F31901603767F6,Unknown,32000,Unknown,Amplitude,0.006479716,0.042388916,Y,System,10/8/2026,,df12c4e77d5737a1791dc5d0f46f65b5ffa902eb8f8780988712c586dd28b29d
NOISE_0492,Gedung F Amplitudo/32 kHz Medium Amplitudo/20261001_083600T.WAV,0,55,55,Gedung F Amplitudo,Medium,-5.361839,105.313902,10/1/2026,8:25,Siang,Cerah,24F31901603767F6,Unknown,32000,Unknown,Amplitude,0.006556156,0.04776001,Y,System,10/8/2026,,c430426142f8144d4642d9bf40fd02cc4107a492f38ce6b39a9f4388d1092902
NOISE_0493,Gedung F Amplitudo/32 kHz Medium Amplitudo/20261001_083700T.WAV,0,55,55,Gedung F Amplitudo,Medium,-5.361839,105.313902,10/1/2026,8:25,Siang,Cerah,24F31901603767F6,Unknown,32000,Unknown,Amplitude,0.006858116,0.06048584,Y,System,10/8/2026,,e6e195f347b5dbfea80c9a74bbf465e725ac43eb3593ba8c7da930e084d75c5b
NOISE_0494,Gedung F Amplitudo/32 kHz Medium Amplitudo/20261001_083800T.WAV,0,55,55,Gedung F Amplitudo,Medium,-5.361839,105.313902,10/1/2026,8:25,Siang,Cerah,24F31901603767F6,Unknown,32000,Unknown,Amplitude,0.007199055,0.058807373,Y,System,10/8/2026,,18934170fafd70d72590918a57cedf57649a703e7bc74118ba266f5e3547c225
NOISE_0495,Gedung F Amplitudo/32 kHz Medium Amplitudo/20261001_083900T.WAV,0,55,55,Gedung F Amplitudo,Medium,-5.361839,105.313902,10/1/2026,8:25,Siang,Cerah,24F31901603767F6,Unknown,32000,Unknown,Amplitude,0.008648344,0.11627197,Y,System,10/8/2026,,76f3a1a703637f620701a3f755646f0d3277f775291e359cbdd2ea3a71fa04c4
NOISE_0496,Gedung F Amplitudo/32 kHz Medium Amplitudo/20261001_084000T.WAV,0,55,55,Gedung F Amplitudo,Medium,-5.361839,105.313902,10/1/2026,8:25,Siang,Cerah,24F31901603767F6,Unknown,32000,Unknown,Amplitude,0.006913348,0.09063721,Y,System,10/8/2026,,194aab9709c1e2919424208b73d110f60eceed626d60187cbe6184927da06de5
NOISE_0497,Gedung F Amplitudo/32 kHz Medium Amplitudo/20261001_084100T.WAV,0,55,55,Gedung F Amplitudo,Medium,-5.361839,105.313902,10/1/2026,8:25,Siang,Cerah,24F31901603767F6,Unknown,32000,Unknown,Amplitude,0.007026875,0.05279541,Y,System,10/8/2026,,8401d747b1d0c2716e17df111b152350df69e1d182bf7e67722de9b1900d18cb
NOISE_0498,Gedung F Amplitudo/32 kHz Medium Amplitudo/20261001_084200T.WAV,0,55,55,Gedung F Amplitudo,Medium,-5.361839,105.313902,10/1/2026,8:25,Siang,Cerah,24F31901603767F6,Unknown,32000,Unknown,Amplitude,0.009777092,0.2128601,Y,System,10/8/2026,,658a83ddb5a2ed72f7c2fad00173925d696778beb5d242a01cb023439058d0bb
NOISE_0499,Gedung F Amplitudo/32 kHz Medium Amplitudo/20261001_084300T.WAV,0,55,55,Gedung F Amplitudo,Medium,-5.361839,105.313902,10/1/2026,8:25,Siang,Cerah,24F31901603767F6,Unknown,32000,Unknown,Amplitude,0.008313167,0.20343018,Y,System,10/8/2026,,33b3b4245799d2d45b41a4b3869e7ff8ac19c023be1590401532214158e997b9
NOISE_0500,Gedung F Amplitudo/32 kHz Medium Amplitudo/20261001_084400T.WAV,0,55,55,Gedung F Amplitudo,Medium,-5.361839,105.313902,10/1/2026,8:25,Siang,Cerah,24F31901603767F6,Unknown,32000,Unknown,Amplitude,0.008215607,0.11480713,Y,System,10/8/2026,,6f572564000d9afbfa56755070e40d5c022ecd306d0ecb57a1c5eff5bf778248
NOISE_0501,Gedung F Amplitudo/32 kHz Medium Amplitudo/20261001_084500T.WAV,0,55,55,Gedung F Amplitudo,Medium,-5.361839,105.313902,10/1/2026,8:25,Siang,Cerah,24F31901603767F6,Unknown,32000,Unknown,Amplitude,0.008345634,0.098724365,Y,System,10/8/2026,,6bafda8f330a46e0d1254014fa3c09756554577f027337067b73300d079247d7
NOISE_0502,Gedung F Amplitudo/32 kHz Medium Amplitudo/20261001_084600T.WAV,0,55,55,Gedung F Amplitudo,Medium,-5.361839,105.313902,10/1/2026,8:25,Siang,Cerah,24F31901603767F6,Unknown,32000,Unknown,Amplitude,0.007339608,0.07647705,Y,System,10/8/2026,,528c1353d54e9fb93637e999b89be82ee73a47fbf4f42a2fc512abedae4356c1
NOISE_0503,Gedung F Amplitudo/32 kHz Medium Amplitudo/20261001_084700T.WAV,0,55,55,Gedung F Amplitudo,Medium,-5.361839,105.313902,10/1/2026,8:25,Siang,Cerah,24F31901603767F6,Unknown,32000,Unknown,Amplitude,0.007190955,0.09963989,Y,System,10/8/2026,,2fef536bc46940a08e8c6552b5c0a3157b12281912b8dafa13ed736e2243eda4
NOISE_0504,Gedung F Amplitudo/32 kHz Medium Amplitudo/20261001_084800T.WAV,0,55,55,Gedung F Amplitudo,Medium,-5.361839,105.313902,10/1/2026,8:25,Siang,Cerah,24F31901603767F6,Unknown,32000,Unknown,Amplitude,0.008146254,0.13427734,Y,System,10/8/2026,,def135d9ad8b49a5732187f5fa7b3c47b40ba34fb7ef3fe22c8623a6377fc1f7
NOISE_0505,Gedung F Amplitudo/32 kHz Medium Amplitudo/20261001_084900T.WAV,0,55,55,Gedung F Amplitudo,Medium,-5.361839,105.313902,10/1/2026,8:25,Siang,Cerah,24F31901603767F6,Unknown,32000,Unknown,Amplitude,0.007585472,0.099731445,Y,System,10/8/2026,,dde554b463557ed23a907506888f2b63f865ca5ad434b7ff20904793f601348b
NOISE_0506,Gedung F Amplitudo/32 kHz Medium Amplitudo/20261001_085000T.WAV,0,55,55,Gedung F Amplitudo,Medium,-5.361839,105.313902,10/1/2026,8:25,Siang,Cerah,24F31901603767F6,Unknown,32000,Unknown,Amplitude,0.008442736,0.12774658,Y,System,10/8/2026,,e2008ccbd9dc09029760954a377b5379c6a02dc8c56b6680b37f529e490fca35
NOISE_0507,Gedung F Amplitudo/32 kHz Medium Amplitudo/20261001_085100T.WAV,0,55,55,Gedung F Amplitudo,Medium,-5.361839,105.313902,10/1/2026,8:25,Siang,Cerah,24F31901603767F6,Unknown,32000,Unknown,Amplitude,0.00780881,0.12020874,Y,System,10/8/2026,,8ae77d3a97543557d25dfc1315ee7b297061175d30dd26a5e0473af3529c3c1a
NOISE_0508,Gedung F Amplitudo/32 kHz Medium Amplitudo/20261001_085200T.WAV,0,55,55,Gedung F Amplitudo,Medium,-5.361839,105.313902,10/1/2026,8:25,Siang,Cerah,24F31901603767F6,Unknown,32000,Unknown,Amplitude,0.007696032,0.07891846,Y,System,10/8/2026,,f1209c797117bdc65a247f0297469374eba1cb768e13fc47b86076cfa1fb46c2
NOISE_0509,Gedung F Amplitudo/32 kHz Medium Amplitudo/20261001_085300T.WAV,0,55,55,Gedung F Amplitudo,Medium,-5.361839,105.313902,10/1/2026,8:25,Siang,Cerah,24F31901603767F6,Unknown,32000,Unknown,Amplitude,0.009308435,0.46826172,Y,System,10/8/2026,,ceb5b24bb50f2ae8f91a5c3c4a0ec23ef775b0c16c57b6e077b754eb824f5567
NOISE_0510,Gedung F Amplitudo/32 kHz Medium Amplitudo/20261001_085400T.WAV,0,55,55,Gedung F Amplitudo,Medium,-5.361839,105.313902,10/1/2026,8:25,Siang,Cerah,24F31901603767F6,Unknown,32000,Unknown,Amplitude,0.010401947,0.15536499,Y,System,10/8/2026,,3a0d844794ba933d05a0759bdd63056d6765c6a47a756918648df0091fc7b34f
NOISE_0511,Gedung F Amplitudo/32 kHz Medium Amplitudo/20261001_085500T.WAV,0,55,55,Gedung F Amplitudo,Medium,-5.361839,105.313902,10/1/2026,8:25,Siang,Cerah,24F31901603767F6,Unknown,32000,Unknown,Amplitude,0.011944131,0.6511841,Y,System,10/8/2026,,a707c1dd89a132d9809a62d47555dc4f1c71240174f6f08f64dbdf84fdca9a81
NOISE_0512,Gedung F Amplitudo/32 kHz Medium Amplitudo/20261001_085600T.WAV,0,55,55,Gedung F Amplitudo,Medium,-5.361839,105.313902,10/1/2026,8:25,Siang,Cerah,24F31901603767F6,Unknown,32000,Unknown,Amplitude,0.008237828,0.18136597,Y,System,10/8/2026,,d02d3810539b5f4fbeb2438a277757dd56f4b66c535724e7eb4879242072b051
NOISE_0513,Gedung F Amplitudo/32 kHz Medium Amplitudo/20261001_085700T.WAV,0,55,55,Gedung F Amplitudo,Medium,-5.361839,105.313902,10/1/2026,8:25,Siang,Cerah,24F31901603767F6,Unknown,32000,Unknown,Amplitude,0.010495787,0.14590454,Y,System,10/8/2026,,0ff6ec1d9d3a5411f1a8e9548ef33df1f61e299fd2005177dbd4bb1248cc0f47
NOISE_0514,Gedung F Amplitudo/32 kHz Medium Amplitudo/20261001_085800T.WAV,0,55,55,Gedung F Amplitudo,Medium,-5.361839,105.313902,10/1/2026,8:25,Siang,Cerah,24F31901603767F6,Unknown,32000,Unknown,Amplitude,0.010225487,0.27163696,Y,System,10/8/2026,,04e0e56f3175646fc9d007a881e93c9bb49cbee93fe3085672bf82d29984fa3c
NOISE_0515,Gedung F Amplitudo/32 kHz Medium Amplitudo/20261001_085900T.WAV,0,55,55,Gedung F Amplitudo,Medium,-5.361839,105.313902,10/1/2026,8:25,Siang,Cerah,24F31901603767F6,Unknown,32000,Unknown,Amplitude,0.010354159,0.15963745,Y,System,10/8/2026,,98933648930bae5680ea7fdcd3015652a93ef4bc134c52d2b28a19faaf1d1f9a
NOISE_0516,Gedung F Amplitudo/32 kHz Medium Amplitudo/20261001_090000T.WAV,0,55,55,Gedung F Amplitudo,Medium,-5.361839,105.313902,10/1/2026,8:25,Siang,Cerah,24F31901603767F6,Unknown,32000,Unknown,Amplitude,0.013079561,0.40270996,Y,System,10/8/2026,,df6cf62fd8a762381ed9e1b39879602577da187635c680df759ae779837c528c
NOISE_0517,Gedung F Amplitudo/32 kHz Medium Amplitudo/20261001_090100T.WAV,0,55,55,Gedung F Amplitudo,Medium,-5.361839,105.313902,10/1/2026,8:25,Siang,Cerah,24F31901603767F6,Unknown,32000,Unknown,Amplitude,0.010851341,0.1481018,Y,System,10/8/2026,,3914024c9290b11c2cfc40bed352bc31fb9cb5ca8599d77374dbf5a3159bd02d
NOISE_0518,Gedung F Amplitudo/32 kHz Medium Amplitudo/20261001_090200T.WAV,0,55,55,Gedung F Amplitudo,Medium,-5.361839,105.313902,10/1/2026,8:25,Siang,Cerah,24F31901603767F6,Unknown,32000,Unknown,Amplitude,0.009925432,0.12265015,Y,System,10/8/2026,,038ee63bf8ec19a817c5d5019869f803e59d3b16dfb21338760206a71595837e
NOISE_0519,Gedung F Amplitudo/32 kHz Medium Amplitudo/20261001_090300T.WAV,0,55,55,Gedung F Amplitudo,Medium,-5.361839,105.313902,10/1/2026,8:25,Siang,Cerah,24F31901603767F6,Unknown,32000,Unknown,Amplitude,0.023847641,0.3710022,Y,System,10/8/2026,,ab20dc2d890ad6ff03e6125d722bcf67c354a768fce94fc5a299a19c87b60373
NOISE_0520,Gedung F Amplitudo/32 kHz Medium Amplitudo/20261001_090400T.WAV,0,55,55,Gedung F Amplitudo,Medium,-5.361839,105.313902,10/1/2026,8:25,Siang,Cerah,24F31901603767F6,Unknown,32000,Unknown,Amplitude,0.012110819,0.23406982,Y,System,10/8/2026,,f6b95e5cff7880e99812504374d012a8306622e0bb93cd8a77e8f11878a4ff8a
NOISE_0521,Gedung F Amplitudo/32 kHz Medium Amplitudo/20261001_090500T.WAV,0,55,55,Gedung F Amplitudo,Medium,-5.361839,105.313902,10/1/2026,8:25,Siang,Cerah,24F31901603767F6,Unknown,32000,Unknown,Amplitude,0.01198105,0.18084717,Y,System,10/8/2026,,28dbb41aaa54a3a99256315610683ac27c93ac28929f7de75b7fa2f1c8217640
NOISE_0522,Gedung F Amplitudo/32 kHz Medium Amplitudo/20261001_090600T.WAV,0,55,55,Gedung F Amplitudo,Medium,-5.361839,105.313902,10/1/2026,8:25,Siang,Cerah,24F31901603767F6,Unknown,32000,Unknown,Amplitude,0.013601535,0.3524475,Y,System,10/8/2026,,ebe339eec845271f0c6e7802c65ec42750cd3219991f78370592ed4a3d82d10d
NOISE_0523,Gedung F Amplitudo/32 kHz Medium Amplitudo/20261001_090700T.WAV,0,55,55,Gedung F Amplitudo,Medium,-5.361839,105.313902,10/1/2026,8:25,Siang,Cerah,24F31901603767F6,Unknown,32000,Unknown,Amplitude,0.02253091,0.38067627,Y,System,10/8/2026,,24b1700e0a6ea1cab0b9de5642bab950a9d4d88aa37b203c3bf1604464c9d260
NOISE_0524,Gedung F Amplitudo/32 kHz Medium Amplitudo/20261001_090800T.WAV,0,55,55,Gedung F Amplitudo,Medium,-5.361839,105.313902,10/1/2026,8:25,Siang,Cerah,24F31901603767F6,Unknown,32000,Unknown,Amplitude,0.013798765,0.28494263,Y,System,10/8/2026,,e993cbf333d4919e38ce814fb50205e5cbc8f8e2946e219f84d64954e22b3cc7
NOISE_0525,Gedung F Amplitudo/32 kHz Medium Amplitudo/20261001_090900T.WAV,0,55,55,Gedung F Amplitudo,Medium,-5.361839,105.313902,10/1/2026,8:25,Siang,Cerah,24F31901603767F6,Unknown,32000,Unknown,Amplitude,0.009646464,0.325531,Y,System,10/8/2026,,028e6540903c83ad0206f5fc2855e9062ea33c392f2efaf9a43d235694dfb26c
NOISE_0526,Gedung F Amplitudo/32 kHz Medium Amplitudo/20261001_091000T.WAV,0,55,55,Gedung F Amplitudo,Medium,-5.361839,105.313902,10/1/2026,8:25,Siang,Cerah,24F31901603767F6,Unknown,32000,Unknown,Amplitude,0.011353713,0.41506958,Y,System,10/8/2026,,b446410d88200c6f668574028714ca64f21fc8cbd6b01684a17c2e11fdc0ed73
NOISE_0527,Gedung F Amplitudo/32 kHz Medium Amplitudo/20261001_091100T.WAV,0,55,55,Gedung F Amplitudo,Medium,-5.361839,105.313902,10/1/2026,8:25,Siang,Cerah,24F31901603767F6,Unknown,32000,Unknown,Amplitude,0.014074927,0.2164917,Y,System,10/8/2026,,00ab3a84fd75d81759a1c905967f4bc9dfbbbe530b0e96a95851eead187214ac
NOISE_0528,Gedung F Amplitudo/32 kHz Medium Amplitudo/20261001_091200T.WAV,0,55,55,Gedung F Amplitudo,Medium,-5.361839,105.313902,10/1/2026,8:25,Siang,Cerah,24F31901603767F6,Unknown,32000,Unknown,Amplitude,0.019213498,0.41497803,Y,System,10/8/2026,,00ffcb33c42079391b5e8b9e28872619bfaaeb2adda52bca781b90484b65bdc1
NOISE_0529,Gedung F Amplitudo/32 kHz Medium Amplitudo/20261001_091300T.WAV,0,55,55,Gedung F Amplitudo,Medium,-5.361839,105.313902,10/1/2026,8:25,Siang,Cerah,24F31901603767F6,Unknown,32000,Unknown,Amplitude,0.010412448,0.13345337,Y,System,10/8/2026,,c971de9061bd75aa05a4c5460bad4320b256e6555211f06a292fee175462fe0b
NOISE_0530,Gedung F Amplitudo/32 kHz Medium Amplitudo/20261001_091400T.WAV,0,55,55,Gedung F Amplitudo,Medium,-5.361839,105.313902,10/1/2026,8:25,Siang,Cerah,24F31901603767F6,Unknown,32000,Unknown,Amplitude,0.012560287,0.12350464,Y,System,10/8/2026,,607abc9de91dab59a1f9bf688b7a2029ecfee927f3f7d545466459a5ca7cc85b
NOISE_0531,Gedung F Amplitudo/32 kHz Medium Amplitudo/20261001_091500T.WAV,0,55,55,Gedung F Amplitudo,Medium,-5.361839,105.313902,10/1/2026,8:25,Siang,Cerah,24F31901603767F6,Unknown,32000,Unknown,Amplitude,0.012510085,0.09347534,Y,System,10/8/2026,,64ee457a49e8c2a92bad425663d927793cb338ed29c11984d3f5b9ca467f2b45
NOISE_0532,Gedung F Amplitudo/32 kHz Medium Amplitudo/20261001_091600T.WAV,0,55,55,Gedung F Amplitudo,Medium,-5.361839,105.313902,10/1/2026,8:25,Siang,Cerah,24F31901603767F6,Unknown,32000,Unknown,Amplitude,0.011306698,0.14678955,Y,System,10/8/2026,,18b4d9e5069544ef7b68d168b3e66a9392b684c880bb2b597dc9df7812dc1026
NOISE_0533,Gedung F Amplitudo/32 kHz Medium Amplitudo/20261001_091700T.WAV,0,55,55,Gedung F Amplitudo,Medium,-5.361839,105.313902,10/1/2026,8:25,Siang,Cerah,24F31901603767F6,Unknown,32000,Unknown,Amplitude,0.011264098,0.108184814,Y,System,10/8/2026,,9f8239f3a23154bb5a0a0ea8028ac9c2382d6e83314670d008563334c98b64c8
NOISE_0534,Gedung F Amplitudo/32 kHz Medium Amplitudo/20261001_091800T.WAV,0,55,55,Gedung F Amplitudo,Medium,-5.361839,105.313902,10/1/2026,8:25,Siang,Cerah,24F31901603767F6,Unknown,32000,Unknown,Amplitude,0.013104182,0.2354126,Y,System,10/8/2026,,a1985679acf059ed79af992a06c6edc6ce7b62c2fe716d1d596735ee9ed0b6ec
NOISE_0535,Gedung F Amplitudo/32 kHz Medium Amplitudo/20261001_091900T.WAV,0,55,55,Gedung F Amplitudo,Medium,-5.361839,105.313902,10/1/2026,8:25,Siang,Cerah,24F31901603767F6,Unknown,32000,Unknown,Amplitude,0.010497819,0.089416504,Y,System,10/8/2026,,b73fee01f9728a2c5de2fe16a6d884127f30eb086df65a5116570b73f8172c74
NOISE_0536,Gedung F Amplitudo/32 kHz Medium Amplitudo/20261001_092000T.WAV,0,55,55,Gedung F Amplitudo,Medium,-5.361839,105.313902,10/1/2026,8:25,Siang,Cerah,24F31901603767F6,Unknown,32000,Unknown,Amplitude,0.013316215,0.17333984,Y,System,10/8/2026,,d1fae6d328273910fb0fe786e211295293d93bab5a4d77434e5fea92b7693e83
NOISE_0537,Gedung F Amplitudo/32 kHz Medium Amplitudo/20261001_092100T.WAV,0,55,55,Gedung F Amplitudo,Medium,-5.361839,105.313902,10/1/2026,8:25,Siang,Cerah,24F31901603767F6,Unknown,32000,Unknown,Amplitude,0.011967259,0.12915039,Y,System,10/8/2026,,978b1ac5ef082863b3192d071b84f7010d98cc4d0c6f917ad14bc8fee14b5c3d
NOISE_0538,Gedung F Amplitudo/32 kHz Medium Amplitudo/20261001_092200T.WAV,0,55,55,Gedung F Amplitudo,Medium,-5.361839,105.313902,10/1/2026,8:25,Siang,Cerah,24F31901603767F6,Unknown,32000,Unknown,Amplitude,0.010654042,0.18963623,Y,System,10/8/2026,,42cb03b6d2cf315820ddb9a52223fe33bf8e349cbc2662297f2192874c4ddc93
NOISE_0539,Gedung F Amplitudo/32 kHz Medium Amplitudo/20261001_092300T.WAV,0,55,55,Gedung F Amplitudo,Medium,-5.361839,105.313902,10/1/2026,8:25,Siang,Cerah,24F31901603767F6,Unknown,32000,Unknown,Amplitude,0.010118413,0.20947266,Y,System,10/8/2026,,c40941597f2d8967762cebab53c0945f17378cc33a90be3d334650f003a8ae68
NOISE_0540,Gedung F Amplitudo/32 kHz Medium Amplitudo/20261001_092400T.WAV,0,55,55,Gedung F Amplitudo,Medium,-5.361839,105.313902,10/1/2026,8:25,Siang,Cerah,24F31901603767F6,Unknown,32000,Unknown,Amplitude,0.009331108,0.08505249,Y,System,10/8/2026,,ccbb43ed927c61a10e4acf8a24f9e55e67491d3df1611308e3b8d0327714fd28
NOISE_0541,Gedung F Frequency/32 kHz High Frequency/20260923_161000T.WAV,0,55,55,Gedung F Frequency,High,-5.361734,105.312915,9/23/2026,16:10,Siang,Cerah,24F31901603767F6,Unknown,32000,Unknown,Frequency,0.1862673,0.9999695,Y,System,10/8/2026,,b04f88e1d2c57147c2380b6b34083f3c6a39094e279d14039632b48832e63cd7
NOISE_0542,Gedung F Frequency/32 kHz High Frequency/20260923_161100T.WAV,0,55,55,Gedung F Frequency,High,-5.361734,105.312915,9/23/2026,16:10,Siang,Cerah,24F31901603767F6,Unknown,32000,Unknown,Frequency,0.093528435,0.724823,Y,System,10/8/2026,,81900481a86ef126ef3e272508d2a8ecd5f4290ed5a83cf794bba92b82e84404
NOISE_0543,Gedung F Frequency/32 kHz High Frequency/20260923_161200T.WAV,0,55,55,Gedung F Frequency,High,-5.361734,105.312915,9/23/2026,16:10,Siang,Cerah,24F31901603767F6,Unknown,32000,Unknown,Frequency,0.0965571,0.9999695,Y,System,10/8/2026,,97ad0dcab70d5a7df04c0c6e5e8e2661bc04252e393b0574f0d16cb61c36bf36
NOISE_0544,Gedung F Frequency/32 kHz High Frequency/20260923_161300T.WAV,0,55,55,Gedung F Frequency,High,-5.361734,105.312915,9/23/2026,16:10,Siang,Cerah,24F31901603767F6,Unknown,32000,Unknown,Frequency,0.066955954,0.5685425,Y,System,10/8/2026,,545734fe7fd751d3db2f803bc532e570ded4c2c35084a57f62b0d9ae3efedb0f
NOISE_0545,Gedung F Frequency/32 kHz High Frequency/20260923_161400T.WAV,0,55,55,Gedung F Frequency,High,-5.361734,105.312915,9/23/2026,16:10,Siang,Cerah,24F31901603767F6,Unknown,32000,Unknown,Frequency,0.0927567,0.9999695,Y,System,10/8/2026,,987c62680fb7f5f053c1374298501c3036eba0a5489ea066af2906112e34c1d5
NOISE_0546,Gedung F Frequency/32 kHz High Frequency/20260923_161500T.WAV,0,55,55,Gedung F Frequency,High,-5.361734,105.312915,9/23/2026,16:10,Siang,Cerah,24F31901603767F6,Unknown,32000,Unknown,Frequency,0.09558102,0.6991577,Y,System,10/8/2026,,6256506e42001c666340a225adce9cca308ec55f02d80aaaaafd454892d2adcb
NOISE_0547,Gedung F Frequency/32 kHz High Frequency/20260923_161600T.WAV,0,55,55,Gedung F Frequency,High,-5.361734,105.312915,9/23/2026,16:10,Siang,Cerah,24F31901603767F6,Unknown,32000,Unknown,Frequency,0.12436783,0.9999695,Y,System,10/8/2026,,c72febdeedc2fdabf9091c749613a95e2ce0695c1c25e020401ec1d6bb50255a
NOISE_0548,Gedung F Frequency/32 kHz High Frequency/20260923_161700T.WAV,0,55,55,Gedung F Frequency,High,-5.361734,105.312915,9/23/2026,16:10,Siang,Cerah,24F31901603767F6,Unknown,32000,Unknown,Frequency,0.13243072,0.9999695,Y,System,10/8/2026,,656c7b7d61bc40016b6c3c20905f4bf796235519877cf4ce0a8638fb09e1d558
NOISE_0549,Gedung F Frequency/32 kHz High Frequency/20260923_161800T.WAV,0,55,55,Gedung F Frequency,High,-5.361734,105.312915,9/23/2026,16:10,Siang,Cerah,24F31901603767F6,Unknown,32000,Unknown,Frequency,0.1616688,0.9999695,Y,System,10/8/2026,,967881e965bccda1378a1b75063aa87fef036b7eeb06dd7acc19a1c93e2a094d
NOISE_0550,Gedung F Frequency/32 kHz High Frequency/20260923_161900T.WAV,0,55,55,Gedung F Frequency,High,-5.361734,105.312915,9/23/2026,16:10,Siang,Cerah,24F31901603767F6,Unknown,32000,Unknown,Frequency,0.14662673,0.9999695,Y,System,10/8/2026,,a5d9a1ebb8b784f8e286c02b2b4f4ff766a790b49f1f0dcc0b2847c2b8bd11b0
NOISE_0551,Gedung F Frequency/32 kHz High Frequency/20260923_162000T.WAV,0,55,55,Gedung F Frequency,High,-5.361734,105.312915,9/23/2026,16:10,Siang,Cerah,24F31901603767F6,Unknown,32000,Unknown,Frequency,0.12964801,0.8562622,Y,System,10/8/2026,,fe7ca2a4b1226aacfe8a5b23534b615077065e97a6116af79fe9c861f6c25311
NOISE_0552,Gedung F Frequency/32 kHz High Frequency/20260923_162100T.WAV,0,55,55,Gedung F Frequency,High,-5.361734,105.312915,9/23/2026,16:10,Siang,Cerah,24F31901603767F6,Unknown,32000,Unknown,Frequency,0.11749717,0.8661194,Y,System,10/8/2026,,f31faf6d956eecc04be199523646d69d2b919eabe241ee505be17e7a36a84d3c
NOISE_0553,Gedung F Frequency/32 kHz High Frequency/20260923_162200T.WAV,0,55,55,Gedung F Frequency,High,-5.361734,105.312915,9/23/2026,16:10,Siang,Cerah,24F31901603767F6,Unknown,32000,Unknown,Frequency,0.14267914,0.9999695,Y,System,10/8/2026,,ce47185ec32d51dedb0cda0f588d46b3c7cb348843acc8082af161170ad31d68
NOISE_0554,Gedung F Frequency/32 kHz High Frequency/20260923_162300T.WAV,0,55,55,Gedung F Frequency,High,-5.361734,105.312915,9/23/2026,16:10,Siang,Cerah,24F31901603767F6,Unknown,32000,Unknown,Frequency,0.11612799,0.9999695,Y,System,10/8/2026,,ddda94b324846cd29b18315dec81b460415460ea0fd79fdc52ac9b4be8dcb5c1
NOISE_0555,Gedung F Frequency/32 kHz High Frequency/20260923_162400T.WAV,0,55,55,Gedung F Frequency,High,-5.361734,105.312915,9/23/2026,16:10,Siang,Cerah,24F31901603767F6,Unknown,32000,Unknown,Frequency,0.1848963,0.9999695,Y,System,10/8/2026,,3b17e1bcb4007db571cb97dfd3b8b72a5dcc91f1b16232c601b20975ac760903
NOISE_0556,Gedung F Frequency/32 kHz High Frequency/20260923_162500T.WAV,0,55,55,Gedung F Frequency,High,-5.361734,105.312915,9/23/2026,16:10,Siang,Cerah,24F31901603767F6,Unknown,32000,Unknown,Frequency,0.16545086,0.9999695,Y,System,10/8/2026,,44060d4fbe2db0385058e271f5467a110cce325c24c5e9aeaf88f32385e7cf48
NOISE_0557,Gedung F Frequency/32 kHz High Frequency/20260923_162600T.WAV,0,55,55,Gedung F Frequency,High,-5.361734,105.312915,9/23/2026,16:10,Siang,Cerah,24F31901603767F6,Unknown,32000,Unknown,Frequency,0.13149974,0.9999695,Y,System,10/8/2026,,3129ba734b89208bbf65e3324d926f94ef3d492fbc157648fd9bd42548be0b11
NOISE_0558,Gedung F Frequency/32 kHz High Frequency/20260923_162700T.WAV,0,55,55,Gedung F Frequency,High,-5.361734,105.312915,9/23/2026,16:10,Siang,Cerah,24F31901603767F6,Unknown,32000,Unknown,Frequency,0.13881467,0.9999695,Y,System,10/8/2026,,a03eb3c5138c93e2587ff26ce9edc89e48778a661c05e664fc214d815adaf163
NOISE_0559,Gedung F Frequency/32 kHz High Frequency/20260923_162800T.WAV,0,55,55,Gedung F Frequency,High,-5.361734,105.312915,9/23/2026,16:10,Siang,Cerah,24F31901603767F6,Unknown,32000,Unknown,Frequency,0.13198547,0.9999695,Y,System,10/8/2026,,a0a7984ec971199fc719d0f768c45e8e95bb9534f8d3992e619d6ebf90333a30
NOISE_0560,Gedung F Frequency/32 kHz High Frequency/20260923_162900T.WAV,0,55,55,Gedung F Frequency,High,-5.361734,105.312915,9/23/2026,16:10,Siang,Cerah,24F31901603767F6,Unknown,32000,Unknown,Frequency,0.15801546,0.9999695,Y,System,10/8/2026,,fae30e216da54db7172d2514b8c85a8bba7991d9aa3e984bc13ddf81a61c00f1
NOISE_0561,Gedung F Frequency/32 kHz High Frequency/20260923_163000T.WAV,0,55,55,Gedung F Frequency,High,-5.361734,105.312915,9/23/2026,16:10,Siang,Cerah,24F31901603767F6,Unknown,32000,Unknown,Frequency,0.16139075,0.9999695,Y,System,10/8/2026,,bf6c9288a9469481b56455d0a42c6ab71c25be17350b3c0d24cbab240da4a9d3
NOISE_0562,Gedung F Frequency/32 kHz High Frequency/20260923_163100T.WAV,0,55,55,Gedung F Frequency,High,-5.361734,105.312915,9/23/2026,16:10,Siang,Cerah,24F31901603767F6,Unknown,32000,Unknown,Frequency,0.15239574,0.9999695,Y,System,10/8/2026,,bee6143d0fb6d1ba6e89d6c814d6ee619f16c5bc29c439dc42f855a5ad7b7101
NOISE_0563,Gedung F Frequency/32 kHz High Frequency/20260923_163200T.WAV,0,55,55,Gedung F Frequency,High,-5.361734,105.312915,9/23/2026,16:10,Siang,Cerah,24F31901603767F6,Unknown,32000,Unknown,Frequency,0.11190131,0.9999695,Y,System,10/8/2026,,542f508dbb8c9920bc9e8c857ff3f6382d14bd0730e2e2e004f19e04ebbb0abf
NOISE_0564,Gedung F Frequency/32 kHz High Frequency/20260923_163300T.WAV,0,55,55,Gedung F Frequency,High,-5.361734,105.312915,9/23/2026,16:10,Siang,Cerah,24F31901603767F6,Unknown,32000,Unknown,Frequency,0.12403767,0.9999695,Y,System,10/8/2026,,1f7efee5bde53d55d81d82b416992a02b57ea3d8cb4f8ddacef49f5c1a3d9534
NOISE_0565,Gedung F Frequency/32 kHz High Frequency/20260923_163400T.WAV,0,55,55,Gedung F Frequency,High,-5.361734,105.312915,9/23/2026,16:10,Siang,Cerah,24F31901603767F6,Unknown,32000,Unknown,Frequency,0.19687292,0.9999695,Y,System,10/8/2026,,12607f1c3567adedc172243a86bf0cf2c9615cfef8d927482394fbb1b894a71d
NOISE_0566,Gedung F Frequency/32 kHz High Frequency/20260923_163500T.WAV,0,55,55,Gedung F Frequency,High,-5.361734,105.312915,9/23/2026,16:10,Siang,Cerah,24F31901603767F6,Unknown,32000,Unknown,Frequency,0.1849036,0.9999695,Y,System,10/8/2026,,0ec144234ce24c07087c12a8a21de9aa38500958c563e9be5a13aec0b0c0fa76
NOISE_0567,Gedung F Frequency/32 kHz High Frequency/20260923_163600T.WAV,0,55,55,Gedung F Frequency,High,-5.361734,105.312915,9/23/2026,16:10,Siang,Cerah,24F31901603767F6,Unknown,32000,Unknown,Frequency,0.15017225,0.9999695,Y,System,10/8/2026,,17d6afa6cb122eeb52e517a11fba2c25bd7164f9109085f017296519d7a0f959
NOISE_0568,Gedung F Frequency/32 kHz High Frequency/20260923_163700T.WAV,0,55,55,Gedung F Frequency,High,-5.361734,105.312915,9/23/2026,16:10,Siang,Cerah,24F31901603767F6,Unknown,32000,Unknown,Frequency,0.2008956,0.9999695,Y,System,10/8/2026,,e65441ab3f39dbc5ab2d40d9c273ad70c85713b7b8a4c61a05d18f9c82190740
NOISE_0569,Gedung F Frequency/32 kHz High Frequency/20260923_163800T.WAV,0,55,55,Gedung F Frequency,High,-5.361734,105.312915,9/23/2026,16:10,Siang,Cerah,24F31901603767F6,Unknown,32000,Unknown,Frequency,0.12943368,0.9915161,Y,System,10/8/2026,,010d76cdb5611cc440827261c4780b80e616916ca79ce0bf9f8b9952d5fddd81
NOISE_0570,Gedung F Frequency/32 kHz High Frequency/20260923_163900T.WAV,0,55,55,Gedung F Frequency,High,-5.361734,105.312915,9/23/2026,16:10,Siang,Cerah,24F31901603767F6,Unknown,32000,Unknown,Frequency,0.119573586,0.9999695,Y,System,10/8/2026,,310d5b178ca0958c399e2ec3d0d892beba871ad8d1ac70fa5491a87765faff8b
NOISE_0571,Gedung F Frequency/32 kHz High Frequency/20260923_164000T.WAV,0,55,55,Gedung F Frequency,High,-5.361734,105.312915,9/23/2026,16:10,Siang,Cerah,24F31901603767F6,Unknown,32000,Unknown,Frequency,0.23555861,0.9999695,Y,System,10/8/2026,,b48b56306a9d1f94545552e55e34f3055ff46850b4a1158c25353c42781bc332
NOISE_0572,Gedung F Frequency/32 kHz High Frequency/20260923_164100T.WAV,0,55,55,Gedung F Frequency,High,-5.361734,105.312915,9/23/2026,16:10,Siang,Cerah,24F31901603767F6,Unknown,32000,Unknown,Frequency,0.12461351,0.9324341,Y,System,10/8/2026,,0c23d11418775a8e842a00d114d612a89fe20e045071b6b468862e6cb74911b9
NOISE_0573,Gedung F Frequency/32 kHz High Frequency/20260923_164200T.WAV,0,55,55,Gedung F Frequency,High,-5.361734,105.312915,9/23/2026,16:10,Siang,Cerah,24F31901603767F6,Unknown,32000,Unknown,Frequency,0.19632402,0.9999695,Y,System,10/8/2026,,7e4be88cb1ae2e9bbe032aa68254e21d30728dcb2cbcc5967e0e4b22cf1b7729
NOISE_0574,Gedung F Frequency/32 kHz High Frequency/20260923_164300T.WAV,0,55,55,Gedung F Frequency,High,-5.361734,105.312915,9/23/2026,16:10,Siang,Cerah,24F31901603767F6,Unknown,32000,Unknown,Frequency,0.25524786,0.9999695,Y,System,10/8/2026,,e6a71cb9306c9d418189374e5a68c5e11451274dcfc845aaade7413718cfc502
NOISE_0575,Gedung F Frequency/32 kHz High Frequency/20260923_164400T.WAV,0,55,55,Gedung F Frequency,High,-5.361734,105.312915,9/23/2026,16:10,Siang,Cerah,24F31901603767F6,Unknown,32000,Unknown,Frequency,0.13284743,0.9999695,Y,System,10/8/2026,,e71333b75d4cad9962a8abc4881c5519d206d8a4cd3bc9ba70599a6bfeb03374
NOISE_0576,Gedung F Frequency/32 kHz High Frequency/20260923_164500T.WAV,0,55,55,Gedung F Frequency,High,-5.361734,105.312915,9/23/2026,16:10,Siang,Cerah,24F31901603767F6,Unknown,32000,Unknown,Frequency,0.18725532,0.9999695,Y,System,10/8/2026,,9605023e1266291231d8428e3ba4b59214f461cc284ffdd83a5c1cf5a19d2993
NOISE_0577,Gedung F Frequency/32 kHz High Frequency/20260923_164600T.WAV,0,55,55,Gedung F Frequency,High,-5.361734,105.312915,9/23/2026,16:10,Siang,Cerah,24F31901603767F6,Unknown,32000,Unknown,Frequency,0.22494674,0.9999695,Y,System,10/8/2026,,11096d615127ff12ad3a3378413baaea94fe63c47a6a10701749ed3aafab8349
NOISE_0578,Gedung F Frequency/32 kHz High Frequency/20260923_164700T.WAV,0,55,55,Gedung F Frequency,High,-5.361734,105.312915,9/23/2026,16:10,Siang,Cerah,24F31901603767F6,Unknown,32000,Unknown,Frequency,0.14553784,0.9999695,Y,System,10/8/2026,,5c3b589cc03492f24e2f6150afe6a9c5d1002a5c58085c4d343f954b12ac80c2
NOISE_0579,Gedung F Frequency/32 kHz High Frequency/20260923_164800T.WAV,0,55,55,Gedung F Frequency,High,-5.361734,105.312915,9/23/2026,16:10,Siang,Cerah,24F31901603767F6,Unknown,32000,Unknown,Frequency,0.11732057,0.9116516,Y,System,10/8/2026,,6b3ff7f5935e8e0e9997a0dc096f5235bc54e6e3fc52c43791dfa204a6255ba5
NOISE_0580,Gedung F Frequency/32 kHz High Frequency/20260923_164900T.WAV,0,55,55,Gedung F Frequency,High,-5.361734,105.312915,9/23/2026,16:10,Siang,Cerah,24F31901603767F6,Unknown,32000,Unknown,Frequency,0.12804133,0.9999695,Y,System,10/8/2026,,7ca3da2dfcaa2f19f6f0ffd01ee5f289544b79b4494d0971e40af4ff63ae4810
NOISE_0581,Gedung F Frequency/32 kHz High Frequency/20260923_165000T.WAV,0,55,55,Gedung F Frequency,High,-5.361734,105.312915,9/23/2026,16:10,Siang,Cerah,24F31901603767F6,Unknown,32000,Unknown,Frequency,0.11340539,0.7537842,Y,System,10/8/2026,,98c143468583ac5438bd7612091cb21142120a7221c032a3a059e7ed55808f8f
NOISE_0582,Gedung F Frequency/32 kHz High Frequency/20260923_165100T.WAV,0,55,55,Gedung F Frequency,High,-5.361734,105.312915,9/23/2026,16:10,Siang,Cerah,24F31901603767F6,Unknown,32000,Unknown,Frequency,0.12935781,0.9999695,Y,System,10/8/2026,,8e250111c4db7e5e7c61a7b827ae3226673b6610a44081f9585278b9e68acb13
NOISE_0583,Gedung F Frequency/32 kHz High Frequency/20260923_165200T.WAV,0,55,55,Gedung F Frequency,High,-5.361734,105.312915,9/23/2026,16:10,Siang,Cerah,24F31901603767F6,Unknown,32000,Unknown,Frequency,0.13645796,0.91049194,Y,System,10/8/2026,,102317c4243a09b4c66040d449ce2a945948258ad95a028ac009b5a0353facc7
NOISE_0584,Gedung F Frequency/32 kHz High Frequency/20260923_165300T.WAV,0,55,55,Gedung F Frequency,High,-5.361734,105.312915,9/23/2026,16:10,Siang,Cerah,24F31901603767F6,Unknown,32000,Unknown,Frequency,0.14850715,0.9999695,Y,System,10/8/2026,,fd98d53a9861e78c30e0406591925461024e0088ef1a9abd1d16f99d03a748bd
NOISE_0585,Gedung F Frequency/32 kHz High Frequency/20260923_165400T.WAV,0,55,55,Gedung F Frequency,High,-5.361734,105.312915,9/23/2026,16:10,Siang,Cerah,24F31901603767F6,Unknown,32000,Unknown,Frequency,0.12954992,0.8104553,Y,System,10/8/2026,,ddc1c9afca2c98a803653c474a74d406be70964b8fc883ac1dca0fdc1f57355c
NOISE_0586,Gedung F Frequency/32 kHz High Frequency/20260923_165500T.WAV,0,55,55,Gedung F Frequency,High,-5.361734,105.312915,9/23/2026,16:10,Siang,Cerah,24F31901603767F6,Unknown,32000,Unknown,Frequency,0.13200799,0.9999695,Y,System,10/8/2026,,2f4eee88e807e63396fa0215a7b09c5a955ded50d3b7f31d5d049727b0a76625
NOISE_0587,Gedung F Frequency/32 kHz High Frequency/20260923_165600T.WAV,0,55,55,Gedung F Frequency,High,-5.361734,105.312915,9/23/2026,16:10,Siang,Cerah,24F31901603767F6,Unknown,32000,Unknown,Frequency,0.15943763,0.9999695,Y,System,10/8/2026,,032b2018e99269294c345d22ca242b8979db8dbbbab8500f94e9d1773584629e
NOISE_0588,Gedung F Frequency/32 kHz High Frequency/20260923_165700T.WAV,0,55,55,Gedung F Frequency,High,-5.361734,105.312915,9/23/2026,16:10,Siang,Cerah,24F31901603767F6,Unknown,32000,Unknown,Frequency,0.1272799,0.9999695,Y,System,10/8/2026,,fb960831ea124aa19a2dc30e1fce66a5c5b03c51f9893951ac6c170de8489d0b
NOISE_0589,Gedung F Frequency/32 kHz High Frequency/20260923_165800T.WAV,0,55,55,Gedung F Frequency,High,-5.361734,105.312915,9/23/2026,16:10,Siang,Cerah,24F31901603767F6,Unknown,32000,Unknown,Frequency,0.11703176,0.9999695,Y,System,10/8/2026,,a84642b759778baa08ac822e858a7e991559586db54fef340da738117a8986bc
NOISE_0590,Gedung F Frequency/32 kHz High Frequency/20260923_165900T.WAV,0,55,55,Gedung F Frequency,High,-5.361734,105.312915,9/23/2026,16:10,Siang,Cerah,24F31901603767F6,Unknown,32000,Unknown,Frequency,0.13782011,0.9999695,Y,System,10/8/2026,,61735c408249b63a49b40a3e078715b58690d01d18c6f52b4d4cec9113e0b10b
NOISE_0591,Gedung F Frequency/32 kHz High Frequency/20260923_170000T.WAV,0,55,55,Gedung F Frequency,High,-5.361734,105.312915,9/23/2026,16:10,Siang,Cerah,24F31901603767F6,Unknown,32000,Unknown,Frequency,0.13437144,0.9999695,Y,System,10/8/2026,,b7b72f5261da5499b01f3d313b4544886f7a510f698228409bd6df7c382bd367
NOISE_0592,Gedung F Frequency/32 kHz High Frequency/20260923_170100T.WAV,0,55,55,Gedung F Frequency,High,-5.361734,105.312915,9/23/2026,16:10,Siang,Cerah,24F31901603767F6,Unknown,32000,Unknown,Frequency,0.100361526,0.9999695,Y,System,10/8/2026,,f42c88d5d813e34399aa934e53583c2731ad6053fc995ecb812bd679927ca392
NOISE_0593,Gedung F Frequency/32 kHz High Frequency/20260923_170200T.WAV,0,55,55,Gedung F Frequency,High,-5.361734,105.312915,9/23/2026,16:10,Siang,Cerah,24F31901603767F6,Unknown,32000,Unknown,Frequency,0.15127209,0.9999695,Y,System,10/8/2026,,84f26ad1bf9958dc924fe1e4feedb843e68b1e73895fb59f6400f8b138028906
NOISE_0594,Gedung F Frequency/32 kHz High Frequency/20260923_170300T.WAV,0,55,55,Gedung F Frequency,High,-5.361734,105.312915,9/23/2026,16:10,Siang,Cerah,24F31901603767F6,Unknown,32000,Unknown,Frequency,0.12824476,0.9999695,Y,System,10/8/2026,,33390c179dec2cacf7e9a3e362c779875236613a9b539d23200c0b779e0a795b
NOISE_0595,Gedung F Frequency/32 kHz High Frequency/20260923_170400T.WAV,0,55,55,Gedung F Frequency,High,-5.361734,105.312915,9/23/2026,16:10,Siang,Cerah,24F31901603767F6,Unknown,32000,Unknown,Frequency,0.121735096,0.90597534,Y,System,10/8/2026,,cce30ce35300b89c6182c00c8cb60b2df13c51d25320bd0d4d88fffa6fedee6a
NOISE_0596,Gedung F Frequency/32 kHz High Frequency/20260923_170500T.WAV,0,55,55,Gedung F Frequency,High,-5.361734,105.312915,9/23/2026,16:10,Siang,Cerah,24F31901603767F6,Unknown,32000,Unknown,Frequency,0.13527803,0.9999695,Y,System,10/8/2026,,8f9d7026255ffbfe11638f9b531c41c12a02a6c350e391276aca17af3b6f1ba1
NOISE_0597,Gedung F Frequency/32 kHz High Frequency/20260923_170600T.WAV,0,55,55,Gedung F Frequency,High,-5.361734,105.312915,9/23/2026,16:10,Siang,Cerah,24F31901603767F6,Unknown,32000,Unknown,Frequency,0.104593195,0.9999695,Y,System,10/8/2026,,3f01bf25980f509105883a3eedcc221298ae72f061caf49fdaf0633c64194b72
NOISE_0598,Gedung F Frequency/32 kHz High Frequency/20260923_170700T.WAV,0,55,55,Gedung F Frequency,High,-5.361734,105.312915,9/23/2026,16:10,Siang,Cerah,24F31901603767F6,Unknown,32000,Unknown,Frequency,0.07517121,0.61450195,Y,System,10/8/2026,,4dccf566a2949612da623db0b667a2f93a23d979b5aadeb74e43249b20451769
NOISE_0599,Gedung F Frequency/32 kHz High Frequency/20260923_170800T.WAV,0,55,55,Gedung F Frequency,High,-5.361734,105.312915,9/23/2026,16:10,Siang,Cerah,24F31901603767F6,Unknown,32000,Unknown,Frequency,0.15380675,0.9999695,Y,System,10/8/2026,,45578fbd4c4905fecfba9c3cd3f8f16a8305056dac1385d9183531360b5ddc9a
NOISE_0600,Gedung F Frequency/32 kHz High Frequency/20260923_170900T.WAV,0,55,55,Gedung F Frequency,High,-5.361734,105.312915,9/23/2026,16:10,Siang,Cerah,24F31901603767F6,Unknown,32000,Unknown,Frequency,0.104782194,0.9999695,Y,System,10/8/2026,,f72533f984fd2ec28b3773948b4ae79302da388bc3c2586bec89d79c8651fa1f
NOISE_0601,Gedung F Frequency/32 kHz Low Frequency/20260923_101000T.WAV,0,55,55,Gedung F Frequency,Low,-5.361041,105.314209,9/23/2026,10:10,Siang,Cerah,24F31901603767F6,Unknown,32000,Unknown,Frequency,0.015899606,0.11578369,Y,System,10/8/2026,,23b92419dae7105adc4b68c01bcb77954b7ff0f7c814f544581bc4bf8561467e
NOISE_0602,Gedung F Frequency/32 kHz Low Frequency/20260923_101100T.WAV,0,55,55,Gedung F Frequency,Low,-5.361041,105.314209,9/23/2026,10:10,Siang,Cerah,24F31901603767F6,Unknown,32000,Unknown,Frequency,0.018183522,0.31811523,Y,System,10/8/2026,,6ae019081a4e6205e3d34f01a380a03b49e01a03d9a6ca114a2640dad6fcb831
NOISE_0603,Gedung F Frequency/32 kHz Low Frequency/20260923_101200T.WAV,0,55,55,Gedung F Frequency,Low,-5.361041,105.314209,9/23/2026,10:10,Siang,Cerah,24F31901603767F6,Unknown,32000,Unknown,Frequency,0.03716202,0.7862549,Y,System,10/8/2026,,a681b5e7b19dfd5484d7d87d8c1da4820e32373cec303170bb08006fe9600eae
NOISE_0604,Gedung F Frequency/32 kHz Low Frequency/20260923_101300T.WAV,0,55,55,Gedung F Frequency,Low,-5.361041,105.314209,9/23/2026,10:10,Siang,Cerah,24F31901603767F6,Unknown,32000,Unknown,Frequency,0.015207053,0.13589478,Y,System,10/8/2026,,f6db4bf956a9ec91d902735ba8d8227dca831bbd4cfd8baf8490b66c76e5a409
NOISE_0605,Gedung F Frequency/32 kHz Low Frequency/20260923_101400T.WAV,0,55,55,Gedung F Frequency,Low,-5.361041,105.314209,9/23/2026,10:10,Siang,Cerah,24F31901603767F6,Unknown,32000,Unknown,Frequency,0.013995317,0.09555054,Y,System,10/8/2026,,41656fe30d46374329b979d3bb32f35226eabd8a715ba70aa292d4e206a7e19f
NOISE_0606,Gedung F Frequency/32 kHz Low Frequency/20260923_101500T.WAV,0,55,55,Gedung F Frequency,Low,-5.361041,105.314209,9/23/2026,10:10,Siang,Cerah,24F31901603767F6,Unknown,32000,Unknown,Frequency,0.027195042,0.46035767,Y,System,10/8/2026,,ed2536c6a7cfe5ab321aa99598e93d7c5a0656d09a573258debe721a4fc17a5b
NOISE_0607,Gedung F Frequency/32 kHz Low Frequency/20260923_101600T.WAV,0,55,55,Gedung F Frequency,Low,-5.361041,105.314209,9/23/2026,10:10,Siang,Cerah,24F31901603767F6,Unknown,32000,Unknown,Frequency,0.01349593,0.13122559,Y,System,10/8/2026,,e8e9113e1ad48908993c7b589000a9e099371501fddf3403045725bd26927b54
NOISE_0608,Gedung F Frequency/32 kHz Low Frequency/20260923_101700T.WAV,0,55,55,Gedung F Frequency,Low,-5.361041,105.314209,9/23/2026,10:10,Siang,Cerah,24F31901603767F6,Unknown,32000,Unknown,Frequency,0.014918456,0.15585327,Y,System,10/8/2026,,a8d49115c6e56310eca919b6f897e925271644d59300406e90d74e1de2e44a8a
NOISE_0609,Gedung F Frequency/32 kHz Low Frequency/20260923_101800T.WAV,0,55,55,Gedung F Frequency,Low,-5.361041,105.314209,9/23/2026,10:10,Siang,Cerah,24F31901603767F6,Unknown,32000,Unknown,Frequency,0.02401674,0.44006348,Y,System,10/8/2026,,391633cb41149ea06a3963272189a44a227b9d968f8c7868db63c30e1ae1671f
NOISE_0610,Gedung F Frequency/32 kHz Low Frequency/20260923_101900T.WAV,0,55,55,Gedung F Frequency,Low,-5.361041,105.314209,9/23/2026,10:10,Siang,Cerah,24F31901603767F6,Unknown,32000,Unknown,Frequency,0.0165454,0.2624817,Y,System,10/8/2026,,b90ccdf9e9a1334b1a12f3ed97bfa183b98824e374cbacb4196359f5d85d2e56
NOISE_0611,Gedung F Frequency/32 kHz Low Frequency/20260923_102000T.WAV,0,55,55,Gedung F Frequency,Low,-5.361041,105.314209,9/23/2026,10:10,Siang,Cerah,24F31901603767F6,Unknown,32000,Unknown,Frequency,0.014322391,0.21585083,Y,System,10/8/2026,,f316c9c1cf143baaf9200d952d62e8073182fe670e1807ac898880f8db28a812
NOISE_0612,Gedung F Frequency/32 kHz Low Frequency/20260923_102100T.WAV,0,55,55,Gedung F Frequency,Low,-5.361041,105.314209,9/23/2026,10:10,Siang,Cerah,24F31901603767F6,Unknown,32000,Unknown,Frequency,0.01091908,0.22320557,Y,System,10/8/2026,,e85faa93c7a982c79dda944e688caef10f52f88c0c998d099b766c56e6d0906b
NOISE_0613,Gedung F Frequency/32 kHz Low Frequency/20260923_102200T.WAV,0,55,55,Gedung F Frequency,Low,-5.361041,105.314209,9/23/2026,10:10,Siang,Cerah,24F31901603767F6,Unknown,32000,Unknown,Frequency,0.010539154,0.10812378,Y,System,10/8/2026,,d122bed6c8f400f2854ea7ecfc845e14a79b7eed3c4661b6219bcf91f3964882
NOISE_0614,Gedung F Frequency/32 kHz Low Frequency/20260923_102300T.WAV,0,55,55,Gedung F Frequency,Low,-5.361041,105.314209,9/23/2026,10:10,Siang,Cerah,24F31901603767F6,Unknown,32000,Unknown,Frequency,0.012360025,0.14813232,Y,System,10/8/2026,,b2c6d59312ed451c693aa5d078c6b8b5c0311c145962bf42c4ae847ef52cff48
NOISE_0615,Gedung F Frequency/32 kHz Low Frequency/20260923_102400T.WAV,0,55,55,Gedung F Frequency,Low,-5.361041,105.314209,9/23/2026,10:10,Siang,Cerah,24F31901603767F6,Unknown,32000,Unknown,Frequency,0.01764962,0.26004028,Y,System,10/8/2026,,0da1079b6f04756cfe8391443f7f8e6af2622f99b427ef2d8f725ca6b332fc02
NOISE_0616,Gedung F Frequency/32 kHz Low Frequency/20260923_102500T.WAV,0,55,55,Gedung F Frequency,Low,-5.361041,105.314209,9/23/2026,10:10,Siang,Cerah,24F31901603767F6,Unknown,32000,Unknown,Frequency,0.016335491,0.14718628,Y,System,10/8/2026,,29bbb817d39fca4959c1b705ed07bac70d3605de2636db02823048aeab7c58ad
NOISE_0617,Gedung F Frequency/32 kHz Low Frequency/20260923_102600T.WAV,0,55,55,Gedung F Frequency,Low,-5.361041,105.314209,9/23/2026,10:10,Siang,Cerah,24F31901603767F6,Unknown,32000,Unknown,Frequency,0.02775947,0.6263733,Y,System,10/8/2026,,bba2dfe3b34ec553feef8c52ee56bc0589f68316074b910d3195f1ef5c09f1d1
NOISE_0618,Gedung F Frequency/32 kHz Low Frequency/20260923_102700T.WAV,0,55,55,Gedung F Frequency,Low,-5.361041,105.314209,9/23/2026,10:10,Siang,Cerah,24F31901603767F6,Unknown,32000,Unknown,Frequency,0.017951919,0.5046387,Y,System,10/8/2026,,2f385a6bd5588300bef113d39b773468dadd1afddf2d09fa94411bd7020357fa
NOISE_0619,Gedung F Frequency/32 kHz Low Frequency/20260923_102800T.WAV,0,55,55,Gedung F Frequency,Low,-5.361041,105.314209,9/23/2026,10:10,Siang,Cerah,24F31901603767F6,Unknown,32000,Unknown,Frequency,0.025957182,0.34295654,Y,System,10/8/2026,,4c103e9042b6610a9e0a470ef1db72465199d66c2373c1a40438f857fb0ee7fd
NOISE_0620,Gedung F Frequency/32 kHz Low Frequency/20260923_102900T.WAV,0,55,55,Gedung F Frequency,Low,-5.361041,105.314209,9/23/2026,10:10,Siang,Cerah,24F31901603767F6,Unknown,32000,Unknown,Frequency,0.0109068,0.35269165,Y,System,10/8/2026,,e0e3b0c098c0922775543c7bc154c06b83c7016ac57112d06cc9c1576ce77461
NOISE_0621,Gedung F Frequency/32 kHz Low Frequency/20260923_103000T.WAV,0,49.384,49.384,Gedung F Frequency,Low,-5.361041,105.314209,9/23/2026,10:10,Siang,Cerah,24F31901603767F6,Unknown,32000,Unknown,Frequency,0.010227269,0.10128784,Y,System,10/8/2026,,b26d7267c2abdf78dad9f3e39314af7c4d22a9bf2b156151daf4e86ea48090da
NOISE_0622,Gedung F Frequency/32 kHz Low Frequency/20260923_103100T.WAV,0,55,55,Gedung F Frequency,Low,-5.361041,105.314209,9/23/2026,10:10,Siang,Cerah,24F31901603767F6,Unknown,32000,Unknown,Frequency,0.01352192,0.16073608,Y,System,10/8/2026,,bfe118da2d5d66329b87738b526a3fe7b922bdbc5b25894e551119237084776c
NOISE_0623,Gedung F Frequency/32 kHz Low Frequency/20260923_103200T.WAV,0,55,55,Gedung F Frequency,Low,-5.361041,105.314209,9/23/2026,10:10,Siang,Cerah,24F31901603767F6,Unknown,32000,Unknown,Frequency,0.027188707,0.4517212,Y,System,10/8/2026,,7fdfc9db8475367cb5d259900f4a8bc37b1b09922d9778325e59cce60182ac2a
NOISE_0624,Gedung F Frequency/32 kHz Low Frequency/20260923_103300T.WAV,0,55,55,Gedung F Frequency,Low,-5.361041,105.314209,9/23/2026,10:10,Siang,Cerah,24F31901603767F6,Unknown,32000,Unknown,Frequency,0.007901561,0.15527344,Y,System,10/8/2026,,b932dd6ce3f558aae337b1f8969abefe2ea103d2b7d7e594705df013eb478dca
NOISE_0625,Gedung F Frequency/32 kHz Low Frequency/20260923_103400T.WAV,0,55,55,Gedung F Frequency,Low,-5.361041,105.314209,9/23/2026,10:10,Siang,Cerah,24F31901603767F6,Unknown,32000,Unknown,Frequency,0.008965762,0.111083984,Y,System,10/8/2026,,4647ca38632f2e950d99db4ab0433b33229b26e280a92e459d978b404d490c14
NOISE_0626,Gedung F Frequency/32 kHz Low Frequency/20260923_103500T.WAV,0,55,55,Gedung F Frequency,Low,-5.361041,105.314209,9/23/2026,10:10,Siang,Cerah,24F31901603767F6,Unknown,32000,Unknown,Frequency,0.008483692,0.076049805,Y,System,10/8/2026,,da1342cb3ff8c02f097cd492c13b651aff84f939c1da8f8a0f7e9f6de158a676
NOISE_0627,Gedung F Frequency/32 kHz Low Frequency/20260923_103600T.WAV,0,55,55,Gedung F Frequency,Low,-5.361041,105.314209,9/23/2026,10:10,Siang,Cerah,24F31901603767F6,Unknown,32000,Unknown,Frequency,0.01826973,0.3121643,Y,System,10/8/2026,,0e80408ecb095eafcb33d2def1b5423e8cdc0de5fdc59350a6dbe44cefde4a5f
NOISE_0628,Gedung F Frequency/32 kHz Low Frequency/20260923_103700T.WAV,0,55,55,Gedung F Frequency,Low,-5.361041,105.314209,9/23/2026,10:10,Siang,Cerah,24F31901603767F6,Unknown,32000,Unknown,Frequency,0.015880441,0.2508545,Y,System,10/8/2026,,41ce27db2250f5d516347db2b8be9fa04134b65d83cedbe061f9add7e2483ce8
NOISE_0629,Gedung F Frequency/32 kHz Low Frequency/20260923_103800T.WAV,0,55,55,Gedung F Frequency,Low,-5.361041,105.314209,9/23/2026,10:10,Siang,Cerah,24F31901603767F6,Unknown,32000,Unknown,Frequency,0.006583094,0.10714722,Y,System,10/8/2026,,b62a64ca3bb2c111f0827d533eac548a6eadd7460150cb7f64644fd510312a2b
NOISE_0630,Gedung F Frequency/32 kHz Low Frequency/20260923_103900T.WAV,0,53.992,53.992,Gedung F Frequency,Low,-5.361041,105.314209,9/23/2026,10:10,Siang,Cerah,24F31901603767F6,Unknown,32000,Unknown,Frequency,0.01135583,0.13925171,Y,System,10/8/2026,,1c8f809b769d427c22a5a23dc6ccbba2f3ea493f7b356a420df124a96a50afaa
NOISE_0631,Gedung F Frequency/32 kHz Low Frequency/20260923_104000T.WAV,0,55,55,Gedung F Frequency,Low,-5.361041,105.314209,9/23/2026,10:10,Siang,Cerah,24F31901603767F6,Unknown,32000,Unknown,Frequency,0.022472657,0.3151245,Y,System,10/8/2026,,f3b5661dc3e2f9c1b347b7cce16e76e71672678351f7fcc2b19cb3161966f1de
NOISE_0632,Gedung F Frequency/32 kHz Low Frequency/20260923_104100T.WAV,0,55,55,Gedung F Frequency,Low,-5.361041,105.314209,9/23/2026,10:10,Siang,Cerah,24F31901603767F6,Unknown,32000,Unknown,Frequency,0.024234986,0.38278198,Y,System,10/8/2026,,2903030c47b2a3f7718f1ca4e974b1fddd30552d34ca43244ae1a542974a42ef
NOISE_0633,Gedung F Frequency/32 kHz Low Frequency/20260923_104200T.WAV,0,55,55,Gedung F Frequency,Low,-5.361041,105.314209,9/23/2026,10:10,Siang,Cerah,24F31901603767F6,Unknown,32000,Unknown,Frequency,0.019527633,0.43554688,Y,System,10/8/2026,,905d932c4adbd30586f711796ad30f181473eed73338f4ed262c05039de5f426
NOISE_0634,Gedung F Frequency/32 kHz Low Frequency/20260923_104300T.WAV,0,55,55,Gedung F Frequency,Low,-5.361041,105.314209,9/23/2026,10:10,Siang,Cerah,24F31901603767F6,Unknown,32000,Unknown,Frequency,0.013185438,0.24676514,Y,System,10/8/2026,,6d31699738aa95d096837d50754efb23b4e5db746caa78839215c23f44a88c5c
NOISE_0635,Gedung F Frequency/32 kHz Low Frequency/20260923_104400T.WAV,0,53.984,53.984,Gedung F Frequency,Low,-5.361041,105.314209,9/23/2026,10:10,Siang,Cerah,24F31901603767F6,Unknown,32000,Unknown,Frequency,0.010148892,0.07803345,Y,System,10/8/2026,,e3a286bc752a444e3e1eae112b750bd038b872032977f99c983e21f16ea8bb03
NOISE_0636,Gedung F Frequency/32 kHz Low Frequency/20260923_104500T.WAV,0,55,55,Gedung F Frequency,Low,-5.361041,105.314209,9/23/2026,10:10,Siang,Cerah,24F31901603767F6,Unknown,32000,Unknown,Frequency,0.009070215,0.091796875,Y,System,10/8/2026,,f6858550171882e78e57199f68405ae11de64cbdc205d4955107e78c098f08c7
NOISE_0637,Gedung F Frequency/32 kHz Low Frequency/20260923_104600T.WAV,0,55,55,Gedung F Frequency,Low,-5.361041,105.314209,9/23/2026,10:10,Siang,Cerah,24F31901603767F6,Unknown,32000,Unknown,Frequency,0.009485433,0.06741333,Y,System,10/8/2026,,d77cf6c2c8c3d4aaea520c17ab6eab240b1373f6fb27fff6b92cd62e60fad231
NOISE_0638,Gedung F Frequency/32 kHz Low Frequency/20260923_104700T.WAV,0,55,55,Gedung F Frequency,Low,-5.361041,105.314209,9/23/2026,10:10,Siang,Cerah,24F31901603767F6,Unknown,32000,Unknown,Frequency,0.00920915,0.09680176,Y,System,10/8/2026,,04437a8babff7b85f59aba51df0bdbd6de3a3e21e11411b1f93405e30ff90f71
NOISE_0639,Gedung F Frequency/32 kHz Low Frequency/20260923_104800T.WAV,0,55,55,Gedung F Frequency,Low,-5.361041,105.314209,9/23/2026,10:10,Siang,Cerah,24F31901603767F6,Unknown,32000,Unknown,Frequency,0.008575877,0.10391235,Y,System,10/8/2026,,bc882bcd11463588c490203f79d7d636bc26b439e68d45d487b7809837992311
NOISE_0640,Gedung F Frequency/32 kHz Low Frequency/20260923_104900T.WAV,0,55,55,Gedung F Frequency,Low,-5.361041,105.314209,9/23/2026,10:10,Siang,Cerah,24F31901603767F6,Unknown,32000,Unknown,Frequency,0.008559097,0.45806885,Y,System,10/8/2026,,91e88e9031fce7c2af16b0daca8c2132f603745bbf873af15fa4f497f7883ec2
NOISE_0641,Gedung F Frequency/32 kHz Low Frequency/20260923_105000T.WAV,0,55,55,Gedung F Frequency,Low,-5.361041,105.314209,9/23/2026,10:10,Siang,Cerah,24F31901603767F6,Unknown,32000,Unknown,Frequency,0.008271856,0.20013428,Y,System,10/8/2026,,f73211db7553d7e593d17535bf7dee0ccfe81c773c452489c20377bee6f4944b
NOISE_0642,Gedung F Frequency/32 kHz Low Frequency/20260923_105100T.WAV,0,55,55,Gedung F Frequency,Low,-5.361041,105.314209,9/23/2026,10:10,Siang,Cerah,24F31901603767F6,Unknown,32000,Unknown,Frequency,0.010186737,0.11999512,Y,System,10/8/2026,,c91e1f13fe1e0d49ddab8f0558e1035231b7504a30d7105da5e7c851293dd1fa
NOISE_0643,Gedung F Frequency/32 kHz Low Frequency/20260923_105200T.WAV,0,55,55,Gedung F Frequency,Low,-5.361041,105.314209,9/23/2026,10:10,Siang,Cerah,24F31901603767F6,Unknown,32000,Unknown,Frequency,0.038847942,0.9999695,Y,System,10/8/2026,,2630766bc2ffaabece7fe46866ad143627eddfbfd7ba3e52e9c2b69426836e31
NOISE_0644,Gedung F Frequency/32 kHz Low Frequency/20260923_105300T.WAV,0,55,55,Gedung F Frequency,Low,-5.361041,105.314209,9/23/2026,10:10,Siang,Cerah,24F31901603767F6,Unknown,32000,Unknown,Frequency,0.009462206,0.5067444,Y,System,10/8/2026,,13cb58820e57e156726b034d5c998ad90699297c1e8be2da7565ea5f45da4773
NOISE_0645,Gedung F Frequency/32 kHz Low Frequency/20260923_105400T.WAV,0,55,55,Gedung F Frequency,Low,-5.361041,105.314209,9/23/2026,10:10,Siang,Cerah,24F31901603767F6,Unknown,32000,Unknown,Frequency,0.012770188,0.9267578,Y,System,10/8/2026,,3b798113c7e5da21b44c62af038432ddbee2836b0c947684382152b0616cf03d
NOISE_0646,Gedung F Frequency/32 kHz Low Frequency/20260923_105500T.WAV,0,55,55,Gedung F Frequency,Low,-5.361041,105.314209,9/23/2026,10:10,Siang,Cerah,24F31901603767F6,Unknown,32000,Unknown,Frequency,0.020416478,0.4790039,Y,System,10/8/2026,,3d921b497ac69e14917dba234e225332286fdb6cd6ff726164a9c5faf2453553
NOISE_0647,Gedung F Frequency/32 kHz Low Frequency/20260923_105600T.WAV,0,51.44,51.44,Gedung F Frequency,Low,-5.361041,105.314209,9/23/2026,10:10,Siang,Cerah,24F31901603767F6,Unknown,32000,Unknown,Frequency,0.014074083,0.32748413,Y,System,10/8/2026,,ed1ad5cc5b6bd4942e706d402a2c54ab40a39799996900afa64f091b17007999
NOISE_0648,Gedung F Frequency/32 kHz Low Frequency/20260923_105700T.WAV,0,53.48,53.48,Gedung F Frequency,Low,-5.361041,105.314209,9/23/2026,10:10,Siang,Cerah,24F31901603767F6,Unknown,32000,Unknown,Frequency,0.009325775,0.18585205,Y,System,10/8/2026,,a81a2f1816b15dcb519250c908c105bb687df365a0fa2d45fd85e4f1581bee7f
NOISE_0649,Gedung F Frequency/32 kHz Low Frequency/20260923_105800T.WAV,0,38.68,38.68,Gedung F Frequency,Low,-5.361041,105.314209,9/23/2026,10:10,Siang,Cerah,24F31901603767F6,Unknown,32000,Unknown,Frequency,0.009275015,0.18496704,Y,System,10/8/2026,,3fa114b1d174a14c4122af53d07c62aeadea6b6b3e46865bb4d5e708a65c8cd2
NOISE_0650,Gedung F Frequency/32 kHz Low Frequency/20260923_105900T.WAV,0,55,55,Gedung F Frequency,Low,-5.361041,105.314209,9/23/2026,10:10,Siang,Cerah,24F31901603767F6,Unknown,32000,Unknown,Frequency,0.023281824,0.31713867,Y,System,10/8/2026,,c8b9c69dbb6b0ab63828685d3983f78dcd8421b2551c8d58b24b5db51568f1e8
NOISE_0651,Gedung F Frequency/32 kHz Low Frequency/20260923_110000T.WAV,0,55,55,Gedung F Frequency,Low,-5.361041,105.314209,9/23/2026,10:10,Siang,Cerah,24F31901603767F6,Unknown,32000,Unknown,Frequency,0.04685246,0.8414612,Y,System,10/8/2026,,24693af4b870ab930e8fb194725fed4b4918c3c63999e7b07c8bf79f5b3a9dd3
NOISE_0652,Gedung F Frequency/32 kHz Low Frequency/20260923_110100T.WAV,0,55,55,Gedung F Frequency,Low,-5.361041,105.314209,9/23/2026,10:10,Siang,Cerah,24F31901603767F6,Unknown,32000,Unknown,Frequency,0.014988872,0.16955566,Y,System,10/8/2026,,f637f849bf26027c15cf4938d4e64394a6643b1a748f475e84a3969c20a945f0
NOISE_0653,Gedung F Frequency/32 kHz Low Frequency/20260923_110200T.WAV,0,55,55,Gedung F Frequency,Low,-5.361041,105.314209,9/23/2026,10:10,Siang,Cerah,24F31901603767F6,Unknown,32000,Unknown,Frequency,0.015055692,0.23803711,Y,System,10/8/2026,,a793396eb5892d40c4a911482ccb1f9db90e36d0dab3691723aaea6392dfc222
NOISE_0654,Gedung F Frequency/32 kHz Low Frequency/20260923_110300T.WAV,0,55,55,Gedung F Frequency,Low,-5.361041,105.314209,9/23/2026,10:10,Siang,Cerah,24F31901603767F6,Unknown,32000,Unknown,Frequency,0.013706584,0.11898804,Y,System,10/8/2026,,9a39cce2f546b88eacbad602cb7e84fe67df5ff7e5f60efd7e38b44f557e67c9
NOISE_0655,Gedung F Frequency/32 kHz Low Frequency/20260923_110400T.WAV,0,55,55,Gedung F Frequency,Low,-5.361041,105.314209,9/23/2026,10:10,Siang,Cerah,24F31901603767F6,Unknown,32000,Unknown,Frequency,0.015743053,0.18792725,Y,System,10/8/2026,,edb357ee6c8eacc02062c401f1321fc514ad70233905e0980ea33a19adb664ea
NOISE_0656,Gedung F Frequency/32 kHz Low Frequency/20260923_110500T.WAV,0,55,55,Gedung F Frequency,Low,-5.361041,105.314209,9/23/2026,10:10,Siang,Cerah,24F31901603767F6,Unknown,32000,Unknown,Frequency,0.009905481,0.09057617,Y,System,10/8/2026,,829c4aec984d60c1cc2cd195d4344797ed8b00abf679b8ede1d6172803413009
NOISE_0657,Gedung F Frequency/32 kHz Low Frequency/20260923_110600T.WAV,0,55,55,Gedung F Frequency,Low,-5.361041,105.314209,9/23/2026,10:10,Siang,Cerah,24F31901603767F6,Unknown,32000,Unknown,Frequency,0.012362179,0.12063599,Y,System,10/8/2026,,7729c45abf5774a891b2462f20717204b1dcfe6bb9f3f9fa68d4402f87d321ff
NOISE_0658,Gedung F Frequency/32 kHz Low Frequency/20260923_110700T.WAV,0,55,55,Gedung F Frequency,Low,-5.361041,105.314209,9/23/2026,10:10,Siang,Cerah,24F31901603767F6,Unknown,32000,Unknown,Frequency,0.008407311,0.16885376,Y,System,10/8/2026,,e2bad3e32f4f37f99e131aeabb23c001d76dac73232a3c94bdf4fdf3eeb56159
NOISE_0659,Gedung F Frequency/32 kHz Low Frequency/20260923_110800T.WAV,0,53.992,53.992,Gedung F Frequency,Low,-5.361041,105.314209,9/23/2026,10:10,Siang,Cerah,24F31901603767F6,Unknown,32000,Unknown,Frequency,0.008111351,0.19793701,Y,System,10/8/2026,,f6158f06b689b7f5dcbacad1555debe0cbc3a80d7ff414ce7c228e9e3d5118d5
NOISE_0660,Gedung F Frequency/32 kHz Low Frequency/20260923_110900T.WAV,0,55,55,Gedung F Frequency,Low,-5.361041,105.314209,9/23/2026,10:10,Siang,Cerah,24F31901603767F6,Unknown,32000,Unknown,Frequency,0.019087126,0.29641724,Y,System,10/8/2026,,3a53186bc9a233c90cac2ddd52b52b8675f3284077e905f75ce9202162398766
NOISE_0661,Gedung F Frequency/32 kHz Medium Frequency/20260923_113000T.WAV,0,55,55,Gedung F Frequency,Medium,-5.361853,105.313722,9/23/2026,11:30,Siang,Cerah,24F31901603767F6,Unknown,32000,Unknown,Frequency,0.015212853,0.6852112,Y,System,10/8/2026,,cf4241cf19b1b03d88462c99e315833fb6ae7af6bde168b95fd7426046eb0e2e
NOISE_0662,Gedung F Frequency/32 kHz Medium Frequency/20260923_113100T.WAV,0,55,55,Gedung F Frequency,Medium,-5.361853,105.313722,9/23/2026,11:30,Siang,Cerah,24F31901603767F6,Unknown,32000,Unknown,Frequency,0.021870375,0.9999695,Y,System,10/8/2026,,5912f872b5ab5d071cb4f0e5ffe963329f0d0084dc3883ca02c37f4b9946bf91
NOISE_0663,Gedung F Frequency/32 kHz Medium Frequency/20260923_113200T.WAV,0,55,55,Gedung F Frequency,Medium,-5.361853,105.313722,9/23/2026,11:30,Siang,Cerah,24F31901603767F6,Unknown,32000,Unknown,Frequency,0.015582874,0.20547485,Y,System,10/8/2026,,627d61163559a1992b26b9752569f38326bcd0d74769e672ed9d257a316951dd
NOISE_0664,Gedung F Frequency/32 kHz Medium Frequency/20260923_113300T.WAV,0,55,55,Gedung F Frequency,Medium,-5.361853,105.313722,9/23/2026,11:30,Siang,Cerah,24F31901603767F6,Unknown,32000,Unknown,Frequency,0.019979207,0.39572144,Y,System,10/8/2026,,51b84c419fb9bfc3cb42d54af78c7605ec5666867db5cdf8a4d7c97008e78ecf
NOISE_0665,Gedung F Frequency/32 kHz Medium Frequency/20260923_113400T.WAV,0,55,55,Gedung F Frequency,Medium,-5.361853,105.313722,9/23/2026,11:30,Siang,Cerah,24F31901603767F6,Unknown,32000,Unknown,Frequency,0.012091853,0.16317749,Y,System,10/8/2026,,cfd17dd535b1dad54854895873d06d566fa4d9390ca0a590c8a19da1eb65bc04
NOISE_0666,Gedung F Frequency/32 kHz Medium Frequency/20260923_113500T.WAV,0,55,55,Gedung F Frequency,Medium,-5.361853,105.313722,9/23/2026,11:30,Siang,Cerah,24F31901603767F6,Unknown,32000,Unknown,Frequency,0.012973582,0.26742554,Y,System,10/8/2026,,6233b3cc978b8a5824d5fadae515c7491dcad192a974e1efe4636b4b355b5be6
NOISE_0667,Gedung F Frequency/32 kHz Medium Frequency/20260923_113600T.WAV,0,55,55,Gedung F Frequency,Medium,-5.361853,105.313722,9/23/2026,11:30,Siang,Cerah,24F31901603767F6,Unknown,32000,Unknown,Frequency,0.011451063,0.2479248,Y,System,10/8/2026,,017152de1a59e56060f18c194aa4ff79f7ad2554a756eaa63b2784f8f266ec0f
NOISE_0668,Gedung F Frequency/32 kHz Medium Frequency/20260923_113700T.WAV,0,55,55,Gedung F Frequency,Medium,-5.361853,105.313722,9/23/2026,11:30,Siang,Cerah,24F31901603767F6,Unknown,32000,Unknown,Frequency,0.028094476,0.54229736,Y,System,10/8/2026,,5c3ff43424890d007edeb36a245ad06ee8202c8cd7ff5c2287344af595f6c11a
NOISE_0669,Gedung F Frequency/32 kHz Medium Frequency/20260923_113800T.WAV,0,55,55,Gedung F Frequency,Medium,-5.361853,105.313722,9/23/2026,11:30,Siang,Cerah,24F31901603767F6,Unknown,32000,Unknown,Frequency,0.03439223,0.7582092,Y,System,10/8/2026,,f26e2b95585db815cb2129891ef3d9aeb42fd22d071863852d3808d5b1ff4665
NOISE_0670,Gedung F Frequency/32 kHz Medium Frequency/20260923_113900T.WAV,0,55,55,Gedung F Frequency,Medium,-5.361853,105.313722,9/23/2026,11:30,Siang,Cerah,24F31901603767F6,Unknown,32000,Unknown,Frequency,0.02485272,0.55670166,Y,System,10/8/2026,,76e56deab0056290120c38d1cc09248c1d3c110951f781a0f9bfaa3b849121e8
NOISE_0671,Gedung F Frequency/32 kHz Medium Frequency/20260923_114000T.WAV,0,55,55,Gedung F Frequency,Medium,-5.361853,105.313722,9/23/2026,11:30,Siang,Cerah,24F31901603767F6,Unknown,32000,Unknown,Frequency,0.015360096,0.3942871,Y,System,10/8/2026,,ace4202ffb91e5ed60a788417b0a264e091a0c4f378deb5c10e28a321728c015
NOISE_0672,Gedung F Frequency/32 kHz Medium Frequency/20260923_114100T.WAV,0,55,55,Gedung F Frequency,Medium,-5.361853,105.313722,9/23/2026,11:30,Siang,Cerah,24F31901603767F6,Unknown,32000,Unknown,Frequency,0.01800094,0.41671753,Y,System,10/8/2026,,b0ad704b9894badeeafd8c2f7db8abfac528edaad0c6c20979262999536b9b7f
NOISE_0673,Gedung F Frequency/32 kHz Medium Frequency/20260923_114200T.WAV,0,55,55,Gedung F Frequency,Medium,-5.361853,105.313722,9/23/2026,11:30,Siang,Cerah,24F31901603767F6,Unknown,32000,Unknown,Frequency,0.047562055,0.9999695,Y,System,10/8/2026,,c6e3453962b58d4f80bb80ea26e71867c0a195a2e5f97c968d6a00c18974e409
NOISE_0674,Gedung F Frequency/32 kHz Medium Frequency/20260923_114300T.WAV,0,55,55,Gedung F Frequency,Medium,-5.361853,105.313722,9/23/2026,11:30,Siang,Cerah,24F31901603767F6,Unknown,32000,Unknown,Frequency,0.014478189,0.11172485,Y,System,10/8/2026,,6ec8db551caacb6eb4ca3b4a2f50ae0287980db8853054d0c691e1ae2361563d
NOISE_0675,Gedung F Frequency/32 kHz Medium Frequency/20260923_114400T.WAV,0,55,55,Gedung F Frequency,Medium,-5.361853,105.313722,9/23/2026,11:30,Siang,Cerah,24F31901603767F6,Unknown,32000,Unknown,Frequency,0.016232938,0.14309692,Y,System,10/8/2026,,23294e208914ef47e9a8d2a48dec2ab4662e8e656497b21055688c03dc398570
NOISE_0676,Gedung F Frequency/32 kHz Medium Frequency/20260923_114500T.WAV,0,55,55,Gedung F Frequency,Medium,-5.361853,105.313722,9/23/2026,11:30,Siang,Cerah,24F31901603767F6,Unknown,32000,Unknown,Frequency,0.017389212,0.43218994,Y,System,10/8/2026,,0b39327ba42f2ec50df0661aa33f156513c8bec97987cfe127cdaae7331c82b3
NOISE_0677,Gedung F Frequency/32 kHz Medium Frequency/20260923_114600T.WAV,0,55,55,Gedung F Frequency,Medium,-5.361853,105.313722,9/23/2026,11:30,Siang,Cerah,24F31901603767F6,Unknown,32000,Unknown,Frequency,0.021025157,0.9999695,Y,System,10/8/2026,,7e1df7042be6b484e1b765bdf161020f9a263ddde2da998b1164694724a22cda
NOISE_0678,Gedung F Frequency/32 kHz Medium Frequency/20260923_114700T.WAV,0,55,55,Gedung F Frequency,Medium,-5.361853,105.313722,9/23/2026,11:30,Siang,Cerah,24F31901603767F6,Unknown,32000,Unknown,Frequency,0.024303662,0.9999695,Y,System,10/8/2026,,9371ae3e43b08c0f810fa5fd146748cc3c9ad8ac778faa7f4495032dbe0ec60a
NOISE_0679,Gedung F Frequency/32 kHz Medium Frequency/20260923_114800T.WAV,0,55,55,Gedung F Frequency,Medium,-5.361853,105.313722,9/23/2026,11:30,Siang,Cerah,24F31901603767F6,Unknown,32000,Unknown,Frequency,0.024942437,0.65841675,Y,System,10/8/2026,,0d01642d41d9030ba3572b797df931237cd9bc9ac2f6a635f1f731ca6ab6a8f2
NOISE_0680,Gedung F Frequency/32 kHz Medium Frequency/20260923_114900T.WAV,0,55,55,Gedung F Frequency,Medium,-5.361853,105.313722,9/23/2026,11:30,Siang,Cerah,24F31901603767F6,Unknown,32000,Unknown,Frequency,0.015990023,0.084198,Y,System,10/8/2026,,61b85fa2a7c068de370b8cf70be41a5157c89a3d255e63d6e8c64d8cf31c785b
NOISE_0681,Gedung F Frequency/32 kHz Medium Frequency/20260923_115000T.WAV,0,55,55,Gedung F Frequency,Medium,-5.361853,105.313722,9/23/2026,11:30,Siang,Cerah,24F31901603767F6,Unknown,32000,Unknown,Frequency,0.015641024,0.3356018,Y,System,10/8/2026,,942fb1260fe064aa5fd69dda21ea3a935f0ccddf01745c6638d4628a92e4ff39
NOISE_0682,Gedung F Frequency/32 kHz Medium Frequency/20260923_115100T.WAV,0,55,55,Gedung F Frequency,Medium,-5.361853,105.313722,9/23/2026,11:30,Siang,Cerah,24F31901603767F6,Unknown,32000,Unknown,Frequency,0.01662993,0.33895874,Y,System,10/8/2026,,850341817766e4b9d27b83ff22e94b635f023f56b787112fd6d0f8ab7bce9698
NOISE_0683,Gedung F Frequency/32 kHz Medium Frequency/20260923_115200T.WAV,0,55,55,Gedung F Frequency,Medium,-5.361853,105.313722,9/23/2026,11:30,Siang,Cerah,24F31901603767F6,Unknown,32000,Unknown,Frequency,0.014862307,0.09536743,Y,System,10/8/2026,,a0515af32ed2a68288957885c205afecc4408ad910f289a008188bf90aa0bebd
NOISE_0684,Gedung F Frequency/32 kHz Medium Frequency/20260923_115300T.WAV,0,55,55,Gedung F Frequency,Medium,-5.361853,105.313722,9/23/2026,11:30,Siang,Cerah,24F31901603767F6,Unknown,32000,Unknown,Frequency,0.016597416,0.15176392,Y,System,10/8/2026,,ba97d133540ea2d46d48c76dc5d7ae12cabe069a51c1cfd223a3c5f30e7c8c57
NOISE_0685,Gedung F Frequency/32 kHz Medium Frequency/20260923_115400T.WAV,0,55,55,Gedung F Frequency,Medium,-5.361853,105.313722,9/23/2026,11:30,Siang,Cerah,24F31901603767F6,Unknown,32000,Unknown,Frequency,0.021066887,0.16433716,Y,System,10/8/2026,,bf1b7177736636d26656a875cda777346b4c07b8eef40977e6fec06883342e35
NOISE_0686,Gedung F Frequency/32 kHz Medium Frequency/20260923_115500T.WAV,0,55,55,Gedung F Frequency,Medium,-5.361853,105.313722,9/23/2026,11:30,Siang,Cerah,24F31901603767F6,Unknown,32000,Unknown,Frequency,0.01919063,0.14389038,Y,System,10/8/2026,,068c912c0221fbe9e9ec0032eb0c7a853350207a42624f545b872142a117041b
NOISE_0687,Gedung F Frequency/32 kHz Medium Frequency/20260923_115600T.WAV,0,55,55,Gedung F Frequency,Medium,-5.361853,105.313722,9/23/2026,11:30,Siang,Cerah,24F31901603767F6,Unknown,32000,Unknown,Frequency,0.021483913,0.9952698,Y,System,10/8/2026,,0f8342654b0b2412719b40aef3f248521b2b5df98a681eed28e76c2e5e9dd8e2
NOISE_0688,Gedung F Frequency/32 kHz Medium Frequency/20260923_115700T.WAV,0,55,55,Gedung F Frequency,Medium,-5.361853,105.313722,9/23/2026,11:30,Siang,Cerah,24F31901603767F6,Unknown,32000,Unknown,Frequency,0.018100053,0.15475464,Y,System,10/8/2026,,814069583794c7a368036c95d3ca08ed263fc35db929a51539ee930ac55fb4a0
NOISE_0689,Gedung F Frequency/32 kHz Medium Frequency/20260923_115800T.WAV,0,55,55,Gedung F Frequency,Medium,-5.361853,105.313722,9/23/2026,11:30,Siang,Cerah,24F31901603767F6,Unknown,32000,Unknown,Frequency,0.01774318,0.17996216,Y,System,10/8/2026,,a62f4ebd7b3a2f61285caefabc76cb832d3ddf4cc1ee71258b4a6c811e913e63
NOISE_0690,Gedung F Frequency/32 kHz Medium Frequency/20260923_115900T.WAV,0,55,55,Gedung F Frequency,Medium,-5.361853,105.313722,9/23/2026,11:30,Siang,Cerah,24F31901603767F6,Unknown,32000,Unknown,Frequency,0.026756162,0.6228943,Y,System,10/8/2026,,e17881a35314fe9c9a1734ed6f7a72b30caf64220691d66d069fd8d9fceb9569
NOISE_0691,Gedung F Frequency/32 kHz Medium Frequency/20260923_120000T.WAV,0,55,55,Gedung F Frequency,Medium,-5.361853,105.313722,9/23/2026,11:30,Siang,Cerah,24F31901603767F6,Unknown,32000,Unknown,Frequency,0.016292052,0.2140503,Y,System,10/8/2026,,d21799da4c517c9e3c0d873905d6a8cba2d29d33ca4bfe550e82305ec600f0b0
NOISE_0692,Gedung F Frequency/32 kHz Medium Frequency/20260923_120100T.WAV,0,55,55,Gedung F Frequency,Medium,-5.361853,105.313722,9/23/2026,11:30,Siang,Cerah,24F31901603767F6,Unknown,32000,Unknown,Frequency,0.03818009,0.80737305,Y,System,10/8/2026,,357da87c0e0e5291f8726111346b542f633c68262fe4d4da5b12e50305ffeeca
NOISE_0693,Gedung F Frequency/32 kHz Medium Frequency/20260923_120200T.WAV,0,55,55,Gedung F Frequency,Medium,-5.361853,105.313722,9/23/2026,11:30,Siang,Cerah,24F31901603767F6,Unknown,32000,Unknown,Frequency,0.015438581,0.1696167,Y,System,10/8/2026,,c913c495354ba4347aa4f42039f43a1148a98b05086ccda0e9b927a0fd0346a1
NOISE_0694,Gedung F Frequency/32 kHz Medium Frequency/20260923_120300T.WAV,0,55,55,Gedung F Frequency,Medium,-5.361853,105.313722,9/23/2026,11:30,Siang,Cerah,24F31901603767F6,Unknown,32000,Unknown,Frequency,0.019086018,0.23214722,Y,System,10/8/2026,,11e46e63d129526cdba93121f7fd87f19ff267a4bafaef49a518a8d421380771
NOISE_0695,Gedung F Frequency/32 kHz Medium Frequency/20260923_120400T.WAV,0,55,55,Gedung F Frequency,Medium,-5.361853,105.313722,9/23/2026,11:30,Siang,Cerah,24F31901603767F6,Unknown,32000,Unknown,Frequency,0.01875279,0.7522583,Y,System,10/8/2026,,c79b37facd4d3fb769159827419fb2e75e8aa2fc956e3208521b3af46b19edd6
NOISE_0696,Gedung F Frequency/32 kHz Medium Frequency/20260923_120500T.WAV,0,55,55,Gedung F Frequency,Medium,-5.361853,105.313722,9/23/2026,11:30,Siang,Cerah,24F31901603767F6,Unknown,32000,Unknown,Frequency,0.01594648,0.9206848,Y,System,10/8/2026,,45e2db914fba77764876fc90ce69b70c87e577dcd102c17b025ef3874c81eaad
NOISE_0697,Gedung F Frequency/32 kHz Medium Frequency/20260923_120600T.WAV,0,55,55,Gedung F Frequency,Medium,-5.361853,105.313722,9/23/2026,11:30,Siang,Cerah,24F31901603767F6,Unknown,32000,Unknown,Frequency,0.0331489,0.9999695,Y,System,10/8/2026,,747df3665761f8423d5d0a87e1dd9b09caa2be48aa02170c051a296a77baf941
NOISE_0698,Gedung F Frequency/32 kHz Medium Frequency/20260923_120700T.WAV,0,55,55,Gedung F Frequency,Medium,-5.361853,105.313722,9/23/2026,11:30,Siang,Cerah,24F31901603767F6,Unknown,32000,Unknown,Frequency,0.030081147,0.9999695,Y,System,10/8/2026,,99e2971927a7376119f7e2abdf728d6465a9e4843669e7980d26b148fc98bb9a
NOISE_0699,Gedung F Frequency/32 kHz Medium Frequency/20260923_120800T.WAV,0,55,55,Gedung F Frequency,Medium,-5.361853,105.313722,9/23/2026,11:30,Siang,Cerah,24F31901603767F6,Unknown,32000,Unknown,Frequency,0.017791782,0.34170532,Y,System,10/8/2026,,960c48f3d5c8ce2e5886404737bfe07f3d1c5df452e5d48dcba847e3febab6a1
NOISE_0700,Gedung F Frequency/32 kHz Medium Frequency/20260923_120900T.WAV,0,55,55,Gedung F Frequency,Medium,-5.361853,105.313722,9/23/2026,11:30,Siang,Cerah,24F31901603767F6,Unknown,32000,Unknown,Frequency,0.019036235,0.7161865,Y,System,10/8/2026,,05ba38696ff698a7146167c4344a59e60d24577238e7fd55dfc3eae989a9db0a
NOISE_0701,Gedung F Frequency/32 kHz Medium Frequency/20260923_121000T.WAV,0,55,55,Gedung F Frequency,Medium,-5.361853,105.313722,9/23/2026,11:30,Siang,Cerah,24F31901603767F6,Unknown,32000,Unknown,Frequency,0.019970967,0.7979431,Y,System,10/8/2026,,8e7b18c0f8cdf0d13f77fd06fa025be041130e2578afe2884dc9d3e22c1d9842
NOISE_0702,Gedung F Frequency/32 kHz Medium Frequency/20260923_121100T.WAV,0,55,55,Gedung F Frequency,Medium,-5.361853,105.313722,9/23/2026,11:30,Siang,Cerah,24F31901603767F6,Unknown,32000,Unknown,Frequency,0.028058687,0.9999695,Y,System,10/8/2026,,14c7db7063bf6767d9c897afb458d48e66af579f743f8075c3ef310e095c8602
NOISE_0703,Gedung F Frequency/32 kHz Medium Frequency/20260923_121200T.WAV,0,55,55,Gedung F Frequency,Medium,-5.361853,105.313722,9/23/2026,11:30,Siang,Cerah,24F31901603767F6,Unknown,32000,Unknown,Frequency,0.028305624,0.7849426,Y,System,10/8/2026,,81d71d3a8538b2a3b7fbbcaf1d169b93951ade1d01216b148f46b266f65dbfda
NOISE_0704,Gedung F Frequency/32 kHz Medium Frequency/20260923_121300T.WAV,0,55,55,Gedung F Frequency,Medium,-5.361853,105.313722,9/23/2026,11:30,Siang,Cerah,24F31901603767F6,Unknown,32000,Unknown,Frequency,0.015721673,0.121032715,Y,System,10/8/2026,,7cbd3668c2653a792b5415a72fcfe60bd83f41f2c68ae7d7c8da698af7f2b421
NOISE_0705,Gedung F Frequency/32 kHz Medium Frequency/20260923_121400T.WAV,0,55,55,Gedung F Frequency,Medium,-5.361853,105.313722,9/23/2026,11:30,Siang,Cerah,24F31901603767F6,Unknown,32000,Unknown,Frequency,0.016354376,0.78622437,Y,System,10/8/2026,,1dc8b878ea71ee759c7c3a318a951d10754f04cc29763ef0fae5d4fe1cff82a5
NOISE_0706,Gedung F Frequency/32 kHz Medium Frequency/20260923_121500T.WAV,0,55,55,Gedung F Frequency,Medium,-5.361853,105.313722,9/23/2026,11:30,Siang,Cerah,24F31901603767F6,Unknown,32000,Unknown,Frequency,0.01604012,0.17648315,Y,System,10/8/2026,,2dfc8486838576b1b2258e69b3016c03cb320333c243403f9902aa489df1ed0a
NOISE_0707,Gedung F Frequency/32 kHz Medium Frequency/20260923_121600T.WAV,0,55,55,Gedung F Frequency,Medium,-5.361853,105.313722,9/23/2026,11:30,Siang,Cerah,24F31901603767F6,Unknown,32000,Unknown,Frequency,0.019205447,0.9999695,Y,System,10/8/2026,,233925b50915e46793d961c7b4450d0163faf9d6600ad97c4d851393d70bcf65
NOISE_0708,Gedung F Frequency/32 kHz Medium Frequency/20260923_121700T.WAV,0,55,55,Gedung F Frequency,Medium,-5.361853,105.313722,9/23/2026,11:30,Siang,Cerah,24F31901603767F6,Unknown,32000,Unknown,Frequency,0.028237619,0.9999695,Y,System,10/8/2026,,6d6dd9078de1ce681e0d136b047efa600c6356e3744315985412fd897ce4e7f0
NOISE_0709,Gedung F Frequency/32 kHz Medium Frequency/20260923_121800T.WAV,0,55,55,Gedung F Frequency,Medium,-5.361853,105.313722,9/23/2026,11:30,Siang,Cerah,24F31901603767F6,Unknown,32000,Unknown,Frequency,0.017315384,0.1359253,Y,System,10/8/2026,,c1d7e991fcf827484babcf9d110d0d4871c4a1c168559c19f2cfe1dc04efce30
NOISE_0710,Gedung F Frequency/32 kHz Medium Frequency/20260923_121900T.WAV,0,55,55,Gedung F Frequency,Medium,-5.361853,105.313722,9/23/2026,11:30,Siang,Cerah,24F31901603767F6,Unknown,32000,Unknown,Frequency,0.016663712,0.1975708,Y,System,10/8/2026,,b51899a1a641227f15275f9d6d169ee142c73e4b1901d7b03c9e085be7464f8a
NOISE_0711,Gedung F Frequency/32 kHz Medium Frequency/20260923_122000T.WAV,0,55,55,Gedung F Frequency,Medium,-5.361853,105.313722,9/23/2026,11:30,Siang,Cerah,24F31901603767F6,Unknown,32000,Unknown,Frequency,0.015855916,0.11203003,Y,System,10/8/2026,,22743bcb1eff1147d74d33ac9a1ff5909ad078215e4fa07c89de2357a8f3508b
NOISE_0712,Gedung F Frequency/32 kHz Medium Frequency/20260923_122100T.WAV,0,55,55,Gedung F Frequency,Medium,-5.361853,105.313722,9/23/2026,11:30,Siang,Cerah,24F31901603767F6,Unknown,32000,Unknown,Frequency,0.016825829,0.14474487,Y,System,10/8/2026,,7da44f4c744aff97a35fd2ed2eccc62b82f975167eb33a9392d2e847f4f45f59
NOISE_0713,Gedung F Frequency/32 kHz Medium Frequency/20260923_122200T.WAV,0,55,55,Gedung F Frequency,Medium,-5.361853,105.313722,9/23/2026,11:30,Siang,Cerah,24F31901603767F6,Unknown,32000,Unknown,Frequency,0.01477822,0.11654663,Y,System,10/8/2026,,004a51bd3af465ebc9115b96cf942d7e6bdf2343e5bbc62b47a6c296490fcf2e
NOISE_0714,Gedung F Frequency/32 kHz Medium Frequency/20260923_122300T.WAV,0,55,55,Gedung F Frequency,Medium,-5.361853,105.313722,9/23/2026,11:30,Siang,Cerah,24F31901603767F6,Unknown,32000,Unknown,Frequency,0.016166648,0.09072876,Y,System,10/8/2026,,b15d491272e23a5a66ef6a44845b1a35158c2211a3a7da3ae743d6be8397a070
NOISE_0715,Gedung F Frequency/32 kHz Medium Frequency/20260923_122400T.WAV,0,55,55,Gedung F Frequency,Medium,-5.361853,105.313722,9/23/2026,11:30,Siang,Cerah,24F31901603767F6,Unknown,32000,Unknown,Frequency,0.015808644,0.17889404,Y,System,10/8/2026,,35e1a2b75c212142f51e5114fcc3b5374c127c956cd758295301dfa574ae27ad
NOISE_0716,Gedung F Frequency/32 kHz Medium Frequency/20260923_122500T.WAV,0,55,55,Gedung F Frequency,Medium,-5.361853,105.313722,9/23/2026,11:30,Siang,Cerah,24F31901603767F6,Unknown,32000,Unknown,Frequency,0.020703992,0.1923523,Y,System,10/8/2026,,10eec9bad9d0984262124658c2676ddf3ae42d6a14cb3802aeadae5c2e51f1a6
NOISE_0717,Gedung F Frequency/32 kHz Medium Frequency/20260923_122600T.WAV,0,55,55,Gedung F Frequency,Medium,-5.361853,105.313722,9/23/2026,11:30,Siang,Cerah,24F31901603767F6,Unknown,32000,Unknown,Frequency,0.01862101,0.38983154,Y,System,10/8/2026,,b102e59569479027f2420d12c0e3cf2ff566c3dc02e000c7e8ab413a2affb14d
NOISE_0718,Gedung F Frequency/32 kHz Medium Frequency/20260923_122700T.WAV,0,55,55,Gedung F Frequency,Medium,-5.361853,105.313722,9/23/2026,11:30,Siang,Cerah,24F31901603767F6,Unknown,32000,Unknown,Frequency,0.020900732,0.1279602,Y,System,10/8/2026,,28e3b5234d56d73810ec9e44cf350d9fbd3b35856fb4b5d57d7b961d51da341a
NOISE_0719,Gedung F Frequency/32 kHz Medium Frequency/20260923_122800T.WAV,0,55,55,Gedung F Frequency,Medium,-5.361853,105.313722,9/23/2026,11:30,Siang,Cerah,24F31901603767F6,Unknown,32000,Unknown,Frequency,0.01809188,0.31240845,Y,System,10/8/2026,,a2bddbf1fc7e498639dc2419b6e404b66490ed66bcd0d2084d196bf8df6214c1
NOISE_0720,Gedung F Frequency/32 kHz Medium Frequency/20260923_122900T.WAV,0,55,55,Gedung F Frequency,Medium,-5.361853,105.313722,9/23/2026,11:30,Siang,Cerah,24F31901603767F6,Unknown,32000,Unknown,Frequency,0.019164354,0.8076477,Y,System,10/8/2026,,3655d94a7bc4132038a155f894b7c482c278a4bdcd8d4f06010940a723f5266b
NOISE_0721,Kebun Raya Amplitudo/32 kHz High Amplitudo/20261007_130000T.WAV,0,55,55,Kebun Raya Amplitudo,High,-5.370206,105.313788,10/7/2026,13:00,Siang,Cerah,24F31901603767F6,Unknown,32000,Unknown,Amplitude,0.084284216,0.9999695,Y,System,10/8/2026,,5e11901e711549ce58d9b98261ebe286681d7e877fca086959c3e3bf648bf1da
NOISE_0722,Kebun Raya Amplitudo/32 kHz High Amplitudo/20261007_130100T.WAV,0,55,55,Kebun Raya Amplitudo,High,-5.370206,105.313788,10/7/2026,13:00,Siang,Cerah,24F31901603767F6,Unknown,32000,Unknown,Amplitude,0.09254464,0.9999695,Y,System,10/8/2026,,3cf3b8fb3b2996c47bad5debe647ce2294ccc06d914b6a7f84d23f85bf3713e9
NOISE_0723,Kebun Raya Amplitudo/32 kHz High Amplitudo/20261007_130200T.WAV,0,55,55,Kebun Raya Amplitudo,High,-5.370206,105.313788,10/7/2026,13:00,Siang,Cerah,24F31901603767F6,Unknown,32000,Unknown,Amplitude,0.029859722,0.8378906,Y,System,10/8/2026,,6dad940fb8cb81f24ad375a2939d06d9fdcd742f4d7c8f828d028d9148365612
NOISE_0724,Kebun Raya Amplitudo/32 kHz High Amplitudo/20261007_130300T.WAV,0,55,55,Kebun Raya Amplitudo,High,-5.370206,105.313788,10/7/2026,13:00,Siang,Cerah,24F31901603767F6,Unknown,32000,Unknown,Amplitude,0.06932491,0.9999695,Y,System,10/8/2026,,863743907f4775ca7a64b1da49cfa8d4335dd16f9ad1443cacf561ba30d98db1
NOISE_0725,Kebun Raya Amplitudo/32 kHz High Amplitudo/20261007_130400T.WAV,0,55,55,Kebun Raya Amplitudo,High,-5.370206,105.313788,10/7/2026,13:00,Siang,Cerah,24F31901603767F6,Unknown,32000,Unknown,Amplitude,0.037419565,0.72509766,Y,System,10/8/2026,,73ecf93fa1abee477a391a0fec279560e65c994aa68bc355e9fb4ceee675a219
NOISE_0726,Kebun Raya Amplitudo/32 kHz High Amplitudo/20261007_130500T.WAV,0,55,55,Kebun Raya Amplitudo,High,-5.370206,105.313788,10/7/2026,13:00,Siang,Cerah,24F31901603767F6,Unknown,32000,Unknown,Amplitude,0.07024989,0.9999695,Y,System,10/8/2026,,8da4d41dc51a5dc3b8799e076a1e7a9d3be4718f90205f1616a8740113f8a6eb
NOISE_0727,Kebun Raya Amplitudo/32 kHz High Amplitudo/20261007_130600T.WAV,0,55,55,Kebun Raya Amplitudo,High,-5.370206,105.313788,10/7/2026,13:00,Siang,Cerah,24F31901603767F6,Unknown,32000,Unknown,Amplitude,0.060163755,0.9999695,Y,System,10/8/2026,,cac1070957acc2f59aa19cb311b8636c819b9eb89b8b8611e19d7c84617c181b
NOISE_0728,Kebun Raya Amplitudo/32 kHz High Amplitudo/20261007_130700T.WAV,0,55,55,Kebun Raya Amplitudo,High,-5.370206,105.313788,10/7/2026,13:00,Siang,Cerah,24F31901603767F6,Unknown,32000,Unknown,Amplitude,0.08691477,0.9999695,Y,System,10/8/2026,,dfc116adaba792e41454bc80ee425868e59603bffd32ae5dd7228cf938d6bd16
NOISE_0729,Kebun Raya Amplitudo/32 kHz High Amplitudo/20261007_130800T.WAV,0,55,55,Kebun Raya Amplitudo,High,-5.370206,105.313788,10/7/2026,13:00,Siang,Cerah,24F31901603767F6,Unknown,32000,Unknown,Amplitude,0.04956408,0.92800903,Y,System,10/8/2026,,c2f854806523882ff2e6b592b0f3580411eab51c9996bd5512ec2821e93f00b1
NOISE_0730,Kebun Raya Amplitudo/32 kHz High Amplitudo/20261007_130900T.WAV,0,55,55,Kebun Raya Amplitudo,High,-5.370206,105.313788,10/7/2026,13:00,Siang,Cerah,24F31901603767F6,Unknown,32000,Unknown,Amplitude,0.0283859,0.6343994,Y,System,10/8/2026,,3322660443e2973f46368fbf521e2167bda1210bbd5bb434f4470c174ee805bc
NOISE_0731,Kebun Raya Amplitudo/32 kHz High Amplitudo/20261007_131000T.WAV,0,55,55,Kebun Raya Amplitudo,High,-5.370206,105.313788,10/7/2026,13:00,Siang,Cerah,24F31901603767F6,Unknown,32000,Unknown,Amplitude,0.060386863,0.9999695,Y,System,10/8/2026,,42ea68b1520d531ac63cdade5494681205726cdc8ed6abf4496f987730e32332
NOISE_0732,Kebun Raya Amplitudo/32 kHz High Amplitudo/20261007_131100T.WAV,0,55,55,Kebun Raya Amplitudo,High,-5.370206,105.313788,10/7/2026,13:00,Siang,Cerah,24F31901603767F6,Unknown,32000,Unknown,Amplitude,0.056871857,0.9491272,Y,System,10/8/2026,,d889020c7c728d9d59147e07ea505526c19f23bb9a6453fee442aa1d1d0de108
NOISE_0733,Kebun Raya Amplitudo/32 kHz High Amplitudo/20261007_131200T.WAV,0,55,55,Kebun Raya Amplitudo,High,-5.370206,105.313788,10/7/2026,13:00,Siang,Cerah,24F31901603767F6,Unknown,32000,Unknown,Amplitude,0.053542413,0.9999695,Y,System,10/8/2026,,b5f3d9d84cf325f0ef072309d15e134dfb2f2dec827dd17b577421d480319d39
NOISE_0734,Kebun Raya Amplitudo/32 kHz High Amplitudo/20261007_131300T.WAV,0,55,55,Kebun Raya Amplitudo,High,-5.370206,105.313788,10/7/2026,13:00,Siang,Cerah,24F31901603767F6,Unknown,32000,Unknown,Amplitude,0.04837826,0.8727417,Y,System,10/8/2026,,edc70723fa1bd78c57e30abf717a4450ca32b7bc3dc05b32c7ad83b0ef19b119
NOISE_0735,Kebun Raya Amplitudo/32 kHz High Amplitudo/20261007_131400T.WAV,0,55,55,Kebun Raya Amplitudo,High,-5.370206,105.313788,10/7/2026,13:00,Siang,Cerah,24F31901603767F6,Unknown,32000,Unknown,Amplitude,0.045291033,0.79541016,Y,System,10/8/2026,,d75a6d37bcc9e08793c61524bd0620609d7253dded042301d257d2c77789defb
NOISE_0736,Kebun Raya Amplitudo/32 kHz High Amplitudo/20261007_131500T.WAV,0,55,55,Kebun Raya Amplitudo,High,-5.370206,105.313788,10/7/2026,13:00,Siang,Cerah,24F31901603767F6,Unknown,32000,Unknown,Amplitude,0.055869453,0.9999695,Y,System,10/8/2026,,14cee56f98f7b0c6acc1c599dc49fbf39a716b8c1b9c6c737abffa70c8787901
NOISE_0737,Kebun Raya Amplitudo/32 kHz High Amplitudo/20261007_131600T.WAV,0,55,55,Kebun Raya Amplitudo,High,-5.370206,105.313788,10/7/2026,13:00,Siang,Cerah,24F31901603767F6,Unknown,32000,Unknown,Amplitude,0.059990127,0.9999695,Y,System,10/8/2026,,0ab9c98c6d7765c4c189fa0ce7e6b1c0829b91182de7e6cf475d1d4868691194
NOISE_0738,Kebun Raya Amplitudo/32 kHz High Amplitudo/20261007_131700T.WAV,0,55,55,Kebun Raya Amplitudo,High,-5.370206,105.313788,10/7/2026,13:00,Siang,Cerah,24F31901603767F6,Unknown,32000,Unknown,Amplitude,0.06543133,0.9999695,Y,System,10/8/2026,,e460747db44eebcb42f1424fdeaa31f60033e910b2cbfa33247b19cd147ffba4
NOISE_0739,Kebun Raya Amplitudo/32 kHz High Amplitudo/20261007_131800T.WAV,0,55,55,Kebun Raya Amplitudo,High,-5.370206,105.313788,10/7/2026,13:00,Siang,Cerah,24F31901603767F6,Unknown,32000,Unknown,Amplitude,0.07818252,0.9999695,Y,System,10/8/2026,,a3d291672bc912beebf159d63c9e777c72be67ffda3ec76e126d3cb64f1f39d6
NOISE_0740,Kebun Raya Amplitudo/32 kHz High Amplitudo/20261007_131900T.WAV,0,55,55,Kebun Raya Amplitudo,High,-5.370206,105.313788,10/7/2026,13:00,Siang,Cerah,24F31901603767F6,Unknown,32000,Unknown,Amplitude,0.037199732,0.99819946,Y,System,10/8/2026,,a50926651129ac251b9b3cc6f850ce39d1163402079d238182c8dde6c663f396
NOISE_0741,Kebun Raya Amplitudo/32 kHz High Amplitudo/20261007_132000T.WAV,0,55,55,Kebun Raya Amplitudo,High,-5.370206,105.313788,10/7/2026,13:00,Siang,Cerah,24F31901603767F6,Unknown,32000,Unknown,Amplitude,0.08687388,0.9999695,Y,System,10/8/2026,,f4b51f37dc2da831e566d2843eda38973eed74204056a32820bb9279f841beec
NOISE_0742,Kebun Raya Amplitudo/32 kHz High Amplitudo/20261007_132100T.WAV,0,55,55,Kebun Raya Amplitudo,High,-5.370206,105.313788,10/7/2026,13:00,Siang,Cerah,24F31901603767F6,Unknown,32000,Unknown,Amplitude,0.12989718,0.9999695,Y,System,10/8/2026,,72c3de15cf2c9d825353e5d7258a37c143ac46e6a7190eb0c254ec6c487c5dcb
NOISE_0743,Kebun Raya Amplitudo/32 kHz High Amplitudo/20261007_132200T.WAV,0,55,55,Kebun Raya Amplitudo,High,-5.370206,105.313788,10/7/2026,13:00,Siang,Cerah,24F31901603767F6,Unknown,32000,Unknown,Amplitude,0.14063068,0.9999695,Y,System,10/8/2026,,b0d32b0abf206410eec2254fdf6e82829d52e5709c3fead4dedc567533a2f8c9
NOISE_0744,Kebun Raya Amplitudo/32 kHz High Amplitudo/20261007_132300T.WAV,0,55,55,Kebun Raya Amplitudo,High,-5.370206,105.313788,10/7/2026,13:00,Siang,Cerah,24F31901603767F6,Unknown,32000,Unknown,Amplitude,0.13051032,0.9999695,Y,System,10/8/2026,,4a49c1f9f8f7ec8d6f30514751ab2e0dab38b68843ca3f7537515f511719e5c0
NOISE_0745,Kebun Raya Amplitudo/32 kHz High Amplitudo/20261007_132400T.WAV,0,55,55,Kebun Raya Amplitudo,High,-5.370206,105.313788,10/7/2026,13:00,Siang,Cerah,24F31901603767F6,Unknown,32000,Unknown,Amplitude,0.102901086,0.9999695,Y,System,10/8/2026,,d2cf8cff15f1a192b60efa71469dc6f7e551a74cd3ba2ced85e7c61c2b5bed13
NOISE_0746,Kebun Raya Amplitudo/32 kHz High Amplitudo/20261007_132500T.WAV,0,55,55,Kebun Raya Amplitudo,High,-5.370206,105.313788,10/7/2026,13:00,Siang,Cerah,24F31901603767F6,Unknown,32000,Unknown,Amplitude,0.14597017,0.9999695,Y,System,10/8/2026,,d67f36970c6a977fe61d42e6dbb1eee98a9b9752d121ae15b4e19644fdd3b5c3
NOISE_0747,Kebun Raya Amplitudo/32 kHz High Amplitudo/20261007_132600T.WAV,0,55,55,Kebun Raya Amplitudo,High,-5.370206,105.313788,10/7/2026,13:00,Siang,Cerah,24F31901603767F6,Unknown,32000,Unknown,Amplitude,0.096495815,0.9999695,Y,System,10/8/2026,,d38eff6c8a121b713264dadc63a7b2db95aea126913a372b81824a3cba6f44fb
NOISE_0748,Kebun Raya Amplitudo/32 kHz High Amplitudo/20261007_132700T.WAV,0,55,55,Kebun Raya Amplitudo,High,-5.370206,105.313788,10/7/2026,13:00,Siang,Cerah,24F31901603767F6,Unknown,32000,Unknown,Amplitude,0.025688129,0.61621094,Y,System,10/8/2026,,2040d470092020d8bab8f2bda4967a41dc5e5903c976b6a91619997196a5af20
NOISE_0749,Kebun Raya Amplitudo/32 kHz High Amplitudo/20261007_132800T.WAV,0,55,55,Kebun Raya Amplitudo,High,-5.370206,105.313788,10/7/2026,13:00,Siang,Cerah,24F31901603767F6,Unknown,32000,Unknown,Amplitude,0.044285465,0.77160645,Y,System,10/8/2026,,f80efd1217e61cbb2a623654cd745a7a177113ae2d178279dc9c50a35de88050
NOISE_0750,Kebun Raya Amplitudo/32 kHz High Amplitudo/20261007_132900T.WAV,0,55,55,Kebun Raya Amplitudo,High,-5.370206,105.313788,10/7/2026,13:00,Siang,Cerah,24F31901603767F6,Unknown,32000,Unknown,Amplitude,0.021886459,0.6643982,Y,System,10/8/2026,,10174b7df195900e48ff6505bb316ecefe62be91ac518d379ef13b0af539c539
NOISE_0751,Kebun Raya Amplitudo/32 kHz High Amplitudo/20261007_133000T.WAV,0,55,55,Kebun Raya Amplitudo,High,-5.370206,105.313788,10/7/2026,13:00,Siang,Cerah,24F31901603767F6,Unknown,32000,Unknown,Amplitude,0.031865954,0.9901428,Y,System,10/8/2026,,feec8a36f93da601625779647a3d0cc9e8433a7d96a0f5ebe693f4826624a2f4
NOISE_0752,Kebun Raya Amplitudo/32 kHz High Amplitudo/20261007_133100T.WAV,0,55,55,Kebun Raya Amplitudo,High,-5.370206,105.313788,10/7/2026,13:00,Siang,Cerah,24F31901603767F6,Unknown,32000,Unknown,Amplitude,0.08511999,0.9999695,Y,System,10/8/2026,,f28c57a4a98a656545bbab1628a485465a136e3803b666d63dae1aa16dc2c24c
NOISE_0753,Kebun Raya Amplitudo/32 kHz High Amplitudo/20261007_133200T.WAV,0,55,55,Kebun Raya Amplitudo,High,-5.370206,105.313788,10/7/2026,13:00,Siang,Cerah,24F31901603767F6,Unknown,32000,Unknown,Amplitude,0.07952611,0.9999695,Y,System,10/8/2026,,bd69e6a8fc2403788477b3063d5aa948821735dff1ce4a4e6e31b0e559db4e39
NOISE_0754,Kebun Raya Amplitudo/32 kHz High Amplitudo/20261007_133300T.WAV,0,55,55,Kebun Raya Amplitudo,High,-5.370206,105.313788,10/7/2026,13:00,Siang,Cerah,24F31901603767F6,Unknown,32000,Unknown,Amplitude,0.08353433,0.9999695,Y,System,10/8/2026,,61549864b23d22264a566bb75967fb07070b8891f822dbb860ecee42ad4d52cc
NOISE_0755,Kebun Raya Amplitudo/32 kHz High Amplitudo/20261007_133400T.WAV,0,55,55,Kebun Raya Amplitudo,High,-5.370206,105.313788,10/7/2026,13:00,Siang,Cerah,24F31901603767F6,Unknown,32000,Unknown,Amplitude,0.08529543,0.9999695,Y,System,10/8/2026,,14c35736c3ae22688e547bf13f8d3e023b27ca2e7e68dc9fed5f579f7674ae72
NOISE_0756,Kebun Raya Amplitudo/32 kHz High Amplitudo/20261007_133500T.WAV,0,55,55,Kebun Raya Amplitudo,High,-5.370206,105.313788,10/7/2026,13:00,Siang,Cerah,24F31901603767F6,Unknown,32000,Unknown,Amplitude,0.1190387,0.9999695,Y,System,10/8/2026,,eb4d11dfe6fb9e3f49fee4ed1fda91375ebe68f21a3b1240f8cdca5d5d46607c
NOISE_0757,Kebun Raya Amplitudo/32 kHz High Amplitudo/20261007_133600T.WAV,0,55,55,Kebun Raya Amplitudo,High,-5.370206,105.313788,10/7/2026,13:00,Siang,Cerah,24F31901603767F6,Unknown,32000,Unknown,Amplitude,0.05502442,0.86691284,Y,System,10/8/2026,,d797021d247fcf1db52ae911df38d64a3cb6774b359f3eb9727abed2eb23ddb2
NOISE_0758,Kebun Raya Amplitudo/32 kHz High Amplitudo/20261007_133700T.WAV,0,55,55,Kebun Raya Amplitudo,High,-5.370206,105.313788,10/7/2026,13:00,Siang,Cerah,24F31901603767F6,Unknown,32000,Unknown,Amplitude,0.0959988,0.9999695,Y,System,10/8/2026,,be781959249aafa4ebbe56ce66c6db5e9b331085713dc0b5126e2f444207a5d6
NOISE_0759,Kebun Raya Amplitudo/32 kHz High Amplitudo/20261007_133800T.WAV,0,55,55,Kebun Raya Amplitudo,High,-5.370206,105.313788,10/7/2026,13:00,Siang,Cerah,24F31901603767F6,Unknown,32000,Unknown,Amplitude,0.06257541,0.9935913,Y,System,10/8/2026,,c6bb137c6c81f95654634863f6d004e98c85747543a1cb352ccc6573e958c308
NOISE_0760,Kebun Raya Amplitudo/32 kHz High Amplitudo/20261007_133900T.WAV,0,55,55,Kebun Raya Amplitudo,High,-5.370206,105.313788,10/7/2026,13:00,Siang,Cerah,24F31901603767F6,Unknown,32000,Unknown,Amplitude,0.053746738,0.76293945,Y,System,10/8/2026,,3cdf18c75f9617579f69bf7fad48a0e06cb5143253253f832b5ba514cded89f0
NOISE_0761,Kebun Raya Amplitudo/32 kHz High Amplitudo/20261007_134000T.WAV,0,55,55,Kebun Raya Amplitudo,High,-5.370206,105.313788,10/7/2026,13:00,Siang,Cerah,24F31901603767F6,Unknown,32000,Unknown,Amplitude,0.06323913,0.9999695,Y,System,10/8/2026,,05dd7c743fa277815c1dc6cf19195f758f3dc0d21f0ee8d857367d45b3cb5792
NOISE_0762,Kebun Raya Amplitudo/32 kHz High Amplitudo/20261007_134100T.WAV,0,55,55,Kebun Raya Amplitudo,High,-5.370206,105.313788,10/7/2026,13:00,Siang,Cerah,24F31901603767F6,Unknown,32000,Unknown,Amplitude,0.101253055,0.9999695,Y,System,10/8/2026,,c8ed04dc2f460fca22928676d3fac0938ae1e86e172c7a03a79a421567029cd8
NOISE_0763,Kebun Raya Amplitudo/32 kHz High Amplitudo/20261007_134200T.WAV,0,55,55,Kebun Raya Amplitudo,High,-5.370206,105.313788,10/7/2026,13:00,Siang,Cerah,24F31901603767F6,Unknown,32000,Unknown,Amplitude,0.13503082,0.9999695,Y,System,10/8/2026,,423fa59ef3a296f2ec5be7c674663e81f6cd2ef8710c5cae6ce0f19b4f82319a
NOISE_0764,Kebun Raya Amplitudo/32 kHz High Amplitudo/20261007_134300T.WAV,0,55,55,Kebun Raya Amplitudo,High,-5.370206,105.313788,10/7/2026,13:00,Siang,Cerah,24F31901603767F6,Unknown,32000,Unknown,Amplitude,0.17909563,0.9999695,Y,System,10/8/2026,,5e7fe851b49f2f804b8fd5ff3dbe6494efcf2a52263ef52a682f2429c6099fd9
NOISE_0765,Kebun Raya Amplitudo/32 kHz High Amplitudo/20261007_134400T.WAV,0,55,55,Kebun Raya Amplitudo,High,-5.370206,105.313788,10/7/2026,13:00,Siang,Cerah,24F31901603767F6,Unknown,32000,Unknown,Amplitude,0.1028707,0.9999695,Y,System,10/8/2026,,098844b02aabe0f11fddefa12e7f186da12176476edf714f1aea6702975b783e
NOISE_0766,Kebun Raya Amplitudo/32 kHz High Amplitudo/20261007_134500T.WAV,0,55,55,Kebun Raya Amplitudo,High,-5.370206,105.313788,10/7/2026,13:00,Siang,Cerah,24F31901603767F6,Unknown,32000,Unknown,Amplitude,0.095802724,0.9999695,Y,System,10/8/2026,,8f7d300a0a9a88adabb9ef9073751d2249cb4eb849c1314a2c11ec26784e5123
NOISE_0767,Kebun Raya Amplitudo/32 kHz High Amplitudo/20261007_134600T.WAV,0,55,55,Kebun Raya Amplitudo,High,-5.370206,105.313788,10/7/2026,13:00,Siang,Cerah,24F31901603767F6,Unknown,32000,Unknown,Amplitude,0.12594604,0.9999695,Y,System,10/8/2026,,c3d3b1f5baafbded1240a6fde78760bca05051d0576a88804d40e30e7ff43530
NOISE_0768,Kebun Raya Amplitudo/32 kHz High Amplitudo/20261007_134700T.WAV,0,55,55,Kebun Raya Amplitudo,High,-5.370206,105.313788,10/7/2026,13:00,Siang,Cerah,24F31901603767F6,Unknown,32000,Unknown,Amplitude,0.10505252,0.9999695,Y,System,10/8/2026,,36623ace8599ac135d58f66c173c40e19aab4f613926bd9c714a99dcb9516c94
NOISE_0769,Kebun Raya Amplitudo/32 kHz High Amplitudo/20261007_134800T.WAV,0,55,55,Kebun Raya Amplitudo,High,-5.370206,105.313788,10/7/2026,13:00,Siang,Cerah,24F31901603767F6,Unknown,32000,Unknown,Amplitude,0.13337424,0.9999695,Y,System,10/8/2026,,0396b370ebfe4fe609497fa1078c291b4b43863ee7cd3807db5958d682c90667
NOISE_0770,Kebun Raya Amplitudo/32 kHz High Amplitudo/20261007_134900T.WAV,0,55,55,Kebun Raya Amplitudo,High,-5.370206,105.313788,10/7/2026,13:00,Siang,Cerah,24F31901603767F6,Unknown,32000,Unknown,Amplitude,0.09170953,0.9999695,Y,System,10/8/2026,,87a7d44b35ad39153f6b76d22a1be09c6fe95f02180fe0017390816e3ea906c6
NOISE_0771,Kebun Raya Amplitudo/32 kHz High Amplitudo/20261007_135000T.WAV,0,55,55,Kebun Raya Amplitudo,High,-5.370206,105.313788,10/7/2026,13:00,Siang,Cerah,24F31901603767F6,Unknown,32000,Unknown,Amplitude,0.1500829,0.9999695,Y,System,10/8/2026,,c7d787138bb3b3c1bc3694d9ce6956db57b184689982d228798e81517f738184
NOISE_0772,Kebun Raya Amplitudo/32 kHz High Amplitudo/20261007_135100T.WAV,0,55,55,Kebun Raya Amplitudo,High,-5.370206,105.313788,10/7/2026,13:00,Siang,Cerah,24F31901603767F6,Unknown,32000,Unknown,Amplitude,0.15320641,0.9999695,Y,System,10/8/2026,,3213de853f5c96280b81a1f43cae95306e4a02a32f0666a2c776ffbaafc4df69
NOISE_0773,Kebun Raya Amplitudo/32 kHz High Amplitudo/20261007_135200T.WAV,0,55,55,Kebun Raya Amplitudo,High,-5.370206,105.313788,10/7/2026,13:00,Siang,Cerah,24F31901603767F6,Unknown,32000,Unknown,Amplitude,0.094103426,0.9999695,Y,System,10/8/2026,,3a8fcf10db54513d2f4af5e4031a2a7617b895c34ee2d3872936ca8f5ad00af3
NOISE_0774,Kebun Raya Amplitudo/32 kHz High Amplitudo/20261007_135300T.WAV,0,55,55,Kebun Raya Amplitudo,High,-5.370206,105.313788,10/7/2026,13:00,Siang,Cerah,24F31901603767F6,Unknown,32000,Unknown,Amplitude,0.13295075,0.9999695,Y,System,10/8/2026,,c05443efa3b7d58c191e109ba8b67e7cc118ea4a7a842d7832b8d9e81996ef44
NOISE_0775,Kebun Raya Amplitudo/32 kHz High Amplitudo/20261007_135400T.WAV,0,55,55,Kebun Raya Amplitudo,High,-5.370206,105.313788,10/7/2026,13:00,Siang,Cerah,24F31901603767F6,Unknown,32000,Unknown,Amplitude,0.14857922,0.9999695,Y,System,10/8/2026,,33e682ec14222db66a1ad651f68745aeca939f2eded547b72d6b100cb744c1a1
NOISE_0776,Kebun Raya Amplitudo/32 kHz High Amplitudo/20261007_135500T.WAV,0,55,55,Kebun Raya Amplitudo,High,-5.370206,105.313788,10/7/2026,13:00,Siang,Cerah,24F31901603767F6,Unknown,32000,Unknown,Amplitude,0.10117569,0.9999695,Y,System,10/8/2026,,6ab1ea3664c7fbf6ac0509f60ea2865c4b371d9a29b5bf1c2cadc29fa621643f
NOISE_0777,Kebun Raya Amplitudo/32 kHz High Amplitudo/20261007_135600T.WAV,0,55,55,Kebun Raya Amplitudo,High,-5.370206,105.313788,10/7/2026,13:00,Siang,Cerah,24F31901603767F6,Unknown,32000,Unknown,Amplitude,0.13295285,0.9999695,Y,System,10/8/2026,,4e94d8a4aa3a3ba0519a413fbeeaad0cc77c76eab39e313c7a38ef0e1cd2e632
NOISE_0778,Kebun Raya Amplitudo/32 kHz High Amplitudo/20261007_135700T.WAV,0,55,55,Kebun Raya Amplitudo,High,-5.370206,105.313788,10/7/2026,13:00,Siang,Cerah,24F31901603767F6,Unknown,32000,Unknown,Amplitude,0.1820798,0.9999695,Y,System,10/8/2026,,70049e87aac4718fd0569b4241056bd51b7b375f8d25d76a09b8ad7009a2b487
NOISE_0779,Kebun Raya Amplitudo/32 kHz High Amplitudo/20261007_135800T.WAV,0,55,55,Kebun Raya Amplitudo,High,-5.370206,105.313788,10/7/2026,13:00,Siang,Cerah,24F31901603767F6,Unknown,32000,Unknown,Amplitude,0.098640874,0.9999695,Y,System,10/8/2026,,47bbc57e0a5157f3a16b13e37186f13f5d63ae07798958482d75f3b0b377c60a
NOISE_0780,Kebun Raya Amplitudo/32 kHz High Amplitudo/20261007_135900T.WAV,0,55,55,Kebun Raya Amplitudo,High,-5.370206,105.313788,10/7/2026,13:00,Siang,Cerah,24F31901603767F6,Unknown,32000,Unknown,Amplitude,0.16864482,0.9999695,Y,System,10/8/2026,,0595d0743be92131dac47fc2c816a5d79b9c169c330fd5274f5d533abb891004
NOISE_0781,Kebun Raya Amplitudo/32 kHz Low Amplitudo/20261007_103500T.WAV,0,55,55,Kebun Raya Amplitudo,Low,-5.371499,105.314085,10/7/2026,10:35,Siang,Cerah,24F31901603767F6,Unknown,32000,Unknown,Amplitude,0.00126675,0.011413574,Y,System,10/8/2026,,2ceba69527ceefd29f3eeb7c6b29ac880e7aab0452f9bdd09a730b58e83ecb7f
NOISE_0782,Kebun Raya Amplitudo/32 kHz Low Amplitudo/20261007_103600T.WAV,0,55,55,Kebun Raya Amplitudo,Low,-5.371499,105.314085,10/7/2026,10:35,Siang,Cerah,24F31901603767F6,Unknown,32000,Unknown,Amplitude,0.00129028,0.022125244,Y,System,10/8/2026,,a0015ec6a9799e65b6ef7af32ca065b64c596788c56ffd76ec662ba4ba3bc652
NOISE_0783,Kebun Raya Amplitudo/32 kHz Low Amplitudo/20261007_103700T.WAV,0,55,55,Kebun Raya Amplitudo,Low,-5.371499,105.314085,10/7/2026,10:35,Siang,Cerah,24F31901603767F6,Unknown,32000,Unknown,Amplitude,0.00138407,0.015106201,Y,System,10/8/2026,,1b97a1542df30b2cee18987b0b0bee4dd2717856e297482a8b188d0ac7edc3bd
NOISE_0784,Kebun Raya Amplitudo/32 kHz Low Amplitudo/20261007_103800T.WAV,0,55,55,Kebun Raya Amplitudo,Low,-5.371499,105.314085,10/7/2026,10:35,Siang,Cerah,24F31901603767F6,Unknown,32000,Unknown,Amplitude,0.001477712,0.024108887,Y,System,10/8/2026,,01a122af528fe16d9670d83bf8b986f277677bf051e3938b02e1592a90bae832
NOISE_0785,Kebun Raya Amplitudo/32 kHz Low Amplitudo/20261007_103900T.WAV,0,55,55,Kebun Raya Amplitudo,Low,-5.371499,105.314085,10/7/2026,10:35,Siang,Cerah,24F31901603767F6,Unknown,32000,Unknown,Amplitude,0.001132498,0.01550293,Y,System,10/8/2026,,122f429b5af1191c91bf1d8c4d51347088e57bbd6d835ac1dfd3b88bd1af82d4
NOISE_0786,Kebun Raya Amplitudo/32 kHz Low Amplitudo/20261007_104000T.WAV,0,55,55,Kebun Raya Amplitudo,Low,-5.371499,105.314085,10/7/2026,10:35,Siang,Cerah,24F31901603767F6,Unknown,32000,Unknown,Amplitude,0.00130565,0.40603638,Y,System,10/8/2026,,493a1381dd120bd5927ce37582976c52595225a2f1a375c4445c26762cecd473
NOISE_0787,Kebun Raya Amplitudo/32 kHz Low Amplitudo/20261007_104100T.WAV,0,55,55,Kebun Raya Amplitudo,Low,-5.371499,105.314085,10/7/2026,10:35,Siang,Cerah,24F31901603767F6,Unknown,32000,Unknown,Amplitude,0.001133963,0.034820557,Y,System,10/8/2026,,eaccccd9c5af17315b8fbbd856597d9fa94eb477c6d24ec28a52e4e8f6de9d55
NOISE_0788,Kebun Raya Amplitudo/32 kHz Low Amplitudo/20261007_104200T.WAV,0,55,55,Kebun Raya Amplitudo,Low,-5.371499,105.314085,10/7/2026,10:35,Siang,Cerah,24F31901603767F6,Unknown,32000,Unknown,Amplitude,0.001175805,0.006561279,Y,System,10/8/2026,,116416ae994d19ab4e5c5d151a24613e52c4ecf3c621f5fbd24d613eb2777745
NOISE_0789,Kebun Raya Amplitudo/32 kHz Low Amplitudo/20261007_104300T.WAV,0,55,55,Kebun Raya Amplitudo,Low,-5.371499,105.314085,10/7/2026,10:35,Siang,Cerah,24F31901603767F6,Unknown,32000,Unknown,Amplitude,0.001238985,0.009887695,Y,System,10/8/2026,,410fd48fc410de8ddfe4d26cf325a1e74ea25a5ef8185d5bb0137e030dbbf49f
NOISE_0790,Kebun Raya Amplitudo/32 kHz Low Amplitudo/20261007_104400T.WAV,0,55,55,Kebun Raya Amplitudo,Low,-5.371499,105.314085,10/7/2026,10:35,Siang,Cerah,24F31901603767F6,Unknown,32000,Unknown,Amplitude,0.001429015,0.015899658,Y,System,10/8/2026,,c8940aceb4cf9a925812d707cad18c0e740a420702a6eb62d7957e7aa39c3aa9
NOISE_0791,Kebun Raya Amplitudo/32 kHz Low Amplitudo/20261007_104500T.WAV,0,55,55,Kebun Raya Amplitudo,Low,-5.371499,105.314085,10/7/2026,10:35,Siang,Cerah,24F31901603767F6,Unknown,32000,Unknown,Amplitude,0.00131683,0.008758545,Y,System,10/8/2026,,c0368f9d588a6cf54184e210e0559621b922df8bb694932c54706e0e43bf3818
NOISE_0792,Kebun Raya Amplitudo/32 kHz Low Amplitudo/20261007_104600T.WAV,0,55,55,Kebun Raya Amplitudo,Low,-5.371499,105.314085,10/7/2026,10:35,Siang,Cerah,24F31901603767F6,Unknown,32000,Unknown,Amplitude,0.001222127,0.013122559,Y,System,10/8/2026,,f752bc46afd00d58b101370c55507013bbb34fa6808424676e20909783d5f43b
NOISE_0793,Kebun Raya Amplitudo/32 kHz Low Amplitudo/20261007_104700T.WAV,0,55,55,Kebun Raya Amplitudo,Low,-5.371499,105.314085,10/7/2026,10:35,Siang,Cerah,24F31901603767F6,Unknown,32000,Unknown,Amplitude,0.001545047,0.03717041,Y,System,10/8/2026,,3e29dc3024cbabb4ff5a9132138b8d1e0ea3a8af2a428e1e741e79c98bd9d632
NOISE_0794,Kebun Raya Amplitudo/32 kHz Low Amplitudo/20261007_104800T.WAV,0,55,55,Kebun Raya Amplitudo,Low,-5.371499,105.314085,10/7/2026,10:35,Siang,Cerah,24F31901603767F6,Unknown,32000,Unknown,Amplitude,0.001362673,0.014221191,Y,System,10/8/2026,,e555f8945772598d457fa966bd153e5b946874c76eb20bdb8293810fb49f6164
NOISE_0795,Kebun Raya Amplitudo/32 kHz Low Amplitudo/20261007_104900T.WAV,0,55,55,Kebun Raya Amplitudo,Low,-5.371499,105.314085,10/7/2026,10:35,Siang,Cerah,24F31901603767F6,Unknown,32000,Unknown,Amplitude,0.004749671,0.10974121,Y,System,10/8/2026,,2bfcde6423813caaf2c56ddc1aaa095ed2695f4ecfc3029df641cd025e3438b5
NOISE_0796,Kebun Raya Amplitudo/32 kHz Low Amplitudo/20261007_105000T.WAV,0,55,55,Kebun Raya Amplitudo,Low,-5.371499,105.314085,10/7/2026,10:35,Siang,Cerah,24F31901603767F6,Unknown,32000,Unknown,Amplitude,0.001616162,0.014282227,Y,System,10/8/2026,,bf346e409df3965208bb1370f3e91d1f757cd7c370c8e1cb39b804957246bb5e
NOISE_0797,Kebun Raya Amplitudo/32 kHz Low Amplitudo/20261007_105100T.WAV,0,55,55,Kebun Raya Amplitudo,Low,-5.371499,105.314085,10/7/2026,10:35,Siang,Cerah,24F31901603767F6,Unknown,32000,Unknown,Amplitude,0.001675727,0.5899048,Y,System,10/8/2026,,4ded65836d8b9ada4af5342582837124d445eb766667b88b347b58efe7564304
NOISE_0798,Kebun Raya Amplitudo/32 kHz Low Amplitudo/20261007_105200T.WAV,0,55,55,Kebun Raya Amplitudo,Low,-5.371499,105.314085,10/7/2026,10:35,Siang,Cerah,24F31901603767F6,Unknown,32000,Unknown,Amplitude,0.001123691,0.027282715,Y,System,10/8/2026,,4b215499021f5475d375b49db32b64e8b3056113940075a03191728a00d8f4a7
NOISE_0799,Kebun Raya Amplitudo/32 kHz Low Amplitudo/20261007_105300T.WAV,0,55,55,Kebun Raya Amplitudo,Low,-5.371499,105.314085,10/7/2026,10:35,Siang,Cerah,24F31901603767F6,Unknown,32000,Unknown,Amplitude,0.001721728,0.03302002,Y,System,10/8/2026,,e318a463275237aa9b3e40304a51f0f2d8228501ded99d88ddaa072698a3ef42
NOISE_0800,Kebun Raya Amplitudo/32 kHz Low Amplitudo/20261007_105400T.WAV,0,55,55,Kebun Raya Amplitudo,Low,-5.371499,105.314085,10/7/2026,10:35,Siang,Cerah,24F31901603767F6,Unknown,32000,Unknown,Amplitude,0.001871582,0.02960205,Y,System,10/8/2026,,91f738bb1d8afd815ea96656247e4d54413bf715f3912c727170d00bbbba6c27
NOISE_0801,Kebun Raya Amplitudo/32 kHz Low Amplitudo/20261007_105500T.WAV,0,55,55,Kebun Raya Amplitudo,Low,-5.371499,105.314085,10/7/2026,10:35,Siang,Cerah,24F31901603767F6,Unknown,32000,Unknown,Amplitude,0.001977347,0.022949219,Y,System,10/8/2026,,54d2cc5ea9926fa6bd58a55bc6864aadb28af0bbe6b4683b6cf6de460dcbd872
NOISE_0802,Kebun Raya Amplitudo/32 kHz Low Amplitudo/20261007_105600T.WAV,0,55,55,Kebun Raya Amplitudo,Low,-5.371499,105.314085,10/7/2026,10:35,Siang,Cerah,24F31901603767F6,Unknown,32000,Unknown,Amplitude,0.002143406,0.028808594,Y,System,10/8/2026,,ad04718a9666548c4e5359f0250796a99990163f2d4085cd589993bafdf5bca6
NOISE_0803,Kebun Raya Amplitudo/32 kHz Low Amplitudo/20261007_105700T.WAV,0,55,55,Kebun Raya Amplitudo,Low,-5.371499,105.314085,10/7/2026,10:35,Siang,Cerah,24F31901603767F6,Unknown,32000,Unknown,Amplitude,0.001566112,0.019470215,Y,System,10/8/2026,,b97c116914065ee3e029e0f29fce52c22338d88f3bd8d9f1be3bfcb9ca58a900
NOISE_0804,Kebun Raya Amplitudo/32 kHz Low Amplitudo/20261007_105800T.WAV,0,55,55,Kebun Raya Amplitudo,Low,-5.371499,105.314085,10/7/2026,10:35,Siang,Cerah,24F31901603767F6,Unknown,32000,Unknown,Amplitude,0.001789873,0.012176514,Y,System,10/8/2026,,32d74ab1c0697a8b114485c1b85b0eb9d013b1ff1668c4ca307ffba9a873c325
NOISE_0805,Kebun Raya Amplitudo/32 kHz Low Amplitudo/20261007_105900T.WAV,0,55,55,Kebun Raya Amplitudo,Low,-5.371499,105.314085,10/7/2026,10:35,Siang,Cerah,24F31901603767F6,Unknown,32000,Unknown,Amplitude,0.002426514,0.014526367,Y,System,10/8/2026,,ab30ff20e2dfc3afc4c5b6a0d350c3ee8fd9676753c5af385af5f2a05111b91a
NOISE_0806,Kebun Raya Amplitudo/32 kHz Low Amplitudo/20261007_110000T.WAV,0,55,55,Kebun Raya Amplitudo,Low,-5.371499,105.314085,10/7/2026,10:35,Siang,Cerah,24F31901603767F6,Unknown,32000,Unknown,Amplitude,0.002153435,0.014221191,Y,System,10/8/2026,,1b847f000af59fa73d4d7c9ce155b9a4340c6fa3c7abf04db0555a265674140d
NOISE_0807,Kebun Raya Amplitudo/32 kHz Low Amplitudo/20261007_110100T.WAV,0,55,55,Kebun Raya Amplitudo,Low,-5.371499,105.314085,10/7/2026,10:35,Siang,Cerah,24F31901603767F6,Unknown,32000,Unknown,Amplitude,0.001720244,0.028076172,Y,System,10/8/2026,,e571432949597eef0579a33db1a4852cd7257279e925f5e25aa2c67495ae9dd7
NOISE_0808,Kebun Raya Amplitudo/32 kHz Low Amplitudo/20261007_110200T.WAV,0,55,55,Kebun Raya Amplitudo,Low,-5.371499,105.314085,10/7/2026,10:35,Siang,Cerah,24F31901603767F6,Unknown,32000,Unknown,Amplitude,0.001585638,0.009338379,Y,System,10/8/2026,,8036819b5a42e553ef43e70aaf5a02728c6f9ea1d29752980ce3a0bf0a0c57c1
NOISE_0809,Kebun Raya Amplitudo/32 kHz Low Amplitudo/20261007_110300T.WAV,0,55,55,Kebun Raya Amplitudo,Low,-5.371499,105.314085,10/7/2026,10:35,Siang,Cerah,24F31901603767F6,Unknown,32000,Unknown,Amplitude,0.002007956,0.012420654,Y,System,10/8/2026,,3c769c88c002b492be28713e958ce3a3365b94f8ffb6b83e74dc4627cc9ea3fa
NOISE_0810,Kebun Raya Amplitudo/32 kHz Low Amplitudo/20261007_110400T.WAV,0,55,55,Kebun Raya Amplitudo,Low,-5.371499,105.314085,10/7/2026,10:35,Siang,Cerah,24F31901603767F6,Unknown,32000,Unknown,Amplitude,0.001940202,0.06011963,Y,System,10/8/2026,,f1ebcb0ee1384dfe5094a2c97440b3e106e7f095976a1c433620c75520137bb3
NOISE_0811,Kebun Raya Amplitudo/32 kHz Low Amplitudo/20261007_110500T.WAV,0,55,55,Kebun Raya Amplitudo,Low,-5.371499,105.314085,10/7/2026,10:35,Siang,Cerah,24F31901603767F6,Unknown,32000,Unknown,Amplitude,0.004456068,0.09542847,Y,System,10/8/2026,,4d0e16a59871ff1fa4ec0360a349088073731cb0387912a46820219521982046
NOISE_0812,Kebun Raya Amplitudo/32 kHz Low Amplitudo/20261007_110600T.WAV,0,55,55,Kebun Raya Amplitudo,Low,-5.371499,105.314085,10/7/2026,10:35,Siang,Cerah,24F31901603767F6,Unknown,32000,Unknown,Amplitude,0.001763351,0.012817383,Y,System,10/8/2026,,a263001f32ea70664879d4c3b5248ea92f49b4e961a9101090ac86dc72865683
NOISE_0813,Kebun Raya Amplitudo/32 kHz Low Amplitudo/20261007_110700T.WAV,0,55,55,Kebun Raya Amplitudo,Low,-5.371499,105.314085,10/7/2026,10:35,Siang,Cerah,24F31901603767F6,Unknown,32000,Unknown,Amplitude,0.001871703,0.029266357,Y,System,10/8/2026,,57eafffd49f540d054b8216b5c90db6fe8330aedc0298033b14c8ffe13dcfe35
NOISE_0814,Kebun Raya Amplitudo/32 kHz Low Amplitudo/20261007_110800T.WAV,0,55,55,Kebun Raya Amplitudo,Low,-5.371499,105.314085,10/7/2026,10:35,Siang,Cerah,24F31901603767F6,Unknown,32000,Unknown,Amplitude,0.002634645,0.021820068,Y,System,10/8/2026,,03d208376032e7b54fcf9de024a11a724bd9c9419a864a1f966648dfb9407520
NOISE_0815,Kebun Raya Amplitudo/32 kHz Low Amplitudo/20261007_110900T.WAV,0,55,55,Kebun Raya Amplitudo,Low,-5.371499,105.314085,10/7/2026,10:35,Siang,Cerah,24F31901603767F6,Unknown,32000,Unknown,Amplitude,0.004426897,0.041809082,Y,System,10/8/2026,,94f169495aea0ae8408998cb4057990f33b19ad84e8ddfa28d1c698c698c283d
NOISE_0816,Kebun Raya Amplitudo/32 kHz Low Amplitudo/20261007_111000T.WAV,0,55,55,Kebun Raya Amplitudo,Low,-5.371499,105.314085,10/7/2026,10:35,Siang,Cerah,24F31901603767F6,Unknown,32000,Unknown,Amplitude,0.004609254,0.05206299,Y,System,10/8/2026,,9c99e50184fba1a75577d15937ee517cc062899bce30d5b02be2b5b0f520a7ad
NOISE_0817,Kebun Raya Amplitudo/32 kHz Low Amplitudo/20261007_111100T.WAV,0,55,55,Kebun Raya Amplitudo,Low,-5.371499,105.314085,10/7/2026,10:35,Siang,Cerah,24F31901603767F6,Unknown,32000,Unknown,Amplitude,0.003954082,0.036468506,Y,System,10/8/2026,,38597d60221dd8ee698e39dbc7959e2336664d5bff4188419f23801bad768da1
NOISE_0818,Kebun Raya Amplitudo/32 kHz Low Amplitudo/20261007_111200T.WAV,0,55,55,Kebun Raya Amplitudo,Low,-5.371499,105.314085,10/7/2026,10:35,Siang,Cerah,24F31901603767F6,Unknown,32000,Unknown,Amplitude,0.003471842,0.02545166,Y,System,10/8/2026,,e95357808612757f826f8a99a657ae1ca586539fc7af958e0d282aca0b5226da
NOISE_0819,Kebun Raya Amplitudo/32 kHz Low Amplitudo/20261007_111300T.WAV,0,55,55,Kebun Raya Amplitudo,Low,-5.371499,105.314085,10/7/2026,10:35,Siang,Cerah,24F31901603767F6,Unknown,32000,Unknown,Amplitude,0.004411165,0.040039062,Y,System,10/8/2026,,e9803d7396c626172a2f7addb4ae0f5eaeb9c973e70f44a58218ef6cc855036e
NOISE_0820,Kebun Raya Amplitudo/32 kHz Low Amplitudo/20261007_111400T.WAV,0,55,55,Kebun Raya Amplitudo,Low,-5.371499,105.314085,10/7/2026,10:35,Siang,Cerah,24F31901603767F6,Unknown,32000,Unknown,Amplitude,0.00237977,0.03656006,Y,System,10/8/2026,,e4041211513f4bcaaaad1de50f2e03b05a1724459b6436a7432ab741837329a9
NOISE_0821,Kebun Raya Amplitudo/32 kHz Low Amplitudo/20261007_111500T.WAV,0,55,55,Kebun Raya Amplitudo,Low,-5.371499,105.314085,10/7/2026,10:35,Siang,Cerah,24F31901603767F6,Unknown,32000,Unknown,Amplitude,0.001074679,0.010986328,Y,System,10/8/2026,,b8d8c9a4c1d7bf8ec2561a35be8716384d3fac5bc4c3f3ef0d3b008f3f425bfe
NOISE_0822,Kebun Raya Amplitudo/32 kHz Low Amplitudo/20261007_111600T.WAV,0,55,55,Kebun Raya Amplitudo,Low,-5.371499,105.314085,10/7/2026,10:35,Siang,Cerah,24F31901603767F6,Unknown,32000,Unknown,Amplitude,0.001136643,0.015258789,Y,System,10/8/2026,,072695c1a8f0fb66acac3538394a22bb2a6dbc21ff6ef7d4741bf15c374d3845
NOISE_0823,Kebun Raya Amplitudo/32 kHz Low Amplitudo/20261007_111700T.WAV,0,55,55,Kebun Raya Amplitudo,Low,-5.371499,105.314085,10/7/2026,10:35,Siang,Cerah,24F31901603767F6,Unknown,32000,Unknown,Amplitude,0.001210663,0.12173462,Y,System,10/8/2026,,906c9453f4ab86dabaa7c654c4b7cfb8a9fda33aa01d2fa429bc5c8e11000452
NOISE_0824,Kebun Raya Amplitudo/32 kHz Low Amplitudo/20261007_111800T.WAV,0,55,55,Kebun Raya Amplitudo,Low,-5.371499,105.314085,10/7/2026,10:35,Siang,Cerah,24F31901603767F6,Unknown,32000,Unknown,Amplitude,0.001078615,0.014526367,Y,System,10/8/2026,,91e12eba2a4e65031fe9ff99c264b205945f77f02d00515b93f4710619d41a8e
NOISE_0825,Kebun Raya Amplitudo/32 kHz Low Amplitudo/20261007_111900T.WAV,0,55,55,Kebun Raya Amplitudo,Low,-5.371499,105.314085,10/7/2026,10:35,Siang,Cerah,24F31901603767F6,Unknown,32000,Unknown,Amplitude,0.002330137,0.01977539,Y,System,10/8/2026,,7455faf4bd47ba989f9900a90e64e1186558d5de479dabf063bb94abb96c1833
NOISE_0826,Kebun Raya Amplitudo/32 kHz Low Amplitudo/20261007_112000T.WAV,0,55,55,Kebun Raya Amplitudo,Low,-5.371499,105.314085,10/7/2026,10:35,Siang,Cerah,24F31901603767F6,Unknown,32000,Unknown,Amplitude,0.002731132,0.017150879,Y,System,10/8/2026,,8b5b42b7b22ec1e5c7b1addcafb806d53f662aea5be73c1a06093441a0b801e5
NOISE_0827,Kebun Raya Amplitudo/32 kHz Low Amplitudo/20261007_112100T.WAV,0,55,55,Kebun Raya Amplitudo,Low,-5.371499,105.314085,10/7/2026,10:35,Siang,Cerah,24F31901603767F6,Unknown,32000,Unknown,Amplitude,0.002245587,0.026000977,Y,System,10/8/2026,,018df3d85c5bb4d4e52abf6d27c3f5d64924205b0b026d08c9d28391c199049e
NOISE_0828,Kebun Raya Amplitudo/32 kHz Low Amplitudo/20261007_112200T.WAV,0,55,55,Kebun Raya Amplitudo,Low,-5.371499,105.314085,10/7/2026,10:35,Siang,Cerah,24F31901603767F6,Unknown,32000,Unknown,Amplitude,0.003455664,0.028137207,Y,System,10/8/2026,,071ebd933284acb2a529ca909606f79ef5e324a712f4fed49effbe600100104b
NOISE_0829,Kebun Raya Amplitudo/32 kHz Low Amplitudo/20261007_112300T.WAV,0,55,55,Kebun Raya Amplitudo,Low,-5.371499,105.314085,10/7/2026,10:35,Siang,Cerah,24F31901603767F6,Unknown,32000,Unknown,Amplitude,0.003338814,0.046020508,Y,System,10/8/2026,,303c19c5d43deb3326c6e7812833264062b28ab27390618e18246907947f4cae
NOISE_0830,Kebun Raya Amplitudo/32 kHz Low Amplitudo/20261007_112400T.WAV,0,55,55,Kebun Raya Amplitudo,Low,-5.371499,105.314085,10/7/2026,10:35,Siang,Cerah,24F31901603767F6,Unknown,32000,Unknown,Amplitude,0.002093187,0.045562744,Y,System,10/8/2026,,8716358a83a0e655fbbe7d38b3a8fb5356db32a16962ffa7dffe94f17345025d
NOISE_0831,Kebun Raya Amplitudo/32 kHz Low Amplitudo/20261007_112500T.WAV,0,55,55,Kebun Raya Amplitudo,Low,-5.371499,105.314085,10/7/2026,10:35,Siang,Cerah,24F31901603767F6,Unknown,32000,Unknown,Amplitude,0.002184416,0.042785645,Y,System,10/8/2026,,3a5e7b4a27fb6e87c42dddeb30d5b2ad5c08e5b13f5d977c63b80a072688d9d6
NOISE_0832,Kebun Raya Amplitudo/32 kHz Low Amplitudo/20261007_112600T.WAV,0,55,55,Kebun Raya Amplitudo,Low,-5.371499,105.314085,10/7/2026,10:35,Siang,Cerah,24F31901603767F6,Unknown,32000,Unknown,Amplitude,0.001477739,0.035217285,Y,System,10/8/2026,,be8cfadcb70905d79f0369041c73a96d4bf0ac6293dd9763f7902c337a635a2d
NOISE_0833,Kebun Raya Amplitudo/32 kHz Low Amplitudo/20261007_112700T.WAV,0,55,55,Kebun Raya Amplitudo,Low,-5.371499,105.314085,10/7/2026,10:35,Siang,Cerah,24F31901603767F6,Unknown,32000,Unknown,Amplitude,0.001655389,0.020629883,Y,System,10/8/2026,,a9e73e0440a1c8542c91c195f16587cdec06594e9754ab234e7466e806959caa
NOISE_0834,Kebun Raya Amplitudo/32 kHz Low Amplitudo/20261007_112800T.WAV,0,55,55,Kebun Raya Amplitudo,Low,-5.371499,105.314085,10/7/2026,10:35,Siang,Cerah,24F31901603767F6,Unknown,32000,Unknown,Amplitude,0.000983951,0.020263672,Y,System,10/8/2026,,cbd189174c7b59441d68935431f3e48227b47fb07ef765ed31d46735f1489012
NOISE_0835,Kebun Raya Amplitudo/32 kHz Low Amplitudo/20261007_112900T.WAV,0,55,55,Kebun Raya Amplitudo,Low,-5.371499,105.314085,10/7/2026,10:35,Siang,Cerah,24F31901603767F6,Unknown,32000,Unknown,Amplitude,0.000865484,0.005615234,Y,System,10/8/2026,,7e133ac211edcc255965712dece9eedec5d9543456e15cab4d5786e346eb34ec
NOISE_0836,Kebun Raya Amplitudo/32 kHz Low Amplitudo/20261007_113000T.WAV,0,55,55,Kebun Raya Amplitudo,Low,-5.371499,105.314085,10/7/2026,10:35,Siang,Cerah,24F31901603767F6,Unknown,32000,Unknown,Amplitude,0.001175691,0.012481689,Y,System,10/8/2026,,09004064b9e0b13bc0dc49c6da4f4f24d45b3e614049c811dd21f5ef302d3008
NOISE_0837,Kebun Raya Amplitudo/32 kHz Low Amplitudo/20261007_113100T.WAV,0,55,55,Kebun Raya Amplitudo,Low,-5.371499,105.314085,10/7/2026,10:35,Siang,Cerah,24F31901603767F6,Unknown,32000,Unknown,Amplitude,0.000969581,0.010253906,Y,System,10/8/2026,,30d63e713b6bb0e41000bf0986bb74e508c344797fe2a7c2e974a8654da1cfe9
NOISE_0838,Kebun Raya Amplitudo/32 kHz Low Amplitudo/20261007_113200T.WAV,0,55,55,Kebun Raya Amplitudo,Low,-5.371499,105.314085,10/7/2026,10:35,Siang,Cerah,24F31901603767F6,Unknown,32000,Unknown,Amplitude,0.00109071,0.010223389,Y,System,10/8/2026,,09d200073f208ee648192d9ec23a7c1d4e4bc0fe9606d88cb608ad685838f966
NOISE_0839,Kebun Raya Amplitudo/32 kHz Low Amplitudo/20261007_113300T.WAV,0,55,55,Kebun Raya Amplitudo,Low,-5.371499,105.314085,10/7/2026,10:35,Siang,Cerah,24F31901603767F6,Unknown,32000,Unknown,Amplitude,0.001477916,0.02142334,Y,System,10/8/2026,,99a6758878a244821a4bde2cf76fa8a1f19fc609623b30331084279c25d02213
NOISE_0840,Kebun Raya Amplitudo/32 kHz Low Amplitudo/20261007_113400T.WAV,0,55,55,Kebun Raya Amplitudo,Low,-5.371499,105.314085,10/7/2026,10:35,Siang,Cerah,24F31901603767F6,Unknown,32000,Unknown,Amplitude,0.001391782,0.016998291,Y,System,10/8/2026,,5f16a86d9d8a745aaf3fe9c10053e6c33bbc703bcd81bbc337cda992a2b3105e
NOISE_0841,Kebun Raya Amplitudo/32 kHz Medium Amplitudo/20261007_115000T.WAV,0,55,55,Kebun Raya Amplitudo,Medium,-5.369512,105.313667,10/7/2026,11:50,Siang,Cerah,24F31901603767F6,Unknown,32000,Unknown,Amplitude,0.021382725,0.35253906,Y,System,10/8/2026,,8abe6fbfada9a6d59655a92f678eb945f89aeadd48bcd828d48905b3f72aa3d9
NOISE_0842,Kebun Raya Amplitudo/32 kHz Medium Amplitudo/20261007_115100T.WAV,0,55,55,Kebun Raya Amplitudo,Medium,-5.369512,105.313667,10/7/2026,11:50,Siang,Cerah,24F31901603767F6,Unknown,32000,Unknown,Amplitude,0.02075423,0.2477417,Y,System,10/8/2026,,4602ad6db6af303e2c1ee3a2d2b4954e396ae039b61bca304d4872004995e0b0
NOISE_0843,Kebun Raya Amplitudo/32 kHz Medium Amplitudo/20261007_115200T.WAV,0,55,55,Kebun Raya Amplitudo,Medium,-5.369512,105.313667,10/7/2026,11:50,Siang,Cerah,24F31901603767F6,Unknown,32000,Unknown,Amplitude,0.022936963,0.26660156,Y,System,10/8/2026,,84175e6045e63af5ea6084489d2a4f67f9cfe16d7c23f2bee37a2977732ed80a
NOISE_0844,Kebun Raya Amplitudo/32 kHz Medium Amplitudo/20261007_115300T.WAV,0,55,55,Kebun Raya Amplitudo,Medium,-5.369512,105.313667,10/7/2026,11:50,Siang,Cerah,24F31901603767F6,Unknown,32000,Unknown,Amplitude,0.021367684,0.23202515,Y,System,10/8/2026,,2983094c90d4b151a93f0fe9e2a10c46f491fa7573245f8efdb32a21c505d206
NOISE_0845,Kebun Raya Amplitudo/32 kHz Medium Amplitudo/20261007_115400T.WAV,0,55,55,Kebun Raya Amplitudo,Medium,-5.369512,105.313667,10/7/2026,11:50,Siang,Cerah,24F31901603767F6,Unknown,32000,Unknown,Amplitude,0.019384058,0.19049072,Y,System,10/8/2026,,8530d937760fc3d9f7d6eaf4bc53af1594bcd1a530927b4df1f01cd960b56951
NOISE_0846,Kebun Raya Amplitudo/32 kHz Medium Amplitudo/20261007_115500T.WAV,0,55,55,Kebun Raya Amplitudo,Medium,-5.369512,105.313667,10/7/2026,11:50,Siang,Cerah,24F31901603767F6,Unknown,32000,Unknown,Amplitude,0.018298673,0.22677612,Y,System,10/8/2026,,3f739f38a497360de29dd24ecab63ae8473eeb4b76d1e1177dec1ecc33a8298a
NOISE_0847,Kebun Raya Amplitudo/32 kHz Medium Amplitudo/20261007_115600T.WAV,0,55,55,Kebun Raya Amplitudo,Medium,-5.369512,105.313667,10/7/2026,11:50,Siang,Cerah,24F31901603767F6,Unknown,32000,Unknown,Amplitude,0.015976371,0.18859863,Y,System,10/8/2026,,323418784ef788627e0d3128695285607d5d5d63b47e0949bf5a57418c4b1d93
NOISE_0848,Kebun Raya Amplitudo/32 kHz Medium Amplitudo/20261007_115700T.WAV,0,55,55,Kebun Raya Amplitudo,Medium,-5.369512,105.313667,10/7/2026,11:50,Siang,Cerah,24F31901603767F6,Unknown,32000,Unknown,Amplitude,0.01773827,0.35620117,Y,System,10/8/2026,,a482e7ffa145c42625bf501613112bda6cda7fb9a04a779e3eeaedfdc10a6729
NOISE_0849,Kebun Raya Amplitudo/32 kHz Medium Amplitudo/20261007_115800T.WAV,0,55,55,Kebun Raya Amplitudo,Medium,-5.369512,105.313667,10/7/2026,11:50,Siang,Cerah,24F31901603767F6,Unknown,32000,Unknown,Amplitude,0.01636713,0.36773682,Y,System,10/8/2026,,5cba2290adc0ffcfcbcd404ecca611f49db193fa57dc5845b7ee3daea45a2d06
NOISE_0850,Kebun Raya Amplitudo/32 kHz Medium Amplitudo/20261007_115900T.WAV,0,55,55,Kebun Raya Amplitudo,Medium,-5.369512,105.313667,10/7/2026,11:50,Siang,Cerah,24F31901603767F6,Unknown,32000,Unknown,Amplitude,0.017969664,0.46585083,Y,System,10/8/2026,,730f77b53b62e24b9367e6504d6a63c167ba721e3abc052a43c51fc75fa3191b
NOISE_0851,Kebun Raya Amplitudo/32 kHz Medium Amplitudo/20261007_120000T.WAV,0,55,55,Kebun Raya Amplitudo,Medium,-5.369512,105.313667,10/7/2026,11:50,Siang,Cerah,24F31901603767F6,Unknown,32000,Unknown,Amplitude,0.015873669,0.22097778,Y,System,10/8/2026,,ad68be76419813e21f76ad2fe73f4305cecd20b6fe9bd735ee9c5fcc1d38d624
NOISE_0852,Kebun Raya Amplitudo/32 kHz Medium Amplitudo/20261007_120100T.WAV,0,55,55,Kebun Raya Amplitudo,Medium,-5.369512,105.313667,10/7/2026,11:50,Siang,Cerah,24F31901603767F6,Unknown,32000,Unknown,Amplitude,0.026456451,0.60772705,Y,System,10/8/2026,,b4ae66ed0807ed3b556ba0794f5750f368f148859bb4d949fe105eea98ed7402
NOISE_0853,Kebun Raya Amplitudo/32 kHz Medium Amplitudo/20261007_120200T.WAV,0,55,55,Kebun Raya Amplitudo,Medium,-5.369512,105.313667,10/7/2026,11:50,Siang,Cerah,24F31901603767F6,Unknown,32000,Unknown,Amplitude,0.017468637,0.5354614,Y,System,10/8/2026,,50bafdcac5039f665f8c0ef4b51afe6da5e965ca953d4417945fdc04e0968c11
NOISE_0854,Kebun Raya Amplitudo/32 kHz Medium Amplitudo/20261007_120300T.WAV,0,55,55,Kebun Raya Amplitudo,Medium,-5.369512,105.313667,10/7/2026,11:50,Siang,Cerah,24F31901603767F6,Unknown,32000,Unknown,Amplitude,0.018695368,0.4171753,Y,System,10/8/2026,,a2dd96acd1cdb7a05b58ff5a9338f6ced85acc480beb500c7a7e7cf94641d2d2
NOISE_0855,Kebun Raya Amplitudo/32 kHz Medium Amplitudo/20261007_120400T.WAV,0,55,55,Kebun Raya Amplitudo,Medium,-5.369512,105.313667,10/7/2026,11:50,Siang,Cerah,24F31901603767F6,Unknown,32000,Unknown,Amplitude,0.016661182,0.33547974,Y,System,10/8/2026,,2fc3b4040f0b07c3207466855e76727e95cbd1678a8d4def00393d393fd12064
NOISE_0856,Kebun Raya Amplitudo/32 kHz Medium Amplitudo/20261007_120500T.WAV,0,55,55,Kebun Raya Amplitudo,Medium,-5.369512,105.313667,10/7/2026,11:50,Siang,Cerah,24F31901603767F6,Unknown,32000,Unknown,Amplitude,0.01679863,0.2640686,Y,System,10/8/2026,,2a9c8e6c95570b4c8d5280b8e1954eec87f10082dcb7b25fbc73b349764fe272
NOISE_0857,Kebun Raya Amplitudo/32 kHz Medium Amplitudo/20261007_120600T.WAV,0,55,55,Kebun Raya Amplitudo,Medium,-5.369512,105.313667,10/7/2026,11:50,Siang,Cerah,24F31901603767F6,Unknown,32000,Unknown,Amplitude,0.017967692,0.27844238,Y,System,10/8/2026,,adb392392fd525a1427fc0734f4598d8619a24cea0d567df753623d132d63ec3
NOISE_0858,Kebun Raya Amplitudo/32 kHz Medium Amplitudo/20261007_120700T.WAV,0,55,55,Kebun Raya Amplitudo,Medium,-5.369512,105.313667,10/7/2026,11:50,Siang,Cerah,24F31901603767F6,Unknown,32000,Unknown,Amplitude,0.021317089,0.27578735,Y,System,10/8/2026,,b9e8672f9b47e85fd1e9329e449f410638eab742e0a5ffa41c770935e46f4205
NOISE_0859,Kebun Raya Amplitudo/32 kHz Medium Amplitudo/20261007_120800T.WAV,0,55,55,Kebun Raya Amplitudo,Medium,-5.369512,105.313667,10/7/2026,11:50,Siang,Cerah,24F31901603767F6,Unknown,32000,Unknown,Amplitude,0.031189661,0.5729675,Y,System,10/8/2026,,c9233efc94c21cc2d1aa881d34350f83195b4896fef4bfe15efc37714c15e27e
NOISE_0860,Kebun Raya Amplitudo/32 kHz Medium Amplitudo/20261007_120900T.WAV,0,55,55,Kebun Raya Amplitudo,Medium,-5.369512,105.313667,10/7/2026,11:50,Siang,Cerah,24F31901603767F6,Unknown,32000,Unknown,Amplitude,0.018086364,0.29858398,Y,System,10/8/2026,,6ad903db98cfb56ff1c949d1d7fc0262117ada7cd66b66b1d51eaf0e05f01e59
NOISE_0861,Kebun Raya Amplitudo/32 kHz Medium Amplitudo/20261007_121000T.WAV,0,55,55,Kebun Raya Amplitudo,Medium,-5.369512,105.313667,10/7/2026,11:50,Siang,Cerah,24F31901603767F6,Unknown,32000,Unknown,Amplitude,0.026493154,0.80200195,Y,System,10/8/2026,,be77447027e637b5a5c378167fa82801490c0be29ccaf248c44383782e39fe20
NOISE_0862,Kebun Raya Amplitudo/32 kHz Medium Amplitudo/20261007_121100T.WAV,0,55,55,Kebun Raya Amplitudo,Medium,-5.369512,105.313667,10/7/2026,11:50,Siang,Cerah,24F31901603767F6,Unknown,32000,Unknown,Amplitude,0.018874962,0.42297363,Y,System,10/8/2026,,b4aa5d03a3be947cbbfb9457dd33c80ddb0feb3572a57492520a88bcf58d11e4
NOISE_0863,Kebun Raya Amplitudo/32 kHz Medium Amplitudo/20261007_121200T.WAV,0,55,55,Kebun Raya Amplitudo,Medium,-5.369512,105.313667,10/7/2026,11:50,Siang,Cerah,24F31901603767F6,Unknown,32000,Unknown,Amplitude,0.025652476,0.45959473,Y,System,10/8/2026,,45e6f2638adedb75fe17f415ff0ac9d9fa9ef5311c0f9339c46da15470606bcf
NOISE_0864,Kebun Raya Amplitudo/32 kHz Medium Amplitudo/20261007_121300T.WAV,0,55,55,Kebun Raya Amplitudo,Medium,-5.369512,105.313667,10/7/2026,11:50,Siang,Cerah,24F31901603767F6,Unknown,32000,Unknown,Amplitude,0.021800766,0.5784302,Y,System,10/8/2026,,4aab25849c53d8e6d2fd8e49d27d14be04360584a5cdfc6c54c68cf5e25b51df
NOISE_0865,Kebun Raya Amplitudo/32 kHz Medium Amplitudo/20261007_121400T.WAV,0,55,55,Kebun Raya Amplitudo,Medium,-5.369512,105.313667,10/7/2026,11:50,Siang,Cerah,24F31901603767F6,Unknown,32000,Unknown,Amplitude,0.021250397,0.2190857,Y,System,10/8/2026,,95dca08f3bc38086d7f290c2feda03201fd7d70fba47dcce41cc549af6ffc830
NOISE_0866,Kebun Raya Amplitudo/32 kHz Medium Amplitudo/20261007_121500T.WAV,0,55,55,Kebun Raya Amplitudo,Medium,-5.369512,105.313667,10/7/2026,11:50,Siang,Cerah,24F31901603767F6,Unknown,32000,Unknown,Amplitude,0.019331152,0.26940918,Y,System,10/8/2026,,fd544778de59e24f985f4f949cdcefa0e92fb67853d54a5ae1910db88539211b
NOISE_0867,Kebun Raya Amplitudo/32 kHz Medium Amplitudo/20261007_121600T.WAV,0,55,55,Kebun Raya Amplitudo,Medium,-5.369512,105.313667,10/7/2026,11:50,Siang,Cerah,24F31901603767F6,Unknown,32000,Unknown,Amplitude,0.017002005,0.2763672,Y,System,10/8/2026,,3da606ce4d1d3610be00df62e16f58ecba8558a839fac2bd1d4256d70bbb4bf3
NOISE_0868,Kebun Raya Amplitudo/32 kHz Medium Amplitudo/20261007_121700T.WAV,0,55,55,Kebun Raya Amplitudo,Medium,-5.369512,105.313667,10/7/2026,11:50,Siang,Cerah,24F31901603767F6,Unknown,32000,Unknown,Amplitude,0.016387334,0.25280762,Y,System,10/8/2026,,c242fd1a4db20242fc730e8af6f18c4bca989c0f8fc0a9b50280c5c13dd18e35
NOISE_0869,Kebun Raya Amplitudo/32 kHz Medium Amplitudo/20261007_121800T.WAV,0,55,55,Kebun Raya Amplitudo,Medium,-5.369512,105.313667,10/7/2026,11:50,Siang,Cerah,24F31901603767F6,Unknown,32000,Unknown,Amplitude,0.017986478,0.2164917,Y,System,10/8/2026,,59b9b3dcdf1fe0460d47aa9298fafe4a965bc4343124fd75c634aa075631350a
NOISE_0870,Kebun Raya Amplitudo/32 kHz Medium Amplitudo/20261007_121900T.WAV,0,55,55,Kebun Raya Amplitudo,Medium,-5.369512,105.313667,10/7/2026,11:50,Siang,Cerah,24F31901603767F6,Unknown,32000,Unknown,Amplitude,0.020246474,0.19088745,Y,System,10/8/2026,,332b346fa53c62008ed9154a17470e70ae4ab11e7bc251018e1fc1be639da809
NOISE_0871,Kebun Raya Amplitudo/32 kHz Medium Amplitudo/20261007_122000T.WAV,0,55,55,Kebun Raya Amplitudo,Medium,-5.369512,105.313667,10/7/2026,11:50,Siang,Cerah,24F31901603767F6,Unknown,32000,Unknown,Amplitude,0.018213466,0.36254883,Y,System,10/8/2026,,b8772b9031897d5478de1f6a26e51ce05dae2024fce837fb79abd5650af6abf9
NOISE_0872,Kebun Raya Amplitudo/32 kHz Medium Amplitudo/20261007_122100T.WAV,0,55,55,Kebun Raya Amplitudo,Medium,-5.369512,105.313667,10/7/2026,11:50,Siang,Cerah,24F31901603767F6,Unknown,32000,Unknown,Amplitude,0.021251224,0.5996704,Y,System,10/8/2026,,a814f64f943b0bc493f7941ed584287c76abe2e78449ee8c043bf4c70eb827d9
NOISE_0873,Kebun Raya Amplitudo/32 kHz Medium Amplitudo/20261007_122200T.WAV,0,55,55,Kebun Raya Amplitudo,Medium,-5.369512,105.313667,10/7/2026,11:50,Siang,Cerah,24F31901603767F6,Unknown,32000,Unknown,Amplitude,0.017865818,0.19680786,Y,System,10/8/2026,,d32bfb9070a77440f54992db1ae2fbf0ed333702cf9761776e349edf2c85a976
NOISE_0874,Kebun Raya Amplitudo/32 kHz Medium Amplitudo/20261007_122300T.WAV,0,55,55,Kebun Raya Amplitudo,Medium,-5.369512,105.313667,10/7/2026,11:50,Siang,Cerah,24F31901603767F6,Unknown,32000,Unknown,Amplitude,0.017596815,0.16268921,Y,System,10/8/2026,,5b845e5a74e99e74e3df851e3710cae527a22d51b78f5b7792c2eed23dcfd3c1
NOISE_0875,Kebun Raya Amplitudo/32 kHz Medium Amplitudo/20261007_122400T.WAV,0,55,55,Kebun Raya Amplitudo,Medium,-5.369512,105.313667,10/7/2026,11:50,Siang,Cerah,24F31901603767F6,Unknown,32000,Unknown,Amplitude,0.021163607,0.21148682,Y,System,10/8/2026,,3b7cc03aa14074083e618a09abee3fb0bd687e517574dc89b9c7a62b22790ddf
NOISE_0876,Kebun Raya Amplitudo/32 kHz Medium Amplitudo/20261007_122500T.WAV,0,55,55,Kebun Raya Amplitudo,Medium,-5.369512,105.313667,10/7/2026,11:50,Siang,Cerah,24F31901603767F6,Unknown,32000,Unknown,Amplitude,0.022775156,0.25778198,Y,System,10/8/2026,,9cc4c11e659892fa20460e99f8874c4cfcb285b1aa8bd765a16a606f0eda3362
NOISE_0877,Kebun Raya Amplitudo/32 kHz Medium Amplitudo/20261007_122600T.WAV,0,55,55,Kebun Raya Amplitudo,Medium,-5.369512,105.313667,10/7/2026,11:50,Siang,Cerah,24F31901603767F6,Unknown,32000,Unknown,Amplitude,0.024228081,0.27600098,Y,System,10/8/2026,,cf212c31670a29975e1f68711811389807e789083e92689e4495134e13f87816
NOISE_0878,Kebun Raya Amplitudo/32 kHz Medium Amplitudo/20261007_122700T.WAV,0,55,55,Kebun Raya Amplitudo,Medium,-5.369512,105.313667,10/7/2026,11:50,Siang,Cerah,24F31901603767F6,Unknown,32000,Unknown,Amplitude,0.03960747,0.8386841,Y,System,10/8/2026,,c6a93aefc6efe8ae8e05f8ea85874cdcd4fb363025f401dad77cd7a72cd0edd6
NOISE_0879,Kebun Raya Amplitudo/32 kHz Medium Amplitudo/20261007_122800T.WAV,0,55,55,Kebun Raya Amplitudo,Medium,-5.369512,105.313667,10/7/2026,11:50,Siang,Cerah,24F31901603767F6,Unknown,32000,Unknown,Amplitude,0.021644896,0.3413391,Y,System,10/8/2026,,4484c13c986d722ee6069a28ebd490c138f370dd5b5ae07c18a35c078ec7c128
NOISE_0880,Kebun Raya Amplitudo/32 kHz Medium Amplitudo/20261007_122900T.WAV,0,55,55,Kebun Raya Amplitudo,Medium,-5.369512,105.313667,10/7/2026,11:50,Siang,Cerah,24F31901603767F6,Unknown,32000,Unknown,Amplitude,0.017335454,0.24398804,Y,System,10/8/2026,,1f728f71cc2fb574278131a6973e9df6dd16eef14227226f2842967e22f9bc0c
NOISE_0881,Kebun Raya Amplitudo/32 kHz Medium Amplitudo/20261007_123000T.WAV,0,55,55,Kebun Raya Amplitudo,Medium,-5.369512,105.313667,10/7/2026,11:50,Siang,Cerah,24F31901603767F6,Unknown,32000,Unknown,Amplitude,0.03293663,0.88183594,Y,System,10/8/2026,,e7aad831d38288cf94cefcb545d364f54a51533e418b22bb3d9af62100149aa0
NOISE_0882,Kebun Raya Amplitudo/32 kHz Medium Amplitudo/20261007_123100T.WAV,0,55,55,Kebun Raya Amplitudo,Medium,-5.369512,105.313667,10/7/2026,11:50,Siang,Cerah,24F31901603767F6,Unknown,32000,Unknown,Amplitude,0.017394224,0.17703247,Y,System,10/8/2026,,8cf86f3c9eb9e0c8423817aeab7ad12804f6855f01c0afedaf93ad57c32d6ef0
NOISE_0883,Kebun Raya Amplitudo/32 kHz Medium Amplitudo/20261007_123200T.WAV,0,55,55,Kebun Raya Amplitudo,Medium,-5.369512,105.313667,10/7/2026,11:50,Siang,Cerah,24F31901603767F6,Unknown,32000,Unknown,Amplitude,0.021371199,0.25680542,Y,System,10/8/2026,,8df722e2f67c49706cbe5f595a5d1f6c8b4f7009ec3aae9c0e9b8540518eac61
NOISE_0884,Kebun Raya Amplitudo/32 kHz Medium Amplitudo/20261007_123300T.WAV,0,55,55,Kebun Raya Amplitudo,Medium,-5.369512,105.313667,10/7/2026,11:50,Siang,Cerah,24F31901603767F6,Unknown,32000,Unknown,Amplitude,0.018494008,0.19042969,Y,System,10/8/2026,,3bae0bff9b964438941416963f9bd288803f1c58e01ccc7e8d0c5285108018f4
NOISE_0885,Kebun Raya Amplitudo/32 kHz Medium Amplitudo/20261007_123400T.WAV,0,55,55,Kebun Raya Amplitudo,Medium,-5.369512,105.313667,10/7/2026,11:50,Siang,Cerah,24F31901603767F6,Unknown,32000,Unknown,Amplitude,0.016974961,0.2501526,Y,System,10/8/2026,,9246527cc6645a5388f17c2a5eed35d403e9d095cafe331b719581a763205990
NOISE_0886,Kebun Raya Amplitudo/32 kHz Medium Amplitudo/20261007_123500T.WAV,0,55,55,Kebun Raya Amplitudo,Medium,-5.369512,105.313667,10/7/2026,11:50,Siang,Cerah,24F31901603767F6,Unknown,32000,Unknown,Amplitude,0.033661164,0.7362976,Y,System,10/8/2026,,e27db5d31add3d50ce94b3d9c26fe2ec6234dec55a3b416f9725e95fc840f94f
NOISE_0887,Kebun Raya Amplitudo/32 kHz Medium Amplitudo/20261007_123600T.WAV,0,55,55,Kebun Raya Amplitudo,Medium,-5.369512,105.313667,10/7/2026,11:50,Siang,Cerah,24F31901603767F6,Unknown,32000,Unknown,Amplitude,0.019677075,0.30096436,Y,System,10/8/2026,,4f66ec2cdbdbe307098c337809905338ea541232a246f3c97ae00d9d1ad4567f
NOISE_0888,Kebun Raya Amplitudo/32 kHz Medium Amplitudo/20261007_123700T.WAV,0,55,55,Kebun Raya Amplitudo,Medium,-5.369512,105.313667,10/7/2026,11:50,Siang,Cerah,24F31901603767F6,Unknown,32000,Unknown,Amplitude,0.017668545,0.44873047,Y,System,10/8/2026,,81a312a6ad071bac94f88a0ce3a3044b6058103af6cdf151d4bf705c6b05826c
NOISE_0889,Kebun Raya Amplitudo/32 kHz Medium Amplitudo/20261007_123800T.WAV,0,55,55,Kebun Raya Amplitudo,Medium,-5.369512,105.313667,10/7/2026,11:50,Siang,Cerah,24F31901603767F6,Unknown,32000,Unknown,Amplitude,0.020435518,0.2354126,Y,System,10/8/2026,,feb3bc226df39ca536e98a70aca805c6447836e41c43c2ee85ed29f0895b7736
NOISE_0890,Kebun Raya Amplitudo/32 kHz Medium Amplitudo/20261007_123900T.WAV,0,55,55,Kebun Raya Amplitudo,Medium,-5.369512,105.313667,10/7/2026,11:50,Siang,Cerah,24F31901603767F6,Unknown,32000,Unknown,Amplitude,0.018382119,0.44100952,Y,System,10/8/2026,,4a20368b37a683c94f9a0865289107f283fffe4a9a449e723fdcf9db92e63432
NOISE_0891,Kebun Raya Amplitudo/32 kHz Medium Amplitudo/20261007_124000T.WAV,0,55,55,Kebun Raya Amplitudo,Medium,-5.369512,105.313667,10/7/2026,11:50,Siang,Cerah,24F31901603767F6,Unknown,32000,Unknown,Amplitude,0.019419035,0.24700928,Y,System,10/8/2026,,4ba1d932f06b2a854ce23ee1ae6fa45d61cc59d2eb99846de2333560e48597d6
NOISE_0892,Kebun Raya Amplitudo/32 kHz Medium Amplitudo/20261007_124100T.WAV,0,55,55,Kebun Raya Amplitudo,Medium,-5.369512,105.313667,10/7/2026,11:50,Siang,Cerah,24F31901603767F6,Unknown,32000,Unknown,Amplitude,0.017106643,0.25268555,Y,System,10/8/2026,,31bc03a5c101e771ef8ceb0e2270ca4bebdb7316f66eaa423b2bbe17095c3332
NOISE_0893,Kebun Raya Amplitudo/32 kHz Medium Amplitudo/20261007_124200T.WAV,0,55,55,Kebun Raya Amplitudo,Medium,-5.369512,105.313667,10/7/2026,11:50,Siang,Cerah,24F31901603767F6,Unknown,32000,Unknown,Amplitude,0.017661776,0.3121338,Y,System,10/8/2026,,e682d62d9b5a55c663822f83e697e4afc9dadcffcecc67fd7a26a5d97aed8495
NOISE_0894,Kebun Raya Amplitudo/32 kHz Medium Amplitudo/20261007_124300T.WAV,0,55,55,Kebun Raya Amplitudo,Medium,-5.369512,105.313667,10/7/2026,11:50,Siang,Cerah,24F31901603767F6,Unknown,32000,Unknown,Amplitude,0.024274407,0.33621216,Y,System,10/8/2026,,5bee94b3433f7903925d9230cc74f49b7048a264aedb2e9065714b2728bc514f
NOISE_0895,Kebun Raya Amplitudo/32 kHz Medium Amplitudo/20261007_124400T.WAV,0,55,55,Kebun Raya Amplitudo,Medium,-5.369512,105.313667,10/7/2026,11:50,Siang,Cerah,24F31901603767F6,Unknown,32000,Unknown,Amplitude,0.019737098,0.2846985,Y,System,10/8/2026,,95546f0713b4d2b290b7df91c8489d08a465f4dcb5d89c2adeaf6f6e7b5ff24f
NOISE_0896,Kebun Raya Amplitudo/32 kHz Medium Amplitudo/20261007_124500T.WAV,0,55,55,Kebun Raya Amplitudo,Medium,-5.369512,105.313667,10/7/2026,11:50,Siang,Cerah,24F31901603767F6,Unknown,32000,Unknown,Amplitude,0.023823798,0.5487976,Y,System,10/8/2026,,89843585a1b00856f74f6e0aba2b12b33adb84b65c05657af7f49cd53a1c6f10
NOISE_0897,Kebun Raya Amplitudo/32 kHz Medium Amplitudo/20261007_124600T.WAV,0,55,55,Kebun Raya Amplitudo,Medium,-5.369512,105.313667,10/7/2026,11:50,Siang,Cerah,24F31901603767F6,Unknown,32000,Unknown,Amplitude,0.018961959,0.23504639,Y,System,10/8/2026,,730ca7f26dd7892443292bf4442adb9e0659dfed0649fed15fd2fb1608cf9a71
NOISE_0898,Kebun Raya Amplitudo/32 kHz Medium Amplitudo/20261007_124700T.WAV,0,55,55,Kebun Raya Amplitudo,Medium,-5.369512,105.313667,10/7/2026,11:50,Siang,Cerah,24F31901603767F6,Unknown,32000,Unknown,Amplitude,0.017373502,0.15560913,Y,System,10/8/2026,,947a6a2b2b4edcb0c548ab7333da1fee1543f612b93c2cfc82d02f1d5c22750f
NOISE_0899,Kebun Raya Amplitudo/32 kHz Medium Amplitudo/20261007_124800T.WAV,0,55,55,Kebun Raya Amplitudo,Medium,-5.369512,105.313667,10/7/2026,11:50,Siang,Cerah,24F31901603767F6,Unknown,32000,Unknown,Amplitude,0.01905327,0.28823853,Y,System,10/8/2026,,03f577e99a1487f08a3781c90d496c102a32ea545e76523388aa07975a760856
NOISE_0900,Kebun Raya Amplitudo/32 kHz Medium Amplitudo/20261007_124900T.WAV,0,55,55,Kebun Raya Amplitudo,Medium,-5.369512,105.313667,10/7/2026,11:50,Siang,Cerah,24F31901603767F6,Unknown,32000,Unknown,Amplitude,0.020150874,0.56658936,Y,System,10/8/2026,,015c88d84e5c748339fbca2fa31ebb52cbb7b0791177242e3caa1bf878fa05df
NOISE_0901,Kebun Raya Frequency/32 kHz High Frequency Kebun Raya/20260921_153000T.WAV,0,55,55,Kebun Raya Frequency,High,-5.368632,105.312012,9/21/2026,15:30,Siang,Cerah,24F31901603767F6,Unknown,32000,Unknown,Frequency,0.037409928,0.9999695,Y,System,10/8/2026,,c662bf1cf4c1c5c01d9ca7fe9bbd29dcfba88b994e13b4a2145eed4c0f3a7425
NOISE_0902,Kebun Raya Frequency/32 kHz High Frequency Kebun Raya/20260921_153100T.WAV,0,55,55,Kebun Raya Frequency,High,-5.368632,105.312012,9/21/2026,15:30,Siang,Cerah,24F31901603767F6,Unknown,32000,Unknown,Frequency,0.021786734,0.25836182,Y,System,10/8/2026,,7ef5ac39d7ebf66d4c17e42499c13e956a7a448fcf4779d9db7550f03fc3c679
NOISE_0903,Kebun Raya Frequency/32 kHz High Frequency Kebun Raya/20260921_153200T.WAV,0,55,55,Kebun Raya Frequency,High,-5.368632,105.312012,9/21/2026,15:30,Siang,Cerah,24F31901603767F6,Unknown,32000,Unknown,Frequency,0.024861611,0.32818604,Y,System,10/8/2026,,9df275447dc73b4a732215cce0f5e326ccb3c43ade036e0c4573cda3eb75f1fc
NOISE_0904,Kebun Raya Frequency/32 kHz High Frequency Kebun Raya/20260921_153300T.WAV,0,55,55,Kebun Raya Frequency,High,-5.368632,105.312012,9/21/2026,15:30,Siang,Cerah,24F31901603767F6,Unknown,32000,Unknown,Frequency,0.020370739,0.2534485,Y,System,10/8/2026,,9d73aacbb3c41dbf45eb0ce263abc84ee3610a71fb47cd11cfb718c1284051f4
NOISE_0905,Kebun Raya Frequency/32 kHz High Frequency Kebun Raya/20260921_153400T.WAV,0,55,55,Kebun Raya Frequency,High,-5.368632,105.312012,9/21/2026,15:30,Siang,Cerah,24F31901603767F6,Unknown,32000,Unknown,Frequency,0.027374424,0.29318237,Y,System,10/8/2026,,20ebefa35ef35c1714682f8a8372497677fd0f60542bff4487fc92a0fafcf274
NOISE_0906,Kebun Raya Frequency/32 kHz High Frequency Kebun Raya/20260921_153500T.WAV,0,55,55,Kebun Raya Frequency,High,-5.368632,105.312012,9/21/2026,15:30,Siang,Cerah,24F31901603767F6,Unknown,32000,Unknown,Frequency,0.031500448,0.30740356,Y,System,10/8/2026,,ffdaf7363ee2af84f143084ceed1a69bde829819c3759c9d4f29cab8f2223d29
NOISE_0907,Kebun Raya Frequency/32 kHz High Frequency Kebun Raya/20260921_153600T.WAV,0,55,55,Kebun Raya Frequency,High,-5.368632,105.312012,9/21/2026,15:30,Siang,Cerah,24F31901603767F6,Unknown,32000,Unknown,Frequency,0.039646164,0.31414795,Y,System,10/8/2026,,9f9424170a36db19f1b3dbddafe43bf969cf7ed4833e90c882544008a302da34
NOISE_0908,Kebun Raya Frequency/32 kHz High Frequency Kebun Raya/20260921_153700T.WAV,0,55,55,Kebun Raya Frequency,High,-5.368632,105.312012,9/21/2026,15:30,Siang,Cerah,24F31901603767F6,Unknown,32000,Unknown,Frequency,0.0341095,0.3421936,Y,System,10/8/2026,,daf422175e15d0fa557e464711868bddee77a079b59ad863140505d4ceb9da33
NOISE_0909,Kebun Raya Frequency/32 kHz High Frequency Kebun Raya/20260921_153800T.WAV,0,55,55,Kebun Raya Frequency,High,-5.368632,105.312012,9/21/2026,15:30,Siang,Cerah,24F31901603767F6,Unknown,32000,Unknown,Frequency,0.033396635,0.39517212,Y,System,10/8/2026,,ef58bf13c7224d70117a34381429ad33f5694b8070961307955d3513920168e9
NOISE_0910,Kebun Raya Frequency/32 kHz High Frequency Kebun Raya/20260921_153900T.WAV,0,55,55,Kebun Raya Frequency,High,-5.368632,105.312012,9/21/2026,15:30,Siang,Cerah,24F31901603767F6,Unknown,32000,Unknown,Frequency,0.03618082,0.31469727,Y,System,10/8/2026,,843a432390a855e4a9bdc419d8195dd0598c265ae465a357137ee3aba8588f0e
NOISE_0911,Kebun Raya Frequency/32 kHz High Frequency Kebun Raya/20260921_154000T.WAV,0,55,55,Kebun Raya Frequency,High,-5.368632,105.312012,9/21/2026,15:30,Siang,Cerah,24F31901603767F6,Unknown,32000,Unknown,Frequency,0.03258335,0.289917,Y,System,10/8/2026,,a44581ab79f25cd53e1be4442bb33b3d6d10da16f020ab2bfd40b7a47e6d2036
NOISE_0912,Kebun Raya Frequency/32 kHz High Frequency Kebun Raya/20260921_154100T.WAV,0,55,55,Kebun Raya Frequency,High,-5.368632,105.312012,9/21/2026,15:30,Siang,Cerah,24F31901603767F6,Unknown,32000,Unknown,Frequency,0.033171624,0.37051392,Y,System,10/8/2026,,6bb6443800c313e6c1aaf26aa3f3bc2a21c0e2667e1077955eed80b946c10e5e
NOISE_0913,Kebun Raya Frequency/32 kHz High Frequency Kebun Raya/20260921_154200T.WAV,0,55,55,Kebun Raya Frequency,High,-5.368632,105.312012,9/21/2026,15:30,Siang,Cerah,24F31901603767F6,Unknown,32000,Unknown,Frequency,0.036086902,0.361969,Y,System,10/8/2026,,fa3fb267e12c2a07a351db6ff3bbaf2d58f19f2541e8284f72711e16b79e02c9
NOISE_0914,Kebun Raya Frequency/32 kHz High Frequency Kebun Raya/20260921_154300T.WAV,0,55,55,Kebun Raya Frequency,High,-5.368632,105.312012,9/21/2026,15:30,Siang,Cerah,24F31901603767F6,Unknown,32000,Unknown,Frequency,0.030640338,0.35534668,Y,System,10/8/2026,,85eb1b8f219f00be6e16334b8c0ac3f8f3c0deea61b99afca3355f5d2ffa0fa1
NOISE_0915,Kebun Raya Frequency/32 kHz High Frequency Kebun Raya/20260921_154400T.WAV,0,55,55,Kebun Raya Frequency,High,-5.368632,105.312012,9/21/2026,15:30,Siang,Cerah,24F31901603767F6,Unknown,32000,Unknown,Frequency,0.031665973,0.29248047,Y,System,10/8/2026,,dded813b788ac36a4f747dca3cc07ec980d82ca7570ee57835ad107b1be388ce
NOISE_0916,Kebun Raya Frequency/32 kHz High Frequency Kebun Raya/20260921_154500T.WAV,0,55,55,Kebun Raya Frequency,High,-5.368632,105.312012,9/21/2026,15:30,Siang,Cerah,24F31901603767F6,Unknown,32000,Unknown,Frequency,0.040889457,0.61120605,Y,System,10/8/2026,,00e8aa2ab72e49f8d95390730be725ff3bbd5a6ced2741d93efc3b25f54aabeb
NOISE_0917,Kebun Raya Frequency/32 kHz High Frequency Kebun Raya/20260921_154600T.WAV,0,55,55,Kebun Raya Frequency,High,-5.368632,105.312012,9/21/2026,15:30,Siang,Cerah,24F31901603767F6,Unknown,32000,Unknown,Frequency,0.042142987,0.510437,Y,System,10/8/2026,,f609581e4402df0ff3484bfa36f1a6dbb05823a2c6f0a81c7675f88c6a896277
NOISE_0918,Kebun Raya Frequency/32 kHz High Frequency Kebun Raya/20260921_154700T.WAV,0,55,55,Kebun Raya Frequency,High,-5.368632,105.312012,9/21/2026,15:30,Siang,Cerah,24F31901603767F6,Unknown,32000,Unknown,Frequency,0.0469429,0.41125488,Y,System,10/8/2026,,e74dd71e09e3dac3b130fb8d4e78db28f773ba9e8688fc2f1fdb9f1f79e33c9b
NOISE_0919,Kebun Raya Frequency/32 kHz High Frequency Kebun Raya/20260921_154800T.WAV,0,55,55,Kebun Raya Frequency,High,-5.368632,105.312012,9/21/2026,15:30,Siang,Cerah,24F31901603767F6,Unknown,32000,Unknown,Frequency,0.027385363,0.27667236,Y,System,10/8/2026,,c5d62b4907f187bb193f18f56d5e8f8320cafb82fe7ba156be103cd2af5db758
NOISE_0920,Kebun Raya Frequency/32 kHz High Frequency Kebun Raya/20260921_154900T.WAV,0,55,55,Kebun Raya Frequency,High,-5.368632,105.312012,9/21/2026,15:30,Siang,Cerah,24F31901603767F6,Unknown,32000,Unknown,Frequency,0.033272017,0.33633423,Y,System,10/8/2026,,45ed57f9c24d5c0279fe5891447f03391ba01c5f7e88d342bc97ba4d95333437
NOISE_0921,Kebun Raya Frequency/32 kHz High Frequency Kebun Raya/20260921_155000T.WAV,0,55,55,Kebun Raya Frequency,High,-5.368632,105.312012,9/21/2026,15:30,Siang,Cerah,24F31901603767F6,Unknown,32000,Unknown,Frequency,0.029957201,0.66308594,Y,System,10/8/2026,,85ac3417173fa0b86e58be7eed51a1338c6e0dfbb7866c29dd05788e709fc6be
NOISE_0922,Kebun Raya Frequency/32 kHz High Frequency Kebun Raya/20260921_155100T.WAV,0,55,55,Kebun Raya Frequency,High,-5.368632,105.312012,9/21/2026,15:30,Siang,Cerah,24F31901603767F6,Unknown,32000,Unknown,Frequency,0.031947978,0.44335938,Y,System,10/8/2026,,612dce172d6236ff21faf523561ef31c1fa9539566fdda2d3ea8974f1ea52295
NOISE_0923,Kebun Raya Frequency/32 kHz High Frequency Kebun Raya/20260921_155200T.WAV,0,55,55,Kebun Raya Frequency,High,-5.368632,105.312012,9/21/2026,15:30,Siang,Cerah,24F31901603767F6,Unknown,32000,Unknown,Frequency,0.050935563,0.9999695,Y,System,10/8/2026,,8cd3eec80e7bd349a7134273b0ee040937c17fa294765b25d290fa5abfd06661
NOISE_0924,Kebun Raya Frequency/32 kHz High Frequency Kebun Raya/20260921_155300T.WAV,0,55,55,Kebun Raya Frequency,High,-5.368632,105.312012,9/21/2026,15:30,Siang,Cerah,24F31901603767F6,Unknown,32000,Unknown,Frequency,0.058068324,0.86676025,Y,System,10/8/2026,,1d9cd5aeeb275271fc681a828f65d4bb37f2f5e8bc39cd718b4a5cbe863b2b19
NOISE_0925,Kebun Raya Frequency/32 kHz High Frequency Kebun Raya/20260921_155400T.WAV,0,55,55,Kebun Raya Frequency,High,-5.368632,105.312012,9/21/2026,15:30,Siang,Cerah,24F31901603767F6,Unknown,32000,Unknown,Frequency,0.03449705,0.33700562,Y,System,10/8/2026,,3d077e47e71066b2e9cea0cf8fbdfd84b20fed7fc76247b0f0eea8f2cd9f3848
NOISE_0926,Kebun Raya Frequency/32 kHz High Frequency Kebun Raya/20260921_155500T.WAV,0,55,55,Kebun Raya Frequency,High,-5.368632,105.312012,9/21/2026,15:30,Siang,Cerah,24F31901603767F6,Unknown,32000,Unknown,Frequency,0.03476962,0.35025024,Y,System,10/8/2026,,e25c3597a47a662fa8172730989bbcc67394a1468800b4d9e9a0c4cbb893d7af
NOISE_0927,Kebun Raya Frequency/32 kHz High Frequency Kebun Raya/20260921_155600T.WAV,0,55,55,Kebun Raya Frequency,High,-5.368632,105.312012,9/21/2026,15:30,Siang,Cerah,24F31901603767F6,Unknown,32000,Unknown,Frequency,0.04511356,0.8703613,Y,System,10/8/2026,,ab8bfe4a8e2cf6abe551a5a9eb32c75175d52f39d24664345eeee9ee889963f4
NOISE_0928,Kebun Raya Frequency/32 kHz High Frequency Kebun Raya/20260921_155700T.WAV,0,55,55,Kebun Raya Frequency,High,-5.368632,105.312012,9/21/2026,15:30,Siang,Cerah,24F31901603767F6,Unknown,32000,Unknown,Frequency,0.04681365,0.68899536,Y,System,10/8/2026,,41ceffac85339e4cf61ca4cbd2db2bffbfc3ae43d38601077ffd1af1f88cad87
NOISE_0929,Kebun Raya Frequency/32 kHz High Frequency Kebun Raya/20260921_155800T.WAV,0,55,55,Kebun Raya Frequency,High,-5.368632,105.312012,9/21/2026,15:30,Siang,Cerah,24F31901603767F6,Unknown,32000,Unknown,Frequency,0.039806426,0.4501648,Y,System,10/8/2026,,97fe09ea0f320c22845c8d9c497112a562513895081335a400deb17d5645dfe4
NOISE_0930,Kebun Raya Frequency/32 kHz High Frequency Kebun Raya/20260921_155900T.WAV,0,55,55,Kebun Raya Frequency,High,-5.368632,105.312012,9/21/2026,15:30,Siang,Cerah,24F31901603767F6,Unknown,32000,Unknown,Frequency,0.049815763,0.7060547,Y,System,10/8/2026,,fa3048c34528792526868c5fd2e3fa010866c22dde0d16ecc8a000f6f553831d
NOISE_0931,Kebun Raya Frequency/32 kHz High Frequency Kebun Raya/20260921_160000T.WAV,0,55,55,Kebun Raya Frequency,High,-5.368632,105.312012,9/21/2026,15:30,Siang,Cerah,24F31901603767F6,Unknown,32000,Unknown,Frequency,0.03672804,0.42871094,Y,System,10/8/2026,,43595114348b04d395338313c574066264ef725965190edbc97d93b6f388ebb7
NOISE_0932,Kebun Raya Frequency/32 kHz High Frequency Kebun Raya/20260921_160100T.WAV,0,55,55,Kebun Raya Frequency,High,-5.368632,105.312012,9/21/2026,15:30,Siang,Cerah,24F31901603767F6,Unknown,32000,Unknown,Frequency,0.043613117,0.38116455,Y,System,10/8/2026,,3f17344fefe89097b5c2d747d81991fb21cd1c33778bcb8a053384250e5d164d
NOISE_0933,Kebun Raya Frequency/32 kHz High Frequency Kebun Raya/20260921_160200T.WAV,0,55,55,Kebun Raya Frequency,High,-5.368632,105.312012,9/21/2026,15:30,Siang,Cerah,24F31901603767F6,Unknown,32000,Unknown,Frequency,0.034060307,0.35803223,Y,System,10/8/2026,,cca319ab00d1c0fdcb2c5e12a8cc124f2035bff11e9db3c00e200245207ada8c
NOISE_0934,Kebun Raya Frequency/32 kHz High Frequency Kebun Raya/20260921_160300T.WAV,0,55,55,Kebun Raya Frequency,High,-5.368632,105.312012,9/21/2026,15:30,Siang,Cerah,24F31901603767F6,Unknown,32000,Unknown,Frequency,0.039458357,0.3743286,Y,System,10/8/2026,,dae6a32ec9029a9c0c4bdb815e18e3af6ea4367acc5e5dad4ddea0f9f9430a08
NOISE_0935,Kebun Raya Frequency/32 kHz High Frequency Kebun Raya/20260921_160400T.WAV,0,55,55,Kebun Raya Frequency,High,-5.368632,105.312012,9/21/2026,15:30,Siang,Cerah,24F31901603767F6,Unknown,32000,Unknown,Frequency,0.03634666,0.31643677,Y,System,10/8/2026,,4d6a65b3324bb3df08de3a4c14eddcd102c36c9531b9db15547df8d9ba0f3e47
NOISE_0936,Kebun Raya Frequency/32 kHz High Frequency Kebun Raya/20260921_160500T.WAV,0,55,55,Kebun Raya Frequency,High,-5.368632,105.312012,9/21/2026,15:30,Siang,Cerah,24F31901603767F6,Unknown,32000,Unknown,Frequency,0.032107037,0.32546997,Y,System,10/8/2026,,e874258d41ed57e7bbf02a3f81b743e459947e36c05f935079b1d6cbf97a3a3c
NOISE_0937,Kebun Raya Frequency/32 kHz High Frequency Kebun Raya/20260921_160600T.WAV,0,55,55,Kebun Raya Frequency,High,-5.368632,105.312012,9/21/2026,15:30,Siang,Cerah,24F31901603767F6,Unknown,32000,Unknown,Frequency,0.031377647,0.28805542,Y,System,10/8/2026,,79a1c08f8a736e7d10c82731919ccdfeda3d239f14241fd1176288dd600b9f82
NOISE_0938,Kebun Raya Frequency/32 kHz High Frequency Kebun Raya/20260921_160700T.WAV,0,55,55,Kebun Raya Frequency,High,-5.368632,105.312012,9/21/2026,15:30,Siang,Cerah,24F31901603767F6,Unknown,32000,Unknown,Frequency,0.03704514,0.4978943,Y,System,10/8/2026,,4153deccf19aaeb44bb442630a3e8d17a40f15e8249a29d5420331440dc3052f
NOISE_0939,Kebun Raya Frequency/32 kHz High Frequency Kebun Raya/20260921_160800T.WAV,0,55,55,Kebun Raya Frequency,High,-5.368632,105.312012,9/21/2026,15:30,Siang,Cerah,24F31901603767F6,Unknown,32000,Unknown,Frequency,0.038918678,0.6203003,Y,System,10/8/2026,,e2bb4cd9e184d9e53bf804ee41f63aa1b0dc1eec52ece4ef7a0a533c6d852346
NOISE_0940,Kebun Raya Frequency/32 kHz High Frequency Kebun Raya/20260921_160900T.WAV,0,55,55,Kebun Raya Frequency,High,-5.368632,105.312012,9/21/2026,15:30,Siang,Cerah,24F31901603767F6,Unknown,32000,Unknown,Frequency,0.0355578,0.33718872,Y,System,10/8/2026,,e045dbaad248121a3a763d61f69a3aaa3f95e5a0ce37a6cb56410224be53d556
NOISE_0941,Kebun Raya Frequency/32 kHz High Frequency Kebun Raya/20260921_161000T.WAV,0,55,55,Kebun Raya Frequency,High,-5.368632,105.312012,9/21/2026,15:30,Siang,Cerah,24F31901603767F6,Unknown,32000,Unknown,Frequency,0.035193514,0.44656372,Y,System,10/8/2026,,109b32600e522a31b49ab2d9324dc19c2e1aab61f330fa9febaf1c1537f0c4c7
NOISE_0942,Kebun Raya Frequency/32 kHz High Frequency Kebun Raya/20260921_161100T.WAV,0,55,55,Kebun Raya Frequency,High,-5.368632,105.312012,9/21/2026,15:30,Siang,Cerah,24F31901603767F6,Unknown,32000,Unknown,Frequency,0.037287343,0.41308594,Y,System,10/8/2026,,d8d7fbccf4354277e932a7b6280341aba21daea1ad87a2c5e0527dd1fd0af342
NOISE_0943,Kebun Raya Frequency/32 kHz High Frequency Kebun Raya/20260921_161200T.WAV,0,55,55,Kebun Raya Frequency,High,-5.368632,105.312012,9/21/2026,15:30,Siang,Cerah,24F31901603767F6,Unknown,32000,Unknown,Frequency,0.04181916,0.7017212,Y,System,10/8/2026,,a7cd989871d92e6cc0f6b4327d6819677de9c523136927a35e5c762aa209d7ed
NOISE_0944,Kebun Raya Frequency/32 kHz High Frequency Kebun Raya/20260921_161300T.WAV,0,55,55,Kebun Raya Frequency,High,-5.368632,105.312012,9/21/2026,15:30,Siang,Cerah,24F31901603767F6,Unknown,32000,Unknown,Frequency,0.041317187,0.35147095,Y,System,10/8/2026,,36ca6197a97c888cf0447ae8b715b6437cba967396b32d67d29177809f92e6a3
NOISE_0945,Kebun Raya Frequency/32 kHz High Frequency Kebun Raya/20260921_161400T.WAV,0,55,55,Kebun Raya Frequency,High,-5.368632,105.312012,9/21/2026,15:30,Siang,Cerah,24F31901603767F6,Unknown,32000,Unknown,Frequency,0.04136356,0.4653015,Y,System,10/8/2026,,1e4b207888ff4a5c4e8b28999a711a89d228d7c58ef93c414f489985c9ad3205
NOISE_0946,Kebun Raya Frequency/32 kHz High Frequency Kebun Raya/20260921_161500T.WAV,0,55,55,Kebun Raya Frequency,High,-5.368632,105.312012,9/21/2026,15:30,Siang,Cerah,24F31901603767F6,Unknown,32000,Unknown,Frequency,0.041476436,0.36395264,Y,System,10/8/2026,,4b3ed20039e7ece27a5b6220c12a72a5d196ccaadd053d043c7e4f7a3f337314
NOISE_0947,Kebun Raya Frequency/32 kHz High Frequency Kebun Raya/20260921_161600T.WAV,0,55,55,Kebun Raya Frequency,High,-5.368632,105.312012,9/21/2026,15:30,Siang,Cerah,24F31901603767F6,Unknown,32000,Unknown,Frequency,0.044917226,0.3269348,Y,System,10/8/2026,,a61856aa4a760211d149f141a6127fe9a33b6a0470f148e3bfd4172b3db7aad8
NOISE_0948,Kebun Raya Frequency/32 kHz High Frequency Kebun Raya/20260921_161700T.WAV,0,55,55,Kebun Raya Frequency,High,-5.368632,105.312012,9/21/2026,15:30,Siang,Cerah,24F31901603767F6,Unknown,32000,Unknown,Frequency,0.040335435,0.2866211,Y,System,10/8/2026,,116de4f065bb7e11c56453d846580d065c1e352bde962cf7507251dac21c54ac
NOISE_0949,Kebun Raya Frequency/32 kHz High Frequency Kebun Raya/20260921_161800T.WAV,0,55,55,Kebun Raya Frequency,High,-5.368632,105.312012,9/21/2026,15:30,Siang,Cerah,24F31901603767F6,Unknown,32000,Unknown,Frequency,0.043202367,0.3071289,Y,System,10/8/2026,,7115ddd4a90301845012e81b59ff30829f1f10e259504f60c4b4f9d79ee0084d
NOISE_0950,Kebun Raya Frequency/32 kHz High Frequency Kebun Raya/20260921_161900T.WAV,0,55,55,Kebun Raya Frequency,High,-5.368632,105.312012,9/21/2026,15:30,Siang,Cerah,24F31901603767F6,Unknown,32000,Unknown,Frequency,0.03690301,0.29629517,Y,System,10/8/2026,,9d75ee46bdce866f22a7650cfd39873e72a5ee86c1932d2ef1718e1f541f8e9d
NOISE_0951,Kebun Raya Frequency/32 kHz High Frequency Kebun Raya/20260921_162000T.WAV,0,55,55,Kebun Raya Frequency,High,-5.368632,105.312012,9/21/2026,15:30,Siang,Cerah,24F31901603767F6,Unknown,32000,Unknown,Frequency,0.042339638,0.37069702,Y,System,10/8/2026,,708def6ef3b2b378b905ed8b45b3ccf124de6bc19c4fb36d9d154e13c1acdaa8
NOISE_0952,Kebun Raya Frequency/32 kHz High Frequency Kebun Raya/20260921_162100T.WAV,0,55,55,Kebun Raya Frequency,High,-5.368632,105.312012,9/21/2026,15:30,Siang,Cerah,24F31901603767F6,Unknown,32000,Unknown,Frequency,0.110978216,0.9999695,Y,System,10/8/2026,,b4bb06fe4ad4180067faa591d88c784a312670cf0f7f77f15df2e1f7752c9ea5
NOISE_0953,Kebun Raya Frequency/32 kHz High Frequency Kebun Raya/20260921_162200T.WAV,0,55,55,Kebun Raya Frequency,High,-5.368632,105.312012,9/21/2026,15:30,Siang,Cerah,24F31901603767F6,Unknown,32000,Unknown,Frequency,0.060283676,0.55184937,Y,System,10/8/2026,,ce58d4479d999e5847d62ee0c7d0c6db9010d50fdbe6b5febb487f4f3150a2ba
NOISE_0954,Kebun Raya Frequency/32 kHz High Frequency Kebun Raya/20260921_162300T.WAV,0,55,55,Kebun Raya Frequency,High,-5.368632,105.312012,9/21/2026,15:30,Siang,Cerah,24F31901603767F6,Unknown,32000,Unknown,Frequency,0.046609767,0.45986938,Y,System,10/8/2026,,cd7c655b3dac7d8db24ff92db6d45cb90d20e79642104fa05ded242c76f20030
NOISE_0955,Kebun Raya Frequency/32 kHz High Frequency Kebun Raya/20260921_162400T.WAV,0,55,55,Kebun Raya Frequency,High,-5.368632,105.312012,9/21/2026,15:30,Siang,Cerah,24F31901603767F6,Unknown,32000,Unknown,Frequency,0.055654578,0.62841797,Y,System,10/8/2026,,e8a664438cc03cf3133039032e9b9f2c5099b797f4722a08afa9a9eccd38b1d3
NOISE_0956,Kebun Raya Frequency/32 kHz High Frequency Kebun Raya/20260921_162500T.WAV,0,55,55,Kebun Raya Frequency,High,-5.368632,105.312012,9/21/2026,15:30,Siang,Cerah,24F31901603767F6,Unknown,32000,Unknown,Frequency,0.054276302,0.59576416,Y,System,10/8/2026,,bb4fb55cd2d65d0aa9de6fbe69c72241583f649469c95fcf11f1cde9155a5fba
NOISE_0957,Kebun Raya Frequency/32 kHz High Frequency Kebun Raya/20260921_162600T.WAV,0,55,55,Kebun Raya Frequency,High,-5.368632,105.312012,9/21/2026,15:30,Siang,Cerah,24F31901603767F6,Unknown,32000,Unknown,Frequency,0.0334033,0.2833557,Y,System,10/8/2026,,94530d86d56f2a3b1bd68f1f7fbd9eb486e4cdb276b67aa5f375eaf2c94314d9
NOISE_0958,Kebun Raya Frequency/32 kHz High Frequency Kebun Raya/20260921_162700T.WAV,0,55,55,Kebun Raya Frequency,High,-5.368632,105.312012,9/21/2026,15:30,Siang,Cerah,24F31901603767F6,Unknown,32000,Unknown,Frequency,0.054519348,0.9999695,Y,System,10/8/2026,,fec3aac896d2fb2ffe65f2b0754a31220ca8277888e75267ea2a10805e8af357
NOISE_0959,Kebun Raya Frequency/32 kHz High Frequency Kebun Raya/20260921_162800T.WAV,0,55,55,Kebun Raya Frequency,High,-5.368632,105.312012,9/21/2026,15:30,Siang,Cerah,24F31901603767F6,Unknown,32000,Unknown,Frequency,0.04843048,0.9999695,Y,System,10/8/2026,,e1038d82a18dd53c97ee14478024cd6a28bb3d961d586aa1a3ac8b5dfcab7b83
NOISE_0960,Kebun Raya Frequency/32 kHz High Frequency Kebun Raya/20260921_162900T.WAV,0,55,55,Kebun Raya Frequency,High,-5.368632,105.312012,9/21/2026,15:30,Siang,Cerah,24F31901603767F6,Unknown,32000,Unknown,Frequency,0.041469976,0.7461853,Y,System,10/8/2026,,89388db29035fc68fe1db69546282483d5f13f6ba1359ae32af81d2e6b91c475
NOISE_0961,Kebun Raya Frequency/32 kHz Low Frequency Kebun Raya/20260922_144000T.WAV,0,25.448,25.448,Kebun Raya Frequency,Low,-5.368153,105.31172,9/22/2026,14:40,Siang,Cerah,24F31901603767F6,Unknown,32000,Unknown,Frequency,0.004259709,0.03805542,Y,System,10/8/2026,,483a977609e4cdab74d9586618aedeb39faa1cd252843db5b44f1a2e73da75d5
NOISE_0962,Kebun Raya Frequency/32 kHz Low Frequency Kebun Raya/20260922_144100T.WAV,0,38.656,38.656,Kebun Raya Frequency,Low,-5.368153,105.31172,9/22/2026,14:40,Siang,Cerah,24F31901603767F6,Unknown,32000,Unknown,Frequency,0.008150961,0.94311523,Y,System,10/8/2026,,91874688e815f6c016227a69fd0c0c4560e53c8d7de48497a587ce2b1ee29393
NOISE_0963,Kebun Raya Frequency/32 kHz Low Frequency Kebun Raya/20260922_144200T.WAV,0,34.576,34.576,Kebun Raya Frequency,Low,-5.368153,105.31172,9/22/2026,14:40,Siang,Cerah,24F31901603767F6,Unknown,32000,Unknown,Frequency,0.004811836,0.84072876,Y,System,10/8/2026,,97018b634f4eeb374d57677680df102c4da15d305f9cd5dddc14a39c543d2bdc
NOISE_0964,Kebun Raya Frequency/32 kHz Low Frequency Kebun Raya/20260922_144300T.WAV,0,31.496,31.496,Kebun Raya Frequency,Low,-5.368153,105.31172,9/22/2026,14:40,Siang,Cerah,24F31901603767F6,Unknown,32000,Unknown,Frequency,0.004099908,0.037719727,Y,System,10/8/2026,,d5355aadefa186419079f6a923c5b5ad493a8f30a3fc503e645b459d623b7045
NOISE_0965,Kebun Raya Frequency/32 kHz Low Frequency Kebun Raya/20260922_144400T.WAV,0,51.448,51.448,Kebun Raya Frequency,Low,-5.368153,105.31172,9/22/2026,14:40,Siang,Cerah,24F31901603767F6,Unknown,32000,Unknown,Frequency,0.00409423,0.030456543,Y,System,10/8/2026,,302f1c04486dca2a943ed409d210eea42025b4cf07bf31a9e3aac3e79bcee3b6
NOISE_0966,Kebun Raya Frequency/32 kHz Low Frequency Kebun Raya/20260922_144500T.WAV,0,40.72,40.72,Kebun Raya Frequency,Low,-5.368153,105.31172,9/22/2026,14:40,Siang,Cerah,24F31901603767F6,Unknown,32000,Unknown,Frequency,0.003877791,0.023986816,Y,System,10/8/2026,,afe13fa6a96e52a9fe947679d71644f1a853723d46924dc3b8e9fa3a9e3c54cb
NOISE_0967,Kebun Raya Frequency/32 kHz Low Frequency Kebun Raya/20260922_144600T.WAV,0,25.864,25.864,Kebun Raya Frequency,Low,-5.368153,105.31172,9/22/2026,14:40,Siang,Cerah,24F31901603767F6,Unknown,32000,Unknown,Frequency,0.004042501,0.02178955,Y,System,10/8/2026,,19ebb940cdc174f67ed2771ca51e637160a1b3b84b76d8edbc8a4330c45570af
NOISE_0968,Kebun Raya Frequency/32 kHz Low Frequency Kebun Raya/20260922_144700T.WAV,0,16.136,16.136,Kebun Raya Frequency,Low,-5.368153,105.31172,9/22/2026,14:40,Siang,Cerah,24F31901603767F6,Unknown,32000,Unknown,Frequency,0.003727784,0.017852783,Y,System,10/8/2026,,86c790d70bd95d7b0dfe2f8c62e4ab586557bcf4d4ea8accc060c585811ffb65
NOISE_0969,Kebun Raya Frequency/32 kHz Low Frequency Kebun Raya/20260922_144800T.WAV,0,45.344,45.344,Kebun Raya Frequency,Low,-5.368153,105.31172,9/22/2026,14:40,Siang,Cerah,24F31901603767F6,Unknown,32000,Unknown,Frequency,0.003965367,0.076538086,Y,System,10/8/2026,,32260a4a06d2e8b9404347f9108547ecd1c211b54075e7a56d8794aa73b2b160
NOISE_0970,Kebun Raya Frequency/32 kHz Low Frequency Kebun Raya/20260922_144900T.WAV,0,18.176,18.176,Kebun Raya Frequency,Low,-5.368153,105.31172,9/22/2026,14:40,Siang,Cerah,24F31901603767F6,Unknown,32000,Unknown,Frequency,0.003526992,0.020446777,Y,System,10/8/2026,,917ee4dd7ce48e2cd10a314eb28830499af2658ec149bc0baa35afef71543566
NOISE_0971,Kebun Raya Frequency/32 kHz Low Frequency Kebun Raya/20260922_145000T.WAV,0,13.056,13.056,Kebun Raya Frequency,Low,-5.368153,105.31172,9/22/2026,14:40,Siang,Cerah,24F31901603767F6,Unknown,32000,Unknown,Frequency,0.003296356,0.0345459,Y,System,10/8/2026,,8dfd44bf71055154112f1ee220c4d8e55eec36bc46e3a48b6a7481e83a799750
NOISE_0972,Kebun Raya Frequency/32 kHz Low Frequency Kebun Raya/20260922_145100T.WAV,0,6.92,6.92,Kebun Raya Frequency,Low,-5.368153,105.31172,9/22/2026,14:40,Siang,Cerah,24F31901603767F6,Unknown,32000,Unknown,Frequency,0.002649666,0.033447266,Y,System,10/8/2026,,33e74db432907bfd188ca717a9b693e858bd24ff100469d2275536003e857937
NOISE_0973,Kebun Raya Frequency/32 kHz Low Frequency Kebun Raya/20260922_145200T.WAV,0,8.432,8.432,Kebun Raya Frequency,Low,-5.368153,105.31172,9/22/2026,14:40,Siang,Cerah,24F31901603767F6,Unknown,32000,Unknown,Frequency,0.002926139,0.021728516,Y,System,10/8/2026,,0ebf49864d2040b13833bf0d4ba0b7f6adccac0aa91ad4a5bba4c961e1ce5889
NOISE_0974,Kebun Raya Frequency/32 kHz Low Frequency Kebun Raya/20260922_145300T.WAV,0,2.8,2.8,Kebun Raya Frequency,Low,-5.368153,105.31172,9/22/2026,14:40,Siang,Cerah,24F31901603767F6,Unknown,32000,Unknown,Frequency,0.002698692,0.015472412,Y,System,10/8/2026,,01b44ad7f4f25cd96a27b8b06d3dd3d81463612a9d298f84c34d0f652f4b5cc7
NOISE_0975,Kebun Raya Frequency/32 kHz Low Frequency Kebun Raya/20260922_145400T.WAV,0,3.312,3.312,Kebun Raya Frequency,Low,-5.368153,105.31172,9/22/2026,14:40,Siang,Cerah,24F31901603767F6,Unknown,32000,Unknown,Frequency,0.003175712,0.04360962,Y,System,10/8/2026,,847eab5512bfdd7ff899bb238b271a9159267f431fc44a13d247683eb945f0fb
NOISE_0976,Kebun Raya Frequency/32 kHz Low Frequency Kebun Raya/20260922_145500T.WAV,0,3.832,3.832,Kebun Raya Frequency,Low,-5.368153,105.31172,9/22/2026,14:40,Siang,Cerah,24F31901603767F6,Unknown,32000,Unknown,Frequency,0.03628103,0.9999695,Y,System,10/8/2026,,70d74d035d2840d834f00217e6a8cad61f3f0c6ddd742941dcd4ec67f54d8afc
NOISE_0977,Kebun Raya Frequency/32 kHz Low Frequency Kebun Raya/20260922_145600T.WAV,0,4.856,4.856,Kebun Raya Frequency,Low,-5.368153,105.31172,9/22/2026,14:40,Siang,Cerah,24F31901603767F6,Unknown,32000,Unknown,Frequency,0.0245221,0.42593384,Y,System,10/8/2026,,ab4085289996059871fc5fabe1869f8f5f5a9113dc104d776a48269af3b26f48
NOISE_0978,Kebun Raya Frequency/32 kHz Low Frequency Kebun Raya/20260922_145700T.WAV,0,11.016,11.016,Kebun Raya Frequency,Low,-5.368153,105.31172,9/22/2026,14:40,Siang,Cerah,24F31901603767F6,Unknown,32000,Unknown,Frequency,0.004542555,0.045928955,Y,System,10/8/2026,,532d689bd8ac448dc66651a801816999032168b993b652b4ee264ea8717557bb
NOISE_0979,Kebun Raya Frequency/32 kHz Low Frequency Kebun Raya/20260922_145800T.WAV,0,25.864,25.864,Kebun Raya Frequency,Low,-5.368153,105.31172,9/22/2026,14:40,Siang,Cerah,24F31901603767F6,Unknown,32000,Unknown,Frequency,0.004236467,0.10699463,Y,System,10/8/2026,,b31e89cb34f22666226c462b9ae42fd09814ed0f34b056f4b716986de5c0b496
NOISE_0980,Kebun Raya Frequency/32 kHz Low Frequency Kebun Raya/20260922_145900T.WAV,0,36.608,36.608,Kebun Raya Frequency,Low,-5.368153,105.31172,9/22/2026,14:40,Siang,Cerah,24F31901603767F6,Unknown,32000,Unknown,Frequency,0.004135565,0.032562256,Y,System,10/8/2026,,e33704d716e8c791245bff14a1fc4302c0dddcade6a4bc6f61744470e3e94c05
NOISE_0981,Kebun Raya Frequency/32 kHz Low Frequency Kebun Raya/20260922_150000T.WAV,0,33.048,33.048,Kebun Raya Frequency,Low,-5.368153,105.31172,9/22/2026,14:40,Siang,Cerah,24F31901603767F6,Unknown,32000,Unknown,Frequency,0.003780358,0.14749146,Y,System,10/8/2026,,6a8602ba5bc5599204c6e7079a9277eb54bda2ba2f6510a5ce084689a1a80106
NOISE_0982,Kebun Raya Frequency/32 kHz Low Frequency Kebun Raya/20260922_150100T.WAV,0,35.088,35.088,Kebun Raya Frequency,Low,-5.368153,105.31172,9/22/2026,14:40,Siang,Cerah,24F31901603767F6,Unknown,32000,Unknown,Frequency,0.003808972,0.021820068,Y,System,10/8/2026,,8b560f619befd629faf751de0319f5834f67856c8e91728a162b390e6f98a41b
NOISE_0983,Kebun Raya Frequency/32 kHz Low Frequency Kebun Raya/20260922_150200T.WAV,0,29.488,29.488,Kebun Raya Frequency,Low,-5.368153,105.31172,9/22/2026,14:40,Siang,Cerah,24F31901603767F6,Unknown,32000,Unknown,Frequency,0.003872225,0.027282715,Y,System,10/8/2026,,e2bc70bd9f1bce286d7fa550e0168149678d23708a9e0e590de5f6cc008151e0
NOISE_0984,Kebun Raya Frequency/32 kHz Low Frequency Kebun Raya/20260922_150300T.WAV,0,49.4,49.4,Kebun Raya Frequency,Low,-5.368153,105.31172,9/22/2026,14:40,Siang,Cerah,24F31901603767F6,Unknown,32000,Unknown,Frequency,0.004887214,0.03036499,Y,System,10/8/2026,,b9055f67f60a60ef2b2d712869fb506934db513770ea399cf54c7a72b3ee4517
NOISE_0985,Kebun Raya Frequency/32 kHz Low Frequency Kebun Raya/20260922_150400T.WAV,0,25.352,25.352,Kebun Raya Frequency,Low,-5.368153,105.31172,9/22/2026,14:40,Siang,Cerah,24F31901603767F6,Unknown,32000,Unknown,Frequency,0.00424299,0.021270752,Y,System,10/8/2026,,1d885e7fa4aa1aa48691b45df20c0b9292fb7bce13f85b19ca82a376e8d7e9eb
NOISE_0986,Kebun Raya Frequency/32 kHz Low Frequency Kebun Raya/20260922_150500T.WAV,0,41.2,41.2,Kebun Raya Frequency,Low,-5.368153,105.31172,9/22/2026,14:40,Siang,Cerah,24F31901603767F6,Unknown,32000,Unknown,Frequency,0.004544028,0.034057617,Y,System,10/8/2026,,6853c9d4b9d67cda973a6f8df73ca304bd7ae73f989096ef1d1caeaceebb6afe
NOISE_0987,Kebun Raya Frequency/32 kHz Low Frequency Kebun Raya/20260922_150600T.WAV,0,32.024,32.024,Kebun Raya Frequency,Low,-5.368153,105.31172,9/22/2026,14:40,Siang,Cerah,24F31901603767F6,Unknown,32000,Unknown,Frequency,0.004812756,0.027435303,Y,System,10/8/2026,,25ae448a349b70cee4f6a7230c99cb9a55ab137baa3b98f5001995ccce7ca194
NOISE_0988,Kebun Raya Frequency/32 kHz Low Frequency Kebun Raya/20260922_150700T.WAV,0,33.04,33.04,Kebun Raya Frequency,Low,-5.368153,105.31172,9/22/2026,14:40,Siang,Cerah,24F31901603767F6,Unknown,32000,Unknown,Frequency,0.00414132,0.021087646,Y,System,10/8/2026,,d0287098e7094c756152e2dce413ccd12dfae3745651ff6c03218e206f9279f4
NOISE_0989,Kebun Raya Frequency/32 kHz Low Frequency Kebun Raya/20260922_150800T.WAV,0,24.896,24.896,Kebun Raya Frequency,Low,-5.368153,105.31172,9/22/2026,14:40,Siang,Cerah,24F31901603767F6,Unknown,32000,Unknown,Frequency,0.003533471,0.065826416,Y,System,10/8/2026,,c662c2b71414a31ed95a1542622c7733523bd2e4e560c7bdc803fd16abab0b6b
NOISE_0990,Kebun Raya Frequency/32 kHz Low Frequency Kebun Raya/20260922_150900T.WAV,0,22.808,22.808,Kebun Raya Frequency,Low,-5.368153,105.31172,9/22/2026,14:40,Siang,Cerah,24F31901603767F6,Unknown,32000,Unknown,Frequency,0.004091273,0.023712158,Y,System,10/8/2026,,8c5fd21e427c6301d773ef5e4e70b81b9fbf128afe34719905205f31fb7d2777
NOISE_0991,Kebun Raya Frequency/32 kHz Low Frequency Kebun Raya/20260922_151000T.WAV,0,31.56,31.56,Kebun Raya Frequency,Low,-5.368153,105.31172,9/22/2026,14:40,Siang,Cerah,24F31901603767F6,Unknown,32000,Unknown,Frequency,0.003909909,0.27301025,Y,System,10/8/2026,,dd8d05c1340f08315f1fb48e7c1cb5107d8837378d939d7a070d3033a7467e43
NOISE_0992,Kebun Raya Frequency/32 kHz Low Frequency Kebun Raya/20260922_151100T.WAV,0,1.768,1.768,Kebun Raya Frequency,Low,-5.368153,105.31172,9/22/2026,14:40,Siang,Cerah,24F31901603767F6,Unknown,32000,Unknown,Frequency,0.002357971,0.010772705,Y,System,10/8/2026,,8bac1a8bf6f12321d6a038229807b80a3e3a994dce8137b7c25fcdce36100074
NOISE_0993,Kebun Raya Frequency/32 kHz Low Frequency Kebun Raya/20260922_151200T.WAV,0,0.736,0.736,Kebun Raya Frequency,Low,-5.368153,105.31172,9/22/2026,14:40,Siang,Cerah,24F31901603767F6,Unknown,32000,Unknown,Frequency,1.12E-06,3.05E-05,Y,System,10/8/2026,,29d3c8a2e1839092664b54723809d5ac6b7398e7d5a498511d0770de5d2c8713
NOISE_0994,Kebun Raya Frequency/32 kHz Low Frequency Kebun Raya/20260922_151300T.WAV,0,5.368,5.368,Kebun Raya Frequency,Low,-5.368153,105.31172,9/22/2026,14:40,Siang,Cerah,24F31901603767F6,Unknown,32000,Unknown,Frequency,0.003584406,0.023376465,Y,System,10/8/2026,,2436daf7d529a2f2e616a805f983191dc2474717487364941f62a2fa0d3b64ec
NOISE_0995,Kebun Raya Frequency/32 kHz Low Frequency Kebun Raya/20260922_151400T.WAV,0,26.424,26.424,Kebun Raya Frequency,Low,-5.368153,105.31172,9/22/2026,14:40,Siang,Cerah,24F31901603767F6,Unknown,32000,Unknown,Frequency,0.003999561,0.07849121,Y,System,10/8/2026,,6555ab05794597331ad59f171a9f95f1809121c9f092c5e923fdaec2f7aa38cf
NOISE_0996,Kebun Raya Frequency/32 kHz Low Frequency Kebun Raya/20260922_151500T.WAV,0,19.248,19.248,Kebun Raya Frequency,Low,-5.368153,105.31172,9/22/2026,14:40,Siang,Cerah,24F31901603767F6,Unknown,32000,Unknown,Frequency,0.007996954,0.15570068,Y,System,10/8/2026,,6e0169cbf3764055f8ce47dbcbb86b4d605184a6c606b46f2c97376b9dff0bcf
NOISE_0997,Kebun Raya Frequency/32 kHz Low Frequency Kebun Raya/20260922_151600T.WAV,0,5.376,5.376,Kebun Raya Frequency,Low,-5.368153,105.31172,9/22/2026,14:40,Siang,Cerah,24F31901603767F6,Unknown,32000,Unknown,Frequency,0.006055885,0.04949951,Y,System,10/8/2026,,5d740f3bee775309de2f9db483476036d3a979ae0edabc1295da2f25ebdf6dda
NOISE_0998,Kebun Raya Frequency/32 kHz Low Frequency Kebun Raya/20260922_151700T.WAV,0,32.04,32.04,Kebun Raya Frequency,Low,-5.368153,105.31172,9/22/2026,14:40,Siang,Cerah,24F31901603767F6,Unknown,32000,Unknown,Frequency,0.005389344,0.08074951,Y,System,10/8/2026,,02bfdb124b6a577baf1da1a2314a1a934cc8a23c9dccea0438697a487f1b70e5
NOISE_0999,Kebun Raya Frequency/32 kHz Low Frequency Kebun Raya/20260922_151800T.WAV,0,32.624,32.624,Kebun Raya Frequency,Low,-5.368153,105.31172,9/22/2026,14:40,Siang,Cerah,24F31901603767F6,Unknown,32000,Unknown,Frequency,0.005350006,0.045440674,Y,System,10/8/2026,,2888178c35a758208ed6561c137d58e6f39f65263cdde1751a3cb545001451c8
NOISE_1000,Kebun Raya Frequency/32 kHz Low Frequency Kebun Raya/20260922_151900T.WAV,0,21.808,21.808,Kebun Raya Frequency,Low,-5.368153,105.31172,9/22/2026,14:40,Siang,Cerah,24F31901603767F6,Unknown,32000,Unknown,Frequency,0.004619329,0.038970947,Y,System,10/8/2026,,4436cb921baa6f7f3c326beb0b4914f899709367fbb56e5484217616713d3354
NOISE_1001,Kebun Raya Frequency/32 kHz Low Frequency Kebun Raya/20260922_152000T.WAV,0,20.808,20.808,Kebun Raya Frequency,Low,-5.368153,105.31172,9/22/2026,14:40,Siang,Cerah,24F31901603767F6,Unknown,32000,Unknown,Frequency,0.004605329,0.11022949,Y,System,10/8/2026,,cc79dbb4af19664267f4aee671808dea6cf0a3d7152cc420dcdbcd641873196a
NOISE_1002,Kebun Raya Frequency/32 kHz Low Frequency Kebun Raya/20260922_152100T.WAV,0,4.864,4.864,Kebun Raya Frequency,Low,-5.368153,105.31172,9/22/2026,14:40,Siang,Cerah,24F31901603767F6,Unknown,32000,Unknown,Frequency,0.00542309,0.036621094,Y,System,10/8/2026,,d27c027898fae718594e9d8800f165754cc642b6eeb4b9806bfa92f3397ffe16
NOISE_1003,Kebun Raya Frequency/32 kHz Low Frequency Kebun Raya/20260922_152200T.WAV,0,15.128,15.128,Kebun Raya Frequency,Low,-5.368153,105.31172,9/22/2026,14:40,Siang,Cerah,24F31901603767F6,Unknown,32000,Unknown,Frequency,0.004955207,0.16714478,Y,System,10/8/2026,,b90a743215aae670ac410687c1477ee476a144c6a198ab2121de9126b4fba631
NOISE_1004,Kebun Raya Frequency/32 kHz Low Frequency Kebun Raya/20260922_152300T.WAV,0,10.504,10.504,Kebun Raya Frequency,Low,-5.368153,105.31172,9/22/2026,14:40,Siang,Cerah,24F31901603767F6,Unknown,32000,Unknown,Frequency,0.004364552,0.10595703,Y,System,10/8/2026,,87c63fd0b05c9b52309ae806a7ba473d67427aeb93f86a8ee97cc95e9d782935
NOISE_1005,Kebun Raya Frequency/32 kHz Low Frequency Kebun Raya/20260922_152400T.WAV,0,2.28,2.28,Kebun Raya Frequency,Low,-5.368153,105.31172,9/22/2026,14:40,Siang,Cerah,24F31901603767F6,Unknown,32000,Unknown,Frequency,0.003107281,0.013854981,Y,System,10/8/2026,,98a5ad1252a80b4e8e84b128df0f2d4c80bee4479baab19bdd8d6ea92b4a2da1
NOISE_1006,Kebun Raya Frequency/32 kHz Low Frequency Kebun Raya/20260922_152500T.WAV,0,4.864,4.864,Kebun Raya Frequency,Low,-5.368153,105.31172,9/22/2026,14:40,Siang,Cerah,24F31901603767F6,Unknown,32000,Unknown,Frequency,0.003311091,0.0206604,Y,System,10/8/2026,,f0e3d0fd1caf15e50ef37072711564556645aec79bfb999e8bb5ac4ae38a4c24
NOISE_1007,Kebun Raya Frequency/32 kHz Low Frequency Kebun Raya/20260922_152600T.WAV,0,14.128,14.128,Kebun Raya Frequency,Low,-5.368153,105.31172,9/22/2026,14:40,Siang,Cerah,24F31901603767F6,Unknown,32000,Unknown,Frequency,0.004370936,0.03781128,Y,System,10/8/2026,,10a30dbb2dc7b83300d86affa88d0aa4a442bc87c3500f4d00448d70fd41ffef
NOISE_1008,Kebun Raya Frequency/32 kHz Low Frequency Kebun Raya/20260922_152700T.WAV,0,10.008,10.008,Kebun Raya Frequency,Low,-5.368153,105.31172,9/22/2026,14:40,Siang,Cerah,24F31901603767F6,Unknown,32000,Unknown,Frequency,0.003989464,0.3460083,Y,System,10/8/2026,,9f121d9aa7e060ac0402c23401bec99e65b2f32c14de133073ae8ad8b45e511f
NOISE_1009,Kebun Raya Frequency/32 kHz Low Frequency Kebun Raya/20260922_152800T.WAV,0,11.56,11.56,Kebun Raya Frequency,Low,-5.368153,105.31172,9/22/2026,14:40,Siang,Cerah,24F31901603767F6,Unknown,32000,Unknown,Frequency,0.003594051,0.017425537,Y,System,10/8/2026,,eead5b89de65905303486e0592bdbb0df53d360abeaa3a70a99cfbcc98fce45b
NOISE_1010,Kebun Raya Frequency/32 kHz Low Frequency Kebun Raya/20260922_152900T.WAV,0,19.264,19.264,Kebun Raya Frequency,Low,-5.368153,105.31172,9/22/2026,14:40,Siang,Cerah,24F31901603767F6,Unknown,32000,Unknown,Frequency,0.003461849,0.020904541,Y,System,10/8/2026,,0a2ffb5790caa556cd0595f8eb2a95adecc430d251f68aacdbddd7c0272c2409
NOISE_1011,Kebun Raya Frequency/32 kHz Low Frequency Kebun Raya/20260922_153000T.WAV,0,7.944,7.944,Kebun Raya Frequency,Low,-5.368153,105.31172,9/22/2026,14:40,Siang,Cerah,24F31901603767F6,Unknown,32000,Unknown,Frequency,0.003812501,0.023529053,Y,System,10/8/2026,,77993ab050a0dc6470b67eb4af2ff8b9359e99bb9f6d580cbe55544ecc4f5326
NOISE_1012,Kebun Raya Frequency/32 kHz Low Frequency Kebun Raya/20260922_153100T.WAV,0,17.728,17.728,Kebun Raya Frequency,Low,-5.368153,105.31172,9/22/2026,14:40,Siang,Cerah,24F31901603767F6,Unknown,32000,Unknown,Frequency,0.00379195,0.025909424,Y,System,10/8/2026,,bb00215b742bc6dd6cfb2750e661ca6b1a59f3e55e615845877ed947de4c95b8
NOISE_1013,Kebun Raya Frequency/32 kHz Low Frequency Kebun Raya/20260922_153200T.WAV,0,2.8,2.8,Kebun Raya Frequency,Low,-5.368153,105.31172,9/22/2026,14:40,Siang,Cerah,24F31901603767F6,Unknown,32000,Unknown,Frequency,0.003334904,0.021057129,Y,System,10/8/2026,,27c34f7f8ff9eae4b31243b69de7ca6d0b1107e009415c01bfeee428df672537
NOISE_1014,Kebun Raya Frequency/32 kHz Low Frequency Kebun Raya/20260922_153300T.WAV,0,3.312,3.312,Kebun Raya Frequency,Low,-5.368153,105.31172,9/22/2026,14:40,Siang,Cerah,24F31901603767F6,Unknown,32000,Unknown,Frequency,0.003980311,0.019866943,Y,System,10/8/2026,,548b6791cda9c0a971fce1749f088aea8b29f086874dd7d2ff389e768e0a3f71
NOISE_1015,Kebun Raya Frequency/32 kHz Low Frequency Kebun Raya/20260922_153400T.WAV,0,0.736,0.736,Kebun Raya Frequency,Low,-5.368153,105.31172,9/22/2026,14:40,Siang,Cerah,24F31901603767F6,Unknown,32000,Unknown,Frequency,1.12E-06,3.05E-05,Y,System,10/8/2026,,0e27316401b0d33e1acfa4ffd7c8d639b426b883d8f6ce06a0d3a96a76ff30a6
NOISE_1016,Kebun Raya Frequency/32 kHz Low Frequency Kebun Raya/20260922_153500T.WAV,0,0.736,0.736,Kebun Raya Frequency,Low,-5.368153,105.31172,9/22/2026,14:40,Siang,Cerah,24F31901603767F6,Unknown,32000,Unknown,Frequency,1.12E-06,3.05E-05,Y,System,10/8/2026,,c958dd1fb5b8a9817ee575db5edc9380b5dc56bf89de27d5633e72bcd77ce59b
NOISE_1017,Kebun Raya Frequency/32 kHz Low Frequency Kebun Raya/20260922_153600T.WAV,0,5.376,5.376,Kebun Raya Frequency,Low,-5.368153,105.31172,9/22/2026,14:40,Siang,Cerah,24F31901603767F6,Unknown,32000,Unknown,Frequency,0.004062862,0.02420044,Y,System,10/8/2026,,9e3f4f5c312be9e71b058645b5edbfa17f83301cda78f8ee54c9004e842f8336
NOISE_1018,Kebun Raya Frequency/32 kHz Low Frequency Kebun Raya/20260922_153700T.WAV,0,10.008,10.008,Kebun Raya Frequency,Low,-5.368153,105.31172,9/22/2026,14:40,Siang,Cerah,24F31901603767F6,Unknown,32000,Unknown,Frequency,0.004509389,0.024017334,Y,System,10/8/2026,,7a8f8c638566830b7e1cf6b6dfc936e9af1edebcf0386181db2adbfeef0eb48c
NOISE_1019,Kebun Raya Frequency/32 kHz Low Frequency Kebun Raya/20260922_153800T.WAV,0,10.008,10.008,Kebun Raya Frequency,Low,-5.368153,105.31172,9/22/2026,14:40,Siang,Cerah,24F31901603767F6,Unknown,32000,Unknown,Frequency,0.004763011,0.024932861,Y,System,10/8/2026,,955f48ca7e1e483bda7b99502bae9172dc15d9215b91984e7d454c4a18889afa
NOISE_1020,Kebun Raya Frequency/32 kHz Low Frequency Kebun Raya/20260922_153900T.WAV,0,37.672,37.672,Kebun Raya Frequency,Low,-5.368153,105.31172,9/22/2026,14:40,Siang,Cerah,24F31901603767F6,Unknown,32000,Unknown,Frequency,0.006308138,0.050598145,Y,System,10/8/2026,,63bb993374208e2b4f7ca4f9c75a28c86f773833cdc67e07b37558b7e028371d
NOISE_1021,Kebun Raya Frequency/32 kHz Medium Frequency Kebun Raya/20260922_120500T.WAV,0,54.496,54.496,Kebun Raya Frequency,Medium,-5.368818,105.311696,9/22/2026,12:05,Siang,Cerah,24F31901603767F6,Unknown,32000,Unknown,Frequency,0.007677452,0.54907227,Y,System,10/8/2026,,ff405feb7888caa860719013cc04f7e1a4a61847dd7244e1e069b6a2974f9e51
NOISE_1022,Kebun Raya Frequency/32 kHz Medium Frequency Kebun Raya/20260922_120600T.WAV,0,55,55,Kebun Raya Frequency,Medium,-5.368818,105.311696,9/22/2026,12:05,Siang,Cerah,24F31901603767F6,Unknown,32000,Unknown,Frequency,0.011723651,0.8024292,Y,System,10/8/2026,,655cbf126c6c96d86f36bea031e2aa2483a151893333c59397a34bb6d24addf5
NOISE_1023,Kebun Raya Frequency/32 kHz Medium Frequency Kebun Raya/20260922_120700T.WAV,0,55,55,Kebun Raya Frequency,Medium,-5.368818,105.311696,9/22/2026,12:05,Siang,Cerah,24F31901603767F6,Unknown,32000,Unknown,Frequency,0.014797152,0.4958496,Y,System,10/8/2026,,1659570d171021fe8d7eab9937e54de846eeff7be92cac47d453e8665c895016
NOISE_1024,Kebun Raya Frequency/32 kHz Medium Frequency Kebun Raya/20260922_120800T.WAV,0,55,55,Kebun Raya Frequency,Medium,-5.368818,105.311696,9/22/2026,12:05,Siang,Cerah,24F31901603767F6,Unknown,32000,Unknown,Frequency,0.01920835,0.57922363,Y,System,10/8/2026,,7d707152a5669f2ec661a75f2a362d414698b3209d46d4f2a878cbe411182aca
NOISE_1025,Kebun Raya Frequency/32 kHz Medium Frequency Kebun Raya/20260922_120900T.WAV,0,55,55,Kebun Raya Frequency,Medium,-5.368818,105.311696,9/22/2026,12:05,Siang,Cerah,24F31901603767F6,Unknown,32000,Unknown,Frequency,0.008648169,0.09765625,Y,System,10/8/2026,,4e1fc4749b3199c7b3697ed4dd2a6f4a32227e39756a40834c499e6bf692a6d0
NOISE_1026,Kebun Raya Frequency/32 kHz Medium Frequency Kebun Raya/20260922_121000T.WAV,0,55,55,Kebun Raya Frequency,Medium,-5.368818,105.311696,9/22/2026,12:05,Siang,Cerah,24F31901603767F6,Unknown,32000,Unknown,Frequency,0.00797418,0.9753113,Y,System,10/8/2026,,39a67046afca91db00abe202273d1a328023c25e277aedb32c5a1eb479c42256
NOISE_1027,Kebun Raya Frequency/32 kHz Medium Frequency Kebun Raya/20260922_121100T.WAV,0,55,55,Kebun Raya Frequency,Medium,-5.368818,105.311696,9/22/2026,12:05,Siang,Cerah,24F31901603767F6,Unknown,32000,Unknown,Frequency,0.010761196,0.13702393,Y,System,10/8/2026,,bf69a1c544f455ceea086b4853b01794de1f6ad7dac588586ffedb4fd0930348
NOISE_1028,Kebun Raya Frequency/32 kHz Medium Frequency Kebun Raya/20260922_121200T.WAV,0,55,55,Kebun Raya Frequency,Medium,-5.368818,105.311696,9/22/2026,12:05,Siang,Cerah,24F31901603767F6,Unknown,32000,Unknown,Frequency,0.012164938,0.10079956,Y,System,10/8/2026,,9a5867ca0a541afbecdb740eb3ecececbc3197a77c008d5be7b58c6bdc4871ad
NOISE_1029,Kebun Raya Frequency/32 kHz Medium Frequency Kebun Raya/20260922_121300T.WAV,0,55,55,Kebun Raya Frequency,Medium,-5.368818,105.311696,9/22/2026,12:05,Siang,Cerah,24F31901603767F6,Unknown,32000,Unknown,Frequency,0.018733077,0.3423767,Y,System,10/8/2026,,57b3f6980faa970d336e7fa58eeb56cae66e5d2b3020b9d9cc653ce5f9cbc23f
NOISE_1030,Kebun Raya Frequency/32 kHz Medium Frequency Kebun Raya/20260922_121400T.WAV,0,55,55,Kebun Raya Frequency,Medium,-5.368818,105.311696,9/22/2026,12:05,Siang,Cerah,24F31901603767F6,Unknown,32000,Unknown,Frequency,0.011730904,0.14541626,Y,System,10/8/2026,,7bdbfb7bb885d3a5a11befc4d1d15fac00bb4ea228cadcb2357f1f00836663b6
NOISE_1031,Kebun Raya Frequency/32 kHz Medium Frequency Kebun Raya/20260922_121500T.WAV,0,55,55,Kebun Raya Frequency,Medium,-5.368818,105.311696,9/22/2026,12:05,Siang,Cerah,24F31901603767F6,Unknown,32000,Unknown,Frequency,0.011320948,0.78359985,Y,System,10/8/2026,,74f78758db5f82fa0b1bb35ff5b5ee2d879083964103362d73cadfca10ddafaf
NOISE_1032,Kebun Raya Frequency/32 kHz Medium Frequency Kebun Raya/20260922_121600T.WAV,0,53.992,53.992,Kebun Raya Frequency,Medium,-5.368818,105.311696,9/22/2026,12:05,Siang,Cerah,24F31901603767F6,Unknown,32000,Unknown,Frequency,0.007630144,0.1126709,Y,System,10/8/2026,,2fc7cf50f2f11c8269d3801f7a9a6b133a2183f2f5b73c97aebc78fd0e95b604
NOISE_1033,Kebun Raya Frequency/32 kHz Medium Frequency Kebun Raya/20260922_121700T.WAV,0,55,55,Kebun Raya Frequency,Medium,-5.368818,105.311696,9/22/2026,12:05,Siang,Cerah,24F31901603767F6,Unknown,32000,Unknown,Frequency,0.009405795,0.12438965,Y,System,10/8/2026,,4f6776942afdcb96f521cfe38537dfaac829e0056f9b70ad1b926c4a6fbdf3cd
NOISE_1034,Kebun Raya Frequency/32 kHz Medium Frequency Kebun Raya/20260922_121800T.WAV,0,55,55,Kebun Raya Frequency,Medium,-5.368818,105.311696,9/22/2026,12:05,Siang,Cerah,24F31901603767F6,Unknown,32000,Unknown,Frequency,0.012091245,0.22946167,Y,System,10/8/2026,,8709838cf7d2255e90b962b5920079407b7d49a7068f85a7a86fa3f82ecfad5d
NOISE_1035,Kebun Raya Frequency/32 kHz Medium Frequency Kebun Raya/20260922_121900T.WAV,0,55,55,Kebun Raya Frequency,Medium,-5.368818,105.311696,9/22/2026,12:05,Siang,Cerah,24F31901603767F6,Unknown,32000,Unknown,Frequency,0.009784464,0.12225342,Y,System,10/8/2026,,fc4d267dd657ae773a299fbbab40b8b581d7f7057845c9cddfe237c610ac731f
NOISE_1036,Kebun Raya Frequency/32 kHz Medium Frequency Kebun Raya/20260922_122000T.WAV,0,55,55,Kebun Raya Frequency,Medium,-5.368818,105.311696,9/22/2026,12:05,Siang,Cerah,24F31901603767F6,Unknown,32000,Unknown,Frequency,0.09412026,0.9999695,Y,System,10/8/2026,,bc359861316345367d721512be4903151267153656433802f17cb22f63b7d2e3
NOISE_1037,Kebun Raya Frequency/32 kHz Medium Frequency Kebun Raya/20260922_122100T.WAV,0,55,55,Kebun Raya Frequency,Medium,-5.368818,105.311696,9/22/2026,12:05,Siang,Cerah,24F31901603767F6,Unknown,32000,Unknown,Frequency,0.03327315,0.9999695,Y,System,10/8/2026,,fb2d8cfb12413548dd8669e434dc0585c8d8bd75283db40f4f79630bcf455fa6
NOISE_1038,Kebun Raya Frequency/32 kHz Medium Frequency Kebun Raya/20260922_122200T.WAV,0,55,55,Kebun Raya Frequency,Medium,-5.368818,105.311696,9/22/2026,12:05,Siang,Cerah,24F31901603767F6,Unknown,32000,Unknown,Frequency,0.026545431,0.5807495,Y,System,10/8/2026,,4c53ef14be95a7bf0c2a01d68ef53b95d2237b8d6bb68bb10b6f4d4025f2d48c
NOISE_1039,Kebun Raya Frequency/32 kHz Medium Frequency Kebun Raya/20260922_122300T.WAV,0,55,55,Kebun Raya Frequency,Medium,-5.368818,105.311696,9/22/2026,12:05,Siang,Cerah,24F31901603767F6,Unknown,32000,Unknown,Frequency,0.01347026,0.2263794,Y,System,10/8/2026,,7908aaf757413969c091e61a64eb10db8b406fab191a3a2f75067e4b201a3b93
NOISE_1040,Kebun Raya Frequency/32 kHz Medium Frequency Kebun Raya/20260922_122400T.WAV,0,55,55,Kebun Raya Frequency,Medium,-5.368818,105.311696,9/22/2026,12:05,Siang,Cerah,24F31901603767F6,Unknown,32000,Unknown,Frequency,0.020789355,0.5860596,Y,System,10/8/2026,,ff1d652e13030f34792a07ca0b7a3aa92bf9cfa9f40824a270bb5547711430c6
NOISE_1041,Kebun Raya Frequency/32 kHz Medium Frequency Kebun Raya/20260922_122500T.WAV,0,55,55,Kebun Raya Frequency,Medium,-5.368818,105.311696,9/22/2026,12:05,Siang,Cerah,24F31901603767F6,Unknown,32000,Unknown,Frequency,0.015376706,0.38354492,Y,System,10/8/2026,,805c965af5d065772a4389dc4e080cc1beb2894e5413d290510aa9713f80f22f
NOISE_1042,Kebun Raya Frequency/32 kHz Medium Frequency Kebun Raya/20260922_122600T.WAV,0,54.496,54.496,Kebun Raya Frequency,Medium,-5.368818,105.311696,9/22/2026,12:05,Siang,Cerah,24F31901603767F6,Unknown,32000,Unknown,Frequency,0.008200443,0.06439209,Y,System,10/8/2026,,bd8660ff2d8276121c6d5e594da61aea0f4150d013ab8bdfe4b8d519426fc722
NOISE_1043,Kebun Raya Frequency/32 kHz Medium Frequency Kebun Raya/20260922_122700T.WAV,0,55,55,Kebun Raya Frequency,Medium,-5.368818,105.311696,9/22/2026,12:05,Siang,Cerah,24F31901603767F6,Unknown,32000,Unknown,Frequency,0.00856113,0.068237305,Y,System,10/8/2026,,21f727e5fe95fdac4cc35a2c17758315b0cfd66a1a9ebf1b98cc158466fb6925
NOISE_1044,Kebun Raya Frequency/32 kHz Medium Frequency Kebun Raya/20260922_122800T.WAV,0,55,55,Kebun Raya Frequency,Medium,-5.368818,105.311696,9/22/2026,12:05,Siang,Cerah,24F31901603767F6,Unknown,32000,Unknown,Frequency,0.007673177,0.09667969,Y,System,10/8/2026,,f5eaebb0ee5db7ebee021148d566fc9230be236c5c6b619cfb435168a85aa26f
NOISE_1045,Kebun Raya Frequency/32 kHz Medium Frequency Kebun Raya/20260922_122900T.WAV,0,55,55,Kebun Raya Frequency,Medium,-5.368818,105.311696,9/22/2026,12:05,Siang,Cerah,24F31901603767F6,Unknown,32000,Unknown,Frequency,0.008120996,0.15988159,Y,System,10/8/2026,,bcdb421abf727216273343b0d053d14f0cd4ef0b5d5f5ce3a46d80a862a5e712
NOISE_1046,Kebun Raya Frequency/32 kHz Medium Frequency Kebun Raya/20260922_123000T.WAV,0,55,55,Kebun Raya Frequency,Medium,-5.368818,105.311696,9/22/2026,12:05,Siang,Cerah,24F31901603767F6,Unknown,32000,Unknown,Frequency,0.007728928,0.22561646,Y,System,10/8/2026,,150ba768aa7362fe5bb887f4c043cc6c7209625f297cd892ce3f4bffa0bd8956
NOISE_1047,Kebun Raya Frequency/32 kHz Medium Frequency Kebun Raya/20260922_123100T.WAV,0,54.496,54.496,Kebun Raya Frequency,Medium,-5.368818,105.311696,9/22/2026,12:05,Siang,Cerah,24F31901603767F6,Unknown,32000,Unknown,Frequency,0.009058043,0.20626831,Y,System,10/8/2026,,a715d850dd020f744ce270dfa7f43fb65e90a6da03dc9d6c5c3d34f7d933915c
NOISE_1048,Kebun Raya Frequency/32 kHz Medium Frequency Kebun Raya/20260922_123200T.WAV,0,55,55,Kebun Raya Frequency,Medium,-5.368818,105.311696,9/22/2026,12:05,Siang,Cerah,24F31901603767F6,Unknown,32000,Unknown,Frequency,0.012530866,0.27490234,Y,System,10/8/2026,,060ec7c55c1dcae7f8bb92da5ba979706dfbad9a34158d9895ceebd7fa36491c
NOISE_1049,Kebun Raya Frequency/32 kHz Medium Frequency Kebun Raya/20260922_123300T.WAV,0,54.496,54.496,Kebun Raya Frequency,Medium,-5.368818,105.311696,9/22/2026,12:05,Siang,Cerah,24F31901603767F6,Unknown,32000,Unknown,Frequency,0.012080733,0.12887573,Y,System,10/8/2026,,042555d2546f4bcba3b088c0e02752fcb03345769ba065a96da867ff69dc34a7
NOISE_1050,Kebun Raya Frequency/32 kHz Medium Frequency Kebun Raya/20260922_123400T.WAV,0,55,55,Kebun Raya Frequency,Medium,-5.368818,105.311696,9/22/2026,12:05,Siang,Cerah,24F31901603767F6,Unknown,32000,Unknown,Frequency,0.011676724,0.095214844,Y,System,10/8/2026,,583dae972485f2175178747345ece50a0ed7d41013c1de741bc40c51ff62aa5e
NOISE_1051,Kebun Raya Frequency/32 kHz Medium Frequency Kebun Raya/20260922_123500T.WAV,0,55,55,Kebun Raya Frequency,Medium,-5.368818,105.311696,9/22/2026,12:05,Siang,Cerah,24F31901603767F6,Unknown,32000,Unknown,Frequency,0.010871097,0.09686279,Y,System,10/8/2026,,c888a6f662eabd48217ebdd6f4459dd788d632a79e6e5cc4f7a5b6c7a44c5836
NOISE_1052,Kebun Raya Frequency/32 kHz Medium Frequency Kebun Raya/20260922_123600T.WAV,0,55,55,Kebun Raya Frequency,Medium,-5.368818,105.311696,9/22/2026,12:05,Siang,Cerah,24F31901603767F6,Unknown,32000,Unknown,Frequency,0.012266762,0.09777832,Y,System,10/8/2026,,a83778bbfac9d2f4cc3b74cea0da2554128c2c017d3212effb85ba68afbde0f8
NOISE_1053,Kebun Raya Frequency/32 kHz Medium Frequency Kebun Raya/20260922_123700T.WAV,0,53.984,53.984,Kebun Raya Frequency,Medium,-5.368818,105.311696,9/22/2026,12:05,Siang,Cerah,24F31901603767F6,Unknown,32000,Unknown,Frequency,0.009134489,0.11251831,Y,System,10/8/2026,,bfbd87b311e2d1a0f8c1fc783ff7b0987d4d04b2593dad4dd3ccf7386a13f12a
NOISE_1054,Kebun Raya Frequency/32 kHz Medium Frequency Kebun Raya/20260922_123800T.WAV,0,55,55,Kebun Raya Frequency,Medium,-5.368818,105.311696,9/22/2026,12:05,Siang,Cerah,24F31901603767F6,Unknown,32000,Unknown,Frequency,0.023130998,0.5506897,Y,System,10/8/2026,,d328802140e64df4030f574c52a93efe63c74362a770b15403e7ed304fedd660
NOISE_1055,Kebun Raya Frequency/32 kHz Medium Frequency Kebun Raya/20260922_123900T.WAV,0,55,55,Kebun Raya Frequency,Medium,-5.368818,105.311696,9/22/2026,12:05,Siang,Cerah,24F31901603767F6,Unknown,32000,Unknown,Frequency,0.011793283,0.1331482,Y,System,10/8/2026,,d2196f025781964b0271752265f92feaf03ce67a473f21011b60d275204a92c3
NOISE_1056,Kebun Raya Frequency/32 kHz Medium Frequency Kebun Raya/20260922_124000T.WAV,0,55,55,Kebun Raya Frequency,Medium,-5.368818,105.311696,9/22/2026,12:05,Siang,Cerah,24F31901603767F6,Unknown,32000,Unknown,Frequency,0.0116415,0.14715576,Y,System,10/8/2026,,95e49458908cb673d216704724b6c8db501edd26f7e5db0bc92f5f4bbcc2cb0d
NOISE_1057,Kebun Raya Frequency/32 kHz Medium Frequency Kebun Raya/20260922_124100T.WAV,0,55,55,Kebun Raya Frequency,Medium,-5.368818,105.311696,9/22/2026,12:05,Siang,Cerah,24F31901603767F6,Unknown,32000,Unknown,Frequency,0.03423991,0.9378052,Y,System,10/8/2026,,01a103d5b496b0baa116ae0568a1467e7bae5605bf8062f6b77241b36866161e
NOISE_1058,Kebun Raya Frequency/32 kHz Medium Frequency Kebun Raya/20260922_124200T.WAV,0,55,55,Kebun Raya Frequency,Medium,-5.368818,105.311696,9/22/2026,12:05,Siang,Cerah,24F31901603767F6,Unknown,32000,Unknown,Frequency,0.010208926,0.07720947,Y,System,10/8/2026,,3b2b591badc93a8818372b2cc5635919e733814358a4a0a4743093e97dd1334d
NOISE_1059,Kebun Raya Frequency/32 kHz Medium Frequency Kebun Raya/20260922_124300T.WAV,0,55,55,Kebun Raya Frequency,Medium,-5.368818,105.311696,9/22/2026,12:05,Siang,Cerah,24F31901603767F6,Unknown,32000,Unknown,Frequency,0.00989935,0.09680176,Y,System,10/8/2026,,4ef58ee315d7478528e8d96ed21c6f52290ca367898cb4752601ad1ab95e571d
NOISE_1060,Kebun Raya Frequency/32 kHz Medium Frequency Kebun Raya/20260922_124400T.WAV,0,55,55,Kebun Raya Frequency,Medium,-5.368818,105.311696,9/22/2026,12:05,Siang,Cerah,24F31901603767F6,Unknown,32000,Unknown,Frequency,0.010851118,0.10656738,Y,System,10/8/2026,,60109268ca2dfac83c5ba664898dd11b48670a65c3e18a44f2e75de0d8c1a3cf
NOISE_1061,Kebun Raya Frequency/32 kHz Medium Frequency Kebun Raya/20260922_124500T.WAV,0,54.496,54.496,Kebun Raya Frequency,Medium,-5.368818,105.311696,9/22/2026,12:05,Siang,Cerah,24F31901603767F6,Unknown,32000,Unknown,Frequency,0.010672788,0.08816528,Y,System,10/8/2026,,045c0ec90974ec50896f8e1c18b21e7da29bb7ec645fb39351c437966b970e2f
NOISE_1062,Kebun Raya Frequency/32 kHz Medium Frequency Kebun Raya/20260922_124600T.WAV,0,55,55,Kebun Raya Frequency,Medium,-5.368818,105.311696,9/22/2026,12:05,Siang,Cerah,24F31901603767F6,Unknown,32000,Unknown,Frequency,0.009913803,0.12887573,Y,System,10/8/2026,,4a89e1a42dbb035d09b309da355b753bae9dba9dbc5b6e0fde030860f98fc42f
NOISE_1063,Kebun Raya Frequency/32 kHz Medium Frequency Kebun Raya/20260922_124700T.WAV,0,55,55,Kebun Raya Frequency,Medium,-5.368818,105.311696,9/22/2026,12:05,Siang,Cerah,24F31901603767F6,Unknown,32000,Unknown,Frequency,0.010390758,0.12625122,Y,System,10/8/2026,,ebac44980cfb66453529d2fe8eafd036ff48af716d21bc216f34e17d14e57114
NOISE_1064,Kebun Raya Frequency/32 kHz Medium Frequency Kebun Raya/20260922_124800T.WAV,0,55,55,Kebun Raya Frequency,Medium,-5.368818,105.311696,9/22/2026,12:05,Siang,Cerah,24F31901603767F6,Unknown,32000,Unknown,Frequency,0.010399356,0.19525146,Y,System,10/8/2026,,be55e6af25ab98206a9f6d233e7a6a5e85dca5b448cd99df513612ec6dfe2548
NOISE_1065,Kebun Raya Frequency/32 kHz Medium Frequency Kebun Raya/20260922_124900T.WAV,0,55,55,Kebun Raya Frequency,Medium,-5.368818,105.311696,9/22/2026,12:05,Siang,Cerah,24F31901603767F6,Unknown,32000,Unknown,Frequency,0.009203085,0.17181396,Y,System,10/8/2026,,bebab76dcbd25470ebbe5d452347df3a9374e5d1bd23919c416fcfd3cbdcea55
NOISE_1066,Kebun Raya Frequency/32 kHz Medium Frequency Kebun Raya/20260922_125000T.WAV,0,55,55,Kebun Raya Frequency,Medium,-5.368818,105.311696,9/22/2026,12:05,Siang,Cerah,24F31901603767F6,Unknown,32000,Unknown,Frequency,0.013742019,0.2687378,Y,System,10/8/2026,,3caab79a35574ac65b02f5a9ac41f3f73b64fb8291f60ae4052f2ddc0660de12
NOISE_1067,Kebun Raya Frequency/32 kHz Medium Frequency Kebun Raya/20260922_125100T.WAV,0,55,55,Kebun Raya Frequency,Medium,-5.368818,105.311696,9/22/2026,12:05,Siang,Cerah,24F31901603767F6,Unknown,32000,Unknown,Frequency,0.013331963,0.3619995,Y,System,10/8/2026,,642e02954c8bdc82ca8eed40c7df04308043d4fcf4ef0617bed8410bbf7d6772
NOISE_1068,Kebun Raya Frequency/32 kHz Medium Frequency Kebun Raya/20260922_125200T.WAV,0,55,55,Kebun Raya Frequency,Medium,-5.368818,105.311696,9/22/2026,12:05,Siang,Cerah,24F31901603767F6,Unknown,32000,Unknown,Frequency,0.01736121,0.47244263,Y,System,10/8/2026,,33bda1dc3c03814241a04b3a4e6218f442598fb974b5e5e8de9c78f10a730215
NOISE_1069,Kebun Raya Frequency/32 kHz Medium Frequency Kebun Raya/20260922_125300T.WAV,0,55,55,Kebun Raya Frequency,Medium,-5.368818,105.311696,9/22/2026,12:05,Siang,Cerah,24F31901603767F6,Unknown,32000,Unknown,Frequency,0.017853858,0.46066284,Y,System,10/8/2026,,8894088833d99902fcd05f8ab29263556e70838087954b5fd96a296eff4abb58
NOISE_1070,Kebun Raya Frequency/32 kHz Medium Frequency Kebun Raya/20260922_125400T.WAV,0,55,55,Kebun Raya Frequency,Medium,-5.368818,105.311696,9/22/2026,12:05,Siang,Cerah,24F31901603767F6,Unknown,32000,Unknown,Frequency,0.035396203,0.9999695,Y,System,10/8/2026,,463e087a383a76218e224ee46c124bf56c77df37253694d19827e41c52319ac9
NOISE_1071,Kebun Raya Frequency/32 kHz Medium Frequency Kebun Raya/20260922_125500T.WAV,0,55,55,Kebun Raya Frequency,Medium,-5.368818,105.311696,9/22/2026,12:05,Siang,Cerah,24F31901603767F6,Unknown,32000,Unknown,Frequency,0.029961683,0.9732971,Y,System,10/8/2026,,d54a282b856964d9d404b7ab83392f798fd943c1b2f22582b246d73b7e878a34
NOISE_1072,Kebun Raya Frequency/32 kHz Medium Frequency Kebun Raya/20260922_142200T.WAV,0,55,55,Kebun Raya Frequency,Medium,-5.368818,105.311696,9/22/2026,12:05,Siang,Cerah,24F31901603767F6,Unknown,32000,Unknown,Frequency,0.022350674,0.8251648,Y,System,10/8/2026,,98812114d373aa38ba10c027f5ba43d4f44d447473d443c2bf22a805c41d3dab
NOISE_1073,Kebun Raya Frequency/32 kHz Medium Frequency Kebun Raya/20260922_142300T.WAV,0,55,55,Kebun Raya Frequency,Medium,-5.368818,105.311696,9/22/2026,12:05,Siang,Cerah,24F31901603767F6,Unknown,32000,Unknown,Frequency,0.020053132,0.35650635,Y,System,10/8/2026,,d15b62056ebba6d44d8b6e878bb7e951cd4ebd9b42b60d94301e0367ff4315bb
NOISE_1074,Kebun Raya Frequency/32 kHz Medium Frequency Kebun Raya/20260922_142400T.WAV,0,55,55,Kebun Raya Frequency,Medium,-5.368818,105.311696,9/22/2026,12:05,Siang,Cerah,24F31901603767F6,Unknown,32000,Unknown,Frequency,0.017012825,0.28616333,Y,System,10/8/2026,,98e2ee7c4bc62e6a0a0e49a8ff161ca82b787b4ca6772752d8b4923e82e3014b
NOISE_1075,Kebun Raya Frequency/32 kHz Medium Frequency Kebun Raya/20260922_142500T.WAV,0,55,55,Kebun Raya Frequency,Medium,-5.368818,105.311696,9/22/2026,12:05,Siang,Cerah,24F31901603767F6,Unknown,32000,Unknown,Frequency,0.017800894,0.24761963,Y,System,10/8/2026,,0887f9e5ee653beb8e35cabf5d3ef755bcaf8df80135b9d607521623e3526948
NOISE_1076,Kebun Raya Frequency/32 kHz Medium Frequency Kebun Raya/20260922_142600T.WAV,0,55,55,Kebun Raya Frequency,Medium,-5.368818,105.311696,9/22/2026,12:05,Siang,Cerah,24F31901603767F6,Unknown,32000,Unknown,Frequency,0.019276842,0.42562866,Y,System,10/8/2026,,41aff492aea77bb321e9151eab0cd2f89766b4281398aa1296f44d29ba11010d
NOISE_1077,Kebun Raya Frequency/32 kHz Medium Frequency Kebun Raya/20260922_142700T.WAV,0,55,55,Kebun Raya Frequency,Medium,-5.368818,105.311696,9/22/2026,12:05,Siang,Cerah,24F31901603767F6,Unknown,32000,Unknown,Frequency,0.018392881,0.8501587,Y,System,10/8/2026,,bff0c96ff3f0e9d915f1d57c29c340ae27fc04472022bae33bd7fca4c53a508d
NOISE_1078,Kebun Raya Frequency/32 kHz Medium Frequency Kebun Raya/20260922_142800T.WAV,0,55,55,Kebun Raya Frequency,Medium,-5.368818,105.311696,9/22/2026,12:05,Siang,Cerah,24F31901603767F6,Unknown,32000,Unknown,Frequency,0.016243156,0.35873413,Y,System,10/8/2026,,abec961ba06bcda572ce82e14af91c575d1a91904b300a92192b2c8721aa5aec
NOISE_1079,Kebun Raya Frequency/32 kHz Medium Frequency Kebun Raya/20260922_142900T.WAV,0,55,55,Kebun Raya Frequency,Medium,-5.368818,105.311696,9/22/2026,12:05,Siang,Cerah,24F31901603767F6,Unknown,32000,Unknown,Frequency,0.016316086,0.4673767,Y,System,10/8/2026,,cdc9bbe9300a2b13e6d03edd969f0d4e9ff2c2e1c4df9499ab62215e654dd591
NOISE_1080,Masjid At-tanwir Amplitudo/32 kHz High Amplitudo/20261002_143000T.WAV,0,55,55,Masjid At-tanwir Amplitudo,High,-5.357256,105.318604,10/2/2026,14:30,Siang,Cerah,24F31901603767F6,Unknown,32000,Unknown,Amplitude,0.016662864,0.36764526,Y,System,10/8/2026,,1f0e23eeb075b7fc13c7ab7ab5927e8a08dfaf5207c5d0dfba091effbf5b11fd
NOISE_1081,Masjid At-tanwir Amplitudo/32 kHz High Amplitudo/20261002_143100T.WAV,0,55,55,Masjid At-tanwir Amplitudo,High,-5.357256,105.318604,10/2/2026,14:30,Siang,Cerah,24F31901603767F6,Unknown,32000,Unknown,Amplitude,0.015064393,0.1579895,Y,System,10/8/2026,,0c1be82861b0678957fb74c155bbab239bf1beb7bcfef76c816d17443a02eeb2
NOISE_1082,Masjid At-tanwir Amplitudo/32 kHz High Amplitudo/20261002_143200T.WAV,0,55,55,Masjid At-tanwir Amplitudo,High,-5.357256,105.318604,10/2/2026,14:30,Siang,Cerah,24F31901603767F6,Unknown,32000,Unknown,Amplitude,0.022774888,0.2781372,Y,System,10/8/2026,,58d5e496344d14b0834179df92d6ac7ea0df51a8d4f7292edcc26e1533c80e2e
NOISE_1083,Masjid At-tanwir Amplitudo/32 kHz High Amplitudo/20261002_143300T.WAV,0,55,55,Masjid At-tanwir Amplitudo,High,-5.357256,105.318604,10/2/2026,14:30,Siang,Cerah,24F31901603767F6,Unknown,32000,Unknown,Amplitude,0.028204815,0.7758789,Y,System,10/8/2026,,a4e76f453b1003be43d9a15eca9c6e1513ba9cbce57e9b5b134ebac832553d79
NOISE_1084,Masjid At-tanwir Amplitudo/32 kHz High Amplitudo/20261002_143400T.WAV,0,55,55,Masjid At-tanwir Amplitudo,High,-5.357256,105.318604,10/2/2026,14:30,Siang,Cerah,24F31901603767F6,Unknown,32000,Unknown,Amplitude,0.01684302,0.25268555,Y,System,10/8/2026,,ad4cb0d56dafdd8ed047b4f67f36ec9c3f91807c2d9d0c0e36b974398b9fc46c
NOISE_1085,Masjid At-tanwir Amplitudo/32 kHz High Amplitudo/20261002_143500T.WAV,0,55,55,Masjid At-tanwir Amplitudo,High,-5.357256,105.318604,10/2/2026,14:30,Siang,Cerah,24F31901603767F6,Unknown,32000,Unknown,Amplitude,0.046388898,0.52905273,Y,System,10/8/2026,,18c1a3b03d10e3b314b561ad1a9fd9719805b2e31686333fc24d53cca32194e1
NOISE_1086,Masjid At-tanwir Amplitudo/32 kHz High Amplitudo/20261002_143600T.WAV,0,55,55,Masjid At-tanwir Amplitudo,High,-5.357256,105.318604,10/2/2026,14:30,Siang,Cerah,24F31901603767F6,Unknown,32000,Unknown,Amplitude,0.03930588,0.6610718,Y,System,10/8/2026,,933a96146af8876aa02f2d6dfe6633de2ef81941f4ec1b0a31a10f6930f2ecf1
NOISE_1087,Masjid At-tanwir Amplitudo/32 kHz High Amplitudo/20261002_143700T.WAV,0,55,55,Masjid At-tanwir Amplitudo,High,-5.357256,105.318604,10/2/2026,14:30,Siang,Cerah,24F31901603767F6,Unknown,32000,Unknown,Amplitude,0.023281258,0.23825073,Y,System,10/8/2026,,669b275521d9cef0e7ddb4093f7a3903d3824c5214a79b4172957518d8c3f791
NOISE_1088,Masjid At-tanwir Amplitudo/32 kHz High Amplitudo/20261002_143800T.WAV,0,55,55,Masjid At-tanwir Amplitudo,High,-5.357256,105.318604,10/2/2026,14:30,Siang,Cerah,24F31901603767F6,Unknown,32000,Unknown,Amplitude,0.050449003,0.93618774,Y,System,10/8/2026,,f1e4d0eeb88ac7e652bc92b4b7e3e71ec6e09a004abfecf5c0eb88812cc05b98
NOISE_1089,Masjid At-tanwir Amplitudo/32 kHz High Amplitudo/20261002_143900T.WAV,0,55,55,Masjid At-tanwir Amplitudo,High,-5.357256,105.318604,10/2/2026,14:30,Siang,Cerah,24F31901603767F6,Unknown,32000,Unknown,Amplitude,0.029106647,0.59957886,Y,System,10/8/2026,,bb98867263d31f1223bf084823f9904fab67f19a73fdfde4c0fdcc6672f22a30
NOISE_1090,Masjid At-tanwir Amplitudo/32 kHz High Amplitudo/20261002_144000T.WAV,0,55,55,Masjid At-tanwir Amplitudo,High,-5.357256,105.318604,10/2/2026,14:30,Siang,Cerah,24F31901603767F6,Unknown,32000,Unknown,Amplitude,0.016408708,0.22476196,Y,System,10/8/2026,,756011953b9db40917a320008926b1bf00bb32bf6954f4f7a09b015ada119e5c
NOISE_1091,Masjid At-tanwir Amplitudo/32 kHz High Amplitudo/20261002_144100T.WAV,0,55,55,Masjid At-tanwir Amplitudo,High,-5.357256,105.318604,10/2/2026,14:30,Siang,Cerah,24F31901603767F6,Unknown,32000,Unknown,Amplitude,0.017410673,0.9999695,Y,System,10/8/2026,,9537a9dd826cf5bb6db562220d30d3a87fb5b9a3c7fc2a35a1614ee88ce10617
NOISE_1092,Masjid At-tanwir Amplitudo/32 kHz High Amplitudo/20261002_144200T.WAV,0,55,55,Masjid At-tanwir Amplitudo,High,-5.357256,105.318604,10/2/2026,14:30,Siang,Cerah,24F31901603767F6,Unknown,32000,Unknown,Amplitude,0.018052772,0.4828186,Y,System,10/8/2026,,5da69045135d737c77fe3df8b1c002ed7769dfbe7105888580f76da0f683f081
NOISE_1093,Masjid At-tanwir Amplitudo/32 kHz High Amplitudo/20261002_144300T.WAV,0,55,55,Masjid At-tanwir Amplitudo,High,-5.357256,105.318604,10/2/2026,14:30,Siang,Cerah,24F31901603767F6,Unknown,32000,Unknown,Amplitude,0.033793427,0.6864929,Y,System,10/8/2026,,746b772efae7ea40fb31d420c095c22776865f450b03d765f0f0e3d7a7f2f01e
NOISE_1094,Masjid At-tanwir Amplitudo/32 kHz High Amplitudo/20261002_144400T.WAV,0,55,55,Masjid At-tanwir Amplitudo,High,-5.357256,105.318604,10/2/2026,14:30,Siang,Cerah,24F31901603767F6,Unknown,32000,Unknown,Amplitude,0.018538004,0.32763672,Y,System,10/8/2026,,f0b185055240fbce29ac8dfdcc3bbc6b5bbe9b273e347c44c569730f87352a00
NOISE_1095,Masjid At-tanwir Amplitudo/32 kHz High Amplitudo/20261002_144500T.WAV,0,55,55,Masjid At-tanwir Amplitudo,High,-5.357256,105.318604,10/2/2026,14:30,Siang,Cerah,24F31901603767F6,Unknown,32000,Unknown,Amplitude,0.024084937,0.5030823,Y,System,10/8/2026,,795a596f2c2c07cb0f12b2c3597b2719e955a238e9e2332c7b51fb4a2f21740c
NOISE_1096,Masjid At-tanwir Amplitudo/32 kHz High Amplitudo/20261002_144600T.WAV,0,55,55,Masjid At-tanwir Amplitudo,High,-5.357256,105.318604,10/2/2026,14:30,Siang,Cerah,24F31901603767F6,Unknown,32000,Unknown,Amplitude,0.01764085,0.16192627,Y,System,10/8/2026,,81d9c8bf5337eeeb4159fa0e267eb01bc3dc9fe8c62f3479cc53efa4233194e6
NOISE_1097,Masjid At-tanwir Amplitudo/32 kHz High Amplitudo/20261002_144700T.WAV,0,55,55,Masjid At-tanwir Amplitudo,High,-5.357256,105.318604,10/2/2026,14:30,Siang,Cerah,24F31901603767F6,Unknown,32000,Unknown,Amplitude,0.016098287,0.9501648,Y,System,10/8/2026,,3b7cf1ba6d8abe1e3c06aaf88d6500eabb47648258be77a4ea1e995dcba29fa6
NOISE_1098,Masjid At-tanwir Amplitudo/32 kHz High Amplitudo/20261002_144800T.WAV,0,55,55,Masjid At-tanwir Amplitudo,High,-5.357256,105.318604,10/2/2026,14:30,Siang,Cerah,24F31901603767F6,Unknown,32000,Unknown,Amplitude,0.019017782,0.36688232,Y,System,10/8/2026,,73ebf8e02bda8b98148955d07a2ba32d938a9ed907cf2109346eabdf2ad272b9
NOISE_1099,Masjid At-tanwir Amplitudo/32 kHz High Amplitudo/20261002_144900T.WAV,0,55,55,Masjid At-tanwir Amplitudo,High,-5.357256,105.318604,10/2/2026,14:30,Siang,Cerah,24F31901603767F6,Unknown,32000,Unknown,Amplitude,0.016226139,0.27929688,Y,System,10/8/2026,,1d498d890fe2ab1ca663220d741525c6ee998f387ac1f82deb97ce401ad0df9d
NOISE_1100,Masjid At-tanwir Amplitudo/32 kHz High Amplitudo/20261002_145000T.WAV,0,55,55,Masjid At-tanwir Amplitudo,High,-5.357256,105.318604,10/2/2026,14:30,Siang,Cerah,24F31901603767F6,Unknown,32000,Unknown,Amplitude,0.01668548,0.12878418,Y,System,10/8/2026,,9b96c052f24fd3396e6c6555b9bd2cf3cd7dc873d61a4f72f9335934a2ab81d6
NOISE_1101,Masjid At-tanwir Amplitudo/32 kHz High Amplitudo/20261002_145100T.WAV,0,55,55,Masjid At-tanwir Amplitudo,High,-5.357256,105.318604,10/2/2026,14:30,Siang,Cerah,24F31901603767F6,Unknown,32000,Unknown,Amplitude,0.016808528,0.27035522,Y,System,10/8/2026,,42ef6aba8a69645e99b5f6c88b0e1db3f6e71079ad37ffb56eb638cc8c1ef633
NOISE_1102,Masjid At-tanwir Amplitudo/32 kHz High Amplitudo/20261002_145200T.WAV,0,55,55,Masjid At-tanwir Amplitudo,High,-5.357256,105.318604,10/2/2026,14:30,Siang,Cerah,24F31901603767F6,Unknown,32000,Unknown,Amplitude,0.0143822,0.1321106,Y,System,10/8/2026,,a5f3dd0f7befbef7d879a8188c35a4f50324250cf13cafee9c0f23a00df64b1d
NOISE_1103,Masjid At-tanwir Amplitudo/32 kHz High Amplitudo/20261002_145300T.WAV,0,55,55,Masjid At-tanwir Amplitudo,High,-5.357256,105.318604,10/2/2026,14:30,Siang,Cerah,24F31901603767F6,Unknown,32000,Unknown,Amplitude,0.01565611,0.12487793,Y,System,10/8/2026,,bd128217f49b8c8709d3a66bf9c502291a72b4c41c0d5b207bd51137dc3db644
NOISE_1104,Masjid At-tanwir Amplitudo/32 kHz High Amplitudo/20261002_145400T.WAV,0,55,55,Masjid At-tanwir Amplitudo,High,-5.357256,105.318604,10/2/2026,14:30,Siang,Cerah,24F31901603767F6,Unknown,32000,Unknown,Amplitude,0.33879837,0.9999695,Y,System,10/8/2026,,fdb0a778b14f78d61c351d6b1f10cef7d525556b54798ace728c39244d2cbf48
NOISE_1105,Masjid At-tanwir Amplitudo/32 kHz High Amplitudo/20261002_145500T.WAV,0,55,55,Masjid At-tanwir Amplitudo,High,-5.357256,105.318604,10/2/2026,14:30,Siang,Cerah,24F31901603767F6,Unknown,32000,Unknown,Amplitude,0.36545825,0.9999695,Y,System,10/8/2026,,ba6b88fa9eea7f93b49829c7a1294c939a2f31951999bdff2eac58e85a239ae8
NOISE_1106,Masjid At-tanwir Amplitudo/32 kHz High Amplitudo/20261002_145600T.WAV,0,55,55,Masjid At-tanwir Amplitudo,High,-5.357256,105.318604,10/2/2026,14:30,Siang,Cerah,24F31901603767F6,Unknown,32000,Unknown,Amplitude,0.43058923,0.9999695,Y,System,10/8/2026,,1b44b3de67b8123e67192c4b74023b09fbb1b3ce5c79033ffb990715469fadc3
NOISE_1107,Masjid At-tanwir Amplitudo/32 kHz High Amplitudo/20261002_145700T.WAV,0,55,55,Masjid At-tanwir Amplitudo,High,-5.357256,105.318604,10/2/2026,14:30,Siang,Cerah,24F31901603767F6,Unknown,32000,Unknown,Amplitude,0.23001303,0.9999695,Y,System,10/8/2026,,31cfa63caffbc00f56e27567ba0fb37965eae7f3a412c09eb46d4fbeb79d596e
NOISE_1108,Masjid At-tanwir Amplitudo/32 kHz High Amplitudo/20261002_145800T.WAV,0,55,55,Masjid At-tanwir Amplitudo,High,-5.357256,105.318604,10/2/2026,14:30,Siang,Cerah,24F31901603767F6,Unknown,32000,Unknown,Amplitude,0.017634481,0.15377808,Y,System,10/8/2026,,913473e1c3ae085edec598feb91e3b1773fb8ca0cce981c8845018276832b063
NOISE_1109,Masjid At-tanwir Amplitudo/32 kHz High Amplitudo/20261002_145900T.WAV,0,55,55,Masjid At-tanwir Amplitudo,High,-5.357256,105.318604,10/2/2026,14:30,Siang,Cerah,24F31901603767F6,Unknown,32000,Unknown,Amplitude,0.017425846,0.14187622,Y,System,10/8/2026,,0f9b678a31e18797d406e4bb9ca9f28aaac7790fd55d3ecd056a146e19d1d842
NOISE_1110,Masjid At-tanwir Amplitudo/32 kHz High Amplitudo/20261002_150000T.WAV,0,55,55,Masjid At-tanwir Amplitudo,High,-5.357256,105.318604,10/2/2026,14:30,Siang,Cerah,24F31901603767F6,Unknown,32000,Unknown,Amplitude,0.017984405,0.27944946,Y,System,10/8/2026,,64fdbffe7416ec10461037fa66a04a1de47b313579152d8fee9355bf0f39f0c7
NOISE_1111,Masjid At-tanwir Amplitudo/32 kHz High Amplitudo/20261002_150100T.WAV,0,55,55,Masjid At-tanwir Amplitudo,High,-5.357256,105.318604,10/2/2026,14:30,Siang,Cerah,24F31901603767F6,Unknown,32000,Unknown,Amplitude,0.029219493,0.19473267,Y,System,10/8/2026,,63dd86b9ca65f7e9cf6af6e9d7c7ba26ea0fc56ccebcc34d1c3ab39d3ff350ae
NOISE_1112,Masjid At-tanwir Amplitudo/32 kHz High Amplitudo/20261002_150200T.WAV,0,55,55,Masjid At-tanwir Amplitudo,High,-5.357256,105.318604,10/2/2026,14:30,Siang,Cerah,24F31901603767F6,Unknown,32000,Unknown,Amplitude,0.04583931,0.6064453,Y,System,10/8/2026,,d37e2de837de7202c83dc63cb5f081dd9045b1caa3eef038f5bfb2ab2ae1ebe8
NOISE_1113,Masjid At-tanwir Amplitudo/32 kHz High Amplitudo/20261002_150300T.WAV,0,55,55,Masjid At-tanwir Amplitudo,High,-5.357256,105.318604,10/2/2026,14:30,Siang,Cerah,24F31901603767F6,Unknown,32000,Unknown,Amplitude,0.02361963,0.28570557,Y,System,10/8/2026,,7ed1ea8a4ed7916aa212d369cae30ca3b036545ef4a7262f72ae3657c666860e
NOISE_1114,Masjid At-tanwir Amplitudo/32 kHz High Amplitudo/20261002_150400T.WAV,0,55,55,Masjid At-tanwir Amplitudo,High,-5.357256,105.318604,10/2/2026,14:30,Siang,Cerah,24F31901603767F6,Unknown,32000,Unknown,Amplitude,0.027467228,0.9999695,Y,System,10/8/2026,,04e8480e222e08e625e4abe068c2df4774c89f7e0dd2aa84d14a7ee469479eb2
NOISE_1115,Masjid At-tanwir Amplitudo/32 kHz High Amplitudo/20261002_150500T.WAV,0,55,55,Masjid At-tanwir Amplitudo,High,-5.357256,105.318604,10/2/2026,14:30,Siang,Cerah,24F31901603767F6,Unknown,32000,Unknown,Amplitude,0.028672816,0.41427612,Y,System,10/8/2026,,0ee80617d4fd0c99308e020a8ce1028f68e360ebf288a28ff1d0e3f10b000474
NOISE_1116,Masjid At-tanwir Amplitudo/32 kHz High Amplitudo/20261002_150600T.WAV,0,55,55,Masjid At-tanwir Amplitudo,High,-5.357256,105.318604,10/2/2026,14:30,Siang,Cerah,24F31901603767F6,Unknown,32000,Unknown,Amplitude,0.042192664,0.8323364,Y,System,10/8/2026,,a1c7b6c8aedfc4cffe4fca9a998b90d7d23527fab1af987bbc867ebfe3ea563a
NOISE_1117,Masjid At-tanwir Amplitudo/32 kHz High Amplitudo/20261002_150700T.WAV,0,55,55,Masjid At-tanwir Amplitudo,High,-5.357256,105.318604,10/2/2026,14:30,Siang,Cerah,24F31901603767F6,Unknown,32000,Unknown,Amplitude,0.03188884,0.42749023,Y,System,10/8/2026,,d7adccd82b10dd83fadc916059fcdbae852b397d1cb9335b0a0a9b8d229ffc7c
NOISE_1118,Masjid At-tanwir Amplitudo/32 kHz High Amplitudo/20261002_150800T.WAV,0,55,55,Masjid At-tanwir Amplitudo,High,-5.357256,105.318604,10/2/2026,14:30,Siang,Cerah,24F31901603767F6,Unknown,32000,Unknown,Amplitude,0.02126932,0.24505615,Y,System,10/8/2026,,83153daf9b25ecb459b40566ac82cf834528a4fdc852bb23b6970aebba8b69be
NOISE_1119,Masjid At-tanwir Amplitudo/32 kHz High Amplitudo/20261002_150900T.WAV,0,55,55,Masjid At-tanwir Amplitudo,High,-5.357256,105.318604,10/2/2026,14:30,Siang,Cerah,24F31901603767F6,Unknown,32000,Unknown,Amplitude,0.17166394,0.9999695,Y,System,10/8/2026,,136e23e02fa89e90e6c29a583a026ca4a81c2a770f3fa040873c300a14c91f98
NOISE_1120,Masjid At-tanwir Amplitudo/32 kHz High Amplitudo/20261002_151000T.WAV,0,55,55,Masjid At-tanwir Amplitudo,High,-5.357256,105.318604,10/2/2026,14:30,Siang,Cerah,24F31901603767F6,Unknown,32000,Unknown,Amplitude,0.02530475,0.4255371,Y,System,10/8/2026,,f3c3ccd2d635ca2295cc6f58353e8f4c5dae9b5cffb6f46e6e47d24ee820dcf2
NOISE_1121,Masjid At-tanwir Amplitudo/32 kHz High Amplitudo/20261002_151100T.WAV,0,55,55,Masjid At-tanwir Amplitudo,High,-5.357256,105.318604,10/2/2026,14:30,Siang,Cerah,24F31901603767F6,Unknown,32000,Unknown,Amplitude,0.059523426,0.62872314,Y,System,10/8/2026,,9fc7b49a5a71ce4b3e3ad794e7bfb80b75477a655ae7e8a976e1e5eebc913275
NOISE_1122,Masjid At-tanwir Amplitudo/32 kHz High Amplitudo/20261002_151200T.WAV,0,55,55,Masjid At-tanwir Amplitudo,High,-5.357256,105.318604,10/2/2026,14:30,Siang,Cerah,24F31901603767F6,Unknown,32000,Unknown,Amplitude,0.062839314,0.9999695,Y,System,10/8/2026,,b1dac5d5b0d6ed7f4714a59dea276749cfd7a49889f7ae4e5f882f05cf9bde0e
NOISE_1123,Masjid At-tanwir Amplitudo/32 kHz High Amplitudo/20261002_151300T.WAV,0,55,55,Masjid At-tanwir Amplitudo,High,-5.357256,105.318604,10/2/2026,14:30,Siang,Cerah,24F31901603767F6,Unknown,32000,Unknown,Amplitude,0.058060285,0.6159668,Y,System,10/8/2026,,71a79256a30b2f5019c6169aaa8d259704d147bb4bc45486a457ffbd490513c1
NOISE_1124,Masjid At-tanwir Amplitudo/32 kHz High Amplitudo/20261002_151400T.WAV,0,55,55,Masjid At-tanwir Amplitudo,High,-5.357256,105.318604,10/2/2026,14:30,Siang,Cerah,24F31901603767F6,Unknown,32000,Unknown,Amplitude,0.055810265,0.71572876,Y,System,10/8/2026,,58ff0b825c8b6161d786c8c949cc66753246b8a82dbbfc1bd402ddd8e3189dec
NOISE_1125,Masjid At-tanwir Amplitudo/32 kHz High Amplitudo/20261002_151500T.WAV,0,55,55,Masjid At-tanwir Amplitudo,High,-5.357256,105.318604,10/2/2026,14:30,Siang,Cerah,24F31901603767F6,Unknown,32000,Unknown,Amplitude,0.03724939,0.335083,Y,System,10/8/2026,,2f8aec196641290c35794ba08a999c3106d2c1f5e83fc2011c5f15f0f93e9648
NOISE_1126,Masjid At-tanwir Amplitudo/32 kHz High Amplitudo/20261002_151600T.WAV,0,55,55,Masjid At-tanwir Amplitudo,High,-5.357256,105.318604,10/2/2026,14:30,Siang,Cerah,24F31901603767F6,Unknown,32000,Unknown,Amplitude,0.0724779,0.49676514,Y,System,10/8/2026,,0cf723ccae4383e51fcf3b89cad03d88909f6812366cb2b035e91d6884ce812a
NOISE_1127,Masjid At-tanwir Amplitudo/32 kHz High Amplitudo/20261002_151700T.WAV,0,55,55,Masjid At-tanwir Amplitudo,High,-5.357256,105.318604,10/2/2026,14:30,Siang,Cerah,24F31901603767F6,Unknown,32000,Unknown,Amplitude,0.039147496,0.4212036,Y,System,10/8/2026,,8d27bc5d98d253d91f6a9c407d24ca3f387199c4584805d93119b917aaadffed
NOISE_1128,Masjid At-tanwir Amplitudo/32 kHz High Amplitudo/20261002_151800T.WAV,0,55,55,Masjid At-tanwir Amplitudo,High,-5.357256,105.318604,10/2/2026,14:30,Siang,Cerah,24F31901603767F6,Unknown,32000,Unknown,Amplitude,0.046995565,0.7208557,Y,System,10/8/2026,,51585d5137c24ed53f5bb705c52715bf31e895906f7ed552cb645decc0eb89c4
NOISE_1129,Masjid At-tanwir Amplitudo/32 kHz High Amplitudo/20261002_151900T.WAV,0,55,55,Masjid At-tanwir Amplitudo,High,-5.357256,105.318604,10/2/2026,14:30,Siang,Cerah,24F31901603767F6,Unknown,32000,Unknown,Amplitude,0.08194641,0.9999695,Y,System,10/8/2026,,73769adc28526634bb442dec548d50c513dcae5978467667af778d1e6f686950
NOISE_1130,Masjid At-tanwir Amplitudo/32 kHz High Amplitudo/20261002_152000T.WAV,0,55,55,Masjid At-tanwir Amplitudo,High,-5.357256,105.318604,10/2/2026,14:30,Siang,Cerah,24F31901603767F6,Unknown,32000,Unknown,Amplitude,0.01841708,0.24295044,Y,System,10/8/2026,,8ff8a55915541f81489a8861083632357ef6b26c3c9b774788c728117c940f3c
NOISE_1131,Masjid At-tanwir Amplitudo/32 kHz High Amplitudo/20261002_152100T.WAV,0,55,55,Masjid At-tanwir Amplitudo,High,-5.357256,105.318604,10/2/2026,14:30,Siang,Cerah,24F31901603767F6,Unknown,32000,Unknown,Amplitude,0.023904562,0.41415405,Y,System,10/8/2026,,9d51f94f28d4cfc852e792d5efea46903414bf30994f160c91a02364a01ff9cb
NOISE_1132,Masjid At-tanwir Amplitudo/32 kHz High Amplitudo/20261002_152200T.WAV,0,55,55,Masjid At-tanwir Amplitudo,High,-5.357256,105.318604,10/2/2026,14:30,Siang,Cerah,24F31901603767F6,Unknown,32000,Unknown,Amplitude,0.017737256,0.9316101,Y,System,10/8/2026,,735aac04fe36e1e81028246da16da997a4da472ad0fc561a5ce5b168f9ac092d
NOISE_1133,Masjid At-tanwir Amplitudo/32 kHz High Amplitudo/20261002_152300T.WAV,0,55,55,Masjid At-tanwir Amplitudo,High,-5.357256,105.318604,10/2/2026,14:30,Siang,Cerah,24F31901603767F6,Unknown,32000,Unknown,Amplitude,0.02020828,0.36376953,Y,System,10/8/2026,,ebfad9f5082d7cf942292f940fa718f012daf9f37de797830e0dc39e9921fd6c
NOISE_1134,Masjid At-tanwir Amplitudo/32 kHz High Amplitudo/20261002_152400T.WAV,0,55,55,Masjid At-tanwir Amplitudo,High,-5.357256,105.318604,10/2/2026,14:30,Siang,Cerah,24F31901603767F6,Unknown,32000,Unknown,Amplitude,0.018288005,0.33892822,Y,System,10/8/2026,,3fb727dccf97e80fbe319d494651a7d46f9b07a1b14cb1c44c231e77fe9a9fcb
NOISE_1135,Masjid At-tanwir Amplitudo/32 kHz High Amplitudo/20261002_152500T.WAV,0,55,55,Masjid At-tanwir Amplitudo,High,-5.357256,105.318604,10/2/2026,14:30,Siang,Cerah,24F31901603767F6,Unknown,32000,Unknown,Amplitude,0.024213,0.51589966,Y,System,10/8/2026,,05c33cbd06bebc6a942a523eb1711d1eb802d1841efc8645ef7c9a10b74dd8c1
NOISE_1136,Masjid At-tanwir Amplitudo/32 kHz High Amplitudo/20261002_152600T.WAV,0,55,55,Masjid At-tanwir Amplitudo,High,-5.357256,105.318604,10/2/2026,14:30,Siang,Cerah,24F31901603767F6,Unknown,32000,Unknown,Amplitude,0.033278618,0.5314026,Y,System,10/8/2026,,745efef0b5973c1694b5432df991b9eab3f7c48898b4e42d4d16faa53f0f5746
NOISE_1137,Masjid At-tanwir Amplitudo/32 kHz High Amplitudo/20261002_152700T.WAV,0,55,55,Masjid At-tanwir Amplitudo,High,-5.357256,105.318604,10/2/2026,14:30,Siang,Cerah,24F31901603767F6,Unknown,32000,Unknown,Amplitude,0.021712063,0.51535034,Y,System,10/8/2026,,69405559079ceb77bb2b8ad8cf4684c4c953462e026dbf9c8ad1b3b8b3ec2b46
NOISE_1138,Masjid At-tanwir Amplitudo/32 kHz High Amplitudo/20261002_152800T.WAV,0,55,55,Masjid At-tanwir Amplitudo,High,-5.357256,105.318604,10/2/2026,14:30,Siang,Cerah,24F31901603767F6,Unknown,32000,Unknown,Amplitude,0.01997504,0.32598877,Y,System,10/8/2026,,4dd8bba326535278877549b24d034a5ea67f5c3a36c040c3e0e7c136a0f96ff2
NOISE_1139,Masjid At-tanwir Amplitudo/32 kHz High Amplitudo/20261002_152900T.WAV,0,55,55,Masjid At-tanwir Amplitudo,High,-5.357256,105.318604,10/2/2026,14:30,Siang,Cerah,24F31901603767F6,Unknown,32000,Unknown,Amplitude,0.01898919,0.19104004,Y,System,10/8/2026,,ec55037e93733ef8f787e5fba4b2dce9217ef06e5d2e20a57b24b4ddc7607625
NOISE_1140,Masjid At-tanwir Amplitudo/32 kHz Low Amplitudo/20261002_120500T.WAV,0,55,55,Masjid At-tanwir Amplitudo,Low,-5.357215,105.318768,10/2/2026,12:05,Siang,Cerah,24F31901603767F6,Unknown,32000,Unknown,Amplitude,0.018166592,0.26171875,Y,System,10/8/2026,,55684ccd017dc2b6092bb819f4a5f3a7fb5243201e699dad97dfe142b3400135
NOISE_1141,Masjid At-tanwir Amplitudo/32 kHz Low Amplitudo/20261002_120600T.WAV,0,55,55,Masjid At-tanwir Amplitudo,Low,-5.357215,105.318768,10/2/2026,12:05,Siang,Cerah,24F31901603767F6,Unknown,32000,Unknown,Amplitude,0.012173937,0.9999695,Y,System,10/8/2026,,8991b975f73479d92d25dd4d71e507279ce45f4811ddb8589af61f80596045a4
NOISE_1142,Masjid At-tanwir Amplitudo/32 kHz Low Amplitudo/20261002_120700T.WAV,0,55,55,Masjid At-tanwir Amplitudo,Low,-5.357215,105.318768,10/2/2026,12:05,Siang,Cerah,24F31901603767F6,Unknown,32000,Unknown,Amplitude,0.012351719,0.14492798,Y,System,10/8/2026,,111524bbe9b0527f532bb67e184f855f65c758f269d1098d9ceba2a77dbfdbeb
NOISE_1143,Masjid At-tanwir Amplitudo/32 kHz Low Amplitudo/20261002_120800T.WAV,0,55,55,Masjid At-tanwir Amplitudo,Low,-5.357215,105.318768,10/2/2026,12:05,Siang,Cerah,24F31901603767F6,Unknown,32000,Unknown,Amplitude,0.018585654,0.40301514,Y,System,10/8/2026,,1c3ed092d2a9a4d053e2f45ebe35ef928eae97d86f282537e004fd31ac7afd37
NOISE_1144,Masjid At-tanwir Amplitudo/32 kHz Low Amplitudo/20261002_120900T.WAV,0,55,55,Masjid At-tanwir Amplitudo,Low,-5.357215,105.318768,10/2/2026,12:05,Siang,Cerah,24F31901603767F6,Unknown,32000,Unknown,Amplitude,0.013059171,0.23605347,Y,System,10/8/2026,,3b405ebed6391dec32bbf46e7370e44a1b926938802dc839c93b38eb5d79ba68
NOISE_1145,Masjid At-tanwir Amplitudo/32 kHz Low Amplitudo/20261002_121000T.WAV,0,55,55,Masjid At-tanwir Amplitudo,Low,-5.357215,105.318768,10/2/2026,12:05,Siang,Cerah,24F31901603767F6,Unknown,32000,Unknown,Amplitude,0.012351656,0.15631104,Y,System,10/8/2026,,3e1f18ddde39ba3b82a82d4084c292c240f2c0320329bbf5d0648c6e443a6725
NOISE_1146,Masjid At-tanwir Amplitudo/32 kHz Low Amplitudo/20261002_121100T.WAV,0,55,55,Masjid At-tanwir Amplitudo,Low,-5.357215,105.318768,10/2/2026,12:05,Siang,Cerah,24F31901603767F6,Unknown,32000,Unknown,Amplitude,0.011362389,0.12124634,Y,System,10/8/2026,,942404aa8cd61b69bddeef4ca2cbdeb8e4bcfc3744f793ea4c7b8250c78c031f
NOISE_1147,Masjid At-tanwir Amplitudo/32 kHz Low Amplitudo/20261002_121200T.WAV,0,55,55,Masjid At-tanwir Amplitudo,Low,-5.357215,105.318768,10/2/2026,12:05,Siang,Cerah,24F31901603767F6,Unknown,32000,Unknown,Amplitude,0.010406157,0.27392578,Y,System,10/8/2026,,50e0581d1f054e7e3d62d655123673c55e2f77aa6a828a5b28549ab615e0f39e
NOISE_1148,Masjid At-tanwir Amplitudo/32 kHz Low Amplitudo/20261002_121300T.WAV,0,55,55,Masjid At-tanwir Amplitudo,Low,-5.357215,105.318768,10/2/2026,12:05,Siang,Cerah,24F31901603767F6,Unknown,32000,Unknown,Amplitude,0.01159519,0.14801025,Y,System,10/8/2026,,33326a0ceab1889657f650cd84afb5ae1bdf103d69a416dd7f8759bfa006d9a8
NOISE_1149,Masjid At-tanwir Amplitudo/32 kHz Low Amplitudo/20261002_121400T.WAV,0,55,55,Masjid At-tanwir Amplitudo,Low,-5.357215,105.318768,10/2/2026,12:05,Siang,Cerah,24F31901603767F6,Unknown,32000,Unknown,Amplitude,0.012071026,0.17120361,Y,System,10/8/2026,,5e19b8b464ea5f57c43a7caf9c48a195708b90513d7dffb0d8be5684ca86f90d
NOISE_1150,Masjid At-tanwir Amplitudo/32 kHz Low Amplitudo/20261002_121500T.WAV,0,55,55,Masjid At-tanwir Amplitudo,Low,-5.357215,105.318768,10/2/2026,12:05,Siang,Cerah,24F31901603767F6,Unknown,32000,Unknown,Amplitude,0.009652928,0.14505005,Y,System,10/8/2026,,1458a543250670646887c5aa245fc9871536b96084567c967cb2972b7b848e35
NOISE_1151,Masjid At-tanwir Amplitudo/32 kHz Low Amplitudo/20261002_121600T.WAV,0,55,55,Masjid At-tanwir Amplitudo,Low,-5.357215,105.318768,10/2/2026,12:05,Siang,Cerah,24F31901603767F6,Unknown,32000,Unknown,Amplitude,0.010515063,0.11010742,Y,System,10/8/2026,,a43cc615abbbf52117ec013727598b878bd6a4564d91715efbde2742fd5e3e8c
NOISE_1152,Masjid At-tanwir Amplitudo/32 kHz Low Amplitudo/20261002_121700T.WAV,0,55,55,Masjid At-tanwir Amplitudo,Low,-5.357215,105.318768,10/2/2026,12:05,Siang,Cerah,24F31901603767F6,Unknown,32000,Unknown,Amplitude,0.014406197,0.17419434,Y,System,10/8/2026,,ee14584809546d4a1d4fc2e3379922c9c7cb02642a4827e89f757678b17a7238
NOISE_1153,Masjid At-tanwir Amplitudo/32 kHz Low Amplitudo/20261002_121800T.WAV,0,55,55,Masjid At-tanwir Amplitudo,Low,-5.357215,105.318768,10/2/2026,12:05,Siang,Cerah,24F31901603767F6,Unknown,32000,Unknown,Amplitude,0.011289578,0.17858887,Y,System,10/8/2026,,5cc26d898e05b7f36b8207b7a72ec3c8da2ec6eb0a4ffe4d31f78698d00c7ae0
NOISE_1154,Masjid At-tanwir Amplitudo/32 kHz Low Amplitudo/20261002_121900T.WAV,0,55,55,Masjid At-tanwir Amplitudo,Low,-5.357215,105.318768,10/2/2026,12:05,Siang,Cerah,24F31901603767F6,Unknown,32000,Unknown,Amplitude,0.009699265,0.1237793,Y,System,10/8/2026,,79feaa5b081cc91ed3c4951bf0ee92f41d426bbefebeb03c784fdb6c1ad2e7d1
NOISE_1155,Masjid At-tanwir Amplitudo/32 kHz Low Amplitudo/20261002_122000T.WAV,0,55,55,Masjid At-tanwir Amplitudo,Low,-5.357215,105.318768,10/2/2026,12:05,Siang,Cerah,24F31901603767F6,Unknown,32000,Unknown,Amplitude,0.013610956,0.58148193,Y,System,10/8/2026,,39482bef193b02f766582bad4b0340a342bd1b601ea2080e65298a39f49e99d6
NOISE_1156,Masjid At-tanwir Amplitudo/32 kHz Low Amplitudo/20261002_122100T.WAV,0,55,55,Masjid At-tanwir Amplitudo,Low,-5.357215,105.318768,10/2/2026,12:05,Siang,Cerah,24F31901603767F6,Unknown,32000,Unknown,Amplitude,0.013160517,0.1633606,Y,System,10/8/2026,,af63d6eda3b8099556ec86b6a4ca2e7f414e3797e3492a792e3c324963bb8699
NOISE_1157,Masjid At-tanwir Amplitudo/32 kHz Low Amplitudo/20261002_122200T.WAV,0,55,55,Masjid At-tanwir Amplitudo,Low,-5.357215,105.318768,10/2/2026,12:05,Siang,Cerah,24F31901603767F6,Unknown,32000,Unknown,Amplitude,0.011937637,0.13589478,Y,System,10/8/2026,,22b9d401b5e85a3333bd6e207235ca22163af43530c7e9faef4dd59af1be7f25
NOISE_1158,Masjid At-tanwir Amplitudo/32 kHz Low Amplitudo/20261002_122300T.WAV,0,55,55,Masjid At-tanwir Amplitudo,Low,-5.357215,105.318768,10/2/2026,12:05,Siang,Cerah,24F31901603767F6,Unknown,32000,Unknown,Amplitude,0.017191712,0.18093872,Y,System,10/8/2026,,a7b49283d560b09d733481ba1f6178e04579c0d5f478b69e5fbb5a0b05f02e71
NOISE_1159,Masjid At-tanwir Amplitudo/32 kHz Low Amplitudo/20261002_122400T.WAV,0,55,55,Masjid At-tanwir Amplitudo,Low,-5.357215,105.318768,10/2/2026,12:05,Siang,Cerah,24F31901603767F6,Unknown,32000,Unknown,Amplitude,0.011920635,0.0921936,Y,System,10/8/2026,,e41ba8254e395b75b5188cdbc42436164ab7751b44ae41afc413c29f9046cc45
NOISE_1160,Masjid At-tanwir Amplitudo/32 kHz Low Amplitudo/20261002_122500T.WAV,0,55,55,Masjid At-tanwir Amplitudo,Low,-5.357215,105.318768,10/2/2026,12:05,Siang,Cerah,24F31901603767F6,Unknown,32000,Unknown,Amplitude,0.009889787,0.07901001,Y,System,10/8/2026,,570c19087bb919113cafa7dbce19e98d92e8cab12e98a7442439647f6d6b9700
NOISE_1161,Masjid At-tanwir Amplitudo/32 kHz Low Amplitudo/20261002_122600T.WAV,0,55,55,Masjid At-tanwir Amplitudo,Low,-5.357215,105.318768,10/2/2026,12:05,Siang,Cerah,24F31901603767F6,Unknown,32000,Unknown,Amplitude,0.05741219,0.39505005,Y,System,10/8/2026,,166a909b18d9857fb31d83678f512302c6ebcb5664751882bce5803eb67a4cb4
NOISE_1162,Masjid At-tanwir Amplitudo/32 kHz Low Amplitudo/20261002_122700T.WAV,0,55,55,Masjid At-tanwir Amplitudo,Low,-5.357215,105.318768,10/2/2026,12:05,Siang,Cerah,24F31901603767F6,Unknown,32000,Unknown,Amplitude,0.002980252,0.060272217,Y,System,10/8/2026,,37a743a2927299f92ebe61d49a0d1f6ad8fbb71b5bef881d4e4750229116563c
NOISE_1163,Masjid At-tanwir Amplitudo/32 kHz Low Amplitudo/20261002_122800T.WAV,0,55,55,Masjid At-tanwir Amplitudo,Low,-5.357215,105.318768,10/2/2026,12:05,Siang,Cerah,24F31901603767F6,Unknown,32000,Unknown,Amplitude,0.007275036,0.15518188,Y,System,10/8/2026,,f9fee6f96aef83fc7c4fcb367dcb0e945d6fec272d14a0c694d0324e89430c0c
NOISE_1164,Masjid At-tanwir Amplitudo/32 kHz Low Amplitudo/20261002_122900T.WAV,0,55,55,Masjid At-tanwir Amplitudo,Low,-5.357215,105.318768,10/2/2026,12:05,Siang,Cerah,24F31901603767F6,Unknown,32000,Unknown,Amplitude,0.006473643,0.04058838,Y,System,10/8/2026,,13e036e9122bc07b71d0e577fd020edc5e391b937be8651eaa88108e4bd01f30
NOISE_1165,Masjid At-tanwir Amplitudo/32 kHz Low Amplitudo/20261002_123000T.WAV,0,55,55,Masjid At-tanwir Amplitudo,Low,-5.357215,105.318768,10/2/2026,12:05,Siang,Cerah,24F31901603767F6,Unknown,32000,Unknown,Amplitude,0.006321739,0.04437256,Y,System,10/8/2026,,be8c647b928f342863b56e530af9a846c2aed5970cc7a07e7e5f48584d84bf24
NOISE_1166,Masjid At-tanwir Amplitudo/32 kHz Low Amplitudo/20261002_123100T.WAV,0,55,55,Masjid At-tanwir Amplitudo,Low,-5.357215,105.318768,10/2/2026,12:05,Siang,Cerah,24F31901603767F6,Unknown,32000,Unknown,Amplitude,0.005535954,0.09689331,Y,System,10/8/2026,,54c421ccaf77bbda59654472ead09683c8c6c42dafcac80dbcd5b67a100f78ae
NOISE_1167,Masjid At-tanwir Amplitudo/32 kHz Low Amplitudo/20261002_123200T.WAV,0,55,55,Masjid At-tanwir Amplitudo,Low,-5.357215,105.318768,10/2/2026,12:05,Siang,Cerah,24F31901603767F6,Unknown,32000,Unknown,Amplitude,0.005957269,0.040740967,Y,System,10/8/2026,,1e3b692aa902378bb8d7c9e0b939a6ee836546a6bb6c248699f993c57b6aef2b
NOISE_1168,Masjid At-tanwir Amplitudo/32 kHz Low Amplitudo/20261002_123300T.WAV,0,55,55,Masjid At-tanwir Amplitudo,Low,-5.357215,105.318768,10/2/2026,12:05,Siang,Cerah,24F31901603767F6,Unknown,32000,Unknown,Amplitude,0.006113158,0.13711548,Y,System,10/8/2026,,e2e48e114ee493b7945486bfc60d6400af108bc995ef0756fc76ee75e51c8ac6
NOISE_1169,Masjid At-tanwir Amplitudo/32 kHz Low Amplitudo/20261002_123400T.WAV,0,55,55,Masjid At-tanwir Amplitudo,Low,-5.357215,105.318768,10/2/2026,12:05,Siang,Cerah,24F31901603767F6,Unknown,32000,Unknown,Amplitude,0.004006528,0.0630188,Y,System,10/8/2026,,d50fc6577aed31b3e580d86a885e6661e1f4da525f79edd6679819759c06f7a0
NOISE_1170,Masjid At-tanwir Amplitudo/32 kHz Low Amplitudo/20261002_123500T.WAV,0,55,55,Masjid At-tanwir Amplitudo,Low,-5.357215,105.318768,10/2/2026,12:05,Siang,Cerah,24F31901603767F6,Unknown,32000,Unknown,Amplitude,0.00304717,0.03451538,Y,System,10/8/2026,,4d55111c38b6cc88c7124ec5e5c30e174b99f0dd93a498acc06ddc5b2f77e6e3
NOISE_1171,Masjid At-tanwir Amplitudo/32 kHz Low Amplitudo/20261002_123600T.WAV,0,55,55,Masjid At-tanwir Amplitudo,Low,-5.357215,105.318768,10/2/2026,12:05,Siang,Cerah,24F31901603767F6,Unknown,32000,Unknown,Amplitude,0.013093549,0.28753662,Y,System,10/8/2026,,db3295375924a57acdbf49c339d91c52a4ff2781148214e108046fafb992c51f
NOISE_1172,Masjid At-tanwir Amplitudo/32 kHz Low Amplitudo/20261002_123700T.WAV,0,55,55,Masjid At-tanwir Amplitudo,Low,-5.357215,105.318768,10/2/2026,12:05,Siang,Cerah,24F31901603767F6,Unknown,32000,Unknown,Amplitude,0.005869834,0.0977478,Y,System,10/8/2026,,e0b976c15e3c7dd29ebaeeeee91b67fd7e817e732aa53dd7dff078e655b98673
NOISE_1173,Masjid At-tanwir Amplitudo/32 kHz Low Amplitudo/20261002_123800T.WAV,0,55,55,Masjid At-tanwir Amplitudo,Low,-5.357215,105.318768,10/2/2026,12:05,Siang,Cerah,24F31901603767F6,Unknown,32000,Unknown,Amplitude,0.002528113,0.111816406,Y,System,10/8/2026,,d916eba9a2e8ed30f45d7e65d6ff982ce5cb1b53341fa9933369c06a4c6b2e57
NOISE_1174,Masjid At-tanwir Amplitudo/32 kHz Low Amplitudo/20261002_123900T.WAV,0,55,55,Masjid At-tanwir Amplitudo,Low,-5.357215,105.318768,10/2/2026,12:05,Siang,Cerah,24F31901603767F6,Unknown,32000,Unknown,Amplitude,0.003393198,0.059020996,Y,System,10/8/2026,,3e5a7dbe758d79c06eb63a0f11554624cf3c7aac7ede0a4eaa4c2a04a429b99a
NOISE_1175,Masjid At-tanwir Amplitudo/32 kHz Low Amplitudo/20261002_124000T.WAV,0,55,55,Masjid At-tanwir Amplitudo,Low,-5.357215,105.318768,10/2/2026,12:05,Siang,Cerah,24F31901603767F6,Unknown,32000,Unknown,Amplitude,0.004055115,0.044952393,Y,System,10/8/2026,,9a6476aef32471c8d4ecbe6588192f2c076553ed60c71f995664290a9e5e0ccc
NOISE_1176,Masjid At-tanwir Amplitudo/32 kHz Low Amplitudo/20261002_124100T.WAV,0,55,55,Masjid At-tanwir Amplitudo,Low,-5.357215,105.318768,10/2/2026,12:05,Siang,Cerah,24F31901603767F6,Unknown,32000,Unknown,Amplitude,0.008170696,0.07925415,Y,System,10/8/2026,,2660327087b943cd6145738089e81652887855b86ecc392cfe184d3eb38903f8
NOISE_1177,Masjid At-tanwir Amplitudo/32 kHz Low Amplitudo/20261002_124200T.WAV,0,55,55,Masjid At-tanwir Amplitudo,Low,-5.357215,105.318768,10/2/2026,12:05,Siang,Cerah,24F31901603767F6,Unknown,32000,Unknown,Amplitude,0.006497022,0.14233398,Y,System,10/8/2026,,ef9d0ffd107fc0631d8f560b170a96b52cf747d7d1fa9b5e1ecd42ca54235d2b
NOISE_1178,Masjid At-tanwir Amplitudo/32 kHz Low Amplitudo/20261002_124300T.WAV,0,55,55,Masjid At-tanwir Amplitudo,Low,-5.357215,105.318768,10/2/2026,12:05,Siang,Cerah,24F31901603767F6,Unknown,32000,Unknown,Amplitude,0.004409439,0.051361084,Y,System,10/8/2026,,6eff603cbc849b40d113fe80e3a3dbee9ebd04de8751a3bfeb9803ba94577b47
NOISE_1179,Masjid At-tanwir Amplitudo/32 kHz Low Amplitudo/20261002_124400T.WAV,0,55,55,Masjid At-tanwir Amplitudo,Low,-5.357215,105.318768,10/2/2026,12:05,Siang,Cerah,24F31901603767F6,Unknown,32000,Unknown,Amplitude,0.003302543,0.0463562,Y,System,10/8/2026,,6d75bc53fb3fa47d5952da9177ff8df6b0df8a1950187b0bcfe109650981850b
NOISE_1180,Masjid At-tanwir Amplitudo/32 kHz Low Amplitudo/20261002_124500T.WAV,0,55,55,Masjid At-tanwir Amplitudo,Low,-5.357215,105.318768,10/2/2026,12:05,Siang,Cerah,24F31901603767F6,Unknown,32000,Unknown,Amplitude,0.005881582,0.09033203,Y,System,10/8/2026,,c139ac23d29d43f6caae24416ef791bfcd0b681c93fab3f40383615fed0c7a2d
NOISE_1181,Masjid At-tanwir Amplitudo/32 kHz Low Amplitudo/20261002_124600T.WAV,0,55,55,Masjid At-tanwir Amplitudo,Low,-5.357215,105.318768,10/2/2026,12:05,Siang,Cerah,24F31901603767F6,Unknown,32000,Unknown,Amplitude,0.00376579,0.09017944,Y,System,10/8/2026,,715d1c1c5c09c7d3af3f4e4445ef5eb1bf0841a9234f2a3a96281be4e5a30ee3
NOISE_1182,Masjid At-tanwir Amplitudo/32 kHz Low Amplitudo/20261002_124700T.WAV,0,55,55,Masjid At-tanwir Amplitudo,Low,-5.357215,105.318768,10/2/2026,12:05,Siang,Cerah,24F31901603767F6,Unknown,32000,Unknown,Amplitude,0.004410429,0.05444336,Y,System,10/8/2026,,8d88171f4c8c48bde9129aab17d3d7149c42159001bbc0f94e07fb8933165c0f
NOISE_1183,Masjid At-tanwir Amplitudo/32 kHz Low Amplitudo/20261002_124800T.WAV,0,55,55,Masjid At-tanwir Amplitudo,Low,-5.357215,105.318768,10/2/2026,12:05,Siang,Cerah,24F31901603767F6,Unknown,32000,Unknown,Amplitude,0.002513783,0.021850586,Y,System,10/8/2026,,b3256c51575542ccf4c766cbf76cc7820921ed1c5a0a81b944042e9de963b595
NOISE_1184,Masjid At-tanwir Amplitudo/32 kHz Low Amplitudo/20261002_124900T.WAV,0,55,55,Masjid At-tanwir Amplitudo,Low,-5.357215,105.318768,10/2/2026,12:05,Siang,Cerah,24F31901603767F6,Unknown,32000,Unknown,Amplitude,0.003333432,0.12194824,Y,System,10/8/2026,,e34fa494207363c1ef2652ef9a340f82985ec73271ddc365f991e11433255106
NOISE_1185,Masjid At-tanwir Amplitudo/32 kHz Low Amplitudo/20261002_125000T.WAV,0,55,55,Masjid At-tanwir Amplitudo,Low,-5.357215,105.318768,10/2/2026,12:05,Siang,Cerah,24F31901603767F6,Unknown,32000,Unknown,Amplitude,0.002456246,0.043945312,Y,System,10/8/2026,,36a6a9f21b933e98792950b7fe7f42b3b4c69563b4161a8fae00f1b9448c0eb6
NOISE_1186,Masjid At-tanwir Amplitudo/32 kHz Low Amplitudo/20261002_125100T.WAV,0,55,55,Masjid At-tanwir Amplitudo,Low,-5.357215,105.318768,10/2/2026,12:05,Siang,Cerah,24F31901603767F6,Unknown,32000,Unknown,Amplitude,0.008105291,0.2272644,Y,System,10/8/2026,,c3dd9102ab051b49064903f796a6ede6888e5802d481476213877992c79fe743
NOISE_1187,Masjid At-tanwir Amplitudo/32 kHz Low Amplitudo/20261002_125200T.WAV,0,55,55,Masjid At-tanwir Amplitudo,Low,-5.357215,105.318768,10/2/2026,12:05,Siang,Cerah,24F31901603767F6,Unknown,32000,Unknown,Amplitude,0.002420327,0.029418945,Y,System,10/8/2026,,dded452b81eccbcd91b5518e5302856d72fc7d7ecf95cc2a39e2fe96fc234022
NOISE_1188,Masjid At-tanwir Amplitudo/32 kHz Low Amplitudo/20261002_125300T.WAV,0,55,55,Masjid At-tanwir Amplitudo,Low,-5.357215,105.318768,10/2/2026,12:05,Siang,Cerah,24F31901603767F6,Unknown,32000,Unknown,Amplitude,0.003054041,0.08883667,Y,System,10/8/2026,,90ce1f5667d2c2a0808712764f0531ebadf648242b262f85cbfdb7ea0161789f
NOISE_1189,Masjid At-tanwir Amplitudo/32 kHz Low Amplitudo/20261002_125400T.WAV,0,55,55,Masjid At-tanwir Amplitudo,Low,-5.357215,105.318768,10/2/2026,12:05,Siang,Cerah,24F31901603767F6,Unknown,32000,Unknown,Amplitude,0.005665234,0.30004883,Y,System,10/8/2026,,28b5ed8a757c812b902889bef19deac4ade08f18740a13d33637ffafe1b0dad3
NOISE_1190,Masjid At-tanwir Amplitudo/32 kHz Low Amplitudo/20261002_125500T.WAV,0,55,55,Masjid At-tanwir Amplitudo,Low,-5.357215,105.318768,10/2/2026,12:05,Siang,Cerah,24F31901603767F6,Unknown,32000,Unknown,Amplitude,0.011844497,0.5088501,Y,System,10/8/2026,,a0542eda9eb6e9f9dd220c4527543a90c8ed1f339db0d3249e240e8697de11a7
NOISE_1191,Masjid At-tanwir Amplitudo/32 kHz Low Amplitudo/20261002_125600T.WAV,0,55,55,Masjid At-tanwir Amplitudo,Low,-5.357215,105.318768,10/2/2026,12:05,Siang,Cerah,24F31901603767F6,Unknown,32000,Unknown,Amplitude,0.004735696,0.108795166,Y,System,10/8/2026,,42e4989fbcaff03caaae835de5bece20f34b123e920358d8d6ee6739041df526
NOISE_1192,Masjid At-tanwir Amplitudo/32 kHz Low Amplitudo/20261002_125700T.WAV,0,55,55,Masjid At-tanwir Amplitudo,Low,-5.357215,105.318768,10/2/2026,12:05,Siang,Cerah,24F31901603767F6,Unknown,32000,Unknown,Amplitude,0.004946438,0.11288452,Y,System,10/8/2026,,6d505058b2a79a085da1a9aadfa34d960ec55820102e4039787c7824cd51c5b1
NOISE_1193,Masjid At-tanwir Amplitudo/32 kHz Low Amplitudo/20261002_125800T.WAV,0,55,55,Masjid At-tanwir Amplitudo,Low,-5.357215,105.318768,10/2/2026,12:05,Siang,Cerah,24F31901603767F6,Unknown,32000,Unknown,Amplitude,0.001973963,0.02508545,Y,System,10/8/2026,,a86aeed7678b5182d9f0053b69b99f27fe3b90a34cf45830a43b9bd7dfead9c0
NOISE_1194,Masjid At-tanwir Amplitudo/32 kHz Low Amplitudo/20261002_125900T.WAV,0,55,55,Masjid At-tanwir Amplitudo,Low,-5.357215,105.318768,10/2/2026,12:05,Siang,Cerah,24F31901603767F6,Unknown,32000,Unknown,Amplitude,0.002864988,0.07064819,Y,System,10/8/2026,,6b5ad47aeacc449f0ee73673c5b745e8bd3e609b754a25263a136654b603223a
NOISE_1195,Masjid At-tanwir Amplitudo/32 kHz Low Amplitudo/20261002_130000T.WAV,0,55,55,Masjid At-tanwir Amplitudo,Low,-5.357215,105.318768,10/2/2026,12:05,Siang,Cerah,24F31901603767F6,Unknown,32000,Unknown,Amplitude,0.003528852,0.07241821,Y,System,10/8/2026,,b0f9ffb001162e43de601176bc50b090f405b4cac37d0d03cd652d0721bbf6d0
NOISE_1196,Masjid At-tanwir Amplitudo/32 kHz Low Amplitudo/20261002_130100T.WAV,0,55,55,Masjid At-tanwir Amplitudo,Low,-5.357215,105.318768,10/2/2026,12:05,Siang,Cerah,24F31901603767F6,Unknown,32000,Unknown,Amplitude,0.002583443,0.03744507,Y,System,10/8/2026,,c629f676fc036686ee6d84839796c87e7a0525d3a4a3f0ef27e02f1faae6f3e4
NOISE_1197,Masjid At-tanwir Amplitudo/32 kHz Low Amplitudo/20261002_130200T.WAV,0,55,55,Masjid At-tanwir Amplitudo,Low,-5.357215,105.318768,10/2/2026,12:05,Siang,Cerah,24F31901603767F6,Unknown,32000,Unknown,Amplitude,0.00227109,0.017852783,Y,System,10/8/2026,,7873ecaaa97ff547a1646749b275401a00b198dd46e5ba3b4bb5de4577ec28fc
NOISE_1198,Masjid At-tanwir Amplitudo/32 kHz Low Amplitudo/20261002_130300T.WAV,0,55,55,Masjid At-tanwir Amplitudo,Low,-5.357215,105.318768,10/2/2026,12:05,Siang,Cerah,24F31901603767F6,Unknown,32000,Unknown,Amplitude,0.002431503,0.029449463,Y,System,10/8/2026,,ffde4bc184cd5f0fa2cad24102e077cec53a6e0d614058603c34e20ef11e42cc
NOISE_1199,Masjid At-tanwir Amplitudo/32 kHz Low Amplitudo/20261002_130400T.WAV,0,55,55,Masjid At-tanwir Amplitudo,Low,-5.357215,105.318768,10/2/2026,12:05,Siang,Cerah,24F31901603767F6,Unknown,32000,Unknown,Amplitude,0.003611353,0.10632324,Y,System,10/8/2026,,4a45d46fa102089366d4ff8732e82cbd2c5683fcd99bc17a8eef0f6b22e6686d
NOISE_1200,Masjid At-tanwir Amplitudo/32 kHz Medium Amplitudo/20261002_131500T.WAV,0,55,55,Masjid At-tanwir Amplitudo,Medium,-5.35706,105.318228,10/2/2026,13:15,Siang,Cerah,24F31901603767F6,Unknown,32000,Unknown,Amplitude,0.008713277,0.104766846,Y,System,10/8/2026,,aa5b40eb35155888d620c6a4a4ae47143a32be9986ff2f9f1f1038de71b1782c
NOISE_1201,Masjid At-tanwir Amplitudo/32 kHz Medium Amplitudo/20261002_131600T.WAV,0,55,55,Masjid At-tanwir Amplitudo,Medium,-5.35706,105.318228,10/2/2026,13:15,Siang,Cerah,24F31901603767F6,Unknown,32000,Unknown,Amplitude,0.009253852,0.2689209,Y,System,10/8/2026,,4308c3b69b853ed79979af320dfdd03a53c8e9dd8a57a4981ad3cbcbec1eab96
NOISE_1202,Masjid At-tanwir Amplitudo/32 kHz Medium Amplitudo/20261002_131700T.WAV,0,55,55,Masjid At-tanwir Amplitudo,Medium,-5.35706,105.318228,10/2/2026,13:15,Siang,Cerah,24F31901603767F6,Unknown,32000,Unknown,Amplitude,0.010971108,0.4923401,Y,System,10/8/2026,,34f49f3d8605acc78c2706fffe345c21fbb9df0691706d920b87fb31776550fe
NOISE_1203,Masjid At-tanwir Amplitudo/32 kHz Medium Amplitudo/20261002_131800T.WAV,0,55,55,Masjid At-tanwir Amplitudo,Medium,-5.35706,105.318228,10/2/2026,13:15,Siang,Cerah,24F31901603767F6,Unknown,32000,Unknown,Amplitude,0.01086916,0.51657104,Y,System,10/8/2026,,2fe3370b702a2647cabd2379987f925bbbad0d07c97a2bb3f1e7649532116687
NOISE_1204,Masjid At-tanwir Amplitudo/32 kHz Medium Amplitudo/20261002_131900T.WAV,0,55,55,Masjid At-tanwir Amplitudo,Medium,-5.35706,105.318228,10/2/2026,13:15,Siang,Cerah,24F31901603767F6,Unknown,32000,Unknown,Amplitude,0.013235815,0.9999695,Y,System,10/8/2026,,bdfa62ee3e954f67c3d10e584448445e248f3f0c6f703fa2f62a38bfe62a0b29
NOISE_1205,Masjid At-tanwir Amplitudo/32 kHz Medium Amplitudo/20261002_132000T.WAV,0,55,55,Masjid At-tanwir Amplitudo,Medium,-5.35706,105.318228,10/2/2026,13:15,Siang,Cerah,24F31901603767F6,Unknown,32000,Unknown,Amplitude,0.015138569,0.15356445,Y,System,10/8/2026,,bc4e98c753a4c8a6ea2367cc8ef1ca8728ceac3177f753811b2f30d561413d41
NOISE_1206,Masjid At-tanwir Amplitudo/32 kHz Medium Amplitudo/20261002_132100T.WAV,0,55,55,Masjid At-tanwir Amplitudo,Medium,-5.35706,105.318228,10/2/2026,13:15,Siang,Cerah,24F31901603767F6,Unknown,32000,Unknown,Amplitude,0.013631552,0.5437317,Y,System,10/8/2026,,4eebb41a6f69f2b19c4caa179f31ea6f618ac414a39129ab331509c7e96d4b29
NOISE_1207,Masjid At-tanwir Amplitudo/32 kHz Medium Amplitudo/20261002_132200T.WAV,0,55,55,Masjid At-tanwir Amplitudo,Medium,-5.35706,105.318228,10/2/2026,13:15,Siang,Cerah,24F31901603767F6,Unknown,32000,Unknown,Amplitude,0.01331317,0.3722229,Y,System,10/8/2026,,b25347035174caf28507f7dddc4fac1ad38a8cee8183dc2c0c4ca1b88c558d57
NOISE_1208,Masjid At-tanwir Amplitudo/32 kHz Medium Amplitudo/20261002_132300T.WAV,0,55,55,Masjid At-tanwir Amplitudo,Medium,-5.35706,105.318228,10/2/2026,13:15,Siang,Cerah,24F31901603767F6,Unknown,32000,Unknown,Amplitude,0.0127678,0.8716736,Y,System,10/8/2026,,2e73baeb57439df17d9e44a6afcd34d0f1c0c8d0ae6f17cac86c470586799887
NOISE_1209,Masjid At-tanwir Amplitudo/32 kHz Medium Amplitudo/20261002_132400T.WAV,0,55,55,Masjid At-tanwir Amplitudo,Medium,-5.35706,105.318228,10/2/2026,13:15,Siang,Cerah,24F31901603767F6,Unknown,32000,Unknown,Amplitude,0.013734628,0.43829346,Y,System,10/8/2026,,84b744b92aa689efb8fc2941ff99d900963d7341c92a89c5469c7b8e463d8ec3
NOISE_1210,Masjid At-tanwir Amplitudo/32 kHz Medium Amplitudo/20261002_132500T.WAV,0,55,55,Masjid At-tanwir Amplitudo,Medium,-5.35706,105.318228,10/2/2026,13:15,Siang,Cerah,24F31901603767F6,Unknown,32000,Unknown,Amplitude,0.012777058,0.9999695,Y,System,10/8/2026,,870001beaec41e86c9bfabd026f3af3a4e1440b81f4cfe45be284acc9958f19e
NOISE_1211,Masjid At-tanwir Amplitudo/32 kHz Medium Amplitudo/20261002_132600T.WAV,0,55,55,Masjid At-tanwir Amplitudo,Medium,-5.35706,105.318228,10/2/2026,13:15,Siang,Cerah,24F31901603767F6,Unknown,32000,Unknown,Amplitude,0.010191727,0.3109131,Y,System,10/8/2026,,63fc3578972ec24135de4a9c856dc7a716a3db0c8f268e1929d4e0bedd82c634
NOISE_1212,Masjid At-tanwir Amplitudo/32 kHz Medium Amplitudo/20261002_132700T.WAV,0,55,55,Masjid At-tanwir Amplitudo,Medium,-5.35706,105.318228,10/2/2026,13:15,Siang,Cerah,24F31901603767F6,Unknown,32000,Unknown,Amplitude,0.012855363,0.8280029,Y,System,10/8/2026,,5806d174dff362d873ed809b8a5c703472cfc1374cdd037e472f67a33da2df3a
NOISE_1213,Masjid At-tanwir Amplitudo/32 kHz Medium Amplitudo/20261002_132800T.WAV,0,55,55,Masjid At-tanwir Amplitudo,Medium,-5.35706,105.318228,10/2/2026,13:15,Siang,Cerah,24F31901603767F6,Unknown,32000,Unknown,Amplitude,0.022018285,0.9999695,Y,System,10/8/2026,,db07bcc0237549b9427fcbefc6827c1662ec2a8d7f7f32169489da801fae1836
NOISE_1214,Masjid At-tanwir Amplitudo/32 kHz Medium Amplitudo/20261002_132900T.WAV,0,55,55,Masjid At-tanwir Amplitudo,Medium,-5.35706,105.318228,10/2/2026,13:15,Siang,Cerah,24F31901603767F6,Unknown,32000,Unknown,Amplitude,0.007633925,0.097473145,Y,System,10/8/2026,,e4cfb3c277b4337805760ac029e9f6feb47a2ce25676c2a290a3941c53050c2c
NOISE_1215,Masjid At-tanwir Amplitudo/32 kHz Medium Amplitudo/20261002_133000T.WAV,0,55,55,Masjid At-tanwir Amplitudo,Medium,-5.35706,105.318228,10/2/2026,13:15,Siang,Cerah,24F31901603767F6,Unknown,32000,Unknown,Amplitude,0.010443936,0.37280273,Y,System,10/8/2026,,efc7c4eae6d4775b496dde5708402a7d384d2c741015c383af8a310edebaf8ed
NOISE_1216,Masjid At-tanwir Amplitudo/32 kHz Medium Amplitudo/20261002_133100T.WAV,0,55,55,Masjid At-tanwir Amplitudo,Medium,-5.35706,105.318228,10/2/2026,13:15,Siang,Cerah,24F31901603767F6,Unknown,32000,Unknown,Amplitude,0.013351942,0.12835693,Y,System,10/8/2026,,9f70cbd730d52b697dc3bb69579fcda5e0882fa6b5728b43a2f60d31f74714da
NOISE_1217,Masjid At-tanwir Amplitudo/32 kHz Medium Amplitudo/20261002_133200T.WAV,0,55,55,Masjid At-tanwir Amplitudo,Medium,-5.35706,105.318228,10/2/2026,13:15,Siang,Cerah,24F31901603767F6,Unknown,32000,Unknown,Amplitude,0.011747429,0.13903809,Y,System,10/8/2026,,25d8748a726b5f7d5c82486cba10fd0db583039cb9981bdc8aad1ad913888c2c
NOISE_1218,Masjid At-tanwir Amplitudo/32 kHz Medium Amplitudo/20261002_133300T.WAV,0,55,55,Masjid At-tanwir Amplitudo,Medium,-5.35706,105.318228,10/2/2026,13:15,Siang,Cerah,24F31901603767F6,Unknown,32000,Unknown,Amplitude,0.012349675,0.95858765,Y,System,10/8/2026,,69b89eefc1d1faf5adacda1f6251bb07c822e3717d986514764fef2c28248a54
NOISE_1219,Masjid At-tanwir Amplitudo/32 kHz Medium Amplitudo/20261002_133400T.WAV,0,55,55,Masjid At-tanwir Amplitudo,Medium,-5.35706,105.318228,10/2/2026,13:15,Siang,Cerah,24F31901603767F6,Unknown,32000,Unknown,Amplitude,0.018679665,0.38226318,Y,System,10/8/2026,,63fea315fbeb810f7cd26acce35fd495cbc7ad79fcd262865010071e10435957
NOISE_1220,Masjid At-tanwir Amplitudo/32 kHz Medium Amplitudo/20261002_133500T.WAV,0,55,55,Masjid At-tanwir Amplitudo,Medium,-5.35706,105.318228,10/2/2026,13:15,Siang,Cerah,24F31901603767F6,Unknown,32000,Unknown,Amplitude,0.016363328,0.15545654,Y,System,10/8/2026,,a985ee71ff1b6e60b41cbbfd429c8e23d95ff4133ac2ccaebe6d3eae5122c364
NOISE_1221,Masjid At-tanwir Amplitudo/32 kHz Medium Amplitudo/20261002_133600T.WAV,0,55,55,Masjid At-tanwir Amplitudo,Medium,-5.35706,105.318228,10/2/2026,13:15,Siang,Cerah,24F31901603767F6,Unknown,32000,Unknown,Amplitude,0.012785752,0.33673096,Y,System,10/8/2026,,262fdad55ba70d82b5d29c1fd012157c0db87edf8843bc6447d3992962609641
NOISE_1222,Masjid At-tanwir Amplitudo/32 kHz Medium Amplitudo/20261002_133700T.WAV,0,55,55,Masjid At-tanwir Amplitudo,Medium,-5.35706,105.318228,10/2/2026,13:15,Siang,Cerah,24F31901603767F6,Unknown,32000,Unknown,Amplitude,0.01385203,0.109436035,Y,System,10/8/2026,,3bb5fb2637aaf5aec7bac2349d56b760568b7bf127b7c1f27b57809354eba8c7
NOISE_1223,Masjid At-tanwir Amplitudo/32 kHz Medium Amplitudo/20261002_133800T.WAV,0,55,55,Masjid At-tanwir Amplitudo,Medium,-5.35706,105.318228,10/2/2026,13:15,Siang,Cerah,24F31901603767F6,Unknown,32000,Unknown,Amplitude,0.012585269,0.113342285,Y,System,10/8/2026,,7d6e147c80c56d2cfad7096c9408765fe2b088f384ac11e8b851231f96e48db7
NOISE_1224,Masjid At-tanwir Amplitudo/32 kHz Medium Amplitudo/20261002_133900T.WAV,0,55,55,Masjid At-tanwir Amplitudo,Medium,-5.35706,105.318228,10/2/2026,13:15,Siang,Cerah,24F31901603767F6,Unknown,32000,Unknown,Amplitude,0.017612003,0.19345093,Y,System,10/8/2026,,3f7ad81fcf3cb1fe9ef3395dda534da40c7621d1fcc7bd2c5dc316541087a0e3
NOISE_1225,Masjid At-tanwir Amplitudo/32 kHz Medium Amplitudo/20261002_134000T.WAV,0,55,55,Masjid At-tanwir Amplitudo,Medium,-5.35706,105.318228,10/2/2026,13:15,Siang,Cerah,24F31901603767F6,Unknown,32000,Unknown,Amplitude,0.021477876,0.17294312,Y,System,10/8/2026,,89481f76d84ebc4f04f9cef66df47c326b5efd18acfa35a861887d296ddb5d70
NOISE_1226,Masjid At-tanwir Amplitudo/32 kHz Medium Amplitudo/20261002_134100T.WAV,0,55,55,Masjid At-tanwir Amplitudo,Medium,-5.35706,105.318228,10/2/2026,13:15,Siang,Cerah,24F31901603767F6,Unknown,32000,Unknown,Amplitude,0.01922264,0.9333496,Y,System,10/8/2026,,9b7911078b0282f92593b527240e3c81011c526acdec38d87231e190ee95317c
NOISE_1227,Masjid At-tanwir Amplitudo/32 kHz Medium Amplitudo/20261002_134200T.WAV,0,55,55,Masjid At-tanwir Amplitudo,Medium,-5.35706,105.318228,10/2/2026,13:15,Siang,Cerah,24F31901603767F6,Unknown,32000,Unknown,Amplitude,0.017065471,0.1335144,Y,System,10/8/2026,,7d6e2ede60c6378e651cedc6ca07e7503a46cc4d3266c691a657176137c56aff
NOISE_1228,Masjid At-tanwir Amplitudo/32 kHz Medium Amplitudo/20261002_134300T.WAV,0,55,55,Masjid At-tanwir Amplitudo,Medium,-5.35706,105.318228,10/2/2026,13:15,Siang,Cerah,24F31901603767F6,Unknown,32000,Unknown,Amplitude,0.013767522,0.3753357,Y,System,10/8/2026,,c0c28f6de13f12b481ef09332b8c7afd4fbb50ff9d4b4ae9278e2bc36c8e3cba
NOISE_1229,Masjid At-tanwir Amplitudo/32 kHz Medium Amplitudo/20261002_134400T.WAV,0,55,55,Masjid At-tanwir Amplitudo,Medium,-5.35706,105.318228,10/2/2026,13:15,Siang,Cerah,24F31901603767F6,Unknown,32000,Unknown,Amplitude,0.019510027,0.15960693,Y,System,10/8/2026,,429fc391d971aa132b68cb793e969d663d813abdec3bffb9a39cf5362974fa49
NOISE_1230,Masjid At-tanwir Amplitudo/32 kHz Medium Amplitudo/20261002_134500T.WAV,0,55,55,Masjid At-tanwir Amplitudo,Medium,-5.35706,105.318228,10/2/2026,13:15,Siang,Cerah,24F31901603767F6,Unknown,32000,Unknown,Amplitude,0.028253723,0.93270874,Y,System,10/8/2026,,2589080225848a6925faf131c6589e0a16750ddeac6495fff0280b54d0486cc9
NOISE_1231,Masjid At-tanwir Amplitudo/32 kHz Medium Amplitudo/20261002_134600T.WAV,0,55,55,Masjid At-tanwir Amplitudo,Medium,-5.35706,105.318228,10/2/2026,13:15,Siang,Cerah,24F31901603767F6,Unknown,32000,Unknown,Amplitude,0.028994096,0.9190674,Y,System,10/8/2026,,09f192b8eab3ee45437e96de70dc643a32f71fb4753d6c282833b852ea8d6614
NOISE_1232,Masjid At-tanwir Amplitudo/32 kHz Medium Amplitudo/20261002_134700T.WAV,0,55,55,Masjid At-tanwir Amplitudo,Medium,-5.35706,105.318228,10/2/2026,13:15,Siang,Cerah,24F31901603767F6,Unknown,32000,Unknown,Amplitude,0.016350778,0.15203857,Y,System,10/8/2026,,6130b7e019cde8ba30104fd7f96cfe7bbda31147a664f83ab8cb1cee7871c816
NOISE_1233,Masjid At-tanwir Amplitudo/32 kHz Medium Amplitudo/20261002_134800T.WAV,0,55,55,Masjid At-tanwir Amplitudo,Medium,-5.35706,105.318228,10/2/2026,13:15,Siang,Cerah,24F31901603767F6,Unknown,32000,Unknown,Amplitude,0.013422225,0.1425476,Y,System,10/8/2026,,69361bd66ab610938b1d55e918af23bbaaa3f67e831310490f12ecc5bf905dd0
NOISE_1234,Masjid At-tanwir Amplitudo/32 kHz Medium Amplitudo/20261002_134900T.WAV,0,55,55,Masjid At-tanwir Amplitudo,Medium,-5.35706,105.318228,10/2/2026,13:15,Siang,Cerah,24F31901603767F6,Unknown,32000,Unknown,Amplitude,0.017328536,0.20941162,Y,System,10/8/2026,,f63f99c556cb6d53be1e2ba9d7fd50b16955aea562993ef8c6d5f98969e500a0
NOISE_1235,Masjid At-tanwir Amplitudo/32 kHz Medium Amplitudo/20261002_135000T.WAV,0,55,55,Masjid At-tanwir Amplitudo,Medium,-5.35706,105.318228,10/2/2026,13:15,Siang,Cerah,24F31901603767F6,Unknown,32000,Unknown,Amplitude,0.016775155,0.13891602,Y,System,10/8/2026,,1e140278c7dc554701f5c59e7f41f4f0416c7810c783f03f7d80168230a8d490
NOISE_1236,Masjid At-tanwir Amplitudo/32 kHz Medium Amplitudo/20261002_135100T.WAV,0,55,55,Masjid At-tanwir Amplitudo,Medium,-5.35706,105.318228,10/2/2026,13:15,Siang,Cerah,24F31901603767F6,Unknown,32000,Unknown,Amplitude,0.017835557,0.18759155,Y,System,10/8/2026,,c350ee608fde885b7f860822b34f38cf5fca023dd864aeb990b47e3c15b91286
NOISE_1237,Masjid At-tanwir Amplitudo/32 kHz Medium Amplitudo/20261002_135200T.WAV,0,55,55,Masjid At-tanwir Amplitudo,Medium,-5.35706,105.318228,10/2/2026,13:15,Siang,Cerah,24F31901603767F6,Unknown,32000,Unknown,Amplitude,0.015713543,0.119781494,Y,System,10/8/2026,,b14c38a330f7db9aa32407cc9fa62625497a55c6e6d3ef03afd6a296f1536d74
NOISE_1238,Masjid At-tanwir Amplitudo/32 kHz Medium Amplitudo/20261002_135300T.WAV,0,55,55,Masjid At-tanwir Amplitudo,Medium,-5.35706,105.318228,10/2/2026,13:15,Siang,Cerah,24F31901603767F6,Unknown,32000,Unknown,Amplitude,0.015688576,0.88375854,Y,System,10/8/2026,,dcc8ef9215943c2494736d13a3c74b17ec8878513a5c8be3c133e458346d7819
NOISE_1239,Masjid At-tanwir Amplitudo/32 kHz Medium Amplitudo/20261002_135400T.WAV,0,55,55,Masjid At-tanwir Amplitudo,Medium,-5.35706,105.318228,10/2/2026,13:15,Siang,Cerah,24F31901603767F6,Unknown,32000,Unknown,Amplitude,0.01686089,0.9109497,Y,System,10/8/2026,,efc417e46662e1e07ae68735b4ce414a8c344f8816aacd0aa6534a2d7f1a2315
NOISE_1240,Masjid At-tanwir Amplitudo/32 kHz Medium Amplitudo/20261002_135500T.WAV,0,55,55,Masjid At-tanwir Amplitudo,Medium,-5.35706,105.318228,10/2/2026,13:15,Siang,Cerah,24F31901603767F6,Unknown,32000,Unknown,Amplitude,0.015633686,0.45114136,Y,System,10/8/2026,,8796b77004b0744608c360fed3ff6fab034f81abb7091ca60ea9c31a349b145b
NOISE_1241,Masjid At-tanwir Amplitudo/32 kHz Medium Amplitudo/20261002_135600T.WAV,0,55,55,Masjid At-tanwir Amplitudo,Medium,-5.35706,105.318228,10/2/2026,13:15,Siang,Cerah,24F31901603767F6,Unknown,32000,Unknown,Amplitude,0.013148081,0.44613647,Y,System,10/8/2026,,a1d97c38f157ed99e43d27b4feb434a60c2ce65695e741057ac369260eafc76c
NOISE_1242,Masjid At-tanwir Amplitudo/32 kHz Medium Amplitudo/20261002_135700T.WAV,0,55,55,Masjid At-tanwir Amplitudo,Medium,-5.35706,105.318228,10/2/2026,13:15,Siang,Cerah,24F31901603767F6,Unknown,32000,Unknown,Amplitude,0.013956383,0.7457886,Y,System,10/8/2026,,d87e8860971cb0062007b4a4eac9c4bc82e02db1eb9d13282d47934de1a75647
NOISE_1243,Masjid At-tanwir Amplitudo/32 kHz Medium Amplitudo/20261002_135800T.WAV,0,55,55,Masjid At-tanwir Amplitudo,Medium,-5.35706,105.318228,10/2/2026,13:15,Siang,Cerah,24F31901603767F6,Unknown,32000,Unknown,Amplitude,0.020116355,0.9999695,Y,System,10/8/2026,,287942a6eaeef536e19dd19baf29b17b31689e8f47fda534398cdff2561eeeb4
NOISE_1244,Masjid At-tanwir Amplitudo/32 kHz Medium Amplitudo/20261002_135900T.WAV,0,55,55,Masjid At-tanwir Amplitudo,Medium,-5.35706,105.318228,10/2/2026,13:15,Siang,Cerah,24F31901603767F6,Unknown,32000,Unknown,Amplitude,0.022346562,0.29232788,Y,System,10/8/2026,,177161789b9474e12cc442a9f6c65b517bcbe1273c836b2a79f1b3fe35d206b4
NOISE_1245,Masjid At-tanwir Amplitudo/32 kHz Medium Amplitudo/20261002_140000T.WAV,0,55,55,Masjid At-tanwir Amplitudo,Medium,-5.35706,105.318228,10/2/2026,13:15,Siang,Cerah,24F31901603767F6,Unknown,32000,Unknown,Amplitude,0.017234825,0.3171997,Y,System,10/8/2026,,7245daa21d6c1b45b557b341d56dae30e328fe8fb3bc089c010214342c26f2a9
NOISE_1246,Masjid At-tanwir Amplitudo/32 kHz Medium Amplitudo/20261002_140100T.WAV,0,55,55,Masjid At-tanwir Amplitudo,Medium,-5.35706,105.318228,10/2/2026,13:15,Siang,Cerah,24F31901603767F6,Unknown,32000,Unknown,Amplitude,0.019361965,0.2128601,Y,System,10/8/2026,,fb2d332a68cf1f329fe010544858d141ea0e40e4f55506dbb1b01119220619dc
NOISE_1247,Masjid At-tanwir Amplitudo/32 kHz Medium Amplitudo/20261002_140200T.WAV,0,55,55,Masjid At-tanwir Amplitudo,Medium,-5.35706,105.318228,10/2/2026,13:15,Siang,Cerah,24F31901603767F6,Unknown,32000,Unknown,Amplitude,0.01899297,0.2541809,Y,System,10/8/2026,,6135ddfad39280223ef97d036746607d020dc64e36b566dae597f5e6a5e0e22f
NOISE_1248,Masjid At-tanwir Amplitudo/32 kHz Medium Amplitudo/20261002_140300T.WAV,0,55,55,Masjid At-tanwir Amplitudo,Medium,-5.35706,105.318228,10/2/2026,13:15,Siang,Cerah,24F31901603767F6,Unknown,32000,Unknown,Amplitude,0.020099102,0.22906494,Y,System,10/8/2026,,308d43bf1fee0b7a2d38cc34fd3a39582eac4d9ce5c702ab28d913f50f2f1856
NOISE_1249,Masjid At-tanwir Amplitudo/32 kHz Medium Amplitudo/20261002_140400T.WAV,0,55,55,Masjid At-tanwir Amplitudo,Medium,-5.35706,105.318228,10/2/2026,13:15,Siang,Cerah,24F31901603767F6,Unknown,32000,Unknown,Amplitude,0.039728858,0.5190735,Y,System,10/8/2026,,2a459b4460868f3799f349b06b00f1f118b43c65fc607d6f898c116817f958f7
NOISE_1250,Masjid At-tanwir Amplitudo/32 kHz Medium Amplitudo/20261002_140500T.WAV,0,55,55,Masjid At-tanwir Amplitudo,Medium,-5.35706,105.318228,10/2/2026,13:15,Siang,Cerah,24F31901603767F6,Unknown,32000,Unknown,Amplitude,0.010018476,0.15075684,Y,System,10/8/2026,,65d99ddfeabea135babfc0b8bab2444dc17d1ef231a0cc092fa63368e6f6a263
NOISE_1251,Masjid At-tanwir Amplitudo/32 kHz Medium Amplitudo/20261002_140600T.WAV,0,55,55,Masjid At-tanwir Amplitudo,Medium,-5.35706,105.318228,10/2/2026,13:15,Siang,Cerah,24F31901603767F6,Unknown,32000,Unknown,Amplitude,0.014489794,0.8321228,Y,System,10/8/2026,,4297f45fd91e775d7742f92c6f288f694642ba73fcc28113f037fd8628549a32
NOISE_1252,Masjid At-tanwir Amplitudo/32 kHz Medium Amplitudo/20261002_140700T.WAV,0,55,55,Masjid At-tanwir Amplitudo,Medium,-5.35706,105.318228,10/2/2026,13:15,Siang,Cerah,24F31901603767F6,Unknown,32000,Unknown,Amplitude,0.013121961,0.21350098,Y,System,10/8/2026,,bde55ecc5e1a95a23c0a147d6c2119876e230a77de65deae58b3237345db7bc7
NOISE_1253,Masjid At-tanwir Amplitudo/32 kHz Medium Amplitudo/20261002_140800T.WAV,0,55,55,Masjid At-tanwir Amplitudo,Medium,-5.35706,105.318228,10/2/2026,13:15,Siang,Cerah,24F31901603767F6,Unknown,32000,Unknown,Amplitude,0.012390065,0.6951294,Y,System,10/8/2026,,b1950df6b84cf553a37fb0a43838d8fd6ea58aa1f9cd758b181fb984ac29d3e9
NOISE_1254,Masjid At-tanwir Amplitudo/32 kHz Medium Amplitudo/20261002_140900T.WAV,0,55,55,Masjid At-tanwir Amplitudo,Medium,-5.35706,105.318228,10/2/2026,13:15,Siang,Cerah,24F31901603767F6,Unknown,32000,Unknown,Amplitude,0.010876113,0.190979,Y,System,10/8/2026,,c2637d14fb37f49edec1d08fce3504af5b3f239f6fa1e16d073ec7bf642e5a95
NOISE_1255,Masjid At-tanwir Amplitudo/32 kHz Medium Amplitudo/20261002_141000T.WAV,0,55,55,Masjid At-tanwir Amplitudo,Medium,-5.35706,105.318228,10/2/2026,13:15,Siang,Cerah,24F31901603767F6,Unknown,32000,Unknown,Amplitude,0.011069438,0.11001587,Y,System,10/8/2026,,b942e299fb0c26037f8c76a169e7e11c7bbbc11f70b75c5b5dcf5ca59fee13cf
NOISE_1256,Masjid At-tanwir Amplitudo/32 kHz Medium Amplitudo/20261002_141100T.WAV,0,55,55,Masjid At-tanwir Amplitudo,Medium,-5.35706,105.318228,10/2/2026,13:15,Siang,Cerah,24F31901603767F6,Unknown,32000,Unknown,Amplitude,0.011202296,0.085754395,Y,System,10/8/2026,,0cb0b2854226a5599be64e53e04de665fc2aa11c6473c68c0223720b25ef471b
NOISE_1257,Masjid At-tanwir Amplitudo/32 kHz Medium Amplitudo/20261002_141200T.WAV,0,55,55,Masjid At-tanwir Amplitudo,Medium,-5.35706,105.318228,10/2/2026,13:15,Siang,Cerah,24F31901603767F6,Unknown,32000,Unknown,Amplitude,0.012982464,0.13650513,Y,System,10/8/2026,,4f37187a6c1b0f4bbf17d30f2e51ac7706a4998a4c743d70c3128925c0b2c684
NOISE_1258,Masjid At-tanwir Amplitudo/32 kHz Medium Amplitudo/20261002_141300T.WAV,0,55,55,Masjid At-tanwir Amplitudo,Medium,-5.35706,105.318228,10/2/2026,13:15,Siang,Cerah,24F31901603767F6,Unknown,32000,Unknown,Amplitude,0.02236469,0.2157898,Y,System,10/8/2026,,2f57d6c418d69ac34be1142da7d8570a304b2659e98fac9731535d215e222bd4
NOISE_1259,Masjid At-tanwir Amplitudo/32 kHz Medium Amplitudo/20261002_141400T.WAV,0,55,55,Masjid At-tanwir Amplitudo,Medium,-5.35706,105.318228,10/2/2026,13:15,Siang,Cerah,24F31901603767F6,Unknown,32000,Unknown,Amplitude,0.012837658,0.088256836,Y,System,10/8/2026,,8aa6262f47089380f24c5c3f185e503c2f13487f841b814994ac5fd436b74f67
NOISE_1260,Masjid At-tanwir Frequency/32 kHz High Frequency/20260918_155500T.WAV,0,55,55,Masjid At-tanwir Frequency,High,-5.357166,105.318973,9/18/2026,15:55,Siang,Cerah,24F31901603767F6,Unknown,32000,Unknown,Frequency,0.03572214,0.62667847,Y,System,10/8/2026,,893d8caba931513ea247a2281cc624d8d631eec00a61088bb3dec203c1732f24
NOISE_1261,Masjid At-tanwir Frequency/32 kHz High Frequency/20260918_155600T.WAV,0,55,55,Masjid At-tanwir Frequency,High,-5.357166,105.318973,9/18/2026,15:55,Siang,Cerah,24F31901603767F6,Unknown,32000,Unknown,Frequency,0.038766176,0.36001587,Y,System,10/8/2026,,eccd404a5c6efacfbdfbe0a3deab65e32bd22063a83edef83b2da79756be1c76
NOISE_1262,Masjid At-tanwir Frequency/32 kHz High Frequency/20260918_155700T.WAV,0,55,55,Masjid At-tanwir Frequency,High,-5.357166,105.318973,9/18/2026,15:55,Siang,Cerah,24F31901603767F6,Unknown,32000,Unknown,Frequency,0.047120303,0.40881348,Y,System,10/8/2026,,a51746892289309fc9bd80018ebaafd09038b09d5aaf7da32fe79d4d2f3f80f7
NOISE_1263,Masjid At-tanwir Frequency/32 kHz High Frequency/20260918_155800T.WAV,0,55,55,Masjid At-tanwir Frequency,High,-5.357166,105.318973,9/18/2026,15:55,Siang,Cerah,24F31901603767F6,Unknown,32000,Unknown,Frequency,0.039070413,0.3164978,Y,System,10/8/2026,,44bae70ee823a2c44ddc1ccd37952e8b70b1b0b14ed0970e5372b8519bbf96f8
NOISE_1264,Masjid At-tanwir Frequency/32 kHz High Frequency/20260918_155900T.WAV,0,55,55,Masjid At-tanwir Frequency,High,-5.357166,105.318973,9/18/2026,15:55,Siang,Cerah,24F31901603767F6,Unknown,32000,Unknown,Frequency,0.06146711,0.4508667,Y,System,10/8/2026,,01f622248119b331dd37c9a1b1660bf4a3d245c193208f273edbdd385966f9fe
NOISE_1265,Masjid At-tanwir Frequency/32 kHz High Frequency/20260918_160000T.WAV,0,55,55,Masjid At-tanwir Frequency,High,-5.357166,105.318973,9/18/2026,15:55,Siang,Cerah,24F31901603767F6,Unknown,32000,Unknown,Frequency,0.06241485,0.45230103,Y,System,10/8/2026,,27f611406b41583382ae161c3ae9ae06d8a5cdec383038d55e894f9a9bcc1a27
NOISE_1266,Masjid At-tanwir Frequency/32 kHz High Frequency/20260918_160100T.WAV,0,55,55,Masjid At-tanwir Frequency,High,-5.357166,105.318973,9/18/2026,15:55,Siang,Cerah,24F31901603767F6,Unknown,32000,Unknown,Frequency,0.067074046,0.4578247,Y,System,10/8/2026,,160e8c243053130907e87e54ff7b65cf7d23295be24185f7c9307b7b7772a468
NOISE_1267,Masjid At-tanwir Frequency/32 kHz High Frequency/20260918_160200T.WAV,0,55,55,Masjid At-tanwir Frequency,High,-5.357166,105.318973,9/18/2026,15:55,Siang,Cerah,24F31901603767F6,Unknown,32000,Unknown,Frequency,0.063507445,0.47384644,Y,System,10/8/2026,,d39e0293d9b72dabc66b89a569c5ce8c6daac56342731e91bb80ca468d41cb23
NOISE_1268,Masjid At-tanwir Frequency/32 kHz High Frequency/20260918_160300T.WAV,0,55,55,Masjid At-tanwir Frequency,High,-5.357166,105.318973,9/18/2026,15:55,Siang,Cerah,24F31901603767F6,Unknown,32000,Unknown,Frequency,0.064235136,0.7062073,Y,System,10/8/2026,,25a7afdfe38e384493f0f012b73456e3cc694a8d12add88f89644b421291aed6
NOISE_1269,Masjid At-tanwir Frequency/32 kHz High Frequency/20260918_160400T.WAV,0,55,55,Masjid At-tanwir Frequency,High,-5.357166,105.318973,9/18/2026,15:55,Siang,Cerah,24F31901603767F6,Unknown,32000,Unknown,Frequency,0.059855975,0.45996094,Y,System,10/8/2026,,876468c07776aaad0d0ab698274f0a41dd9ebb80e40aff38c7de27016e475aed
NOISE_1270,Masjid At-tanwir Frequency/32 kHz High Frequency/20260918_160500T.WAV,0,55,55,Masjid At-tanwir Frequency,High,-5.357166,105.318973,9/18/2026,15:55,Siang,Cerah,24F31901603767F6,Unknown,32000,Unknown,Frequency,0.06776534,0.51950073,Y,System,10/8/2026,,7c67d1b3ed32d179c5e1087b99e7e02915c15ac0ccddb4188334a0b5a566f1a9
NOISE_1271,Masjid At-tanwir Frequency/32 kHz High Frequency/20260918_160600T.WAV,0,55,55,Masjid At-tanwir Frequency,High,-5.357166,105.318973,9/18/2026,15:55,Siang,Cerah,24F31901603767F6,Unknown,32000,Unknown,Frequency,0.07046725,0.47122192,Y,System,10/8/2026,,9a352ae7d8ee38456d830fb93ae51e87cd4e5e4506966b5982f001a5514fed50
NOISE_1272,Masjid At-tanwir Frequency/32 kHz High Frequency/20260918_160700T.WAV,0,55,55,Masjid At-tanwir Frequency,High,-5.357166,105.318973,9/18/2026,15:55,Siang,Cerah,24F31901603767F6,Unknown,32000,Unknown,Frequency,0.07558305,0.4737854,Y,System,10/8/2026,,0f02cc207be782711da460837c6a6888bb7d30aad15e1c3faebb4ed874604f75
NOISE_1273,Masjid At-tanwir Frequency/32 kHz High Frequency/20260918_160800T.WAV,0,55,55,Masjid At-tanwir Frequency,High,-5.357166,105.318973,9/18/2026,15:55,Siang,Cerah,24F31901603767F6,Unknown,32000,Unknown,Frequency,0.06936413,0.4894104,Y,System,10/8/2026,,4e19a3aa4dcaf1ef233c115a575ff977c02f6bd65e3849e11f069027fa10940f
NOISE_1274,Masjid At-tanwir Frequency/32 kHz High Frequency/20260918_160900T.WAV,0,55,55,Masjid At-tanwir Frequency,High,-5.357166,105.318973,9/18/2026,15:55,Siang,Cerah,24F31901603767F6,Unknown,32000,Unknown,Frequency,0.050708946,0.35342407,Y,System,10/8/2026,,57196dfdcb74c113b4a68712051de198a65d09507711c56ae90a086be12a5396
NOISE_1275,Masjid At-tanwir Frequency/32 kHz High Frequency/20260918_161000T.WAV,0,55,55,Masjid At-tanwir Frequency,High,-5.357166,105.318973,9/18/2026,15:55,Siang,Cerah,24F31901603767F6,Unknown,32000,Unknown,Frequency,0.06112627,0.9999695,Y,System,10/8/2026,,cff914ae6a067241c773a88a13f7a3e6702f51eec883835ef290cd41c99ec135
NOISE_1276,Masjid At-tanwir Frequency/32 kHz High Frequency/20260918_161100T.WAV,0,55,55,Masjid At-tanwir Frequency,High,-5.357166,105.318973,9/18/2026,15:55,Siang,Cerah,24F31901603767F6,Unknown,32000,Unknown,Frequency,0.057259135,0.4119873,Y,System,10/8/2026,,8a8ff5f82f9f31cd87892e4198849edf2411639e4005d55bcb70cdba6353ea35
NOISE_1277,Masjid At-tanwir Frequency/32 kHz High Frequency/20260918_161200T.WAV,0,55,55,Masjid At-tanwir Frequency,High,-5.357166,105.318973,9/18/2026,15:55,Siang,Cerah,24F31901603767F6,Unknown,32000,Unknown,Frequency,0.059878778,0.49389648,Y,System,10/8/2026,,b3bd75baa81541ad6caeae0f2cdb69ae17a065a53e3aecf3994f6431dc5cd029
NOISE_1278,Masjid At-tanwir Frequency/32 kHz High Frequency/20260918_161300T.WAV,0,55,55,Masjid At-tanwir Frequency,High,-5.357166,105.318973,9/18/2026,15:55,Siang,Cerah,24F31901603767F6,Unknown,32000,Unknown,Frequency,0.06311846,0.57510376,Y,System,10/8/2026,,bea051e92618532dd223d3acd47313e362a80e3fd2d53e33e38eb014619c0114
NOISE_1279,Masjid At-tanwir Frequency/32 kHz High Frequency/20260918_161400T.WAV,0,55,55,Masjid At-tanwir Frequency,High,-5.357166,105.318973,9/18/2026,15:55,Siang,Cerah,24F31901603767F6,Unknown,32000,Unknown,Frequency,0.073818505,0.51693726,Y,System,10/8/2026,,7e31cd398ebbfe2636ffb4b4a6ae378ac8c5098ab2aab2a634ec38e5c691af2e
NOISE_1280,Masjid At-tanwir Frequency/32 kHz High Frequency/20260918_161500T.WAV,0,55,55,Masjid At-tanwir Frequency,High,-5.357166,105.318973,9/18/2026,15:55,Siang,Cerah,24F31901603767F6,Unknown,32000,Unknown,Frequency,0.075827815,0.519989,Y,System,10/8/2026,,d81e56a580932c569284971da51f1080539b3aba773d7825a2d7ea48737d092e
NOISE_1281,Masjid At-tanwir Frequency/32 kHz High Frequency/20260918_161600T.WAV,0,55,55,Masjid At-tanwir Frequency,High,-5.357166,105.318973,9/18/2026,15:55,Siang,Cerah,24F31901603767F6,Unknown,32000,Unknown,Frequency,0.06639692,0.5614319,Y,System,10/8/2026,,4b2a14a49e8c15e688e77994e43138a4435baa7b2880812ec09f555e9f02214a
NOISE_1282,Masjid At-tanwir Frequency/32 kHz High Frequency/20260918_161700T.WAV,0,55,55,Masjid At-tanwir Frequency,High,-5.357166,105.318973,9/18/2026,15:55,Siang,Cerah,24F31901603767F6,Unknown,32000,Unknown,Frequency,0.047775682,0.7336426,Y,System,10/8/2026,,9bbcf31ffba6e7e27fb8fc7aa1d85f15dcdc0b8695d4ce51fd80d5c28ed78732
NOISE_1283,Masjid At-tanwir Frequency/32 kHz High Frequency/20260918_161800T.WAV,0,55,55,Masjid At-tanwir Frequency,High,-5.357166,105.318973,9/18/2026,15:55,Siang,Cerah,24F31901603767F6,Unknown,32000,Unknown,Frequency,0.040644027,0.33422852,Y,System,10/8/2026,,24e98131948e03d2029f506b0b10a3f078c495d2afed48b300092e1dfd621399
NOISE_1284,Masjid At-tanwir Frequency/32 kHz High Frequency/20260918_161900T.WAV,0,55,55,Masjid At-tanwir Frequency,High,-5.357166,105.318973,9/18/2026,15:55,Siang,Cerah,24F31901603767F6,Unknown,32000,Unknown,Frequency,0.0410159,0.30859375,Y,System,10/8/2026,,f52a684859a27220a96b836110eed75b94d416c9ab158a0da5a4dc87a9d05d3f
NOISE_1285,Masjid At-tanwir Frequency/32 kHz High Frequency/20260918_162000T.WAV,0,55,55,Masjid At-tanwir Frequency,High,-5.357166,105.318973,9/18/2026,15:55,Siang,Cerah,24F31901603767F6,Unknown,32000,Unknown,Frequency,0.045612626,0.30493164,Y,System,10/8/2026,,c8e31e7f413cfdf1af2bc5430a93d02400e5c040952d4c627c6ec08565733ca9
NOISE_1286,Masjid At-tanwir Frequency/32 kHz High Frequency/20260918_162100T.WAV,0,55,55,Masjid At-tanwir Frequency,High,-5.357166,105.318973,9/18/2026,15:55,Siang,Cerah,24F31901603767F6,Unknown,32000,Unknown,Frequency,0.049087215,0.33364868,Y,System,10/8/2026,,ee5ccc74e6a94c5ad5c5653ae28a8f5e1ffb017f8984cb2fd4911ff5b1053cae
NOISE_1287,Masjid At-tanwir Frequency/32 kHz High Frequency/20260918_162200T.WAV,0,55,55,Masjid At-tanwir Frequency,High,-5.357166,105.318973,9/18/2026,15:55,Siang,Cerah,24F31901603767F6,Unknown,32000,Unknown,Frequency,0.051106066,0.36706543,Y,System,10/8/2026,,38d2200074ed2812c3955e79ee620cfacb6eb38c3590ceb98c4ca879a68b0606
NOISE_1288,Masjid At-tanwir Frequency/32 kHz High Frequency/20260918_162300T.WAV,0,55,55,Masjid At-tanwir Frequency,High,-5.357166,105.318973,9/18/2026,15:55,Siang,Cerah,24F31901603767F6,Unknown,32000,Unknown,Frequency,0.05108263,0.39224243,Y,System,10/8/2026,,3fc7321668210d164d4b2aaafb22a052febda345a78513cd891f91c14a613a34
NOISE_1289,Masjid At-tanwir Frequency/32 kHz High Frequency/20260918_162400T.WAV,0,55,55,Masjid At-tanwir Frequency,High,-5.357166,105.318973,9/18/2026,15:55,Siang,Cerah,24F31901603767F6,Unknown,32000,Unknown,Frequency,0.065980375,0.6017761,Y,System,10/8/2026,,8b3b55144a917585c80555883922b2015fe5a4a1fa6a032f0b484c8a35f9340c
NOISE_1290,Masjid At-tanwir Frequency/32 kHz High Frequency/20260918_162500T.WAV,0,55,55,Masjid At-tanwir Frequency,High,-5.357166,105.318973,9/18/2026,15:55,Siang,Cerah,24F31901603767F6,Unknown,32000,Unknown,Frequency,0.05729468,0.5559082,Y,System,10/8/2026,,57e2592caa971d3670a47c98eaae4bf81b73a5f05c7e832d0879812dabc54e6e
NOISE_1291,Masjid At-tanwir Frequency/32 kHz High Frequency/20260918_162600T.WAV,0,55,55,Masjid At-tanwir Frequency,High,-5.357166,105.318973,9/18/2026,15:55,Siang,Cerah,24F31901603767F6,Unknown,32000,Unknown,Frequency,0.04729176,0.31915283,Y,System,10/8/2026,,ca13874b9cbd1338bc7be48d1a3d05e64ced8d435d9b92d1d0e6ef1359d84fd6
NOISE_1292,Masjid At-tanwir Frequency/32 kHz High Frequency/20260918_162700T.WAV,0,55,55,Masjid At-tanwir Frequency,High,-5.357166,105.318973,9/18/2026,15:55,Siang,Cerah,24F31901603767F6,Unknown,32000,Unknown,Frequency,0.039714105,0.27548218,Y,System,10/8/2026,,f73b52192698d8e9da6659aea96d49b62537c8fd031d40335d9992ba8a75749e
NOISE_1293,Masjid At-tanwir Frequency/32 kHz High Frequency/20260918_162800T.WAV,0,55,55,Masjid At-tanwir Frequency,High,-5.357166,105.318973,9/18/2026,15:55,Siang,Cerah,24F31901603767F6,Unknown,32000,Unknown,Frequency,0.043862607,0.34872437,Y,System,10/8/2026,,d5fcf515f21b13d570a964d95a445f899351f22be28892a2c9ecff6b0738e375
NOISE_1294,Masjid At-tanwir Frequency/32 kHz High Frequency/20260918_162900T.WAV,0,55,55,Masjid At-tanwir Frequency,High,-5.357166,105.318973,9/18/2026,15:55,Siang,Cerah,24F31901603767F6,Unknown,32000,Unknown,Frequency,0.05220316,0.3314209,Y,System,10/8/2026,,42fe7826bcbf02e1f480f9083e0b4591b6a54eac4556001f06cf9238c7094b8f
NOISE_1295,Masjid At-tanwir Frequency/32 kHz High Frequency/20260918_163000T.WAV,0,55,55,Masjid At-tanwir Frequency,High,-5.357166,105.318973,9/18/2026,15:55,Siang,Cerah,24F31901603767F6,Unknown,32000,Unknown,Frequency,0.052581724,0.53414917,Y,System,10/8/2026,,abd885f1e59a76391a9a5d1c93fc3ef9b3305267d3a7612bfe585b0914bfe9b4
NOISE_1296,Masjid At-tanwir Frequency/32 kHz High Frequency/20260918_163100T.WAV,0,55,55,Masjid At-tanwir Frequency,High,-5.357166,105.318973,9/18/2026,15:55,Siang,Cerah,24F31901603767F6,Unknown,32000,Unknown,Frequency,0.05028164,0.4537964,Y,System,10/8/2026,,f6e5a31f1af045d2710c2edf6e0f50427b4ac2cb7e75268b9ee1fd9cbae161f5
NOISE_1297,Masjid At-tanwir Frequency/32 kHz High Frequency/20260918_163200T.WAV,0,55,55,Masjid At-tanwir Frequency,High,-5.357166,105.318973,9/18/2026,15:55,Siang,Cerah,24F31901603767F6,Unknown,32000,Unknown,Frequency,0.07605388,0.5284729,Y,System,10/8/2026,,2ded008d03d3e4ceaa48caaa34a398362e9f728d20f765b07e80a89b4d781ef8
NOISE_1298,Masjid At-tanwir Frequency/32 kHz High Frequency/20260918_163300T.WAV,0,55,55,Masjid At-tanwir Frequency,High,-5.357166,105.318973,9/18/2026,15:55,Siang,Cerah,24F31901603767F6,Unknown,32000,Unknown,Frequency,0.101497926,0.5854187,Y,System,10/8/2026,,83e7d5ca5a45876bd20187a76f953e2d09f1574920e788cb11061db659cc7860
NOISE_1299,Masjid At-tanwir Frequency/32 kHz High Frequency/20260918_163400T.WAV,0,55,55,Masjid At-tanwir Frequency,High,-5.357166,105.318973,9/18/2026,15:55,Siang,Cerah,24F31901603767F6,Unknown,32000,Unknown,Frequency,0.07934152,0.5921631,Y,System,10/8/2026,,ca121ad8e7763b6176a96520848477df04bdd859c0fadd0fd829517b0e169e74
NOISE_1300,Masjid At-tanwir Frequency/32 kHz High Frequency/20260918_163500T.WAV,0,55,55,Masjid At-tanwir Frequency,High,-5.357166,105.318973,9/18/2026,15:55,Siang,Cerah,24F31901603767F6,Unknown,32000,Unknown,Frequency,0.10950588,0.6641846,Y,System,10/8/2026,,55056536f7b71d329a8ce6e9ea96576611fdc48c951b1860ecfb9337fdbbeae4
NOISE_1301,Masjid At-tanwir Frequency/32 kHz High Frequency/20260918_163600T.WAV,0,55,55,Masjid At-tanwir Frequency,High,-5.357166,105.318973,9/18/2026,15:55,Siang,Cerah,24F31901603767F6,Unknown,32000,Unknown,Frequency,0.10073082,0.615448,Y,System,10/8/2026,,ed59a45af96fa87583656e7d06dbd0867dc715550bf00ef84c02de651bef5f11
NOISE_1302,Masjid At-tanwir Frequency/32 kHz High Frequency/20260918_163700T.WAV,0,55,55,Masjid At-tanwir Frequency,High,-5.357166,105.318973,9/18/2026,15:55,Siang,Cerah,24F31901603767F6,Unknown,32000,Unknown,Frequency,0.08312783,0.60461426,Y,System,10/8/2026,,4608503b441d4047a35b278d6e9c06fad18bf6e98dda5cb87708674e3a8d8563
NOISE_1303,Masjid At-tanwir Frequency/32 kHz High Frequency/20260918_163800T.WAV,0,55,55,Masjid At-tanwir Frequency,High,-5.357166,105.318973,9/18/2026,15:55,Siang,Cerah,24F31901603767F6,Unknown,32000,Unknown,Frequency,0.08985207,0.66781616,Y,System,10/8/2026,,0f534a0bf20924324582140109412b2b98bb3e5789a585f862fd00a9f78d6cc1
NOISE_1304,Masjid At-tanwir Frequency/32 kHz High Frequency/20260918_163900T.WAV,0,55,55,Masjid At-tanwir Frequency,High,-5.357166,105.318973,9/18/2026,15:55,Siang,Cerah,24F31901603767F6,Unknown,32000,Unknown,Frequency,0.066755824,0.7910156,Y,System,10/8/2026,,1de986ed88dc2623484f77f00fdf299bdd932d9f4ec7da144f2a329280cbbcad
NOISE_1305,Masjid At-tanwir Frequency/32 kHz High Frequency/20260918_164000T.WAV,0,55,55,Masjid At-tanwir Frequency,High,-5.357166,105.318973,9/18/2026,15:55,Siang,Cerah,24F31901603767F6,Unknown,32000,Unknown,Frequency,0.060119566,0.44213867,Y,System,10/8/2026,,77e082e3e73184a2ae6be94d30987b169a1e3e55c822fab1983f00b2545d9688
NOISE_1306,Masjid At-tanwir Frequency/32 kHz High Frequency/20260918_164100T.WAV,0,55,55,Masjid At-tanwir Frequency,High,-5.357166,105.318973,9/18/2026,15:55,Siang,Cerah,24F31901603767F6,Unknown,32000,Unknown,Frequency,0.06230734,0.54385376,Y,System,10/8/2026,,15c2d015fe36dee714625469d9c4e2f46075b5618578da92f611f03e14025bb1
NOISE_1307,Masjid At-tanwir Frequency/32 kHz High Frequency/20260918_164200T.WAV,0,55,55,Masjid At-tanwir Frequency,High,-5.357166,105.318973,9/18/2026,15:55,Siang,Cerah,24F31901603767F6,Unknown,32000,Unknown,Frequency,0.072216146,0.5531311,Y,System,10/8/2026,,2a3507286ef4c3b4219a65bda73380011bbaa02553fe8a72ca6a04e1619401bf
NOISE_1308,Masjid At-tanwir Frequency/32 kHz High Frequency/20260918_164300T.WAV,0,55,55,Masjid At-tanwir Frequency,High,-5.357166,105.318973,9/18/2026,15:55,Siang,Cerah,24F31901603767F6,Unknown,32000,Unknown,Frequency,0.07043098,0.67874146,Y,System,10/8/2026,,e31b9f1ee09bb637b2b7cfe816297a86fc96434b46cd27b45c3b0a468e501a63
NOISE_1309,Masjid At-tanwir Frequency/32 kHz High Frequency/20260918_164400T.WAV,0,55,55,Masjid At-tanwir Frequency,High,-5.357166,105.318973,9/18/2026,15:55,Siang,Cerah,24F31901603767F6,Unknown,32000,Unknown,Frequency,0.061857954,0.43692017,Y,System,10/8/2026,,257179b359421ecdbf470a464dc4e8b94d6460065e42e91f74b08f5589ea12e8
NOISE_1310,Masjid At-tanwir Frequency/32 kHz High Frequency/20260918_164500T.WAV,0,55,55,Masjid At-tanwir Frequency,High,-5.357166,105.318973,9/18/2026,15:55,Siang,Cerah,24F31901603767F6,Unknown,32000,Unknown,Frequency,0.081848465,0.9999695,Y,System,10/8/2026,,8c912c64b11429f9579349c596fa19be63b8e4ad739c21f46d54a14fe9344f12
NOISE_1311,Masjid At-tanwir Frequency/32 kHz High Frequency/20260918_164600T.WAV,0,55,55,Masjid At-tanwir Frequency,High,-5.357166,105.318973,9/18/2026,15:55,Siang,Cerah,24F31901603767F6,Unknown,32000,Unknown,Frequency,0.060392965,0.8240051,Y,System,10/8/2026,,1f54437dea4f902d1e286c9088113c1b41b3ec2cd6de68d1dddf4e36a90ebe3f
NOISE_1312,Masjid At-tanwir Frequency/32 kHz High Frequency/20260918_164700T.WAV,0,55,55,Masjid At-tanwir Frequency,High,-5.357166,105.318973,9/18/2026,15:55,Siang,Cerah,24F31901603767F6,Unknown,32000,Unknown,Frequency,0.060195588,0.5496826,Y,System,10/8/2026,,602efe04c9d4a7bbf488e184ec7c2892aa709c6f2f6f611279ca7579e9772528
NOISE_1313,Masjid At-tanwir Frequency/32 kHz High Frequency/20260918_164800T.WAV,0,55,55,Masjid At-tanwir Frequency,High,-5.357166,105.318973,9/18/2026,15:55,Siang,Cerah,24F31901603767F6,Unknown,32000,Unknown,Frequency,0.07040423,0.8742981,Y,System,10/8/2026,,5c12bc29c8e536ec05eb8d43a12e509b12e1cfcf45c5507e2eddcbe055c6bf6e
NOISE_1314,Masjid At-tanwir Frequency/32 kHz High Frequency/20260918_164900T.WAV,0,55,55,Masjid At-tanwir Frequency,High,-5.357166,105.318973,9/18/2026,15:55,Siang,Cerah,24F31901603767F6,Unknown,32000,Unknown,Frequency,0.055882335,0.51605225,Y,System,10/8/2026,,0c805eacf66cf2f05e20519003f03b8a8e2005d80ca736ad1b3f560759aa1c0f
NOISE_1315,Masjid At-tanwir Frequency/32 kHz High Frequency/20260918_165000T.WAV,0,55,55,Masjid At-tanwir Frequency,High,-5.357166,105.318973,9/18/2026,15:55,Siang,Cerah,24F31901603767F6,Unknown,32000,Unknown,Frequency,0.070716895,0.6345825,Y,System,10/8/2026,,4779195e11760c60228465f8ba0a924fdc7b86f55857a2fc7fdecc8a37b3dcb8
NOISE_1316,Masjid At-tanwir Frequency/32 kHz High Frequency/20260918_165100T.WAV,0,55,55,Masjid At-tanwir Frequency,High,-5.357166,105.318973,9/18/2026,15:55,Siang,Cerah,24F31901603767F6,Unknown,32000,Unknown,Frequency,0.054661285,0.6663208,Y,System,10/8/2026,,7460f08ee7bd7bfa872aba9ab7589d89d3978dfdafad9d3f30114a64edeb88d5
NOISE_1317,Masjid At-tanwir Frequency/32 kHz High Frequency/20260918_165200T.WAV,0,55,55,Masjid At-tanwir Frequency,High,-5.357166,105.318973,9/18/2026,15:55,Siang,Cerah,24F31901603767F6,Unknown,32000,Unknown,Frequency,0.044633158,0.39593506,Y,System,10/8/2026,,e7759f0c0814f7c6b2e10ef44b75a3d7b52719c38850c9cdaf3bdbf1d8f3fab5
NOISE_1318,Masjid At-tanwir Frequency/32 kHz High Frequency/20260918_165300T.WAV,0,55,55,Masjid At-tanwir Frequency,High,-5.357166,105.318973,9/18/2026,15:55,Siang,Cerah,24F31901603767F6,Unknown,32000,Unknown,Frequency,0.040684246,0.2897339,Y,System,10/8/2026,,1f3b4c0c315a8a1b4aa2f55ace9711039bd9272f8d74d1c4f6880ee7f60c28c5
NOISE_1319,Masjid At-tanwir Frequency/32 kHz High Frequency/20260918_165400T.WAV,0,55,55,Masjid At-tanwir Frequency,High,-5.357166,105.318973,9/18/2026,15:55,Siang,Cerah,24F31901603767F6,Unknown,32000,Unknown,Frequency,0.0635655,0.5748596,Y,System,10/8/2026,,f4c840aba51e5249ffbf5da2057b18cdaa354c093e0b8172bc45803111004a0e
NOISE_1320,Masjid At-tanwir Frequency/32 kHz Low Frequency/20260918_132500T.WAV,0,55,55,Masjid At-tanwir Frequency,Low,-5.357172,105.318735,9/18/2026,13:25,Siang,Cerah,24F31901603767F6,Unknown,32000,Unknown,Frequency,0.007953917,0.23452759,Y,System,10/8/2026,,848dc215852391a33d4626c6356e8f12def3816a6d331634b7e0e8ca7ee1ee50
NOISE_1321,Masjid At-tanwir Frequency/32 kHz Low Frequency/20260918_132600T.WAV,0,54.496,54.496,Masjid At-tanwir Frequency,Low,-5.357172,105.318735,9/18/2026,13:25,Siang,Cerah,24F31901603767F6,Unknown,32000,Unknown,Frequency,0.006798386,0.6883545,Y,System,10/8/2026,,39ea9577d0ed37794d318196cb379c45ffa929adf36e6b426484525e233b3122
NOISE_1322,Masjid At-tanwir Frequency/32 kHz Low Frequency/20260918_132700T.WAV,0,55,55,Masjid At-tanwir Frequency,Low,-5.357172,105.318735,9/18/2026,13:25,Siang,Cerah,24F31901603767F6,Unknown,32000,Unknown,Frequency,0.09102851,0.9999695,Y,System,10/8/2026,,a2849caef2cae0d478015b42db64816bc8dad4a140fa0ec8732d7d8a5e448fef
NOISE_1323,Masjid At-tanwir Frequency/32 kHz Low Frequency/20260918_132800T.WAV,0,55,55,Masjid At-tanwir Frequency,Low,-5.357172,105.318735,9/18/2026,13:25,Siang,Cerah,24F31901603767F6,Unknown,32000,Unknown,Frequency,0.023874268,0.44717407,Y,System,10/8/2026,,91fe3e7fb8e347c063f8629f47632205f7bf74aebb1cce765b14c33561791931
NOISE_1324,Masjid At-tanwir Frequency/32 kHz Low Frequency/20260918_132900T.WAV,0,55,55,Masjid At-tanwir Frequency,Low,-5.357172,105.318735,9/18/2026,13:25,Siang,Cerah,24F31901603767F6,Unknown,32000,Unknown,Frequency,0.048292734,0.88549805,Y,System,10/8/2026,,7a9965d800accfd68c96d0c0fc84aa5cb482c18ab0571934c593616e985a6d59
NOISE_1325,Masjid At-tanwir Frequency/32 kHz Low Frequency/20260918_133000T.WAV,0,55,55,Masjid At-tanwir Frequency,Low,-5.357172,105.318735,9/18/2026,13:25,Siang,Cerah,24F31901603767F6,Unknown,32000,Unknown,Frequency,0.08482247,0.9999695,Y,System,10/8/2026,,bc8679d8dbc0ce9765731580df72c70851e35ae554c891875c7d8102fbc38ec7
NOISE_1326,Masjid At-tanwir Frequency/32 kHz Low Frequency/20260918_133100T.WAV,0,55,55,Masjid At-tanwir Frequency,Low,-5.357172,105.318735,9/18/2026,13:25,Siang,Cerah,24F31901603767F6,Unknown,32000,Unknown,Frequency,0.041725177,0.92526245,Y,System,10/8/2026,,a37019d0b9e355f86ac1845b792ba07c007151c6c6fb44dc5f45f3abf56c8595
NOISE_1327,Masjid At-tanwir Frequency/32 kHz Low Frequency/20260918_133200T.WAV,0,55,55,Masjid At-tanwir Frequency,Low,-5.357172,105.318735,9/18/2026,13:25,Siang,Cerah,24F31901603767F6,Unknown,32000,Unknown,Frequency,0.0445583,0.9999695,Y,System,10/8/2026,,7838378ae661b1766f6e49437dcf8f07ed07dd6436b2dcba7baa11a726efbb51
NOISE_1328,Masjid At-tanwir Frequency/32 kHz Low Frequency/20260918_133300T.WAV,0,55,55,Masjid At-tanwir Frequency,Low,-5.357172,105.318735,9/18/2026,13:25,Siang,Cerah,24F31901603767F6,Unknown,32000,Unknown,Frequency,0.015214288,0.9999695,Y,System,10/8/2026,,3ad9ba104cc612c7bf7088c44a9dc3283c57a27728775a73313a586e8f5d6031
NOISE_1329,Masjid At-tanwir Frequency/32 kHz Low Frequency/20260918_133400T.WAV,0,55,55,Masjid At-tanwir Frequency,Low,-5.357172,105.318735,9/18/2026,13:25,Siang,Cerah,24F31901603767F6,Unknown,32000,Unknown,Frequency,0.010009417,0.18945312,Y,System,10/8/2026,,5133a4ed6f75f4ffff6ef4a7fdd31267dcdbebe45eb305a0944b4d696ecc7a83
NOISE_1330,Masjid At-tanwir Frequency/32 kHz Low Frequency/20260918_133500T.WAV,0,55,55,Masjid At-tanwir Frequency,Low,-5.357172,105.318735,9/18/2026,13:25,Siang,Cerah,24F31901603767F6,Unknown,32000,Unknown,Frequency,0.032129195,0.8192749,Y,System,10/8/2026,,a90ac2566fc26a008aa460718ed22f029774bbf3a5f8881432c691c9becb93b9
NOISE_1331,Masjid At-tanwir Frequency/32 kHz Low Frequency/20260918_133600T.WAV,0,55,55,Masjid At-tanwir Frequency,Low,-5.357172,105.318735,9/18/2026,13:25,Siang,Cerah,24F31901603767F6,Unknown,32000,Unknown,Frequency,0.047484588,0.82562256,Y,System,10/8/2026,,716ff646a5495658ae3bf2ce25ead7adf7a04196b5e020f65565f70265d0e551
NOISE_1332,Masjid At-tanwir Frequency/32 kHz Low Frequency/20260918_133700T.WAV,0,55,55,Masjid At-tanwir Frequency,Low,-5.357172,105.318735,9/18/2026,13:25,Siang,Cerah,24F31901603767F6,Unknown,32000,Unknown,Frequency,0.011598593,0.41964722,Y,System,10/8/2026,,75c5ed904d68446214874115961a08b823d7e339698667ff54ff677f8c055f82
NOISE_1333,Masjid At-tanwir Frequency/32 kHz Low Frequency/20260918_133800T.WAV,0,54.496,54.496,Masjid At-tanwir Frequency,Low,-5.357172,105.318735,9/18/2026,13:25,Siang,Cerah,24F31901603767F6,Unknown,32000,Unknown,Frequency,0.009096704,0.21899414,Y,System,10/8/2026,,f5e61cfda1bb72586cdc480789f8f194f20bdf3bc17579da61d31e16e15350fe
NOISE_1334,Masjid At-tanwir Frequency/32 kHz Low Frequency/20260918_133900T.WAV,0,54.496,54.496,Masjid At-tanwir Frequency,Low,-5.357172,105.318735,9/18/2026,13:25,Siang,Cerah,24F31901603767F6,Unknown,32000,Unknown,Frequency,0.009215929,0.22711182,Y,System,10/8/2026,,10d1d90b908482ce3d7fbe434ea0fe372c47f1587f6a798a335c81dd3a2a075c
NOISE_1335,Masjid At-tanwir Frequency/32 kHz Low Frequency/20260918_134000T.WAV,0,55,55,Masjid At-tanwir Frequency,Low,-5.357172,105.318735,9/18/2026,13:25,Siang,Cerah,24F31901603767F6,Unknown,32000,Unknown,Frequency,0.017628824,0.28897095,Y,System,10/8/2026,,c2f4f3d515f439197c7b9676b0a5d75e272f2857435dd385a88b5c9ef2cecfe2
NOISE_1336,Masjid At-tanwir Frequency/32 kHz Low Frequency/20260918_134100T.WAV,0,55,55,Masjid At-tanwir Frequency,Low,-5.357172,105.318735,9/18/2026,13:25,Siang,Cerah,24F31901603767F6,Unknown,32000,Unknown,Frequency,0.016415378,0.106414795,Y,System,10/8/2026,,b9a04bb69b14dea3a9fb1a5c8916c4a2ae70bd2c2217cd6af058be09f70b817c
NOISE_1337,Masjid At-tanwir Frequency/32 kHz Low Frequency/20260918_134200T.WAV,0,55,55,Masjid At-tanwir Frequency,Low,-5.357172,105.318735,9/18/2026,13:25,Siang,Cerah,24F31901603767F6,Unknown,32000,Unknown,Frequency,0.017636292,0.11669922,Y,System,10/8/2026,,e38082187a269454b9cd93a8d0a68ec1a012bf70973e308b9b96763dbe375bf5
NOISE_1338,Masjid At-tanwir Frequency/32 kHz Low Frequency/20260918_134300T.WAV,0,52.968,52.968,Masjid At-tanwir Frequency,Low,-5.357172,105.318735,9/18/2026,13:25,Siang,Cerah,24F31901603767F6,Unknown,32000,Unknown,Frequency,0.016504612,0.108673096,Y,System,10/8/2026,,4f2697f4f6353944da859ca4e99d09d01bedd33f4a6f49e6b3387ae248c5efaf
NOISE_1339,Masjid At-tanwir Frequency/32 kHz Low Frequency/20260918_134400T.WAV,0,53.984,53.984,Masjid At-tanwir Frequency,Low,-5.357172,105.318735,9/18/2026,13:25,Siang,Cerah,24F31901603767F6,Unknown,32000,Unknown,Frequency,0.017624477,0.11340332,Y,System,10/8/2026,,482c60117ca2eccaf3e7c89e6bbc8f95f93f95c66ceb645a8cbedd3ae5b860cf
NOISE_1340,Masjid At-tanwir Frequency/32 kHz Low Frequency/20260918_134500T.WAV,0,55,55,Masjid At-tanwir Frequency,Low,-5.357172,105.318735,9/18/2026,13:25,Siang,Cerah,24F31901603767F6,Unknown,32000,Unknown,Frequency,0.018298797,0.1458435,Y,System,10/8/2026,,d3e7c7dd1bfe1cf7644d706f28a1f702e01813f231f554d3a762f8325ba7007f
NOISE_1341,Masjid At-tanwir Frequency/32 kHz Low Frequency/20260918_134600T.WAV,0,55,55,Masjid At-tanwir Frequency,Low,-5.357172,105.318735,9/18/2026,13:25,Siang,Cerah,24F31901603767F6,Unknown,32000,Unknown,Frequency,0.018967124,0.11431885,Y,System,10/8/2026,,2feb622ef87ae218bea7af60646f38fc5a14de511fddf0d2a94f4a837cc84834
NOISE_1342,Masjid At-tanwir Frequency/32 kHz Low Frequency/20260918_134700T.WAV,0,55,55,Masjid At-tanwir Frequency,Low,-5.357172,105.318735,9/18/2026,13:25,Siang,Cerah,24F31901603767F6,Unknown,32000,Unknown,Frequency,0.0166032,0.9986572,Y,System,10/8/2026,,dfebbdb1bd88874a0728f8f6cef1e61ddcbec3612774d9c575f084e248248501
NOISE_1343,Masjid At-tanwir Frequency/32 kHz Low Frequency/20260918_134800T.WAV,0,55,55,Masjid At-tanwir Frequency,Low,-5.357172,105.318735,9/18/2026,13:25,Siang,Cerah,24F31901603767F6,Unknown,32000,Unknown,Frequency,0.009292264,0.9884033,Y,System,10/8/2026,,6a7b978b8fc785cda27c6ee900da27f73dcdeaacff4a9356d3f44eebed2563ef
NOISE_1344,Masjid At-tanwir Frequency/32 kHz Low Frequency/20260918_134900T.WAV,0,55,55,Masjid At-tanwir Frequency,Low,-5.357172,105.318735,9/18/2026,13:25,Siang,Cerah,24F31901603767F6,Unknown,32000,Unknown,Frequency,0.008414382,0.97839355,Y,System,10/8/2026,,b7b0cf0a542ed21b28d19044aa607419e599fa9b11406ec1aca8e3952c97bbd7
NOISE_1345,Masjid At-tanwir Frequency/32 kHz Low Frequency/20260918_135000T.WAV,0,55,55,Masjid At-tanwir Frequency,Low,-5.357172,105.318735,9/18/2026,13:25,Siang,Cerah,24F31901603767F6,Unknown,32000,Unknown,Frequency,0.011036587,0.9871216,Y,System,10/8/2026,,3aabe65e4fef34ce64c87f3ebb02dd4f103b848235efd70db15f258088646618
NOISE_1346,Masjid At-tanwir Frequency/32 kHz Low Frequency/20260918_135100T.WAV,0,55,55,Masjid At-tanwir Frequency,Low,-5.357172,105.318735,9/18/2026,13:25,Siang,Cerah,24F31901603767F6,Unknown,32000,Unknown,Frequency,0.004936793,0.3048706,Y,System,10/8/2026,,6b43a6a116e302143a90d5db3a6012e04c6ddb03191813a654368810159749dc
NOISE_1347,Masjid At-tanwir Frequency/32 kHz Low Frequency/20260918_135200T.WAV,0,55,55,Masjid At-tanwir Frequency,Low,-5.357172,105.318735,9/18/2026,13:25,Siang,Cerah,24F31901603767F6,Unknown,32000,Unknown,Frequency,0.010961335,0.7940979,Y,System,10/8/2026,,bf8d9f87c9c0bc1cdee5678eac491ba8aeb22f8399182888a6c7c983d1018725
NOISE_1348,Masjid At-tanwir Frequency/32 kHz Low Frequency/20260918_135300T.WAV,0,55,55,Masjid At-tanwir Frequency,Low,-5.357172,105.318735,9/18/2026,13:25,Siang,Cerah,24F31901603767F6,Unknown,32000,Unknown,Frequency,0.02320583,0.9999695,Y,System,10/8/2026,,a5b7b480dfad49e15902536ede04e0828f2d507f9d57b81194cf37bf76e2a49f
NOISE_1349,Masjid At-tanwir Frequency/32 kHz Low Frequency/20260918_135400T.WAV,0,55,55,Masjid At-tanwir Frequency,Low,-5.357172,105.318735,9/18/2026,13:25,Siang,Cerah,24F31901603767F6,Unknown,32000,Unknown,Frequency,0.007412755,0.8529358,Y,System,10/8/2026,,f5af39c6c1935ed58c138f31e14ffcbbb38df4dbd77809b1613b49b1c1fca370
NOISE_1350,Masjid At-tanwir Frequency/32 kHz Low Frequency/20260918_135500T.WAV,0,55,55,Masjid At-tanwir Frequency,Low,-5.357172,105.318735,9/18/2026,13:25,Siang,Cerah,24F31901603767F6,Unknown,32000,Unknown,Frequency,0.007898737,0.19189453,Y,System,10/8/2026,,f7757449c56bf7c592d90663f29994719bea089fe5731d3313d648e1ae0e7923
NOISE_1351,Masjid At-tanwir Frequency/32 kHz Low Frequency/20260918_135600T.WAV,0,55,55,Masjid At-tanwir Frequency,Low,-5.357172,105.318735,9/18/2026,13:25,Siang,Cerah,24F31901603767F6,Unknown,32000,Unknown,Frequency,0.006101506,0.39813232,Y,System,10/8/2026,,abd594514747d5395f07ed8f2f26939cce1b368f4ce65f81beab8e003879e66e
NOISE_1352,Masjid At-tanwir Frequency/32 kHz Low Frequency/20260918_135700T.WAV,0,55,55,Masjid At-tanwir Frequency,Low,-5.357172,105.318735,9/18/2026,13:25,Siang,Cerah,24F31901603767F6,Unknown,32000,Unknown,Frequency,0.054005917,0.9999695,Y,System,10/8/2026,,bb0c29de3d3231ddb8bdc5b6da5b80c1719ce5ff89c82eccd6ec5c50f5c863c5
NOISE_1353,Masjid At-tanwir Frequency/32 kHz Low Frequency/20260918_135800T.WAV,0,55,55,Masjid At-tanwir Frequency,Low,-5.357172,105.318735,9/18/2026,13:25,Siang,Cerah,24F31901603767F6,Unknown,32000,Unknown,Frequency,0.021330735,0.9999695,Y,System,10/8/2026,,32e1c0965dce475de73e54737d89e4cd23ba9300440c84785ddf11e10538f93c
NOISE_1354,Masjid At-tanwir Frequency/32 kHz Low Frequency/20260918_135900T.WAV,0,55,55,Masjid At-tanwir Frequency,Low,-5.357172,105.318735,9/18/2026,13:25,Siang,Cerah,24F31901603767F6,Unknown,32000,Unknown,Frequency,0.015153155,0.9999695,Y,System,10/8/2026,,e6e3a51d6bf441b552438faa8f0b9212cd4b19d7b328102c718a5dfb7c4ebf2c
NOISE_1355,Masjid At-tanwir Frequency/32 kHz Low Frequency/20260918_140000T.WAV,0,55,55,Masjid At-tanwir Frequency,Low,-5.357172,105.318735,9/18/2026,13:25,Siang,Cerah,24F31901603767F6,Unknown,32000,Unknown,Frequency,0.010202751,0.1789856,Y,System,10/8/2026,,992cd802acb6ccfd702bcdbb392a6265979dfdf5371f6a4a813eeb9e3c5d1b5f
NOISE_1356,Masjid At-tanwir Frequency/32 kHz Low Frequency/20260918_140100T.WAV,0,51.456,51.456,Masjid At-tanwir Frequency,Low,-5.357172,105.318735,9/18/2026,13:25,Siang,Cerah,24F31901603767F6,Unknown,32000,Unknown,Frequency,0.007561527,0.113708496,Y,System,10/8/2026,,cee1f79bfb7049d5731295f408e8a14ac34dde3d6d5f988edb8f53ad697b8c26
NOISE_1357,Masjid At-tanwir Frequency/32 kHz Low Frequency/20260918_140200T.WAV,0,55,55,Masjid At-tanwir Frequency,Low,-5.357172,105.318735,9/18/2026,13:25,Siang,Cerah,24F31901603767F6,Unknown,32000,Unknown,Frequency,0.014285812,0.96209717,Y,System,10/8/2026,,a8a2dbedf6ce4e580364aec59926fc266278cf9bc8a76344b9383caa92d1006f
NOISE_1358,Masjid At-tanwir Frequency/32 kHz Low Frequency/20260918_140300T.WAV,0,55,55,Masjid At-tanwir Frequency,Low,-5.357172,105.318735,9/18/2026,13:25,Siang,Cerah,24F31901603767F6,Unknown,32000,Unknown,Frequency,0.018552452,0.14865112,Y,System,10/8/2026,,9e9e640dcc4d4679fe09b9e189824c172d7349f2bbee62e75b7f40fbc6572b5b
NOISE_1359,Masjid At-tanwir Frequency/32 kHz Low Frequency/20260918_140400T.WAV,0,55,55,Masjid At-tanwir Frequency,Low,-5.357172,105.318735,9/18/2026,13:25,Siang,Cerah,24F31901603767F6,Unknown,32000,Unknown,Frequency,0.022246765,0.38705444,Y,System,10/8/2026,,376ba4c09817fc21b8931937c20252b02c2e72e0349292ab025fca501ed3d5d1
NOISE_1360,Masjid At-tanwir Frequency/32 kHz Low Frequency/20260918_140500T.WAV,0,55,55,Masjid At-tanwir Frequency,Low,-5.357172,105.318735,9/18/2026,13:25,Siang,Cerah,24F31901603767F6,Unknown,32000,Unknown,Frequency,0.017312754,0.122406006,Y,System,10/8/2026,,e177f124da2eeada09cf80c77c73dc0eec05b9cb1cd602d24c537275c04d8a9c
NOISE_1361,Masjid At-tanwir Frequency/32 kHz Low Frequency/20260918_140600T.WAV,0,55,55,Masjid At-tanwir Frequency,Low,-5.357172,105.318735,9/18/2026,13:25,Siang,Cerah,24F31901603767F6,Unknown,32000,Unknown,Frequency,0.018730892,0.6124878,Y,System,10/8/2026,,833e35c416557ef10acf576a0a0e49600af2c82799bb122e7cb1f2783e54079e
NOISE_1362,Masjid At-tanwir Frequency/32 kHz Low Frequency/20260918_140700T.WAV,0,55,55,Masjid At-tanwir Frequency,Low,-5.357172,105.318735,9/18/2026,13:25,Siang,Cerah,24F31901603767F6,Unknown,32000,Unknown,Frequency,0.018471632,0.1199646,Y,System,10/8/2026,,a647e77cb1532211f5d99cb461a50cb4f466d4698a86d19b90424c94e737acac
NOISE_1363,Masjid At-tanwir Frequency/32 kHz Low Frequency/20260918_140800T.WAV,0,55,55,Masjid At-tanwir Frequency,Low,-5.357172,105.318735,9/18/2026,13:25,Siang,Cerah,24F31901603767F6,Unknown,32000,Unknown,Frequency,0.018617984,0.41375732,Y,System,10/8/2026,,033c1aa3013b2e3621718a25e2df584ceae5243913933d7a745862b208d8f014
NOISE_1364,Masjid At-tanwir Frequency/32 kHz Low Frequency/20260918_140900T.WAV,0,55,55,Masjid At-tanwir Frequency,Low,-5.357172,105.318735,9/18/2026,13:25,Siang,Cerah,24F31901603767F6,Unknown,32000,Unknown,Frequency,0.024817105,0.37774658,Y,System,10/8/2026,,e9227189afb11d6219d1802b1dc5e856da4491acaa18acbd38e5d88034066ee1
NOISE_1365,Masjid At-tanwir Frequency/32 kHz Low Frequency/20260918_141000T.WAV,0,55,55,Masjid At-tanwir Frequency,Low,-5.357172,105.318735,9/18/2026,13:25,Siang,Cerah,24F31901603767F6,Unknown,32000,Unknown,Frequency,0.02114055,0.27319336,Y,System,10/8/2026,,954c84b1bcb2e0409091486a64cb978818b16e22d9eadc331661117136ff374c
NOISE_1366,Masjid At-tanwir Frequency/32 kHz Low Frequency/20260918_141100T.WAV,0,55,55,Masjid At-tanwir Frequency,Low,-5.357172,105.318735,9/18/2026,13:25,Siang,Cerah,24F31901603767F6,Unknown,32000,Unknown,Frequency,0.024072966,0.5151367,Y,System,10/8/2026,,78b79e39741464648ef5ff15b46feca38c766c8c7b6f40b9468acde228aad9d2
NOISE_1367,Masjid At-tanwir Frequency/32 kHz Low Frequency/20260918_141200T.WAV,0,54.496,54.496,Masjid At-tanwir Frequency,Low,-5.357172,105.318735,9/18/2026,13:25,Siang,Cerah,24F31901603767F6,Unknown,32000,Unknown,Frequency,0.047317952,0.8760376,Y,System,10/8/2026,,adda83f21b77963e05f3247e850b7547f9f1f30cad4ab12650dfa15fdd646428
NOISE_1368,Masjid At-tanwir Frequency/32 kHz Low Frequency/20260918_141300T.WAV,0,55,55,Masjid At-tanwir Frequency,Low,-5.357172,105.318735,9/18/2026,13:25,Siang,Cerah,24F31901603767F6,Unknown,32000,Unknown,Frequency,0.013750542,0.117370605,Y,System,10/8/2026,,4025d0925888e463a0e71fe8475eb5b7a325a709c0b8e42801b52328ac538eb0
NOISE_1369,Masjid At-tanwir Frequency/32 kHz Low Frequency/20260918_141400T.WAV,0,55,55,Masjid At-tanwir Frequency,Low,-5.357172,105.318735,9/18/2026,13:25,Siang,Cerah,24F31901603767F6,Unknown,32000,Unknown,Frequency,0.01846227,0.18746948,Y,System,10/8/2026,,fd87b873a33792d083d04817072d1d83a7e75ef2d217de5b7fd89957e4eb943d
NOISE_1370,Masjid At-tanwir Frequency/32 kHz Low Frequency/20260918_141500T.WAV,0,55,55,Masjid At-tanwir Frequency,Low,-5.357172,105.318735,9/18/2026,13:25,Siang,Cerah,24F31901603767F6,Unknown,32000,Unknown,Frequency,0.020443799,0.48043823,Y,System,10/8/2026,,b5c71d5ec09074405e104c60314d20c0e8ea1ecb821bccc92f7e06ac41db4e37
NOISE_1371,Masjid At-tanwir Frequency/32 kHz Low Frequency/20260918_141600T.WAV,0,55,55,Masjid At-tanwir Frequency,Low,-5.357172,105.318735,9/18/2026,13:25,Siang,Cerah,24F31901603767F6,Unknown,32000,Unknown,Frequency,0.015127871,0.3130188,Y,System,10/8/2026,,da4508b99914b761487a8efb974a25502df985cc98517aff92ea0e8d75753e3a
NOISE_1372,Masjid At-tanwir Frequency/32 kHz Low Frequency/20260918_141700T.WAV,0,55,55,Masjid At-tanwir Frequency,Low,-5.357172,105.318735,9/18/2026,13:25,Siang,Cerah,24F31901603767F6,Unknown,32000,Unknown,Frequency,0.018028976,0.3425293,Y,System,10/8/2026,,064dd05fbf1a1bbeec742d3fc067e50d212910ea14aca7259df7012a720a193b
NOISE_1373,Masjid At-tanwir Frequency/32 kHz Low Frequency/20260918_141800T.WAV,0,55,55,Masjid At-tanwir Frequency,Low,-5.357172,105.318735,9/18/2026,13:25,Siang,Cerah,24F31901603767F6,Unknown,32000,Unknown,Frequency,0.030001292,0.97335815,Y,System,10/8/2026,,9efd49e1cbbf8a23b26f2277dcfe89c64d0e48391a0a3c0db4455fe5fd44e62e
NOISE_1374,Masjid At-tanwir Frequency/32 kHz Low Frequency/20260918_141900T.WAV,0,55,55,Masjid At-tanwir Frequency,Low,-5.357172,105.318735,9/18/2026,13:25,Siang,Cerah,24F31901603767F6,Unknown,32000,Unknown,Frequency,0.047970034,0.9283142,Y,System,10/8/2026,,ef0d8b999f2bccd79468b47f4d1c4049d59c51e46bff948188e62dcb86bae562
NOISE_1375,Masjid At-tanwir Frequency/32 kHz Low Frequency/20260918_142000T.WAV,0,55,55,Masjid At-tanwir Frequency,Low,-5.357172,105.318735,9/18/2026,13:25,Siang,Cerah,24F31901603767F6,Unknown,32000,Unknown,Frequency,0.025420789,0.36236572,Y,System,10/8/2026,,457398759e12590a461be46ed792c7c599c8c7c474c00a583611a3e18b4488c8
NOISE_1376,Masjid At-tanwir Frequency/32 kHz Low Frequency/20260918_142100T.WAV,0,55,55,Masjid At-tanwir Frequency,Low,-5.357172,105.318735,9/18/2026,13:25,Siang,Cerah,24F31901603767F6,Unknown,32000,Unknown,Frequency,0.04154395,0.9598694,Y,System,10/8/2026,,298e494c6f07cd797efccb3719f8cd3d8ba78790f55813600f2508da873760fc
NOISE_1377,Masjid At-tanwir Frequency/32 kHz Low Frequency/20260918_142200T.WAV,0,55,55,Masjid At-tanwir Frequency,Low,-5.357172,105.318735,9/18/2026,13:25,Siang,Cerah,24F31901603767F6,Unknown,32000,Unknown,Frequency,0.04062153,0.9999695,Y,System,10/8/2026,,3f7b53e4224563900a6b485525a7981a1cce167b8ef06c1cdd48dd96535c5005
NOISE_1378,Masjid At-tanwir Frequency/32 kHz Low Frequency/20260918_142300T.WAV,0,55,55,Masjid At-tanwir Frequency,Low,-5.357172,105.318735,9/18/2026,13:25,Siang,Cerah,24F31901603767F6,Unknown,32000,Unknown,Frequency,0.046499588,0.9999695,Y,System,10/8/2026,,ba4b1626c3a75bc3c1d7f9f28ea396cf203a33a4b0db7ed092407511876485ae
NOISE_1379,Masjid At-tanwir Frequency/32 kHz Low Frequency/20260918_142400T.WAV,0,55,55,Masjid At-tanwir Frequency,Low,-5.357172,105.318735,9/18/2026,13:25,Siang,Cerah,24F31901603767F6,Unknown,32000,Unknown,Frequency,0.020597793,0.1637268,Y,System,10/8/2026,,62453eaeb83ba1b3ba9cee34f328eab0ad851d1bb306e81dbd49a1ec039f535c
NOISE_1380,Masjid At-tanwir Frequency/32 kHz Medium Frequency/20260918_144000T.WAV,0,55,55,Masjid At-tanwir Frequency,Medium,-5.357195,105.318391,9/18/2026,14:40,Siang,Cerah,24F31901603767F6,Unknown,32000,Unknown,Frequency,0.026959239,0.9567261,Y,System,10/8/2026,,de6bbca52e6917632b5907d6c5b2b65b94b4ca32fa9a7ebb3d89f15733d0c7ff
NOISE_1381,Masjid At-tanwir Frequency/32 kHz Medium Frequency/20260918_144100T.WAV,0,55,55,Masjid At-tanwir Frequency,Medium,-5.357195,105.318391,9/18/2026,14:40,Siang,Cerah,24F31901603767F6,Unknown,32000,Unknown,Frequency,0.024567325,0.9992981,Y,System,10/8/2026,,cc4aa484fcf68bcfba033fdd28e46d43aa6d7032846404f33c49eff71e80fc83
NOISE_1382,Masjid At-tanwir Frequency/32 kHz Medium Frequency/20260918_144200T.WAV,0,55,55,Masjid At-tanwir Frequency,Medium,-5.357195,105.318391,9/18/2026,14:40,Siang,Cerah,24F31901603767F6,Unknown,32000,Unknown,Frequency,0.02259777,0.6947632,Y,System,10/8/2026,,0a179e579d5b4e6139b2c935ddd596cc538e08533db974401f78f76b6d2ce40c
NOISE_1383,Masjid At-tanwir Frequency/32 kHz Medium Frequency/20260918_144300T.WAV,0,55,55,Masjid At-tanwir Frequency,Medium,-5.357195,105.318391,9/18/2026,14:40,Siang,Cerah,24F31901603767F6,Unknown,32000,Unknown,Frequency,0.0385126,0.38082886,Y,System,10/8/2026,,762245b3664be954a0e865c22dba50956415e07ca00265217cda00d3f0679caa
NOISE_1384,Masjid At-tanwir Frequency/32 kHz Medium Frequency/20260918_144400T.WAV,0,55,55,Masjid At-tanwir Frequency,Medium,-5.357195,105.318391,9/18/2026,14:40,Siang,Cerah,24F31901603767F6,Unknown,32000,Unknown,Frequency,0.019995242,0.64730835,Y,System,10/8/2026,,7cc6c4df3b96f5d4638734b3902bec632dcddf4c22480409720f8bf7fed5e055
NOISE_1385,Masjid At-tanwir Frequency/32 kHz Medium Frequency/20260918_144500T.WAV,0,55,55,Masjid At-tanwir Frequency,Medium,-5.357195,105.318391,9/18/2026,14:40,Siang,Cerah,24F31901603767F6,Unknown,32000,Unknown,Frequency,0.028651515,0.35205078,Y,System,10/8/2026,,dfde3b7dc32e49b61a2a4bc4731858859cc2273703468d4fe2b82a2b5003e2bf
NOISE_1386,Masjid At-tanwir Frequency/32 kHz Medium Frequency/20260918_144600T.WAV,0,55,55,Masjid At-tanwir Frequency,Medium,-5.357195,105.318391,9/18/2026,14:40,Siang,Cerah,24F31901603767F6,Unknown,32000,Unknown,Frequency,0.0166917,0.47875977,Y,System,10/8/2026,,7b388f03d34919b9e6976b39feed62888a793b424a21d8a11de15c9dbab0b61c
NOISE_1387,Masjid At-tanwir Frequency/32 kHz Medium Frequency/20260918_144700T.WAV,0,55,55,Masjid At-tanwir Frequency,Medium,-5.357195,105.318391,9/18/2026,14:40,Siang,Cerah,24F31901603767F6,Unknown,32000,Unknown,Frequency,0.022383673,0.45074463,Y,System,10/8/2026,,4f8afff14a74ac7711ad3e90ab4ffd53455a5062b73297f8f7b4001a59d8478e
NOISE_1388,Masjid At-tanwir Frequency/32 kHz Medium Frequency/20260918_144800T.WAV,0,55,55,Masjid At-tanwir Frequency,Medium,-5.357195,105.318391,9/18/2026,14:40,Siang,Cerah,24F31901603767F6,Unknown,32000,Unknown,Frequency,0.017989459,0.6878967,Y,System,10/8/2026,,75e9bad1d7e7b4e1671b1790f01e47bfb0f26db4ce325130740b5e001a8fcde3
NOISE_1389,Masjid At-tanwir Frequency/32 kHz Medium Frequency/20260918_144900T.WAV,0,55,55,Masjid At-tanwir Frequency,Medium,-5.357195,105.318391,9/18/2026,14:40,Siang,Cerah,24F31901603767F6,Unknown,32000,Unknown,Frequency,0.015703589,0.49575806,Y,System,10/8/2026,,c5ab95b5cb535bdfa29db6e1d2750e60dd9f777b04996ad60ed6fe6223a7c866
NOISE_1390,Masjid At-tanwir Frequency/32 kHz Medium Frequency/20260918_145000T.WAV,0,55,55,Masjid At-tanwir Frequency,Medium,-5.357195,105.318391,9/18/2026,14:40,Siang,Cerah,24F31901603767F6,Unknown,32000,Unknown,Frequency,0.020775868,0.37316895,Y,System,10/8/2026,,13402b39a636059ebea12e777eaf6445c943d30dbcdda8a030b2ed9e8da0deaa
NOISE_1391,Masjid At-tanwir Frequency/32 kHz Medium Frequency/20260918_145100T.WAV,0,55,55,Masjid At-tanwir Frequency,Medium,-5.357195,105.318391,9/18/2026,14:40,Siang,Cerah,24F31901603767F6,Unknown,32000,Unknown,Frequency,0.01974604,0.2331543,Y,System,10/8/2026,,c5bec5433cf54405567c8ebea75553f13fd06e18f14b08886e53fa29ce6af682
NOISE_1392,Masjid At-tanwir Frequency/32 kHz Medium Frequency/20260918_145200T.WAV,0,55,55,Masjid At-tanwir Frequency,Medium,-5.357195,105.318391,9/18/2026,14:40,Siang,Cerah,24F31901603767F6,Unknown,32000,Unknown,Frequency,0.028897915,0.652771,Y,System,10/8/2026,,7d80018b6ab6eb9233e8b5e91d6228321541060d1913c633ab5ddac12f4d11a9
NOISE_1393,Masjid At-tanwir Frequency/32 kHz Medium Frequency/20260918_145300T.WAV,0,55,55,Masjid At-tanwir Frequency,Medium,-5.357195,105.318391,9/18/2026,14:40,Siang,Cerah,24F31901603767F6,Unknown,32000,Unknown,Frequency,0.029385889,0.39749146,Y,System,10/8/2026,,393abb30887c545f98b534c0e588b65599a12f6afea82fce6b8aae60afe84aec
NOISE_1394,Masjid At-tanwir Frequency/32 kHz Medium Frequency/20260918_145400T.WAV,0,55,55,Masjid At-tanwir Frequency,Medium,-5.357195,105.318391,9/18/2026,14:40,Siang,Cerah,24F31901603767F6,Unknown,32000,Unknown,Frequency,0.024062704,0.15835571,Y,System,10/8/2026,,2b7e863f6a5b3721f12a1e58bf3751a8e3a49fcf2b7b65f29c0ce8535e44f3bb
NOISE_1395,Masjid At-tanwir Frequency/32 kHz Medium Frequency/20260918_145500T.WAV,0,55,55,Masjid At-tanwir Frequency,Medium,-5.357195,105.318391,9/18/2026,14:40,Siang,Cerah,24F31901603767F6,Unknown,32000,Unknown,Frequency,0.02696409,0.930603,Y,System,10/8/2026,,1f1cf4331f37953414a6e6cf4ebcf4c5f37e9ece15c9c77482511e96476a6c95
NOISE_1396,Masjid At-tanwir Frequency/32 kHz Medium Frequency/20260918_145600T.WAV,0,55,55,Masjid At-tanwir Frequency,Medium,-5.357195,105.318391,9/18/2026,14:40,Siang,Cerah,24F31901603767F6,Unknown,32000,Unknown,Frequency,0.01731257,0.6487732,Y,System,10/8/2026,,711e860f30eb373e7dc7bc57cb95377b9cae64d8a19f5e32e0bcae1a43299385
NOISE_1397,Masjid At-tanwir Frequency/32 kHz Medium Frequency/20260918_145700T.WAV,0,55,55,Masjid At-tanwir Frequency,Medium,-5.357195,105.318391,9/18/2026,14:40,Siang,Cerah,24F31901603767F6,Unknown,32000,Unknown,Frequency,0.025749324,0.6532898,Y,System,10/8/2026,,10e12214d3c98275dd4dd132268d476e10ba19a38b70833bfba2b2d32b2820b8
NOISE_1398,Masjid At-tanwir Frequency/32 kHz Medium Frequency/20260918_145800T.WAV,0,55,55,Masjid At-tanwir Frequency,Medium,-5.357195,105.318391,9/18/2026,14:40,Siang,Cerah,24F31901603767F6,Unknown,32000,Unknown,Frequency,0.02983272,0.19091797,Y,System,10/8/2026,,98252a46175521f7dc74ded785ca4fdc493267f98e876625f538b48345155b6e
NOISE_1399,Masjid At-tanwir Frequency/32 kHz Medium Frequency/20260918_145900T.WAV,0,55,55,Masjid At-tanwir Frequency,Medium,-5.357195,105.318391,9/18/2026,14:40,Siang,Cerah,24F31901603767F6,Unknown,32000,Unknown,Frequency,0.02332291,0.83813477,Y,System,10/8/2026,,81502c3e1d0ef94ef5c54c08cf3a35b65504e95d91fb5d3b24115cc00ffd0f1d
NOISE_1400,Masjid At-tanwir Frequency/32 kHz Medium Frequency/20260918_150000T.WAV,0,55,55,Masjid At-tanwir Frequency,Medium,-5.357195,105.318391,9/18/2026,14:40,Siang,Cerah,24F31901603767F6,Unknown,32000,Unknown,Frequency,0.032208618,0.22155762,Y,System,10/8/2026,,8ba9308031a2a971d57df4327e17c6e250569ddaa8d24dac158bd5dad0f765a5
NOISE_1401,Masjid At-tanwir Frequency/32 kHz Medium Frequency/20260918_150100T.WAV,0,55,55,Masjid At-tanwir Frequency,Medium,-5.357195,105.318391,9/18/2026,14:40,Siang,Cerah,24F31901603767F6,Unknown,32000,Unknown,Frequency,0.025338478,0.9999695,Y,System,10/8/2026,,9b389bfc59c778dc7007181b5ae0686441a912dec7c7bd5c0a156171dbcbde1e
NOISE_1402,Masjid At-tanwir Frequency/32 kHz Medium Frequency/20260918_150200T.WAV,0,55,55,Masjid At-tanwir Frequency,Medium,-5.357195,105.318391,9/18/2026,14:40,Siang,Cerah,24F31901603767F6,Unknown,32000,Unknown,Frequency,0.022211274,0.9999695,Y,System,10/8/2026,,c7f7e061888e5001740edc12cc448f365623f90f72691759ee7f1edfa9dcb0c3
NOISE_1403,Masjid At-tanwir Frequency/32 kHz Medium Frequency/20260918_150300T.WAV,0,55,55,Masjid At-tanwir Frequency,Medium,-5.357195,105.318391,9/18/2026,14:40,Siang,Cerah,24F31901603767F6,Unknown,32000,Unknown,Frequency,0.026360312,0.8617859,Y,System,10/8/2026,,c2013e21196b51cdbc37e7e0e8493760900b6676365b3d589dfb22f106522df1
NOISE_1404,Masjid At-tanwir Frequency/32 kHz Medium Frequency/20260918_150400T.WAV,0,55,55,Masjid At-tanwir Frequency,Medium,-5.357195,105.318391,9/18/2026,14:40,Siang,Cerah,24F31901603767F6,Unknown,32000,Unknown,Frequency,0.02111845,0.2652893,Y,System,10/8/2026,,e214b4760f71121b771dd5979e9a938473d36dea97057e9dd3f1595a4070e8d5
NOISE_1405,Masjid At-tanwir Frequency/32 kHz Medium Frequency/20260918_150500T.WAV,0,55,55,Masjid At-tanwir Frequency,Medium,-5.357195,105.318391,9/18/2026,14:40,Siang,Cerah,24F31901603767F6,Unknown,32000,Unknown,Frequency,0.015848268,0.24972534,Y,System,10/8/2026,,15e41c37c5775db9a248e1fdbf1627aaf435de871042ece938da7f88e892ab10
NOISE_1406,Masjid At-tanwir Frequency/32 kHz Medium Frequency/20260918_150600T.WAV,0,55,55,Masjid At-tanwir Frequency,Medium,-5.357195,105.318391,9/18/2026,14:40,Siang,Cerah,24F31901603767F6,Unknown,32000,Unknown,Frequency,0.2210297,0.9999695,Y,System,10/8/2026,,fda5938464f388e950791bb3b92a3e409681d04e3bd3b8408956152b13ffb1c1
NOISE_1407,Masjid At-tanwir Frequency/32 kHz Medium Frequency/20260918_150700T.WAV,0,55,55,Masjid At-tanwir Frequency,Medium,-5.357195,105.318391,9/18/2026,14:40,Siang,Cerah,24F31901603767F6,Unknown,32000,Unknown,Frequency,0.23708065,0.9999695,Y,System,10/8/2026,,a4e9a21b540e95bf281dad3dc465366324c2f3124e54a5e4404fa877229e6a9f
NOISE_1408,Masjid At-tanwir Frequency/32 kHz Medium Frequency/20260918_150800T.WAV,0,55,55,Masjid At-tanwir Frequency,Medium,-5.357195,105.318391,9/18/2026,14:40,Siang,Cerah,24F31901603767F6,Unknown,32000,Unknown,Frequency,0.27164927,0.9999695,Y,System,10/8/2026,,711cd9596ea22e2acf3d5f963be573c5bb14e53ebe72b1eadac0c4b8cac67aaa
NOISE_1409,Masjid At-tanwir Frequency/32 kHz Medium Frequency/20260918_150900T.WAV,0,55,55,Masjid At-tanwir Frequency,Medium,-5.357195,105.318391,9/18/2026,14:40,Siang,Cerah,24F31901603767F6,Unknown,32000,Unknown,Frequency,0.33867043,0.9999695,Y,System,10/8/2026,,d6433c138665268c95b3545bf6b7e28a4266ba6645e52e8921c30a087312ce81
NOISE_1410,Masjid At-tanwir Frequency/32 kHz Medium Frequency/20260918_151000T.WAV,0,55,55,Masjid At-tanwir Frequency,Medium,-5.357195,105.318391,9/18/2026,14:40,Siang,Cerah,24F31901603767F6,Unknown,32000,Unknown,Frequency,0.22196513,0.9999695,Y,System,10/8/2026,,8bfe5b58e6130afd0a792bda38f7a4d7f589b9894023966bb289faa82303c6e2
NOISE_1411,Masjid At-tanwir Frequency/32 kHz Medium Frequency/20260918_151100T.WAV,0,55,55,Masjid At-tanwir Frequency,Medium,-5.357195,105.318391,9/18/2026,14:40,Siang,Cerah,24F31901603767F6,Unknown,32000,Unknown,Frequency,0.02073942,0.13876343,Y,System,10/8/2026,,2eaa622d15e5c3fe7485df82a6969521afac57bbd59d1de80fdba95659ac52c4
NOISE_1412,Masjid At-tanwir Frequency/32 kHz Medium Frequency/20260918_151200T.WAV,0,55,55,Masjid At-tanwir Frequency,Medium,-5.357195,105.318391,9/18/2026,14:40,Siang,Cerah,24F31901603767F6,Unknown,32000,Unknown,Frequency,0.018248186,0.119018555,Y,System,10/8/2026,,758316b91d27afa3a132fbf5d9d55920e7cea2d213a532019bc99518d4f2babe
NOISE_1413,Masjid At-tanwir Frequency/32 kHz Medium Frequency/20260918_151300T.WAV,0,55,55,Masjid At-tanwir Frequency,Medium,-5.357195,105.318391,9/18/2026,14:40,Siang,Cerah,24F31901603767F6,Unknown,32000,Unknown,Frequency,0.017247193,0.10195923,Y,System,10/8/2026,,30519e51f29c0172ed9ac9238d27e3a91621adf66374217645f4831acffe34cc
NOISE_1414,Masjid At-tanwir Frequency/32 kHz Medium Frequency/20260918_151400T.WAV,0,55,55,Masjid At-tanwir Frequency,Medium,-5.357195,105.318391,9/18/2026,14:40,Siang,Cerah,24F31901603767F6,Unknown,32000,Unknown,Frequency,0.019250808,0.23074341,Y,System,10/8/2026,,be1dcb23729444540df492ee226a260877d12387b52316b91c5fa72d6738cb51
NOISE_1415,Masjid At-tanwir Frequency/32 kHz Medium Frequency/20260918_151500T.WAV,0,55,55,Masjid At-tanwir Frequency,Medium,-5.357195,105.318391,9/18/2026,14:40,Siang,Cerah,24F31901603767F6,Unknown,32000,Unknown,Frequency,0.021381745,0.22885132,Y,System,10/8/2026,,f578810a58bc89f0652b68bc31f9452c220a18aa181f11f0ea5f83db19d184b2
NOISE_1416,Masjid At-tanwir Frequency/32 kHz Medium Frequency/20260918_151600T.WAV,0,55,55,Masjid At-tanwir Frequency,Medium,-5.357195,105.318391,9/18/2026,14:40,Siang,Cerah,24F31901603767F6,Unknown,32000,Unknown,Frequency,0.019748805,0.2203064,Y,System,10/8/2026,,86d9ca4f15b391077583fd2a49e0dfde83242e91e4d607d4dcc6db55b76f9f3f
NOISE_1417,Masjid At-tanwir Frequency/32 kHz Medium Frequency/20260918_151700T.WAV,0,55,55,Masjid At-tanwir Frequency,Medium,-5.357195,105.318391,9/18/2026,14:40,Siang,Cerah,24F31901603767F6,Unknown,32000,Unknown,Frequency,0.014677073,0.21212769,Y,System,10/8/2026,,7dff5cbb86af935cb58e2dcd30b32a549f2fb4b6cc7c6af092261d8cb96e959e
NOISE_1418,Masjid At-tanwir Frequency/32 kHz Medium Frequency/20260918_151800T.WAV,0,55,55,Masjid At-tanwir Frequency,Medium,-5.357195,105.318391,9/18/2026,14:40,Siang,Cerah,24F31901603767F6,Unknown,32000,Unknown,Frequency,0.016554937,0.6522827,Y,System,10/8/2026,,13172b03466ea242707ca94811ac2a9bce65273e2d62bfbc8af5fbf0d3b138c9
NOISE_1419,Masjid At-tanwir Frequency/32 kHz Medium Frequency/20260918_151900T.WAV,0,55,55,Masjid At-tanwir Frequency,Medium,-5.357195,105.318391,9/18/2026,14:40,Siang,Cerah,24F31901603767F6,Unknown,32000,Unknown,Frequency,0.21450675,0.9999695,Y,System,10/8/2026,,8409135e74d12c960b05179fcb68b6048f4237dfa01c6d7e4cc5c674e6f9bd4b
NOISE_1420,Masjid At-tanwir Frequency/32 kHz Medium Frequency/20260918_152000T.WAV,0,55,55,Masjid At-tanwir Frequency,Medium,-5.357195,105.318391,9/18/2026,14:40,Siang,Cerah,24F31901603767F6,Unknown,32000,Unknown,Frequency,0.017783843,0.5148926,Y,System,10/8/2026,,15cff071c5e6bdce0982d847b03150d89ede80b04b22b9e3832d140cc5994a23
NOISE_1421,Masjid At-tanwir Frequency/32 kHz Medium Frequency/20260918_152100T.WAV,0,55,55,Masjid At-tanwir Frequency,Medium,-5.357195,105.318391,9/18/2026,14:40,Siang,Cerah,24F31901603767F6,Unknown,32000,Unknown,Frequency,0.028009519,0.29312134,Y,System,10/8/2026,,4ee65a6043e644feb3761ea94e137a0aae4d8da2476fd15b946ec2d12a8182ec
NOISE_1422,Masjid At-tanwir Frequency/32 kHz Medium Frequency/20260918_152200T.WAV,0,55,55,Masjid At-tanwir Frequency,Medium,-5.357195,105.318391,9/18/2026,14:40,Siang,Cerah,24F31901603767F6,Unknown,32000,Unknown,Frequency,0.02968403,0.7486572,Y,System,10/8/2026,,20ad20e5cdb401c85975108772fea1b73c36da6b5ecc4441ddfa241dc573acdf
NOISE_1423,Masjid At-tanwir Frequency/32 kHz Medium Frequency/20260918_152300T.WAV,0,55,55,Masjid At-tanwir Frequency,Medium,-5.357195,105.318391,9/18/2026,14:40,Siang,Cerah,24F31901603767F6,Unknown,32000,Unknown,Frequency,0.03328332,0.5234375,Y,System,10/8/2026,,29fdc12c3bcd52c852858a3cf4ff653ea8b89625a8308799c5cb470f587e4db2
NOISE_1424,Masjid At-tanwir Frequency/32 kHz Medium Frequency/20260918_152400T.WAV,0,55,55,Masjid At-tanwir Frequency,Medium,-5.357195,105.318391,9/18/2026,14:40,Siang,Cerah,24F31901603767F6,Unknown,32000,Unknown,Frequency,0.03453463,0.5171509,Y,System,10/8/2026,,678a22b4b5d386f19350483c3e6a252aa58e7835e780c0cbea8735d481e522cb
NOISE_1425,Masjid At-tanwir Frequency/32 kHz Medium Frequency/20260918_152500T.WAV,0,55,55,Masjid At-tanwir Frequency,Medium,-5.357195,105.318391,9/18/2026,14:40,Siang,Cerah,24F31901603767F6,Unknown,32000,Unknown,Frequency,0.028772637,0.21102905,Y,System,10/8/2026,,4f491a1ea254684122ce526c809631f32e4138221c29ee3331a3d814888c1d60
NOISE_1426,Masjid At-tanwir Frequency/32 kHz Medium Frequency/20260918_152600T.WAV,0,55,55,Masjid At-tanwir Frequency,Medium,-5.357195,105.318391,9/18/2026,14:40,Siang,Cerah,24F31901603767F6,Unknown,32000,Unknown,Frequency,0.032880727,0.69766235,Y,System,10/8/2026,,4431f0e5bda7f0ce8c118f4869955f706db1ece8f7a45f323d1f65e5f95549e0
NOISE_1427,Masjid At-tanwir Frequency/32 kHz Medium Frequency/20260918_152700T.WAV,0,55,55,Masjid At-tanwir Frequency,Medium,-5.357195,105.318391,9/18/2026,14:40,Siang,Cerah,24F31901603767F6,Unknown,32000,Unknown,Frequency,0.018726798,0.9216614,Y,System,10/8/2026,,18e22c66647ffcee2c58abe812335bef125a04997955d6cab3a99c8cff46603a
NOISE_1428,Masjid At-tanwir Frequency/32 kHz Medium Frequency/20260918_152800T.WAV,0,55,55,Masjid At-tanwir Frequency,Medium,-5.357195,105.318391,9/18/2026,14:40,Siang,Cerah,24F31901603767F6,Unknown,32000,Unknown,Frequency,0.020358913,0.36154175,Y,System,10/8/2026,,eb1de36a7d7bea2f24886e2b7d1b51c1bd1528dbedbbb0803379450d1f3fdc96
NOISE_1429,Masjid At-tanwir Frequency/32 kHz Medium Frequency/20260918_152900T.WAV,0,55,55,Masjid At-tanwir Frequency,Medium,-5.357195,105.318391,9/18/2026,14:40,Siang,Cerah,24F31901603767F6,Unknown,32000,Unknown,Frequency,0.028653804,0.2192688,Y,System,10/8/2026,,67d626614ac0f7d5f25c127a2caf433c30ff76aebf9cc92c8e02ee075f36e143
NOISE_1430,Masjid At-tanwir Frequency/32 kHz Medium Frequency/20260918_153000T.WAV,0,55,55,Masjid At-tanwir Frequency,Medium,-5.357195,105.318391,9/18/2026,14:40,Siang,Cerah,24F31901603767F6,Unknown,32000,Unknown,Frequency,0.02465949,0.9999695,Y,System,10/8/2026,,8e144965d4d36531e603b183ce686f067e7dc2435a7dc6d0f7f727117d32cff5
NOISE_1431,Masjid At-tanwir Frequency/32 kHz Medium Frequency/20260918_153100T.WAV,0,55,55,Masjid At-tanwir Frequency,Medium,-5.357195,105.318391,9/18/2026,14:40,Siang,Cerah,24F31901603767F6,Unknown,32000,Unknown,Frequency,0.026694758,0.6213989,Y,System,10/8/2026,,13807f97ca0cfad5cf9aa276453a7eb1c7a4e4b3aaa11bbdcaf95c83b3bee2f9
NOISE_1432,Masjid At-tanwir Frequency/32 kHz Medium Frequency/20260918_153200T.WAV,0,55,55,Masjid At-tanwir Frequency,Medium,-5.357195,105.318391,9/18/2026,14:40,Siang,Cerah,24F31901603767F6,Unknown,32000,Unknown,Frequency,0.020179529,0.33840942,Y,System,10/8/2026,,d3623d9c2fe3fd222d4ae57e3b2989ca7791e571d4af890a93b71363ba896d4d
NOISE_1433,Masjid At-tanwir Frequency/32 kHz Medium Frequency/20260918_153300T.WAV,0,55,55,Masjid At-tanwir Frequency,Medium,-5.357195,105.318391,9/18/2026,14:40,Siang,Cerah,24F31901603767F6,Unknown,32000,Unknown,Frequency,0.02187008,0.9999695,Y,System,10/8/2026,,914e6c901debb6029413d5ffa45e747ddb5a3c41bf8fe33c813e96435314603c
NOISE_1434,Masjid At-tanwir Frequency/32 kHz Medium Frequency/20260918_153400T.WAV,0,55,55,Masjid At-tanwir Frequency,Medium,-5.357195,105.318391,9/18/2026,14:40,Siang,Cerah,24F31901603767F6,Unknown,32000,Unknown,Frequency,0.026720468,0.6451416,Y,System,10/8/2026,,d891fe12370ca550cc901f09b315ae490267a844f45e72893da86f712e5fee2c
NOISE_1435,Masjid At-tanwir Frequency/32 kHz Medium Frequency/20260918_153500T.WAV,0,55,55,Masjid At-tanwir Frequency,Medium,-5.357195,105.318391,9/18/2026,14:40,Siang,Cerah,24F31901603767F6,Unknown,32000,Unknown,Frequency,0.028988216,0.67141724,Y,System,10/8/2026,,de49f46610edf1add8d7860300f6434313d7fca6c2b43cbf642c12ee242ee3ff
NOISE_1436,Masjid At-tanwir Frequency/32 kHz Medium Frequency/20260918_153600T.WAV,0,55,55,Masjid At-tanwir Frequency,Medium,-5.357195,105.318391,9/18/2026,14:40,Siang,Cerah,24F31901603767F6,Unknown,32000,Unknown,Frequency,0.02391786,0.20269775,Y,System,10/8/2026,,202435393401fc09930357e6466ce765f26122dbeec6bfecc7cccad36926c43f
NOISE_1437,Masjid At-tanwir Frequency/32 kHz Medium Frequency/20260918_153700T.WAV,0,55,55,Masjid At-tanwir Frequency,Medium,-5.357195,105.318391,9/18/2026,14:40,Siang,Cerah,24F31901603767F6,Unknown,32000,Unknown,Frequency,0.021341626,0.9999695,Y,System,10/8/2026,,ed5e48318e76e734ff94dd3d8563920c644e5c63f7051b87fa7ccf3f6c919863
NOISE_1438,Masjid At-tanwir Frequency/32 kHz Medium Frequency/20260918_153800T.WAV,0,55,55,Masjid At-tanwir Frequency,Medium,-5.357195,105.318391,9/18/2026,14:40,Siang,Cerah,24F31901603767F6,Unknown,32000,Unknown,Frequency,0.01733039,0.274292,Y,System,10/8/2026,,a7d6207664ad8cc783a6cea83da313b9d4412f773f158e1a4a26bf43d943ecaf
NOISE_1439,Masjid At-tanwir Frequency/32 kHz Medium Frequency/20260918_153900T.WAV,0,55,55,Masjid At-tanwir Frequency,Medium,-5.357195,105.318391,9/18/2026,14:40,Siang,Cerah,24F31901603767F6,Unknown,32000,Unknown,Frequency,0.015195634,0.09649658,Y,System,10/8/2026,,c201deb8c6a118a87d7c9f141d0540b0b5838051dee5e76089514d93dc404a49
NOISE_1440,Sekitar GKU 1 Amplitudo/32 kHz High Amplitudo/20261005_124000T.WAV,0,55,55,Sekitar GKU 1 Amplitudo,High,-5.358992,105.311481,10/5/2026,12:40,Siang,Cerah,24F31901603767F6,Unknown,32000,Unknown,Amplitude,0.11322879,0.9999695,Y,System,10/8/2026,,62989252ef3b178622b1889e54dbdd72af7628b9bc157e5d4b525ff96997792f
NOISE_1441,Sekitar GKU 1 Amplitudo/32 kHz High Amplitudo/20261005_124100T.WAV,0,55,55,Sekitar GKU 1 Amplitudo,High,-5.358992,105.311481,10/5/2026,12:40,Siang,Cerah,24F31901603767F6,Unknown,32000,Unknown,Amplitude,0.12792207,0.9999695,Y,System,10/8/2026,,641e3b10d2fcc96663a05ef8c26219eed29958b02db2ec444b1623e7a2627cfd
NOISE_1442,Sekitar GKU 1 Amplitudo/32 kHz High Amplitudo/20261005_124200T.WAV,0,55,55,Sekitar GKU 1 Amplitudo,High,-5.358992,105.311481,10/5/2026,12:40,Siang,Cerah,24F31901603767F6,Unknown,32000,Unknown,Amplitude,0.11042263,0.7692566,Y,System,10/8/2026,,1b19709149fa3ce786a50ce63e1e1dc768767dfa008458251f414d0acfd67928
NOISE_1443,Sekitar GKU 1 Amplitudo/32 kHz High Amplitudo/20261005_124300T.WAV,0,55,55,Sekitar GKU 1 Amplitudo,High,-5.358992,105.311481,10/5/2026,12:40,Siang,Cerah,24F31901603767F6,Unknown,32000,Unknown,Amplitude,0.13029417,0.94485474,Y,System,10/8/2026,,6bacc1359834dad5efeb08983d37d5393fb92f3e92c9c94573d4287fcaf855e8
NOISE_1444,Sekitar GKU 1 Amplitudo/32 kHz High Amplitudo/20261005_124400T.WAV,0,55,55,Sekitar GKU 1 Amplitudo,High,-5.358992,105.311481,10/5/2026,12:40,Siang,Cerah,24F31901603767F6,Unknown,32000,Unknown,Amplitude,0.10992368,0.79452515,Y,System,10/8/2026,,3543438ff2a8e83802abe7798337be0a07779510707635e39e0099140643d189
NOISE_1445,Sekitar GKU 1 Amplitudo/32 kHz High Amplitudo/20261005_124500T.WAV,0,55,55,Sekitar GKU 1 Amplitudo,High,-5.358992,105.311481,10/5/2026,12:40,Siang,Cerah,24F31901603767F6,Unknown,32000,Unknown,Amplitude,0.1376157,0.9999695,Y,System,10/8/2026,,400bca9ad3035c0b5c887dfe49c3339569e4dfd106ca307f5eb496200fbae5a0
NOISE_1446,Sekitar GKU 1 Amplitudo/32 kHz High Amplitudo/20261005_124600T.WAV,0,55,55,Sekitar GKU 1 Amplitudo,High,-5.358992,105.311481,10/5/2026,12:40,Siang,Cerah,24F31901603767F6,Unknown,32000,Unknown,Amplitude,0.102368504,0.6935425,Y,System,10/8/2026,,701b10d77c961d4f53628c96cc11436137e168d38e0bb9f5d2896c980ebd2347
NOISE_1447,Sekitar GKU 1 Amplitudo/32 kHz High Amplitudo/20261005_124700T.WAV,0,55,55,Sekitar GKU 1 Amplitudo,High,-5.358992,105.311481,10/5/2026,12:40,Siang,Cerah,24F31901603767F6,Unknown,32000,Unknown,Amplitude,0.119805515,0.7474365,Y,System,10/8/2026,,fc8be073f95409ca90522d5d9186f2fe139242dfbfcade9de80b6d2bd15f9d0b
NOISE_1448,Sekitar GKU 1 Amplitudo/32 kHz High Amplitudo/20261005_124800T.WAV,0,55,55,Sekitar GKU 1 Amplitudo,High,-5.358992,105.311481,10/5/2026,12:40,Siang,Cerah,24F31901603767F6,Unknown,32000,Unknown,Amplitude,0.12265646,0.95010376,Y,System,10/8/2026,,23d0185223f73763ec4402454f4407c007c0ed1135677d87ee70d367af716cd8
NOISE_1449,Sekitar GKU 1 Amplitudo/32 kHz High Amplitudo/20261005_124900T.WAV,0,55,55,Sekitar GKU 1 Amplitudo,High,-5.358992,105.311481,10/5/2026,12:40,Siang,Cerah,24F31901603767F6,Unknown,32000,Unknown,Amplitude,0.12717432,0.9999695,Y,System,10/8/2026,,10a37137d95026946fc676e4c51262460ba4a8f733751f0aab3d47fb8dac004b
NOISE_1450,Sekitar GKU 1 Amplitudo/32 kHz High Amplitudo/20261005_125000T.WAV,0,55,55,Sekitar GKU 1 Amplitudo,High,-5.358992,105.311481,10/5/2026,12:40,Siang,Cerah,24F31901603767F6,Unknown,32000,Unknown,Amplitude,0.12734017,0.9880066,Y,System,10/8/2026,,a18c907fbd5ef4a34f9473b9b928efc120e68f88ace137be38daffc63cdf8d9f
NOISE_1451,Sekitar GKU 1 Amplitudo/32 kHz High Amplitudo/20261005_125100T.WAV,0,55,55,Sekitar GKU 1 Amplitudo,High,-5.358992,105.311481,10/5/2026,12:40,Siang,Cerah,24F31901603767F6,Unknown,32000,Unknown,Amplitude,0.15179871,0.9999695,Y,System,10/8/2026,,9e8f7d73395b2ffd40ffc939e8af793d9dcdb4e67f40a463af30c18a8d0a02d0
NOISE_1452,Sekitar GKU 1 Amplitudo/32 kHz High Amplitudo/20261005_125200T.WAV,0,55,55,Sekitar GKU 1 Amplitudo,High,-5.358992,105.311481,10/5/2026,12:40,Siang,Cerah,24F31901603767F6,Unknown,32000,Unknown,Amplitude,0.11785486,0.8514099,Y,System,10/8/2026,,4032e11b585136b2159907ba9001faa7ec2df0ce173017da79d09280ba74cbf7
NOISE_1453,Sekitar GKU 1 Amplitudo/32 kHz High Amplitudo/20261005_125300T.WAV,0,55,55,Sekitar GKU 1 Amplitudo,High,-5.358992,105.311481,10/5/2026,12:40,Siang,Cerah,24F31901603767F6,Unknown,32000,Unknown,Amplitude,0.16177565,0.9999695,Y,System,10/8/2026,,92e1e7dedd077b4494de9f7bd72c81a8ec337e5f35dc39f4a58ea91601c8fee1
NOISE_1454,Sekitar GKU 1 Amplitudo/32 kHz High Amplitudo/20261005_125400T.WAV,0,55,55,Sekitar GKU 1 Amplitudo,High,-5.358992,105.311481,10/5/2026,12:40,Siang,Cerah,24F31901603767F6,Unknown,32000,Unknown,Amplitude,0.12394762,0.7389221,Y,System,10/8/2026,,0d34bb8896ec45d9cc34ed024b94d6c6c216f4df71a0f08c66a4dc1c2bca0f82
NOISE_1455,Sekitar GKU 1 Amplitudo/32 kHz High Amplitudo/20261005_125500T.WAV,0,55,55,Sekitar GKU 1 Amplitudo,High,-5.358992,105.311481,10/5/2026,12:40,Siang,Cerah,24F31901603767F6,Unknown,32000,Unknown,Amplitude,0.13685547,0.9930115,Y,System,10/8/2026,,c09e6d152a19f286330b909a9213e8a280fc270337c4b004cb30d9b1134da44e
NOISE_1456,Sekitar GKU 1 Amplitudo/32 kHz High Amplitudo/20261005_125600T.WAV,0,55,55,Sekitar GKU 1 Amplitudo,High,-5.358992,105.311481,10/5/2026,12:40,Siang,Cerah,24F31901603767F6,Unknown,32000,Unknown,Amplitude,0.12117544,0.77093506,Y,System,10/8/2026,,dd7e7957d68282221b9b1d579dceb2a00943626999325964eacbc08f0a5e147a
NOISE_1457,Sekitar GKU 1 Amplitudo/32 kHz High Amplitudo/20261005_125700T.WAV,0,55,55,Sekitar GKU 1 Amplitudo,High,-5.358992,105.311481,10/5/2026,12:40,Siang,Cerah,24F31901603767F6,Unknown,32000,Unknown,Amplitude,0.11049708,0.7579346,Y,System,10/8/2026,,2730ccbdb857290d2b5b902484e09ba4b74d4f47402c07154153b6de48f666a1
NOISE_1458,Sekitar GKU 1 Amplitudo/32 kHz High Amplitudo/20261005_125800T.WAV,0,55,55,Sekitar GKU 1 Amplitudo,High,-5.358992,105.311481,10/5/2026,12:40,Siang,Cerah,24F31901603767F6,Unknown,32000,Unknown,Amplitude,0.11618757,0.8788147,Y,System,10/8/2026,,5a2e3f10c2c2158c68fa98601d09de65518a7b341753e803f75a69e4fa402abc
NOISE_1459,Sekitar GKU 1 Amplitudo/32 kHz High Amplitudo/20261005_125900T.WAV,0,55,55,Sekitar GKU 1 Amplitudo,High,-5.358992,105.311481,10/5/2026,12:40,Siang,Cerah,24F31901603767F6,Unknown,32000,Unknown,Amplitude,0.12193602,0.7232971,Y,System,10/8/2026,,e80247e8f58fdb28951b932dc3b45736162f7c26f2ebbf362ccd07e306205f19
NOISE_1460,Sekitar GKU 1 Amplitudo/32 kHz High Amplitudo/20261005_130000T.WAV,0,55,55,Sekitar GKU 1 Amplitudo,High,-5.358992,105.311481,10/5/2026,12:40,Siang,Cerah,24F31901603767F6,Unknown,32000,Unknown,Amplitude,0.11374366,0.9999695,Y,System,10/8/2026,,d86cd147080d2b5d836860ad5d22210145fe88e9f6fdb45d79b43f12510120ab
NOISE_1461,Sekitar GKU 1 Amplitudo/32 kHz High Amplitudo/20261005_130100T.WAV,0,55,55,Sekitar GKU 1 Amplitudo,High,-5.358992,105.311481,10/5/2026,12:40,Siang,Cerah,24F31901603767F6,Unknown,32000,Unknown,Amplitude,0.098907396,0.7029114,Y,System,10/8/2026,,c45a5f5335bf5bc98c4b1b01e57fc3cb96c73f5ae3f7d78d7fd8f50a43b9f9ca
NOISE_1462,Sekitar GKU 1 Amplitudo/32 kHz High Amplitudo/20261005_130200T.WAV,0,55,55,Sekitar GKU 1 Amplitudo,High,-5.358992,105.311481,10/5/2026,12:40,Siang,Cerah,24F31901603767F6,Unknown,32000,Unknown,Amplitude,0.12893352,0.9999695,Y,System,10/8/2026,,cb3e767b8f7e8d4be6429ac10d0b7be012ea85456a7891a414802e40ccbb23ac
NOISE_1463,Sekitar GKU 1 Amplitudo/32 kHz High Amplitudo/20261005_130300T.WAV,0,55,55,Sekitar GKU 1 Amplitudo,High,-5.358992,105.311481,10/5/2026,12:40,Siang,Cerah,24F31901603767F6,Unknown,32000,Unknown,Amplitude,0.093708836,0.82055664,Y,System,10/8/2026,,d75febf23f781603922dd0f6969f9aa1e60e7840f25b8100ba9fe1e39542f4ec
NOISE_1464,Sekitar GKU 1 Amplitudo/32 kHz High Amplitudo/20261005_130400T.WAV,0,55,55,Sekitar GKU 1 Amplitudo,High,-5.358992,105.311481,10/5/2026,12:40,Siang,Cerah,24F31901603767F6,Unknown,32000,Unknown,Amplitude,0.06523616,0.6163635,Y,System,10/8/2026,,f72d3de8388a51c899949ee2eaa727b1d062c437deb6dd72763c3e05013ee646
NOISE_1465,Sekitar GKU 1 Amplitudo/32 kHz High Amplitudo/20261005_130500T.WAV,0,55,55,Sekitar GKU 1 Amplitudo,High,-5.358992,105.311481,10/5/2026,12:40,Siang,Cerah,24F31901603767F6,Unknown,32000,Unknown,Amplitude,0.09785589,0.9046936,Y,System,10/8/2026,,86da5b3364c3ac22b270311f8d57373eabe1b1e76bab569ce03a89d1c8753618
NOISE_1466,Sekitar GKU 1 Amplitudo/32 kHz High Amplitudo/20261005_130600T.WAV,0,55,55,Sekitar GKU 1 Amplitudo,High,-5.358992,105.311481,10/5/2026,12:40,Siang,Cerah,24F31901603767F6,Unknown,32000,Unknown,Amplitude,0.093768016,0.8369446,Y,System,10/8/2026,,22b3c565e84dae99d837d3b8326bad4101c115566543da34b1919ca9926c30d3
NOISE_1467,Sekitar GKU 1 Amplitudo/32 kHz High Amplitudo/20261005_130700T.WAV,0,55,55,Sekitar GKU 1 Amplitudo,High,-5.358992,105.311481,10/5/2026,12:40,Siang,Cerah,24F31901603767F6,Unknown,32000,Unknown,Amplitude,0.09413171,0.8936157,Y,System,10/8/2026,,f381ea2cde64c1b6a110d6b6004c0a56af7da2a4ec2cea524e29824a8d597419
NOISE_1468,Sekitar GKU 1 Amplitudo/32 kHz High Amplitudo/20261005_130800T.WAV,0,55,55,Sekitar GKU 1 Amplitudo,High,-5.358992,105.311481,10/5/2026,12:40,Siang,Cerah,24F31901603767F6,Unknown,32000,Unknown,Amplitude,0.08492308,0.7692261,Y,System,10/8/2026,,739bca2ddc9e7d5afacee00d3bbab2483b08865a401a9669cd63328dbbeb7d8a
NOISE_1469,Sekitar GKU 1 Amplitudo/32 kHz High Amplitudo/20261005_130900T.WAV,0,55,55,Sekitar GKU 1 Amplitudo,High,-5.358992,105.311481,10/5/2026,12:40,Siang,Cerah,24F31901603767F6,Unknown,32000,Unknown,Amplitude,0.08026186,0.6697998,Y,System,10/8/2026,,78d31820ea17eba0b419b98b2ea197691d4d097c27b3f204bbd75b6badd99a10
NOISE_1470,Sekitar GKU 1 Amplitudo/32 kHz High Amplitudo/20261005_131000T.WAV,0,55,55,Sekitar GKU 1 Amplitudo,High,-5.358992,105.311481,10/5/2026,12:40,Siang,Cerah,24F31901603767F6,Unknown,32000,Unknown,Amplitude,0.086477496,0.72506714,Y,System,10/8/2026,,78e6fb2f0893492d4b1560554dae491b1a1c169500b1d4bb3c9babc72241b22b
NOISE_1471,Sekitar GKU 1 Amplitudo/32 kHz High Amplitudo/20261005_131100T.WAV,0,55,55,Sekitar GKU 1 Amplitudo,High,-5.358992,105.311481,10/5/2026,12:40,Siang,Cerah,24F31901603767F6,Unknown,32000,Unknown,Amplitude,0.06383295,0.4914856,Y,System,10/8/2026,,538f528e41cb422a5a6470d56ce539c0325081d12ea6ec9e58caf15370f52393
NOISE_1472,Sekitar GKU 1 Amplitudo/32 kHz High Amplitudo/20261005_131200T.WAV,0,55,55,Sekitar GKU 1 Amplitudo,High,-5.358992,105.311481,10/5/2026,12:40,Siang,Cerah,24F31901603767F6,Unknown,32000,Unknown,Amplitude,0.08725818,0.9999695,Y,System,10/8/2026,,b1f0015ddbbd5a6ed6c4ffa555bc622ad16ee076daf793dbd2df6061fdf22730
NOISE_1473,Sekitar GKU 1 Amplitudo/32 kHz High Amplitudo/20261005_131300T.WAV,0,55,55,Sekitar GKU 1 Amplitudo,High,-5.358992,105.311481,10/5/2026,12:40,Siang,Cerah,24F31901603767F6,Unknown,32000,Unknown,Amplitude,0.06329534,0.50683594,Y,System,10/8/2026,,ebe083fd8dab1a57ca0f0a59ef22baf1ae904469fbf65c0bd7da4e8dd4d1d7f3
NOISE_1474,Sekitar GKU 1 Amplitudo/32 kHz High Amplitudo/20261005_131400T.WAV,0,55,55,Sekitar GKU 1 Amplitudo,High,-5.358992,105.311481,10/5/2026,12:40,Siang,Cerah,24F31901603767F6,Unknown,32000,Unknown,Amplitude,0.07772173,0.79071045,Y,System,10/8/2026,,ebc6d4d38731607ce2abe8b9129acd928e6e4ec77874f1e21d6c1c5add1e882d
NOISE_1475,Sekitar GKU 1 Amplitudo/32 kHz High Amplitudo/20261005_131500T.WAV,0,55,55,Sekitar GKU 1 Amplitudo,High,-5.358992,105.311481,10/5/2026,12:40,Siang,Cerah,24F31901603767F6,Unknown,32000,Unknown,Amplitude,0.07758644,0.7489624,Y,System,10/8/2026,,d1ee3b3e7790340752a9efad89e1790c6d10e443ee88b7fefcf4120d3faa7234
NOISE_1476,Sekitar GKU 1 Amplitudo/32 kHz High Amplitudo/20261005_131600T.WAV,0,55,55,Sekitar GKU 1 Amplitudo,High,-5.358992,105.311481,10/5/2026,12:40,Siang,Cerah,24F31901603767F6,Unknown,32000,Unknown,Amplitude,0.060741898,0.7085266,Y,System,10/8/2026,,4a15c7712ce717e9ad44b9fe0fef90e3fde12d3b9de05c5e24b0ff7d4e377b7b
NOISE_1477,Sekitar GKU 1 Amplitudo/32 kHz High Amplitudo/20261005_131700T.WAV,0,55,55,Sekitar GKU 1 Amplitudo,High,-5.358992,105.311481,10/5/2026,12:40,Siang,Cerah,24F31901603767F6,Unknown,32000,Unknown,Amplitude,0.09533675,0.7506714,Y,System,10/8/2026,,79286486c23db50264120d497456c0543558ec0037bfa2b31cf8a6c5784309c9
NOISE_1478,Sekitar GKU 1 Amplitudo/32 kHz High Amplitudo/20261005_131800T.WAV,0,55,55,Sekitar GKU 1 Amplitudo,High,-5.358992,105.311481,10/5/2026,12:40,Siang,Cerah,24F31901603767F6,Unknown,32000,Unknown,Amplitude,0.06843134,0.5416565,Y,System,10/8/2026,,d4f96cc7f3274e6406baca856b639b4742b224c45a2d4cb8227a85e66f0daa44
NOISE_1479,Sekitar GKU 1 Amplitudo/32 kHz High Amplitudo/20261005_131900T.WAV,0,55,55,Sekitar GKU 1 Amplitudo,High,-5.358992,105.311481,10/5/2026,12:40,Siang,Cerah,24F31901603767F6,Unknown,32000,Unknown,Amplitude,0.05786288,0.6358948,Y,System,10/8/2026,,90631b3b636ef3ed63a0d83c29cf38baf4e39cb16257baf23dc581edf3d92d4a
NOISE_1480,Sekitar GKU 1 Amplitudo/32 kHz High Amplitudo/20261005_132000T.WAV,0,55,55,Sekitar GKU 1 Amplitudo,High,-5.358992,105.311481,10/5/2026,12:40,Siang,Cerah,24F31901603767F6,Unknown,32000,Unknown,Amplitude,0.058418,0.47579956,Y,System,10/8/2026,,a02e0c4eea8e28f827a03b2c91fa836d6b1c7415d022564096c6f250a60b6951
NOISE_1481,Sekitar GKU 1 Amplitudo/32 kHz High Amplitudo/20261005_132100T.WAV,0,55,55,Sekitar GKU 1 Amplitudo,High,-5.358992,105.311481,10/5/2026,12:40,Siang,Cerah,24F31901603767F6,Unknown,32000,Unknown,Amplitude,0.063916415,0.5436096,Y,System,10/8/2026,,f6738e5e24868ce9bd45915ba212f2aca7763b034490071d5084fde8a03c0894
NOISE_1482,Sekitar GKU 1 Amplitudo/32 kHz High Amplitudo/20261005_132200T.WAV,0,55,55,Sekitar GKU 1 Amplitudo,High,-5.358992,105.311481,10/5/2026,12:40,Siang,Cerah,24F31901603767F6,Unknown,32000,Unknown,Amplitude,0.08832106,0.9999695,Y,System,10/8/2026,,e438140aba93f336c910fb89191188b47ac83d9bef2f17dde03371e82dcd3de0
NOISE_1483,Sekitar GKU 1 Amplitudo/32 kHz High Amplitudo/20261005_132300T.WAV,0,55,55,Sekitar GKU 1 Amplitudo,High,-5.358992,105.311481,10/5/2026,12:40,Siang,Cerah,24F31901603767F6,Unknown,32000,Unknown,Amplitude,0.093226336,0.96728516,Y,System,10/8/2026,,81e7a2c1f959977cdccec1779e901a768b1402e495e3f3caa82ec2cb04081227
NOISE_1484,Sekitar GKU 1 Amplitudo/32 kHz High Amplitudo/20261005_132400T.WAV,0,55,55,Sekitar GKU 1 Amplitudo,High,-5.358992,105.311481,10/5/2026,12:40,Siang,Cerah,24F31901603767F6,Unknown,32000,Unknown,Amplitude,0.059236567,0.55978394,Y,System,10/8/2026,,aa67d25fd3e710e98b540e23a35cb6ee2f7dad99dabe925c545c0ac4aebc813b
NOISE_1485,Sekitar GKU 1 Amplitudo/32 kHz High Amplitudo/20261005_132500T.WAV,0,55,55,Sekitar GKU 1 Amplitudo,High,-5.358992,105.311481,10/5/2026,12:40,Siang,Cerah,24F31901603767F6,Unknown,32000,Unknown,Amplitude,0.06755498,0.5251465,Y,System,10/8/2026,,e290eb8f57832432c288755816018f5dc4fbd1ab6a919ca1044b8062f957b7b6
NOISE_1486,Sekitar GKU 1 Amplitudo/32 kHz High Amplitudo/20261005_132600T.WAV,0,55,55,Sekitar GKU 1 Amplitudo,High,-5.358992,105.311481,10/5/2026,12:40,Siang,Cerah,24F31901603767F6,Unknown,32000,Unknown,Amplitude,0.06444103,0.6757202,Y,System,10/8/2026,,a8c6fb8906efad8d251fb64cbc64fa87f0f5e9e73a9b8ab884c1b3a2af200b97
NOISE_1487,Sekitar GKU 1 Amplitudo/32 kHz High Amplitudo/20261005_132700T.WAV,0,55,55,Sekitar GKU 1 Amplitudo,High,-5.358992,105.311481,10/5/2026,12:40,Siang,Cerah,24F31901603767F6,Unknown,32000,Unknown,Amplitude,0.08071297,0.6055298,Y,System,10/8/2026,,2bda649c788dac7bf26b066dcc696cb0230e0a749360b895dcff4d45bdc4dcee
NOISE_1488,Sekitar GKU 1 Amplitudo/32 kHz High Amplitudo/20261005_132800T.WAV,0,55,55,Sekitar GKU 1 Amplitudo,High,-5.358992,105.311481,10/5/2026,12:40,Siang,Cerah,24F31901603767F6,Unknown,32000,Unknown,Amplitude,0.07832052,0.7243347,Y,System,10/8/2026,,ef23a71a48e78a174b4ec1b7aff7e62d6c6e938b6819bf06b363ac89946e02ce
NOISE_1489,Sekitar GKU 1 Amplitudo/32 kHz High Amplitudo/20261005_132900T.WAV,0,55,55,Sekitar GKU 1 Amplitudo,High,-5.358992,105.311481,10/5/2026,12:40,Siang,Cerah,24F31901603767F6,Unknown,32000,Unknown,Amplitude,0.06052509,0.9999695,Y,System,10/8/2026,,543677fa76e5fcfaecc7ac287cf6778b1287ad2af619ceb8886130ba34ca4345
NOISE_1490,Sekitar GKU 1 Amplitudo/32 kHz High Amplitudo/20261005_133000T.WAV,0,55,55,Sekitar GKU 1 Amplitudo,High,-5.358992,105.311481,10/5/2026,12:40,Siang,Cerah,24F31901603767F6,Unknown,32000,Unknown,Amplitude,0.050637268,0.4552307,Y,System,10/8/2026,,af99a354a8d292d9788798478bc9ff4c88f993db40bdb6080158eb49b1630d7b
NOISE_1491,Sekitar GKU 1 Amplitudo/32 kHz High Amplitudo/20261005_133100T.WAV,0,55,55,Sekitar GKU 1 Amplitudo,High,-5.358992,105.311481,10/5/2026,12:40,Siang,Cerah,24F31901603767F6,Unknown,32000,Unknown,Amplitude,0.14657654,0.9999695,Y,System,10/8/2026,,8cd7b7462e69711a5a3a5579e551947dc4013744fc2df72fde9a997a28216f3d
NOISE_1492,Sekitar GKU 1 Amplitudo/32 kHz High Amplitudo/20261005_133200T.WAV,0,55,55,Sekitar GKU 1 Amplitudo,High,-5.358992,105.311481,10/5/2026,12:40,Siang,Cerah,24F31901603767F6,Unknown,32000,Unknown,Amplitude,0.08494852,0.8583679,Y,System,10/8/2026,,e5af0833a5b2fb2a2ffebb7853b914b83f7d746329787747d1ff75498f53af64
NOISE_1493,Sekitar GKU 1 Amplitudo/32 kHz High Amplitudo/20261005_133300T.WAV,0,55,55,Sekitar GKU 1 Amplitudo,High,-5.358992,105.311481,10/5/2026,12:40,Siang,Cerah,24F31901603767F6,Unknown,32000,Unknown,Amplitude,0.08120184,0.9999695,Y,System,10/8/2026,,f61d01e9fab50017d1e0b7ca7f1873d5435f63bd263edd79fcb437b73aec60fb
NOISE_1494,Sekitar GKU 1 Amplitudo/32 kHz High Amplitudo/20261005_133400T.WAV,0,55,55,Sekitar GKU 1 Amplitudo,High,-5.358992,105.311481,10/5/2026,12:40,Siang,Cerah,24F31901603767F6,Unknown,32000,Unknown,Amplitude,0.0880723,0.9999695,Y,System,10/8/2026,,286b1b359ecbb285543fda221ee91695575fcd47b6ec2cf36e8fe6326f5dded3
NOISE_1495,Sekitar GKU 1 Amplitudo/32 kHz High Amplitudo/20261005_133500T.WAV,0,55,55,Sekitar GKU 1 Amplitudo,High,-5.358992,105.311481,10/5/2026,12:40,Siang,Cerah,24F31901603767F6,Unknown,32000,Unknown,Amplitude,0.06431315,0.5088501,Y,System,10/8/2026,,10e6ea52df94bdce370b720928009833514b870b2eeb5455e904a2e79328999d
NOISE_1496,Sekitar GKU 1 Amplitudo/32 kHz High Amplitudo/20261005_133600T.WAV,0,55,55,Sekitar GKU 1 Amplitudo,High,-5.358992,105.311481,10/5/2026,12:40,Siang,Cerah,24F31901603767F6,Unknown,32000,Unknown,Amplitude,0.07169866,0.9999695,Y,System,10/8/2026,,caf377ded9aa42c25ffb2e052dcbe0e942402c0454c640d068066e696626b12c
NOISE_1497,Sekitar GKU 1 Amplitudo/32 kHz High Amplitudo/20261005_133700T.WAV,0,55,55,Sekitar GKU 1 Amplitudo,High,-5.358992,105.311481,10/5/2026,12:40,Siang,Cerah,24F31901603767F6,Unknown,32000,Unknown,Amplitude,0.057040773,0.60113525,Y,System,10/8/2026,,d6f2ec0ac3c043674fe5db60973d0f51c4e52a09958d38d5126bfed48ea6fdf8
NOISE_1498,Sekitar GKU 1 Amplitudo/32 kHz High Amplitudo/20261005_133800T.WAV,0,55,55,Sekitar GKU 1 Amplitudo,High,-5.358992,105.311481,10/5/2026,12:40,Siang,Cerah,24F31901603767F6,Unknown,32000,Unknown,Amplitude,0.067248546,0.5950928,Y,System,10/8/2026,,6c09d8400af59da5b8eb1d334620f256b7d50d0796fe05fbee13b587f55986cb
NOISE_1499,Sekitar GKU 1 Amplitudo/32 kHz High Amplitudo/20261005_133900T.WAV,0,55,55,Sekitar GKU 1 Amplitudo,High,-5.358992,105.311481,10/5/2026,12:40,Siang,Cerah,24F31901603767F6,Unknown,32000,Unknown,Amplitude,0.07358042,0.53427124,Y,System,10/8/2026,,76048417f028f67d86c7b801da87331bb6836ebfa8a7f6a8b498e422fd44e0ea
NOISE_1500,Sekitar GKU 1 Amplitudo/32 kHz Low Amplitudo/20261005_100500T.WAV,0,55,55,Sekitar GKU 1 Amplitudo,Low,-5.359164,105.311835,10/5/2026,10:05,Siang,Cerah,24F31901603767F6,Unknown,32000,Unknown,Amplitude,0.03545591,0.29763794,Y,System,10/8/2026,,6e08321978e67286eb666ac9316e4393dc52b4e37de6f43d8af5ce7a65a8f3cc
NOISE_1501,Sekitar GKU 1 Amplitudo/32 kHz Low Amplitudo/20261005_100600T.WAV,0,55,55,Sekitar GKU 1 Amplitudo,Low,-5.359164,105.311835,10/5/2026,10:05,Siang,Cerah,24F31901603767F6,Unknown,32000,Unknown,Amplitude,0.1599363,1,Y,System,10/8/2026,,1366944e9032c7e2f12d098aa3c1e9b95a199829fecb45f1874726fa698c0154
NOISE_1502,Sekitar GKU 1 Amplitudo/32 kHz Low Amplitudo/20261005_100700T.WAV,0,55,55,Sekitar GKU 1 Amplitudo,Low,-5.359164,105.311835,10/5/2026,10:05,Siang,Cerah,24F31901603767F6,Unknown,32000,Unknown,Amplitude,0.036858495,0.9784546,Y,System,10/8/2026,,c5d394669400557759c8c46010abd5aef93527f1f1fa78af5f442924dcc9db79
NOISE_1503,Sekitar GKU 1 Amplitudo/32 kHz Low Amplitudo/20261005_100800T.WAV,0,55,55,Sekitar GKU 1 Amplitudo,Low,-5.359164,105.311835,10/5/2026,10:05,Siang,Cerah,24F31901603767F6,Unknown,32000,Unknown,Amplitude,0.026873462,0.22116089,Y,System,10/8/2026,,c97f5ebbd97f30deb12405411e7571bcf48c3864f71a59b80cc0c9f7396c77b2
NOISE_1504,Sekitar GKU 1 Amplitudo/32 kHz Low Amplitudo/20261005_100900T.WAV,0,55,55,Sekitar GKU 1 Amplitudo,Low,-5.359164,105.311835,10/5/2026,10:05,Siang,Cerah,24F31901603767F6,Unknown,32000,Unknown,Amplitude,0.030469049,0.24996948,Y,System,10/8/2026,,ad9733ce27bbf7e53552ec7665897ce29096b3820ee5d29145665d111f84657c
NOISE_1505,Sekitar GKU 1 Amplitudo/32 kHz Low Amplitudo/20261005_101000T.WAV,0,55,55,Sekitar GKU 1 Amplitudo,Low,-5.359164,105.311835,10/5/2026,10:05,Siang,Cerah,24F31901603767F6,Unknown,32000,Unknown,Amplitude,0.026095398,0.24038696,Y,System,10/8/2026,,f0852e7129c6c7621bf6295c95145a6be2e9bda5492f392d54a40f0fea1f1e0c
NOISE_1506,Sekitar GKU 1 Amplitudo/32 kHz Low Amplitudo/20261005_101100T.WAV,0,55,55,Sekitar GKU 1 Amplitudo,Low,-5.359164,105.311835,10/5/2026,10:05,Siang,Cerah,24F31901603767F6,Unknown,32000,Unknown,Amplitude,0.026237402,0.2592163,Y,System,10/8/2026,,cf28621086d79606e2337b1c3461c3e0f19147e25ab1ec6753650cd683b04803
NOISE_1507,Sekitar GKU 1 Amplitudo/32 kHz Low Amplitudo/20261005_101200T.WAV,0,55,55,Sekitar GKU 1 Amplitudo,Low,-5.359164,105.311835,10/5/2026,10:05,Siang,Cerah,24F31901603767F6,Unknown,32000,Unknown,Amplitude,0.029253365,0.29153442,Y,System,10/8/2026,,548de72037d347886b60e90e5f9e761df2e6b37fa3f14904c82caee525724dae
NOISE_1508,Sekitar GKU 1 Amplitudo/32 kHz Low Amplitudo/20261005_101300T.WAV,0,55,55,Sekitar GKU 1 Amplitudo,Low,-5.359164,105.311835,10/5/2026,10:05,Siang,Cerah,24F31901603767F6,Unknown,32000,Unknown,Amplitude,0.04066421,0.58587646,Y,System,10/8/2026,,9bcbae5c2b3ca307c37a6f0e6ddba9058ba8b5798eb6ea989e9b4de9e057f184
NOISE_1509,Sekitar GKU 1 Amplitudo/32 kHz Low Amplitudo/20261005_101400T.WAV,0,55,55,Sekitar GKU 1 Amplitudo,Low,-5.359164,105.311835,10/5/2026,10:05,Siang,Cerah,24F31901603767F6,Unknown,32000,Unknown,Amplitude,0.026684705,0.24771118,Y,System,10/8/2026,,e5fed7112516a1adc9fa79871505ec2cac437c7c24c24bf8a1a4ca3824e80cce
NOISE_1510,Sekitar GKU 1 Amplitudo/32 kHz Low Amplitudo/20261005_101500T.WAV,0,55,55,Sekitar GKU 1 Amplitudo,Low,-5.359164,105.311835,10/5/2026,10:05,Siang,Cerah,24F31901603767F6,Unknown,32000,Unknown,Amplitude,0.028943066,0.2774048,Y,System,10/8/2026,,21c0e353b81b430deb2c457e3351399177088e96a22aee984a2b10bf02e82300
NOISE_1511,Sekitar GKU 1 Amplitudo/32 kHz Low Amplitudo/20261005_101600T.WAV,0,55,55,Sekitar GKU 1 Amplitudo,Low,-5.359164,105.311835,10/5/2026,10:05,Siang,Cerah,24F31901603767F6,Unknown,32000,Unknown,Amplitude,0.0340053,0.288208,Y,System,10/8/2026,,43708be1fa940aeac7b1bc168d54937e2d1f8e787db720d22d60bd5618cf5693
NOISE_1512,Sekitar GKU 1 Amplitudo/32 kHz Low Amplitudo/20261005_101700T.WAV,0,55,55,Sekitar GKU 1 Amplitudo,Low,-5.359164,105.311835,10/5/2026,10:05,Siang,Cerah,24F31901603767F6,Unknown,32000,Unknown,Amplitude,0.046934642,0.9999695,Y,System,10/8/2026,,53a88aa5e9092d385488af82d4dab20626572db28d85b5dd08a741698874d4be
NOISE_1513,Sekitar GKU 1 Amplitudo/32 kHz Low Amplitudo/20261005_101800T.WAV,0,55,55,Sekitar GKU 1 Amplitudo,Low,-5.359164,105.311835,10/5/2026,10:05,Siang,Cerah,24F31901603767F6,Unknown,32000,Unknown,Amplitude,0.03480009,0.8781433,Y,System,10/8/2026,,7103a518564fd2ad3f5d904d54970fd4865a37eff459a021b4fa5543567a7f36
NOISE_1514,Sekitar GKU 1 Amplitudo/32 kHz Low Amplitudo/20261005_101900T.WAV,0,55,55,Sekitar GKU 1 Amplitudo,Low,-5.359164,105.311835,10/5/2026,10:05,Siang,Cerah,24F31901603767F6,Unknown,32000,Unknown,Amplitude,0.024703756,0.22033691,Y,System,10/8/2026,,143fa6db59538ad49fdc583eb1fcc06bdc61b656a5c00df8ea9d9466afc47943
NOISE_1515,Sekitar GKU 1 Amplitudo/32 kHz Low Amplitudo/20261005_102000T.WAV,0,55,55,Sekitar GKU 1 Amplitudo,Low,-5.359164,105.311835,10/5/2026,10:05,Siang,Cerah,24F31901603767F6,Unknown,32000,Unknown,Amplitude,0.030853795,0.29849243,Y,System,10/8/2026,,b9e6a4fcb492e08dfad0ee47c7f732833f14bd0ce3b4bb1f98973b5294561b25
NOISE_1516,Sekitar GKU 1 Amplitudo/32 kHz Low Amplitudo/20261005_102100T.WAV,0,55,55,Sekitar GKU 1 Amplitudo,Low,-5.359164,105.311835,10/5/2026,10:05,Siang,Cerah,24F31901603767F6,Unknown,32000,Unknown,Amplitude,0.023408147,0.29034424,Y,System,10/8/2026,,c0cc4158894bcdb9402d7066bd2ed05d895514ddec6027eb27f1697fc86ca4cf
NOISE_1517,Sekitar GKU 1 Amplitudo/32 kHz Low Amplitudo/20261005_102200T.WAV,0,55,55,Sekitar GKU 1 Amplitudo,Low,-5.359164,105.311835,10/5/2026,10:05,Siang,Cerah,24F31901603767F6,Unknown,32000,Unknown,Amplitude,0.021758,0.21105957,Y,System,10/8/2026,,14a8a87f634779afd7938899c190739b513248088fc2a1e2a280febf8192f17b
NOISE_1518,Sekitar GKU 1 Amplitudo/32 kHz Low Amplitudo/20261005_102300T.WAV,0,55,55,Sekitar GKU 1 Amplitudo,Low,-5.359164,105.311835,10/5/2026,10:05,Siang,Cerah,24F31901603767F6,Unknown,32000,Unknown,Amplitude,0.018391643,0.20578003,Y,System,10/8/2026,,063082a985840e8449dcf210b0c5f5e41e846e41a09162c08102a1ecc9b8190c
NOISE_1519,Sekitar GKU 1 Amplitudo/32 kHz Low Amplitudo/20261005_102400T.WAV,0,55,55,Sekitar GKU 1 Amplitudo,Low,-5.359164,105.311835,10/5/2026,10:05,Siang,Cerah,24F31901603767F6,Unknown,32000,Unknown,Amplitude,0.02501375,0.30041504,Y,System,10/8/2026,,9f057b753ba9de3bf91aa50ef9b8871cc2fc8c135c8711906400e72b64f0652f
NOISE_1520,Sekitar GKU 1 Amplitudo/32 kHz Low Amplitudo/20261005_102500T.WAV,0,55,55,Sekitar GKU 1 Amplitudo,Low,-5.359164,105.311835,10/5/2026,10:05,Siang,Cerah,24F31901603767F6,Unknown,32000,Unknown,Amplitude,0.019842489,0.22384644,Y,System,10/8/2026,,64328360d875b92a2137dcc8b5fd624e2725c9151adf0a49c537512ccc0973a0
NOISE_1521,Sekitar GKU 1 Amplitudo/32 kHz Low Amplitudo/20261005_102600T.WAV,0,55,55,Sekitar GKU 1 Amplitudo,Low,-5.359164,105.311835,10/5/2026,10:05,Siang,Cerah,24F31901603767F6,Unknown,32000,Unknown,Amplitude,0.016133089,0.19772339,Y,System,10/8/2026,,7fd2768bc57882eb8dc2a9f26b844b4469d51d87097f11463b3a075834b4530d
NOISE_1522,Sekitar GKU 1 Amplitudo/32 kHz Low Amplitudo/20261005_102700T.WAV,0,55,55,Sekitar GKU 1 Amplitudo,Low,-5.359164,105.311835,10/5/2026,10:05,Siang,Cerah,24F31901603767F6,Unknown,32000,Unknown,Amplitude,0.024019793,0.3441162,Y,System,10/8/2026,,fa10a1d5049b36a4a913d9cb207ffd3d161bcdf38c2ecdf47c8365dc462f436f
NOISE_1523,Sekitar GKU 1 Amplitudo/32 kHz Low Amplitudo/20261005_102800T.WAV,0,55,55,Sekitar GKU 1 Amplitudo,Low,-5.359164,105.311835,10/5/2026,10:05,Siang,Cerah,24F31901603767F6,Unknown,32000,Unknown,Amplitude,0.017318927,0.20510864,Y,System,10/8/2026,,d7356c4f7e8e8e94487649e9afe09b3e9408f6e5ac48c08b7710c0fd63837355
NOISE_1524,Sekitar GKU 1 Amplitudo/32 kHz Low Amplitudo/20261005_102900T.WAV,0,55,55,Sekitar GKU 1 Amplitudo,Low,-5.359164,105.311835,10/5/2026,10:05,Siang,Cerah,24F31901603767F6,Unknown,32000,Unknown,Amplitude,0.017787797,0.2071228,Y,System,10/8/2026,,daeb5e5dcec7068d7fd7730fd084c658988ad510c5a647b7554fb91048650c61
NOISE_1525,Sekitar GKU 1 Amplitudo/32 kHz Low Amplitudo/20261005_103000T.WAV,0,55,55,Sekitar GKU 1 Amplitudo,Low,-5.359164,105.311835,10/5/2026,10:05,Siang,Cerah,24F31901603767F6,Unknown,32000,Unknown,Amplitude,0.02257274,0.29595947,Y,System,10/8/2026,,5c5262441ce515e75bdb006403e7ada766a96f6b17d4b44677335612ae8d1e49
NOISE_1526,Sekitar GKU 1 Amplitudo/32 kHz Low Amplitudo/20261005_103100T.WAV,0,55,55,Sekitar GKU 1 Amplitudo,Low,-5.359164,105.311835,10/5/2026,10:05,Siang,Cerah,24F31901603767F6,Unknown,32000,Unknown,Amplitude,0.017334348,0.14654541,Y,System,10/8/2026,,4fbaf1319d9829d0c65dff3acb2067c3a19b55b2ded8270e448502f77de001e5
NOISE_1527,Sekitar GKU 1 Amplitudo/32 kHz Low Amplitudo/20261005_103200T.WAV,0,55,55,Sekitar GKU 1 Amplitudo,Low,-5.359164,105.311835,10/5/2026,10:05,Siang,Cerah,24F31901603767F6,Unknown,32000,Unknown,Amplitude,0.017475188,0.20324707,Y,System,10/8/2026,,c4d5599fb2b88ec8030e158db5a32d214bb2ff5148e37a334f15649a22fbc356
NOISE_1528,Sekitar GKU 1 Amplitudo/32 kHz Low Amplitudo/20261005_103300T.WAV,0,55,55,Sekitar GKU 1 Amplitudo,Low,-5.359164,105.311835,10/5/2026,10:05,Siang,Cerah,24F31901603767F6,Unknown,32000,Unknown,Amplitude,0.025446542,0.33483887,Y,System,10/8/2026,,8b618e7ede0805224c2ba90c9c152e14d49ea28b0e6803de1aa4f40dd6549163
NOISE_1529,Sekitar GKU 1 Amplitudo/32 kHz Low Amplitudo/20261005_103400T.WAV,0,55,55,Sekitar GKU 1 Amplitudo,Low,-5.359164,105.311835,10/5/2026,10:05,Siang,Cerah,24F31901603767F6,Unknown,32000,Unknown,Amplitude,0.01728524,0.26828003,Y,System,10/8/2026,,6eab73186daacaee6d0c0df328792d60f7d4313dc9b642fdf0c04271ea6f1d77
NOISE_1530,Sekitar GKU 1 Amplitudo/32 kHz Low Amplitudo/20261005_103500T.WAV,0,55,55,Sekitar GKU 1 Amplitudo,Low,-5.359164,105.311835,10/5/2026,10:05,Siang,Cerah,24F31901603767F6,Unknown,32000,Unknown,Amplitude,0.01645416,0.137146,Y,System,10/8/2026,,629044b66f92d139d1f7c534548bf1d86410afc15dec41a7d2c51f8ff0442305
NOISE_1531,Sekitar GKU 1 Amplitudo/32 kHz Low Amplitudo/20261005_103600T.WAV,0,55,55,Sekitar GKU 1 Amplitudo,Low,-5.359164,105.311835,10/5/2026,10:05,Siang,Cerah,24F31901603767F6,Unknown,32000,Unknown,Amplitude,0.018148923,0.24224854,Y,System,10/8/2026,,b50dee4f65677acf9ec801e5f73411eccecce172301270c75844190b1c34ff94
NOISE_1532,Sekitar GKU 1 Amplitudo/32 kHz Low Amplitudo/20261005_103700T.WAV,0,55,55,Sekitar GKU 1 Amplitudo,Low,-5.359164,105.311835,10/5/2026,10:05,Siang,Cerah,24F31901603767F6,Unknown,32000,Unknown,Amplitude,0.02112502,0.22058105,Y,System,10/8/2026,,3297cf3745ae24c5c8c97758280e51cbc63c44b9a162b52903f8424fb6368e63
NOISE_1533,Sekitar GKU 1 Amplitudo/32 kHz Low Amplitudo/20261005_103800T.WAV,0,55,55,Sekitar GKU 1 Amplitudo,Low,-5.359164,105.311835,10/5/2026,10:05,Siang,Cerah,24F31901603767F6,Unknown,32000,Unknown,Amplitude,0.023332572,0.3070984,Y,System,10/8/2026,,46e6eaf480fcc72b8e264063260769a3d8480bc9a69f88fe2cb0c4e312d8778c
NOISE_1534,Sekitar GKU 1 Amplitudo/32 kHz Low Amplitudo/20261005_103900T.WAV,0,55,55,Sekitar GKU 1 Amplitudo,Low,-5.359164,105.311835,10/5/2026,10:05,Siang,Cerah,24F31901603767F6,Unknown,32000,Unknown,Amplitude,0.020829234,0.20220947,Y,System,10/8/2026,,099c6243cdd9b698baf2671bde449f95bda272921350c4e18400d71f3926007b
NOISE_1535,Sekitar GKU 1 Amplitudo/32 kHz Low Amplitudo/20261005_104000T.WAV,0,55,55,Sekitar GKU 1 Amplitudo,Low,-5.359164,105.311835,10/5/2026,10:05,Siang,Cerah,24F31901603767F6,Unknown,32000,Unknown,Amplitude,0.029308258,0.39898682,Y,System,10/8/2026,,38bb1009f811fb80b4f9db76242e41af76444c2490cbd333e1987f00e4a60d13
NOISE_1536,Sekitar GKU 1 Amplitudo/32 kHz Low Amplitudo/20261005_104100T.WAV,0,55,55,Sekitar GKU 1 Amplitudo,Low,-5.359164,105.311835,10/5/2026,10:05,Siang,Cerah,24F31901603767F6,Unknown,32000,Unknown,Amplitude,0.01859555,0.27035522,Y,System,10/8/2026,,8066a21ac83e9e7d64e59f92daf84c181d374e3118d2bb80088719042f57d199
NOISE_1537,Sekitar GKU 1 Amplitudo/32 kHz Low Amplitudo/20261005_104200T.WAV,0,55,55,Sekitar GKU 1 Amplitudo,Low,-5.359164,105.311835,10/5/2026,10:05,Siang,Cerah,24F31901603767F6,Unknown,32000,Unknown,Amplitude,0.022690784,0.22189331,Y,System,10/8/2026,,7c972e74430f38cfaf71f2a1f6b2c55b04607c77979292d578ab2bd5603fdc38
NOISE_1538,Sekitar GKU 1 Amplitudo/32 kHz Low Amplitudo/20261005_104300T.WAV,0,55,55,Sekitar GKU 1 Amplitudo,Low,-5.359164,105.311835,10/5/2026,10:05,Siang,Cerah,24F31901603767F6,Unknown,32000,Unknown,Amplitude,0.017821737,0.17053223,Y,System,10/8/2026,,d3b796917ea777ebe628c4569f80b5dbe6fc29c957bcddd481426a90ebc6cc67
NOISE_1539,Sekitar GKU 1 Amplitudo/32 kHz Low Amplitudo/20261005_104400T.WAV,0,55,55,Sekitar GKU 1 Amplitudo,Low,-5.359164,105.311835,10/5/2026,10:05,Siang,Cerah,24F31901603767F6,Unknown,32000,Unknown,Amplitude,0.022663487,0.2510376,Y,System,10/8/2026,,ba57ed8ec2148017be8d06b777259ea2c3ed952106abb9360a173325c3e715b1
NOISE_1540,Sekitar GKU 1 Amplitudo/32 kHz Low Amplitudo/20261005_104500T.WAV,0,55,55,Sekitar GKU 1 Amplitudo,Low,-5.359164,105.311835,10/5/2026,10:05,Siang,Cerah,24F31901603767F6,Unknown,32000,Unknown,Amplitude,0.019085295,0.5152283,Y,System,10/8/2026,,3fa055ddbc040c128dd4f0bde7d204ada729af367bf4c989a6f65260cd4db8e4
NOISE_1541,Sekitar GKU 1 Amplitudo/32 kHz Low Amplitudo/20261005_104600T.WAV,0,55,55,Sekitar GKU 1 Amplitudo,Low,-5.359164,105.311835,10/5/2026,10:05,Siang,Cerah,24F31901603767F6,Unknown,32000,Unknown,Amplitude,0.028447237,0.3855896,Y,System,10/8/2026,,e2d94c92c85d94bf693c53199ce0525961063e994bb043c7d0f1371c1531ba05
NOISE_1542,Sekitar GKU 1 Amplitudo/32 kHz Low Amplitudo/20261005_104700T.WAV,0,55,55,Sekitar GKU 1 Amplitudo,Low,-5.359164,105.311835,10/5/2026,10:05,Siang,Cerah,24F31901603767F6,Unknown,32000,Unknown,Amplitude,0.02203641,0.2520752,Y,System,10/8/2026,,6bd6b227ca5c871bcf50ce7642b329073476b8ff4161a7fc220e2dc52049d1c7
NOISE_1543,Sekitar GKU 1 Amplitudo/32 kHz Low Amplitudo/20261005_104800T.WAV,0,55,55,Sekitar GKU 1 Amplitudo,Low,-5.359164,105.311835,10/5/2026,10:05,Siang,Cerah,24F31901603767F6,Unknown,32000,Unknown,Amplitude,0.012090211,0.1713562,Y,System,10/8/2026,,bb795577096eeb3b21c88d139b58c28fa6974260dd5df068099178eefc8e97f5
NOISE_1544,Sekitar GKU 1 Amplitudo/32 kHz Low Amplitudo/20261005_104900T.WAV,0,55,55,Sekitar GKU 1 Amplitudo,Low,-5.359164,105.311835,10/5/2026,10:05,Siang,Cerah,24F31901603767F6,Unknown,32000,Unknown,Amplitude,0.013404287,0.14187622,Y,System,10/8/2026,,8b5a0335d79832b67f2ff427221c6ab0cbe250c8120fd4108d46a2db117279f1
NOISE_1545,Sekitar GKU 1 Amplitudo/32 kHz Low Amplitudo/20261005_105000T.WAV,0,55,55,Sekitar GKU 1 Amplitudo,Low,-5.359164,105.311835,10/5/2026,10:05,Siang,Cerah,24F31901603767F6,Unknown,32000,Unknown,Amplitude,0.012043236,0.13946533,Y,System,10/8/2026,,bf64a8037a5effac434f6119d62535f0a7227675f02a6dc4e63e0232f19b3d6e
NOISE_1546,Sekitar GKU 1 Amplitudo/32 kHz Low Amplitudo/20261005_105100T.WAV,0,55,55,Sekitar GKU 1 Amplitudo,Low,-5.359164,105.311835,10/5/2026,10:05,Siang,Cerah,24F31901603767F6,Unknown,32000,Unknown,Amplitude,0.013558123,0.34716797,Y,System,10/8/2026,,df3274a0ab6956ea2634b266d80e466e0ec75a9c546cee2afb2ecd1adda01b14
NOISE_1547,Sekitar GKU 1 Amplitudo/32 kHz Low Amplitudo/20261005_105200T.WAV,0,55,55,Sekitar GKU 1 Amplitudo,Low,-5.359164,105.311835,10/5/2026,10:05,Siang,Cerah,24F31901603767F6,Unknown,32000,Unknown,Amplitude,0.010770506,0.14227295,Y,System,10/8/2026,,ff103daa49e66dd9f4734edfe1e96e82105ad8b2651e23709d6ce8df48c7e29a
NOISE_1548,Sekitar GKU 1 Amplitudo/32 kHz Low Amplitudo/20261005_105300T.WAV,0,55,55,Sekitar GKU 1 Amplitudo,Low,-5.359164,105.311835,10/5/2026,10:05,Siang,Cerah,24F31901603767F6,Unknown,32000,Unknown,Amplitude,0.014515303,0.1845398,Y,System,10/8/2026,,3c6ffea3981704f03d1c648fb4530653c4f60b38970fbecfe5cb49cbe1a8de80
NOISE_1549,Sekitar GKU 1 Amplitudo/32 kHz Low Amplitudo/20261005_105400T.WAV,0,55,55,Sekitar GKU 1 Amplitudo,Low,-5.359164,105.311835,10/5/2026,10:05,Siang,Cerah,24F31901603767F6,Unknown,32000,Unknown,Amplitude,0.018612903,0.21905518,Y,System,10/8/2026,,9c287d2cc575b6e964dce4a0ab8d96d7b6a754b04fe8a72b262bd48fc33becef
NOISE_1550,Sekitar GKU 1 Amplitudo/32 kHz Low Amplitudo/20261005_105500T.WAV,0,55,55,Sekitar GKU 1 Amplitudo,Low,-5.359164,105.311835,10/5/2026,10:05,Siang,Cerah,24F31901603767F6,Unknown,32000,Unknown,Amplitude,0.012180729,0.12820435,Y,System,10/8/2026,,e9cc01cc8b862f77cb582a8894f62af2326f1bc5142acf8dac91fec64a6cf9ed
NOISE_1551,Sekitar GKU 1 Amplitudo/32 kHz Low Amplitudo/20261005_105600T.WAV,0,55,55,Sekitar GKU 1 Amplitudo,Low,-5.359164,105.311835,10/5/2026,10:05,Siang,Cerah,24F31901603767F6,Unknown,32000,Unknown,Amplitude,0.013798538,0.18286133,Y,System,10/8/2026,,78d502fae00a5415900e8586e412f57721060c94e6b4c2df134363974fc276b3
NOISE_1552,Sekitar GKU 1 Amplitudo/32 kHz Low Amplitudo/20261005_105700T.WAV,0,55,55,Sekitar GKU 1 Amplitudo,Low,-5.359164,105.311835,10/5/2026,10:05,Siang,Cerah,24F31901603767F6,Unknown,32000,Unknown,Amplitude,0.01701501,0.23132324,Y,System,10/8/2026,,443f90509623eee47fa1f06f3d3079e4edd1fb2a5744b2af96a55b86c4a1152d
NOISE_1553,Sekitar GKU 1 Amplitudo/32 kHz Low Amplitudo/20261005_105800T.WAV,0,55,55,Sekitar GKU 1 Amplitudo,Low,-5.359164,105.311835,10/5/2026,10:05,Siang,Cerah,24F31901603767F6,Unknown,32000,Unknown,Amplitude,0.015336513,0.17929077,Y,System,10/8/2026,,cd70bcd1b4171c06683b67990019588652180e993c13563c075b2706b5d34c88
NOISE_1554,Sekitar GKU 1 Amplitudo/32 kHz Low Amplitudo/20261005_105900T.WAV,0,55,55,Sekitar GKU 1 Amplitudo,Low,-5.359164,105.311835,10/5/2026,10:05,Siang,Cerah,24F31901603767F6,Unknown,32000,Unknown,Amplitude,0.010059529,0.11407471,Y,System,10/8/2026,,2ba5cd7ffcfe838168fbd6c8e54472b46395493a43abe24fe8eded7366bbb623
NOISE_1555,Sekitar GKU 1 Amplitudo/32 kHz Low Amplitudo/20261005_110000T.WAV,0,55,55,Sekitar GKU 1 Amplitudo,Low,-5.359164,105.311835,10/5/2026,10:05,Siang,Cerah,24F31901603767F6,Unknown,32000,Unknown,Amplitude,0.025800077,0.29986572,Y,System,10/8/2026,,6fb8d1ec64fc68041965dd08362fe8e2d18c0ae9a0fe9acc7d2748df7855ffa0
NOISE_1556,Sekitar GKU 1 Amplitudo/32 kHz Low Amplitudo/20261005_110100T.WAV,0,55,55,Sekitar GKU 1 Amplitudo,Low,-5.359164,105.311835,10/5/2026,10:05,Siang,Cerah,24F31901603767F6,Unknown,32000,Unknown,Amplitude,0.01863195,0.1800232,Y,System,10/8/2026,,eefbb493ad6c6d4de87b45ec96ad68f55bf1fadef0beb45f7736d8cd6a553b38
NOISE_1557,Sekitar GKU 1 Amplitudo/32 kHz Low Amplitudo/20261005_110200T.WAV,0,55,55,Sekitar GKU 1 Amplitudo,Low,-5.359164,105.311835,10/5/2026,10:05,Siang,Cerah,24F31901603767F6,Unknown,32000,Unknown,Amplitude,0.021739613,0.36688232,Y,System,10/8/2026,,daec102667d240bbc615f40975724a09d16e81aab781a17f29282baec3d96389
NOISE_1558,Sekitar GKU 1 Amplitudo/32 kHz Low Amplitudo/20261005_110300T.WAV,0,55,55,Sekitar GKU 1 Amplitudo,Low,-5.359164,105.311835,10/5/2026,10:05,Siang,Cerah,24F31901603767F6,Unknown,32000,Unknown,Amplitude,0.017022816,0.33172607,Y,System,10/8/2026,,cd8274bcb6d5f1dff11ff3d82c339254d2d2cb5c3f578a2be0e6ec39bb7b9c78
NOISE_1559,Sekitar GKU 1 Amplitudo/32 kHz Low Amplitudo/20261005_110400T.WAV,0,55,55,Sekitar GKU 1 Amplitudo,Low,-5.359164,105.311835,10/5/2026,10:05,Siang,Cerah,24F31901603767F6,Unknown,32000,Unknown,Amplitude,0.018147005,0.17822266,Y,System,10/8/2026,,8c5d6564b5cf6408423df710fa19d48ea8e42656d5b7d263971c5cad196aff8f
NOISE_1560,Sekitar GKU 1 Amplitudo/32 kHz Medium Amplitudo/20261005_111500T.WAV,0,55,55,Sekitar GKU 1 Amplitudo,Medium,-5.359642,105.312365,10/5/2026,11:15,Siang,Cerah,24F31901603767F6,Unknown,32000,Unknown,Amplitude,0.036657643,0.94503784,Y,System,10/8/2026,,cd59294a9fb9dd27369457cd7f383e1f869e916b53950689526a419f398b0bfa
NOISE_1561,Sekitar GKU 1 Amplitudo/32 kHz Medium Amplitudo/20261005_111600T.WAV,0,55,55,Sekitar GKU 1 Amplitudo,Medium,-5.359642,105.312365,10/5/2026,11:15,Siang,Cerah,24F31901603767F6,Unknown,32000,Unknown,Amplitude,0.030774856,0.30197144,Y,System,10/8/2026,,60c3440c0e6c4c32992464447b2543c511bcdf148806692b3ecdd7ff5d20331e
NOISE_1562,Sekitar GKU 1 Amplitudo/32 kHz Medium Amplitudo/20261005_111700T.WAV,0,55,55,Sekitar GKU 1 Amplitudo,Medium,-5.359642,105.312365,10/5/2026,11:15,Siang,Cerah,24F31901603767F6,Unknown,32000,Unknown,Amplitude,0.031333525,0.28982544,Y,System,10/8/2026,,119c47fa572af39c69e877889e631628585f1b746c7fc57e794197ced236b2ee
NOISE_1563,Sekitar GKU 1 Amplitudo/32 kHz Medium Amplitudo/20261005_111800T.WAV,0,55,55,Sekitar GKU 1 Amplitudo,Medium,-5.359642,105.312365,10/5/2026,11:15,Siang,Cerah,24F31901603767F6,Unknown,32000,Unknown,Amplitude,0.03219465,0.31756592,Y,System,10/8/2026,,96b32633098686ca20d223e5aebbcf20da85520aa120af873afde8f3af123079
NOISE_1564,Sekitar GKU 1 Amplitudo/32 kHz Medium Amplitudo/20261005_111900T.WAV,0,55,55,Sekitar GKU 1 Amplitudo,Medium,-5.359642,105.312365,10/5/2026,11:15,Siang,Cerah,24F31901603767F6,Unknown,32000,Unknown,Amplitude,0.04163869,0.7347107,Y,System,10/8/2026,,7876d462e9872c4cf5e6bf853ac848b4f460e12e33e658c4e114753eece7d984
NOISE_1565,Sekitar GKU 1 Amplitudo/32 kHz Medium Amplitudo/20261005_112000T.WAV,0,55,55,Sekitar GKU 1 Amplitudo,Medium,-5.359642,105.312365,10/5/2026,11:15,Siang,Cerah,24F31901603767F6,Unknown,32000,Unknown,Amplitude,0.03681762,0.569397,Y,System,10/8/2026,,eb65e1f0bfabcc64f1d2cc3fe8fc1d354ade7ecfb62e6e783984b15b87616ede
NOISE_1566,Sekitar GKU 1 Amplitudo/32 kHz Medium Amplitudo/20261005_112100T.WAV,0,55,55,Sekitar GKU 1 Amplitudo,Medium,-5.359642,105.312365,10/5/2026,11:15,Siang,Cerah,24F31901603767F6,Unknown,32000,Unknown,Amplitude,0.024784211,0.20776367,Y,System,10/8/2026,,7a5df2ad3841cb9bfcc37941af6a755ffb79912d94f76442ed66c8228e91b198
NOISE_1567,Sekitar GKU 1 Amplitudo/32 kHz Medium Amplitudo/20261005_112200T.WAV,0,55,55,Sekitar GKU 1 Amplitudo,Medium,-5.359642,105.312365,10/5/2026,11:15,Siang,Cerah,24F31901603767F6,Unknown,32000,Unknown,Amplitude,0.030125922,0.2730713,Y,System,10/8/2026,,cef090c7bc0e659fc5ca21deac88379ab8a07b9d7294aa5082ae9566d76f0f92
NOISE_1568,Sekitar GKU 1 Amplitudo/32 kHz Medium Amplitudo/20261005_112300T.WAV,0,55,55,Sekitar GKU 1 Amplitudo,Medium,-5.359642,105.312365,10/5/2026,11:15,Siang,Cerah,24F31901603767F6,Unknown,32000,Unknown,Amplitude,0.03357617,0.3840332,Y,System,10/8/2026,,b4d62f75cd7392869975f310d31cd9da30f12909eb16be5d8afe59f99df93515
NOISE_1569,Sekitar GKU 1 Amplitudo/32 kHz Medium Amplitudo/20261005_112400T.WAV,0,55,55,Sekitar GKU 1 Amplitudo,Medium,-5.359642,105.312365,10/5/2026,11:15,Siang,Cerah,24F31901603767F6,Unknown,32000,Unknown,Amplitude,0.0477822,0.9000244,Y,System,10/8/2026,,fec3f77713b21f618dbb929764408da48366a5df2289b0b87fb9dff4a6d0a58a
NOISE_1570,Sekitar GKU 1 Amplitudo/32 kHz Medium Amplitudo/20261005_112500T.WAV,0,55,55,Sekitar GKU 1 Amplitudo,Medium,-5.359642,105.312365,10/5/2026,11:15,Siang,Cerah,24F31901603767F6,Unknown,32000,Unknown,Amplitude,0.045745485,0.6868286,Y,System,10/8/2026,,c6fce20663f7d535e088c9aefbbdc291bda262c716a4e79c6fad9b28ea7d3ef4
NOISE_1571,Sekitar GKU 1 Amplitudo/32 kHz Medium Amplitudo/20261005_112600T.WAV,0,55,55,Sekitar GKU 1 Amplitudo,Medium,-5.359642,105.312365,10/5/2026,11:15,Siang,Cerah,24F31901603767F6,Unknown,32000,Unknown,Amplitude,0.03988602,0.459198,Y,System,10/8/2026,,e5aabdf738a648ba5faf9c1bef66515db1ecbecba2cd32c0c1ed03019e1f7274
NOISE_1572,Sekitar GKU 1 Amplitudo/32 kHz Medium Amplitudo/20261005_112700T.WAV,0,55,55,Sekitar GKU 1 Amplitudo,Medium,-5.359642,105.312365,10/5/2026,11:15,Siang,Cerah,24F31901603767F6,Unknown,32000,Unknown,Amplitude,0.029639723,0.29714966,Y,System,10/8/2026,,500569af51f941b4d83e1dbc5347b23dc2ea2bcca186460c6d53da813be34690
NOISE_1573,Sekitar GKU 1 Amplitudo/32 kHz Medium Amplitudo/20261005_112800T.WAV,0,55,55,Sekitar GKU 1 Amplitudo,Medium,-5.359642,105.312365,10/5/2026,11:15,Siang,Cerah,24F31901603767F6,Unknown,32000,Unknown,Amplitude,0.036440086,0.308136,Y,System,10/8/2026,,0286760804c0598e4014ca992b55247390462d8bd1fbd08402eea3685e1c2ce9
NOISE_1574,Sekitar GKU 1 Amplitudo/32 kHz Medium Amplitudo/20261005_112900T.WAV,0,55,55,Sekitar GKU 1 Amplitudo,Medium,-5.359642,105.312365,10/5/2026,11:15,Siang,Cerah,24F31901603767F6,Unknown,32000,Unknown,Amplitude,0.047987837,0.9999695,Y,System,10/8/2026,,00d35406caee4b5614b14568dde97c2842651edd0ff65953db0aaf4d355e6ec7
NOISE_1575,Sekitar GKU 1 Amplitudo/32 kHz Medium Amplitudo/20261005_113000T.WAV,0,55,55,Sekitar GKU 1 Amplitudo,Medium,-5.359642,105.312365,10/5/2026,11:15,Siang,Cerah,24F31901603767F6,Unknown,32000,Unknown,Amplitude,0.044068832,0.62402344,Y,System,10/8/2026,,8481e7eb6a36ea8802986fc52922602d983b4a26146e9db565ea0964ab7bed90
NOISE_1576,Sekitar GKU 1 Amplitudo/32 kHz Medium Amplitudo/20261005_113100T.WAV,0,55,55,Sekitar GKU 1 Amplitudo,Medium,-5.359642,105.312365,10/5/2026,11:15,Siang,Cerah,24F31901603767F6,Unknown,32000,Unknown,Amplitude,0.03073282,0.38986206,Y,System,10/8/2026,,a8fd31bd12e3d4bb3883558f1c996aed467ddd82dac8d95143bbc1990a2ea20c
NOISE_1577,Sekitar GKU 1 Amplitudo/32 kHz Medium Amplitudo/20261005_113200T.WAV,0,55,55,Sekitar GKU 1 Amplitudo,Medium,-5.359642,105.312365,10/5/2026,11:15,Siang,Cerah,24F31901603767F6,Unknown,32000,Unknown,Amplitude,0.044729065,0.3728943,Y,System,10/8/2026,,a730c8d549535c9f3d90d790477383f82d86e546a34c3bf0b092946e22782f72
NOISE_1578,Sekitar GKU 1 Amplitudo/32 kHz Medium Amplitudo/20261005_113300T.WAV,0,55,55,Sekitar GKU 1 Amplitudo,Medium,-5.359642,105.312365,10/5/2026,11:15,Siang,Cerah,24F31901603767F6,Unknown,32000,Unknown,Amplitude,0.036415603,0.2722168,Y,System,10/8/2026,,6c271215ff6319308564633fea604a6791d64d1545862eb77b6b83591a24090f
NOISE_1579,Sekitar GKU 1 Amplitudo/32 kHz Medium Amplitudo/20261005_113400T.WAV,0,55,55,Sekitar GKU 1 Amplitudo,Medium,-5.359642,105.312365,10/5/2026,11:15,Siang,Cerah,24F31901603767F6,Unknown,32000,Unknown,Amplitude,0.033826873,0.32391357,Y,System,10/8/2026,,31e7879de631f1957e7d20de4892d2a2f3a1172fe0c190009f2af131667a5c9a
NOISE_1580,Sekitar GKU 1 Amplitudo/32 kHz Medium Amplitudo/20261005_113500T.WAV,0,55,55,Sekitar GKU 1 Amplitudo,Medium,-5.359642,105.312365,10/5/2026,11:15,Siang,Cerah,24F31901603767F6,Unknown,32000,Unknown,Amplitude,0.03489666,0.40841675,Y,System,10/8/2026,,168f9672f01b81665217f7419aa2b20274622f797798e8d937635d416d4c798a
NOISE_1581,Sekitar GKU 1 Amplitudo/32 kHz Medium Amplitudo/20261005_113600T.WAV,0,55,55,Sekitar GKU 1 Amplitudo,Medium,-5.359642,105.312365,10/5/2026,11:15,Siang,Cerah,24F31901603767F6,Unknown,32000,Unknown,Amplitude,0.025012655,0.9977417,Y,System,10/8/2026,,8779dd596248f0a521d2cce7042480a64ad40221e9cd294e5df40fff2687f774
NOISE_1582,Sekitar GKU 1 Amplitudo/32 kHz Medium Amplitudo/20261005_113700T.WAV,0,55,55,Sekitar GKU 1 Amplitudo,Medium,-5.359642,105.312365,10/5/2026,11:15,Siang,Cerah,24F31901603767F6,Unknown,32000,Unknown,Amplitude,0.029863717,0.47402954,Y,System,10/8/2026,,f95275c1bfd24f6502428cf7398fe7df9ca45be52fd81536923c29c6663e39a8
NOISE_1583,Sekitar GKU 1 Amplitudo/32 kHz Medium Amplitudo/20261005_113800T.WAV,0,55,55,Sekitar GKU 1 Amplitudo,Medium,-5.359642,105.312365,10/5/2026,11:15,Siang,Cerah,24F31901603767F6,Unknown,32000,Unknown,Amplitude,0.031383466,0.2897644,Y,System,10/8/2026,,fce4b2b51df06af0bcb9c4b848f92b47e5abe99cce38c4d71e245e5861d401e9
NOISE_1584,Sekitar GKU 1 Amplitudo/32 kHz Medium Amplitudo/20261005_113900T.WAV,0,55,55,Sekitar GKU 1 Amplitudo,Medium,-5.359642,105.312365,10/5/2026,11:15,Siang,Cerah,24F31901603767F6,Unknown,32000,Unknown,Amplitude,0.022145864,0.80163574,Y,System,10/8/2026,,31cb088443dfe7a7740f93ee4c5eb21344e480df32cad7647e662170373d2d95
NOISE_1585,Sekitar GKU 1 Amplitudo/32 kHz Medium Amplitudo/20261005_114000T.WAV,0,55,55,Sekitar GKU 1 Amplitudo,Medium,-5.359642,105.312365,10/5/2026,11:15,Siang,Cerah,24F31901603767F6,Unknown,32000,Unknown,Amplitude,0.03932856,0.5682068,Y,System,10/8/2026,,b199340307e7d1d3f510b771b60fd3df54034127097076796b0e66f810d1f304
NOISE_1586,Sekitar GKU 1 Amplitudo/32 kHz Medium Amplitudo/20261005_114100T.WAV,0,55,55,Sekitar GKU 1 Amplitudo,Medium,-5.359642,105.312365,10/5/2026,11:15,Siang,Cerah,24F31901603767F6,Unknown,32000,Unknown,Amplitude,0.044586636,0.48693848,Y,System,10/8/2026,,f961fa4de9b540a0c2c99f4d407546c7b0c2b87c1698b69924c5a1cd28dbcc18
NOISE_1587,Sekitar GKU 1 Amplitudo/32 kHz Medium Amplitudo/20261005_114200T.WAV,0,55,55,Sekitar GKU 1 Amplitudo,Medium,-5.359642,105.312365,10/5/2026,11:15,Siang,Cerah,24F31901603767F6,Unknown,32000,Unknown,Amplitude,0.09200604,0.9999695,Y,System,10/8/2026,,16ddd392dbb371809a5ae32c0e107ecca2f5b2ab15e4a0e110188ad0c5481ca3
NOISE_1588,Sekitar GKU 1 Amplitudo/32 kHz Medium Amplitudo/20261005_114300T.WAV,0,55,55,Sekitar GKU 1 Amplitudo,Medium,-5.359642,105.312365,10/5/2026,11:15,Siang,Cerah,24F31901603767F6,Unknown,32000,Unknown,Amplitude,0.041101918,0.2713318,Y,System,10/8/2026,,26d6536758a19756c4ddce502e593f692878ade3069904cc6ba49357c3a305c7
NOISE_1589,Sekitar GKU 1 Amplitudo/32 kHz Medium Amplitudo/20261005_114400T.WAV,0,55,55,Sekitar GKU 1 Amplitudo,Medium,-5.359642,105.312365,10/5/2026,11:15,Siang,Cerah,24F31901603767F6,Unknown,32000,Unknown,Amplitude,0.06048361,0.7963257,Y,System,10/8/2026,,892fdcc32d529b4589e89e7563448a79f98dfa77069cc87ecc64321611d66023
NOISE_1590,Sekitar GKU 1 Amplitudo/32 kHz Medium Amplitudo/20261005_114500T.WAV,0,55,55,Sekitar GKU 1 Amplitudo,Medium,-5.359642,105.312365,10/5/2026,11:15,Siang,Cerah,24F31901603767F6,Unknown,32000,Unknown,Amplitude,0.037982132,0.30343628,Y,System,10/8/2026,,0e0568e800d20a11cf3a0fd3ee3cf14b30cd06cd71b76210bea99a69ec1eee5a
NOISE_1591,Sekitar GKU 1 Amplitudo/32 kHz Medium Amplitudo/20261005_114600T.WAV,0,55,55,Sekitar GKU 1 Amplitudo,Medium,-5.359642,105.312365,10/5/2026,11:15,Siang,Cerah,24F31901603767F6,Unknown,32000,Unknown,Amplitude,0.0657184,0.9999695,Y,System,10/8/2026,,b4256d14015419eaba428fc5e2848108e50bb58dd2a623d04b039bfc44c14f96
NOISE_1592,Sekitar GKU 1 Amplitudo/32 kHz Medium Amplitudo/20261005_114700T.WAV,0,55,55,Sekitar GKU 1 Amplitudo,Medium,-5.359642,105.312365,10/5/2026,11:15,Siang,Cerah,24F31901603767F6,Unknown,32000,Unknown,Amplitude,0.05439899,0.37460327,Y,System,10/8/2026,,08e04d65ac9cb6eb0ae9692224dff37eb455a0c60ce6dc3b4a7eca540c3ff190
NOISE_1593,Sekitar GKU 1 Amplitudo/32 kHz Medium Amplitudo/20261005_114800T.WAV,0,55,55,Sekitar GKU 1 Amplitudo,Medium,-5.359642,105.312365,10/5/2026,11:15,Siang,Cerah,24F31901603767F6,Unknown,32000,Unknown,Amplitude,0.06265152,0.49197388,Y,System,10/8/2026,,1ad8296584b737865be7f140202cb968ec232c9752d27118abb8f32f0c595a74
NOISE_1594,Sekitar GKU 1 Amplitudo/32 kHz Medium Amplitudo/20261005_114900T.WAV,0,55,55,Sekitar GKU 1 Amplitudo,Medium,-5.359642,105.312365,10/5/2026,11:15,Siang,Cerah,24F31901603767F6,Unknown,32000,Unknown,Amplitude,0.057269134,0.38931274,Y,System,10/8/2026,,22b2bddd7bb9789dc06959aa7eeda0240c8f41de66d907891eb72dd678b4e299
NOISE_1595,Sekitar GKU 1 Amplitudo/32 kHz Medium Amplitudo/20261005_115000T.WAV,0,55,55,Sekitar GKU 1 Amplitudo,Medium,-5.359642,105.312365,10/5/2026,11:15,Siang,Cerah,24F31901603767F6,Unknown,32000,Unknown,Amplitude,0.051775515,0.36810303,Y,System,10/8/2026,,c42d36dd972f7fe36697d0c1fce70a59848b5407c0353afeeade43af1a535a63
NOISE_1596,Sekitar GKU 1 Amplitudo/32 kHz Medium Amplitudo/20261005_115100T.WAV,0,55,55,Sekitar GKU 1 Amplitudo,Medium,-5.359642,105.312365,10/5/2026,11:15,Siang,Cerah,24F31901603767F6,Unknown,32000,Unknown,Amplitude,0.055031285,0.43865967,Y,System,10/8/2026,,f3831a123446aa2d1540b4dfb5601a0d3b3f9e0a9d8f7f8d26122c4c93928e99
NOISE_1597,Sekitar GKU 1 Amplitudo/32 kHz Medium Amplitudo/20261005_115200T.WAV,0,55,55,Sekitar GKU 1 Amplitudo,Medium,-5.359642,105.312365,10/5/2026,11:15,Siang,Cerah,24F31901603767F6,Unknown,32000,Unknown,Amplitude,0.045452837,0.37039185,Y,System,10/8/2026,,8694e2b36cd3a600c7e35cc2bfdbe7a9952a441326775cce5deddf096a2b1f99
NOISE_1598,Sekitar GKU 1 Amplitudo/32 kHz Medium Amplitudo/20261005_115300T.WAV,0,55,55,Sekitar GKU 1 Amplitudo,Medium,-5.359642,105.312365,10/5/2026,11:15,Siang,Cerah,24F31901603767F6,Unknown,32000,Unknown,Amplitude,0.0691985,0.75897217,Y,System,10/8/2026,,0c9835ae0f8b154938b1890702911e08ff5bde29f9f0b69f366e8cdc4b326ec2
NOISE_1599,Sekitar GKU 1 Amplitudo/32 kHz Medium Amplitudo/20261005_115400T.WAV,0,55,55,Sekitar GKU 1 Amplitudo,Medium,-5.359642,105.312365,10/5/2026,11:15,Siang,Cerah,24F31901603767F6,Unknown,32000,Unknown,Amplitude,0.058249433,0.40179443,Y,System,10/8/2026,,7189b8e06d875ec6c6d3edad1de1a2c5333169c69e1d2ec6458620a88e35317e
NOISE_1600,Sekitar GKU 1 Amplitudo/32 kHz Medium Amplitudo/20261005_115500T.WAV,0,55,55,Sekitar GKU 1 Amplitudo,Medium,-5.359642,105.312365,10/5/2026,11:15,Siang,Cerah,24F31901603767F6,Unknown,32000,Unknown,Amplitude,0.08421142,0.9999695,Y,System,10/8/2026,,b9733bbffa2bf34e7cf4190c09da253d1257f372e573f1e4c27c58ca272d11dd
NOISE_1601,Sekitar GKU 1 Amplitudo/32 kHz Medium Amplitudo/20261005_115600T.WAV,0,55,55,Sekitar GKU 1 Amplitudo,Medium,-5.359642,105.312365,10/5/2026,11:15,Siang,Cerah,24F31901603767F6,Unknown,32000,Unknown,Amplitude,0.05085364,0.37756348,Y,System,10/8/2026,,21ef46520418dc353f423ea35828ab730c6e65593e7279e982346fd3c0fabe15
NOISE_1602,Sekitar GKU 1 Amplitudo/32 kHz Medium Amplitudo/20261005_115700T.WAV,0,55,55,Sekitar GKU 1 Amplitudo,Medium,-5.359642,105.312365,10/5/2026,11:15,Siang,Cerah,24F31901603767F6,Unknown,32000,Unknown,Amplitude,0.056298703,0.3503418,Y,System,10/8/2026,,16e6d20addf2a1e1ef8dc4421ec452c24b169004f92e59f48882c67e7a7c95c9
NOISE_1603,Sekitar GKU 1 Amplitudo/32 kHz Medium Amplitudo/20261005_115800T.WAV,0,55,55,Sekitar GKU 1 Amplitudo,Medium,-5.359642,105.312365,10/5/2026,11:15,Siang,Cerah,24F31901603767F6,Unknown,32000,Unknown,Amplitude,0.05252518,0.43988037,Y,System,10/8/2026,,199147e055934eaf9aa8543da614dec32332cd449cbe92ea98e51c965ee4f3ff
NOISE_1604,Sekitar GKU 1 Amplitudo/32 kHz Medium Amplitudo/20261005_115900T.WAV,0,55,55,Sekitar GKU 1 Amplitudo,Medium,-5.359642,105.312365,10/5/2026,11:15,Siang,Cerah,24F31901603767F6,Unknown,32000,Unknown,Amplitude,0.062005967,0.5336609,Y,System,10/8/2026,,5f7b0a0d426017f7efb848801c0c477cae4dc92793cbb1cf5855bbfaa58118cc
NOISE_1605,Sekitar GKU 1 Amplitudo/32 kHz Medium Amplitudo/20261005_120000T.WAV,0,55,55,Sekitar GKU 1 Amplitudo,Medium,-5.359642,105.312365,10/5/2026,11:15,Siang,Cerah,24F31901603767F6,Unknown,32000,Unknown,Amplitude,0.058716882,0.39978027,Y,System,10/8/2026,,45c1267fc1c0db3aebbb87a16c5970db5a8667448ad78c6beab73904914f9438
NOISE_1606,Sekitar GKU 1 Amplitudo/32 kHz Medium Amplitudo/20261005_120100T.WAV,0,55,55,Sekitar GKU 1 Amplitudo,Medium,-5.359642,105.312365,10/5/2026,11:15,Siang,Cerah,24F31901603767F6,Unknown,32000,Unknown,Amplitude,0.071393505,0.69699097,Y,System,10/8/2026,,9a3a527e79d74f4351a10c9584b2d49ce721e746234afbccd8dd9eadf705d8c0
NOISE_1607,Sekitar GKU 1 Amplitudo/32 kHz Medium Amplitudo/20261005_120200T.WAV,0,55,55,Sekitar GKU 1 Amplitudo,Medium,-5.359642,105.312365,10/5/2026,11:15,Siang,Cerah,24F31901603767F6,Unknown,32000,Unknown,Amplitude,0.06168706,0.40847778,Y,System,10/8/2026,,5a31ed25361f300a3073318a322f233eeb2c61aa954f01dc5dec401054648168
NOISE_1608,Sekitar GKU 1 Amplitudo/32 kHz Medium Amplitudo/20261005_120300T.WAV,0,55,55,Sekitar GKU 1 Amplitudo,Medium,-5.359642,105.312365,10/5/2026,11:15,Siang,Cerah,24F31901603767F6,Unknown,32000,Unknown,Amplitude,0.06275936,0.6156006,Y,System,10/8/2026,,d5b254fd1972ac6afa9108f076f604c2cb50f549fff8fbc7b48f7f4ea38aa4f3
NOISE_1609,Sekitar GKU 1 Amplitudo/32 kHz Medium Amplitudo/20261005_120400T.WAV,0,55,55,Sekitar GKU 1 Amplitudo,Medium,-5.359642,105.312365,10/5/2026,11:15,Siang,Cerah,24F31901603767F6,Unknown,32000,Unknown,Amplitude,0.052907918,0.3658142,Y,System,10/8/2026,,e181f6f4afd024f15919e6400185fbc9dfa87f59d8e09c183dd73c82788d0557
NOISE_1610,Sekitar GKU 1 Amplitudo/32 kHz Medium Amplitudo/20261005_120500T.WAV,0,55,55,Sekitar GKU 1 Amplitudo,Medium,-5.359642,105.312365,10/5/2026,11:15,Siang,Cerah,24F31901603767F6,Unknown,32000,Unknown,Amplitude,0.06382668,0.93237305,Y,System,10/8/2026,,184e78b71d785de97e7e3a2ff85107d43a944615646b59ab89c27fbe7842d87c
NOISE_1611,Sekitar GKU 1 Amplitudo/32 kHz Medium Amplitudo/20261005_120600T.WAV,0,55,55,Sekitar GKU 1 Amplitudo,Medium,-5.359642,105.312365,10/5/2026,11:15,Siang,Cerah,24F31901603767F6,Unknown,32000,Unknown,Amplitude,0.06554221,0.6767578,Y,System,10/8/2026,,6326608b6d491372bb9c6c8677ec9c1440c6fa952d2e9e8697058a1a1e7a57ae
NOISE_1612,Sekitar GKU 1 Amplitudo/32 kHz Medium Amplitudo/20261005_120700T.WAV,0,55,55,Sekitar GKU 1 Amplitudo,Medium,-5.359642,105.312365,10/5/2026,11:15,Siang,Cerah,24F31901603767F6,Unknown,32000,Unknown,Amplitude,0.06880806,0.7578125,Y,System,10/8/2026,,182119aecc05883be1c35a91aa8d78a90a0b29bceba10b031ff5817c70c85624
NOISE_1613,Sekitar GKU 1 Amplitudo/32 kHz Medium Amplitudo/20261005_120800T.WAV,0,55,55,Sekitar GKU 1 Amplitudo,Medium,-5.359642,105.312365,10/5/2026,11:15,Siang,Cerah,24F31901603767F6,Unknown,32000,Unknown,Amplitude,0.08271244,0.6748047,Y,System,10/8/2026,,f31a9a30081338eb5288957a23cd941417f80bd33a62dbc84c3dfef99a304acd
NOISE_1614,Sekitar GKU 1 Amplitudo/32 kHz Medium Amplitudo/20261005_120900T.WAV,0,55,55,Sekitar GKU 1 Amplitudo,Medium,-5.359642,105.312365,10/5/2026,11:15,Siang,Cerah,24F31901603767F6,Unknown,32000,Unknown,Amplitude,0.054678176,0.37329102,Y,System,10/8/2026,,997b675c3516bccf86881c52774a1b3e86fca8ab8f23ec6131ba35a7f4117ca0
NOISE_1615,Sekitar GKU 1 Amplitudo/32 kHz Medium Amplitudo/20261005_121000T.WAV,0,55,55,Sekitar GKU 1 Amplitudo,Medium,-5.359642,105.312365,10/5/2026,11:15,Siang,Cerah,24F31901603767F6,Unknown,32000,Unknown,Amplitude,0.076565556,0.9999695,Y,System,10/8/2026,,6e665bc17888c8e19e632af347bb246337ad26276e0bfe222067964cb45bca31
NOISE_1616,Sekitar GKU 1 Amplitudo/32 kHz Medium Amplitudo/20261005_121100T.WAV,0,55,55,Sekitar GKU 1 Amplitudo,Medium,-5.359642,105.312365,10/5/2026,11:15,Siang,Cerah,24F31901603767F6,Unknown,32000,Unknown,Amplitude,0.05514029,0.6880188,Y,System,10/8/2026,,aebab5bff2baf5aeb9f60aed4985db3e94b675a11ff3efdaed8c4f2fa4686872
NOISE_1617,Sekitar GKU 1 Amplitudo/32 kHz Medium Amplitudo/20261005_121200T.WAV,0,55,55,Sekitar GKU 1 Amplitudo,Medium,-5.359642,105.312365,10/5/2026,11:15,Siang,Cerah,24F31901603767F6,Unknown,32000,Unknown,Amplitude,0.057406705,0.4835205,Y,System,10/8/2026,,0ccbb5d16ff8109e7d8418b62024034dc720c3a75c90e03b8d62ffe3ed199619
NOISE_1618,Sekitar GKU 1 Amplitudo/32 kHz Medium Amplitudo/20261005_121300T.WAV,0,55,55,Sekitar GKU 1 Amplitudo,Medium,-5.359642,105.312365,10/5/2026,11:15,Siang,Cerah,24F31901603767F6,Unknown,32000,Unknown,Amplitude,0.04912883,0.38360596,Y,System,10/8/2026,,758b1bd795a4c293fc632b06b80fb08b65f6ff401fc7c3a2c798dba8535c4554
NOISE_1619,Sekitar GKU 1 Amplitudo/32 kHz Medium Amplitudo/20261005_121400T.WAV,0,55,55,Sekitar GKU 1 Amplitudo,Medium,-5.359642,105.312365,10/5/2026,11:15,Siang,Cerah,24F31901603767F6,Unknown,32000,Unknown,Amplitude,0.045596942,0.37072754,Y,System,10/8/2026,,ff3c8efac3200f988d710b15d4b7f2b3323f4a1391a459e24487f915b51a07e3
NOISE_1620,Sekitar GKU 1 Frequency/32 kHz High Frequency/20260930_164000T.WAV,0,55,55,Sekitar GKU 1 Frequency,High,-5.35869,105.312261,9/30/2026,16:40,Siang,Cerah,24F31901603767F6,Unknown,32000,Unknown,Frequency,0.19601624,0.9999695,Y,System,10/8/2026,,714329b86b6fd235d7d1d7bab4383f961b90f43218341c9b1b90c62e2790ca85
NOISE_1621,Sekitar GKU 1 Frequency/32 kHz High Frequency/20260930_164100T.WAV,0,55,55,Sekitar GKU 1 Frequency,High,-5.35869,105.312261,9/30/2026,16:40,Siang,Cerah,24F31901603767F6,Unknown,32000,Unknown,Frequency,0.17191355,0.9999695,Y,System,10/8/2026,,dbe09cda700f1b8a28370d663a101ec3b249f2b7953ba900a333fc129315b6b2
NOISE_1622,Sekitar GKU 1 Frequency/32 kHz High Frequency/20260930_164200T.WAV,0,55,55,Sekitar GKU 1 Frequency,High,-5.35869,105.312261,9/30/2026,16:40,Siang,Cerah,24F31901603767F6,Unknown,32000,Unknown,Frequency,0.28763014,0.9999695,Y,System,10/8/2026,,26ab3b87cb40e165a140e7413dd027f92a82f01606927cc53d450377a22927e5
NOISE_1623,Sekitar GKU 1 Frequency/32 kHz High Frequency/20260930_164300T.WAV,0,55,55,Sekitar GKU 1 Frequency,High,-5.35869,105.312261,9/30/2026,16:40,Siang,Cerah,24F31901603767F6,Unknown,32000,Unknown,Frequency,0.26974887,0.9999695,Y,System,10/8/2026,,59a415450be7b75ec17dd931b09ffb4f7e3973a799343086c966b079bfba10bb
NOISE_1624,Sekitar GKU 1 Frequency/32 kHz High Frequency/20260930_164400T.WAV,0,55,55,Sekitar GKU 1 Frequency,High,-5.35869,105.312261,9/30/2026,16:40,Siang,Cerah,24F31901603767F6,Unknown,32000,Unknown,Frequency,0.21184291,0.9999695,Y,System,10/8/2026,,39d1ca7970ef75f65ea44fc167522776fbd37143947ed188e6911ae579d9a630
NOISE_1625,Sekitar GKU 1 Frequency/32 kHz High Frequency/20260930_164500T.WAV,0,55,55,Sekitar GKU 1 Frequency,High,-5.35869,105.312261,9/30/2026,16:40,Siang,Cerah,24F31901603767F6,Unknown,32000,Unknown,Frequency,0.27355233,0.9999695,Y,System,10/8/2026,,8e45a8afe5889d98a8336581a08a881095311643c8a3dff768caec31a4810542
NOISE_1626,Sekitar GKU 1 Frequency/32 kHz High Frequency/20260930_164600T.WAV,0,55,55,Sekitar GKU 1 Frequency,High,-5.35869,105.312261,9/30/2026,16:40,Siang,Cerah,24F31901603767F6,Unknown,32000,Unknown,Frequency,0.20346215,0.9999695,Y,System,10/8/2026,,c788af7384b8f87b4ab0b13fc0af9f71c4a4cb63c696b1093eb5c2496d243be6
NOISE_1627,Sekitar GKU 1 Frequency/32 kHz High Frequency/20260930_164700T.WAV,0,55,55,Sekitar GKU 1 Frequency,High,-5.35869,105.312261,9/30/2026,16:40,Siang,Cerah,24F31901603767F6,Unknown,32000,Unknown,Frequency,0.23761462,0.9999695,Y,System,10/8/2026,,280bbc94de1b507f926c55f7b533d4d7fbd2c6f5474b66dd76b46d9bafb436a4
NOISE_1628,Sekitar GKU 1 Frequency/32 kHz High Frequency/20260930_164800T.WAV,0,55,55,Sekitar GKU 1 Frequency,High,-5.35869,105.312261,9/30/2026,16:40,Siang,Cerah,24F31901603767F6,Unknown,32000,Unknown,Frequency,0.20096451,0.9999695,Y,System,10/8/2026,,850c17f9789de0b2772baa84aaf86863f1d5557a8465eac5ac61ca6fbc776416
NOISE_1629,Sekitar GKU 1 Frequency/32 kHz High Frequency/20260930_164900T.WAV,0,55,55,Sekitar GKU 1 Frequency,High,-5.35869,105.312261,9/30/2026,16:40,Siang,Cerah,24F31901603767F6,Unknown,32000,Unknown,Frequency,0.22559057,0.9999695,Y,System,10/8/2026,,43076ed364734d33a25b2a20baf5ed9f2da0b05c804f15d549274a50c8cbe928
NOISE_1630,Sekitar GKU 1 Frequency/32 kHz High Frequency/20260930_165000T.WAV,0,55,55,Sekitar GKU 1 Frequency,High,-5.35869,105.312261,9/30/2026,16:40,Siang,Cerah,24F31901603767F6,Unknown,32000,Unknown,Frequency,0.17899914,0.9999695,Y,System,10/8/2026,,9b8a9a78749d598fc677991d478e14525a31930029a95eb305ec071c880c249c
NOISE_1631,Sekitar GKU 1 Frequency/32 kHz High Frequency/20260930_165100T.WAV,0,55,55,Sekitar GKU 1 Frequency,High,-5.35869,105.312261,9/30/2026,16:40,Siang,Cerah,24F31901603767F6,Unknown,32000,Unknown,Frequency,0.21901059,0.9999695,Y,System,10/8/2026,,d05e1a4393f0717aff543d9bafc9cef2a0ad605988886f561de27d72a6c9c26a
NOISE_1632,Sekitar GKU 1 Frequency/32 kHz High Frequency/20260930_165200T.WAV,0,55,55,Sekitar GKU 1 Frequency,High,-5.35869,105.312261,9/30/2026,16:40,Siang,Cerah,24F31901603767F6,Unknown,32000,Unknown,Frequency,0.25124347,0.9999695,Y,System,10/8/2026,,13f1384b14b48041026ea16d360178af7e138e556c02d2bc9b4c7b892f6ca20b
NOISE_1633,Sekitar GKU 1 Frequency/32 kHz High Frequency/20260930_165300T.WAV,0,55,55,Sekitar GKU 1 Frequency,High,-5.35869,105.312261,9/30/2026,16:40,Siang,Cerah,24F31901603767F6,Unknown,32000,Unknown,Frequency,0.21898496,0.9999695,Y,System,10/8/2026,,048cf95b139071c154e27c4a8aca7dfb8643a99cbebca1bdf6c6cd5653e0631e
NOISE_1634,Sekitar GKU 1 Frequency/32 kHz High Frequency/20260930_165400T.WAV,0,55,55,Sekitar GKU 1 Frequency,High,-5.35869,105.312261,9/30/2026,16:40,Siang,Cerah,24F31901603767F6,Unknown,32000,Unknown,Frequency,0.22081828,0.9999695,Y,System,10/8/2026,,2ade1fdacc9afb52e3087b7f4cc2bf359104528242f7c877358967473bcfb716
NOISE_1635,Sekitar GKU 1 Frequency/32 kHz High Frequency/20260930_165500T.WAV,0,55,55,Sekitar GKU 1 Frequency,High,-5.35869,105.312261,9/30/2026,16:40,Siang,Cerah,24F31901603767F6,Unknown,32000,Unknown,Frequency,0.22906551,0.9999695,Y,System,10/8/2026,,836fa21077b263091a7a80f5baae603f3369c025564b81d28937df04d0633d50
NOISE_1636,Sekitar GKU 1 Frequency/32 kHz High Frequency/20260930_165600T.WAV,0,55,55,Sekitar GKU 1 Frequency,High,-5.35869,105.312261,9/30/2026,16:40,Siang,Cerah,24F31901603767F6,Unknown,32000,Unknown,Frequency,0.19886501,0.9999695,Y,System,10/8/2026,,1f05a8c9b5da94c64517af48f709515a0663f95c2c2feecb7afc55d1f7c59ecd
NOISE_1637,Sekitar GKU 1 Frequency/32 kHz High Frequency/20260930_165700T.WAV,0,55,55,Sekitar GKU 1 Frequency,High,-5.35869,105.312261,9/30/2026,16:40,Siang,Cerah,24F31901603767F6,Unknown,32000,Unknown,Frequency,0.25290388,0.9999695,Y,System,10/8/2026,,b75e5d44ec8b9078610dd2eb2208026ada03a20b54f939f686e78c12b8c54f9a
NOISE_1638,Sekitar GKU 1 Frequency/32 kHz High Frequency/20260930_165800T.WAV,0,55,55,Sekitar GKU 1 Frequency,High,-5.35869,105.312261,9/30/2026,16:40,Siang,Cerah,24F31901603767F6,Unknown,32000,Unknown,Frequency,0.26670715,0.9999695,Y,System,10/8/2026,,4d0ecbd3497e4ba57e3fcf4a8be568232fb00ea3968c85dc3919abc56908d479
NOISE_1639,Sekitar GKU 1 Frequency/32 kHz High Frequency/20260930_165900T.WAV,0,55,55,Sekitar GKU 1 Frequency,High,-5.35869,105.312261,9/30/2026,16:40,Siang,Cerah,24F31901603767F6,Unknown,32000,Unknown,Frequency,0.21276774,0.9999695,Y,System,10/8/2026,,6dd998028afac290f0deb92287ac3923b8fb21331fe8ed3fc2e7e9689edae974
NOISE_1640,Sekitar GKU 1 Frequency/32 kHz High Frequency/20260930_170000T.WAV,0,55,55,Sekitar GKU 1 Frequency,High,-5.35869,105.312261,9/30/2026,16:40,Siang,Cerah,24F31901603767F6,Unknown,32000,Unknown,Frequency,0.2160691,0.9999695,Y,System,10/8/2026,,5ef023e708c46967d7fa2be3ccdbcc6f6b0f685aa8e92a012240ed2676884f52
NOISE_1641,Sekitar GKU 1 Frequency/32 kHz High Frequency/20260930_170100T.WAV,0,55,55,Sekitar GKU 1 Frequency,High,-5.35869,105.312261,9/30/2026,16:40,Siang,Cerah,24F31901603767F6,Unknown,32000,Unknown,Frequency,0.18226562,0.9999695,Y,System,10/8/2026,,9669657fbe827d04d25ff9310e47a9e1847505c18e30119fd01ab9170d61d504
NOISE_1642,Sekitar GKU 1 Frequency/32 kHz High Frequency/20260930_170200T.WAV,0,55,55,Sekitar GKU 1 Frequency,High,-5.35869,105.312261,9/30/2026,16:40,Siang,Cerah,24F31901603767F6,Unknown,32000,Unknown,Frequency,0.2034697,0.9999695,Y,System,10/8/2026,,56b910c31587143805b760c793f97d74a85537b552163d5d858befabd7473829
NOISE_1643,Sekitar GKU 1 Frequency/32 kHz High Frequency/20260930_170300T.WAV,0,55,55,Sekitar GKU 1 Frequency,High,-5.35869,105.312261,9/30/2026,16:40,Siang,Cerah,24F31901603767F6,Unknown,32000,Unknown,Frequency,0.34029168,0.9999695,Y,System,10/8/2026,,6728591b884473ec790d9c4ece7c9c87be2d08233fbdfe44c41fc8aa2221b32c
NOISE_1644,Sekitar GKU 1 Frequency/32 kHz High Frequency/20260930_170400T.WAV,0,55,55,Sekitar GKU 1 Frequency,High,-5.35869,105.312261,9/30/2026,16:40,Siang,Cerah,24F31901603767F6,Unknown,32000,Unknown,Frequency,0.18233135,0.9999695,Y,System,10/8/2026,,0c1d3f318cd0e4172ee14aeea1ae95b81e4ea87e104c6b739f2b1e8fee218a4e
NOISE_1645,Sekitar GKU 1 Frequency/32 kHz High Frequency/20260930_170500T.WAV,0,55,55,Sekitar GKU 1 Frequency,High,-5.35869,105.312261,9/30/2026,16:40,Siang,Cerah,24F31901603767F6,Unknown,32000,Unknown,Frequency,0.1830846,0.9999695,Y,System,10/8/2026,,148d8fd6a8d5d5489e12104b112cb70efd5895f100af0c4937bf247f2597ffe9
NOISE_1646,Sekitar GKU 1 Frequency/32 kHz High Frequency/20260930_170600T.WAV,0,55,55,Sekitar GKU 1 Frequency,High,-5.35869,105.312261,9/30/2026,16:40,Siang,Cerah,24F31901603767F6,Unknown,32000,Unknown,Frequency,0.21887289,0.9999695,Y,System,10/8/2026,,bfe5951dede0dfeea8d0d0eb07023d5935185fb8e061b37373bfc3fee85ec046
NOISE_1647,Sekitar GKU 1 Frequency/32 kHz High Frequency/20260930_170700T.WAV,0,55,55,Sekitar GKU 1 Frequency,High,-5.35869,105.312261,9/30/2026,16:40,Siang,Cerah,24F31901603767F6,Unknown,32000,Unknown,Frequency,0.25299057,0.9999695,Y,System,10/8/2026,,d729c668f7eb81e1d53606ca35e3b969ee61935b9ecf9c97a4e89e07a74af8ec
NOISE_1648,Sekitar GKU 1 Frequency/32 kHz High Frequency/20260930_170800T.WAV,0,55,55,Sekitar GKU 1 Frequency,High,-5.35869,105.312261,9/30/2026,16:40,Siang,Cerah,24F31901603767F6,Unknown,32000,Unknown,Frequency,0.22275907,0.9999695,Y,System,10/8/2026,,5445e4de17e3a470be40802e43e64dc3893587d2f01cdb06b27b571cd540e7f3
NOISE_1649,Sekitar GKU 1 Frequency/32 kHz High Frequency/20260930_170900T.WAV,0,55,55,Sekitar GKU 1 Frequency,High,-5.35869,105.312261,9/30/2026,16:40,Siang,Cerah,24F31901603767F6,Unknown,32000,Unknown,Frequency,0.17843802,0.9999695,Y,System,10/8/2026,,23fcb8c496c164250202bbaf98c67a9a3754e06a59a03b3b25932bf17241068c
NOISE_1650,Sekitar GKU 1 Frequency/32 kHz High Frequency/20260930_171000T.WAV,0,55,55,Sekitar GKU 1 Frequency,High,-5.35869,105.312261,9/30/2026,16:40,Siang,Cerah,24F31901603767F6,Unknown,32000,Unknown,Frequency,0.21844201,0.9999695,Y,System,10/8/2026,,182638e5c22ac7c249e4cbb27fdae03470bd562d102586205e90d76913ac57b4
NOISE_1651,Sekitar GKU 1 Frequency/32 kHz High Frequency/20260930_171100T.WAV,0,55,55,Sekitar GKU 1 Frequency,High,-5.35869,105.312261,9/30/2026,16:40,Siang,Cerah,24F31901603767F6,Unknown,32000,Unknown,Frequency,0.18613644,0.9999695,Y,System,10/8/2026,,1c4d4e8aee61ca2cfc81dc78b9a108a695f9995549fb3764446e4d2e9d6cb947
NOISE_1652,Sekitar GKU 1 Frequency/32 kHz High Frequency/20260930_171200T.WAV,0,55,55,Sekitar GKU 1 Frequency,High,-5.35869,105.312261,9/30/2026,16:40,Siang,Cerah,24F31901603767F6,Unknown,32000,Unknown,Frequency,0.15861198,0.9999695,Y,System,10/8/2026,,6508aaabfac3f16daf61eafa95f8f19f3a267c29097a6a8331bffefb636cfa8b
NOISE_1653,Sekitar GKU 1 Frequency/32 kHz High Frequency/20260930_171300T.WAV,0,55,55,Sekitar GKU 1 Frequency,High,-5.35869,105.312261,9/30/2026,16:40,Siang,Cerah,24F31901603767F6,Unknown,32000,Unknown,Frequency,0.19867782,0.9999695,Y,System,10/8/2026,,7fe604a15fd37b055c7bb1e957211839a7ea177352cd63372c7813cb46f05dfd
NOISE_1654,Sekitar GKU 1 Frequency/32 kHz High Frequency/20260930_171400T.WAV,0,55,55,Sekitar GKU 1 Frequency,High,-5.35869,105.312261,9/30/2026,16:40,Siang,Cerah,24F31901603767F6,Unknown,32000,Unknown,Frequency,0.17054015,0.9999695,Y,System,10/8/2026,,c4db7ecd013f8e8b985cbc9c504fc29a583ba6336d64acc37ee8e506dca9aa51
NOISE_1655,Sekitar GKU 1 Frequency/32 kHz High Frequency/20260930_171500T.WAV,0,55,55,Sekitar GKU 1 Frequency,High,-5.35869,105.312261,9/30/2026,16:40,Siang,Cerah,24F31901603767F6,Unknown,32000,Unknown,Frequency,0.16153254,0.9999695,Y,System,10/8/2026,,d9fb23f7aee4e8a93e69dadac126cb2b05c24899ba5a1e05feb07bd0b20619ce
NOISE_1656,Sekitar GKU 1 Frequency/32 kHz High Frequency/20260930_171600T.WAV,0,55,55,Sekitar GKU 1 Frequency,High,-5.35869,105.312261,9/30/2026,16:40,Siang,Cerah,24F31901603767F6,Unknown,32000,Unknown,Frequency,0.17259003,0.9999695,Y,System,10/8/2026,,025bb56cffb2e06bff8162a9e5e42cb58822b84113490f2da046b219104d5e5b
NOISE_1657,Sekitar GKU 1 Frequency/32 kHz High Frequency/20260930_171700T.WAV,0,55,55,Sekitar GKU 1 Frequency,High,-5.35869,105.312261,9/30/2026,16:40,Siang,Cerah,24F31901603767F6,Unknown,32000,Unknown,Frequency,0.18256092,0.9999695,Y,System,10/8/2026,,d71bd17d3d2aef01a49654c3142b9505f74e810185faaff354ec2235830689e0
NOISE_1658,Sekitar GKU 1 Frequency/32 kHz High Frequency/20260930_171800T.WAV,0,55,55,Sekitar GKU 1 Frequency,High,-5.35869,105.312261,9/30/2026,16:40,Siang,Cerah,24F31901603767F6,Unknown,32000,Unknown,Frequency,0.21894284,0.9999695,Y,System,10/8/2026,,a97e860e3d1f08c3a61ddef00af99b6d40087eb2b24a11849aa2b00148f06f5a
NOISE_1659,Sekitar GKU 1 Frequency/32 kHz High Frequency/20260930_171900T.WAV,0,55,55,Sekitar GKU 1 Frequency,High,-5.35869,105.312261,9/30/2026,16:40,Siang,Cerah,24F31901603767F6,Unknown,32000,Unknown,Frequency,0.19763693,0.9999695,Y,System,10/8/2026,,1d3af543ac5d5ee18fd3ff8fbf3016a67e6d901e6b3f2bb76898f38260525caa
NOISE_1660,Sekitar GKU 1 Frequency/32 kHz High Frequency/20260930_172000T.WAV,0,55,55,Sekitar GKU 1 Frequency,High,-5.35869,105.312261,9/30/2026,16:40,Siang,Cerah,24F31901603767F6,Unknown,32000,Unknown,Frequency,0.19840023,0.9999695,Y,System,10/8/2026,,a849b2b8618548036e9328f14b8ebb9246555d331892f6f5629e653616d02aed
NOISE_1661,Sekitar GKU 1 Frequency/32 kHz High Frequency/20260930_172100T.WAV,0,55,55,Sekitar GKU 1 Frequency,High,-5.35869,105.312261,9/30/2026,16:40,Siang,Cerah,24F31901603767F6,Unknown,32000,Unknown,Frequency,0.22516397,0.9999695,Y,System,10/8/2026,,2706a93eb43a9ed3372c2bfafed0f8861251d07da76ec12640a4e3d9f132ed4c
NOISE_1662,Sekitar GKU 1 Frequency/32 kHz High Frequency/20260930_172200T.WAV,0,55,55,Sekitar GKU 1 Frequency,High,-5.35869,105.312261,9/30/2026,16:40,Siang,Cerah,24F31901603767F6,Unknown,32000,Unknown,Frequency,0.22715509,0.9999695,Y,System,10/8/2026,,e32d7f829b55538fe269bdd86315bf2a50f3ed54bd91804f13b93b11a79b63e9
NOISE_1663,Sekitar GKU 1 Frequency/32 kHz High Frequency/20260930_172300T.WAV,0,55,55,Sekitar GKU 1 Frequency,High,-5.35869,105.312261,9/30/2026,16:40,Siang,Cerah,24F31901603767F6,Unknown,32000,Unknown,Frequency,0.21184686,0.9999695,Y,System,10/8/2026,,ee6eeff3c5c06826f0eedde78d9dba084236081c0a79f0aa8f2fa8e36d77781f
NOISE_1664,Sekitar GKU 1 Frequency/32 kHz High Frequency/20260930_172400T.WAV,0,55,55,Sekitar GKU 1 Frequency,High,-5.35869,105.312261,9/30/2026,16:40,Siang,Cerah,24F31901603767F6,Unknown,32000,Unknown,Frequency,0.20813984,0.9999695,Y,System,10/8/2026,,71a2c24a3a8cb38842a8a0449a1ac65019b6a218d6b616f7ddcd3dff62ef60bb
NOISE_1665,Sekitar GKU 1 Frequency/32 kHz High Frequency/20260930_172500T.WAV,0,55,55,Sekitar GKU 1 Frequency,High,-5.35869,105.312261,9/30/2026,16:40,Siang,Cerah,24F31901603767F6,Unknown,32000,Unknown,Frequency,0.19887215,0.9999695,Y,System,10/8/2026,,4c060010b28f543cb85c15c9e35163834722a6930b476aee938b3a05971d7c06
NOISE_1666,Sekitar GKU 1 Frequency/32 kHz High Frequency/20260930_172600T.WAV,0,55,55,Sekitar GKU 1 Frequency,High,-5.35869,105.312261,9/30/2026,16:40,Siang,Cerah,24F31901603767F6,Unknown,32000,Unknown,Frequency,0.19333906,0.9999695,Y,System,10/8/2026,,d0f83b472386c7d9180a2c5b53cf383e94b281f83e67fa016e3099495ab73075
NOISE_1667,Sekitar GKU 1 Frequency/32 kHz High Frequency/20260930_172700T.WAV,0,55,55,Sekitar GKU 1 Frequency,High,-5.35869,105.312261,9/30/2026,16:40,Siang,Cerah,24F31901603767F6,Unknown,32000,Unknown,Frequency,0.18860263,0.9999695,Y,System,10/8/2026,,686658ca5038ea1667f1709904d57efee9b2eca88d55857ce395b87a60c98cfc
NOISE_1668,Sekitar GKU 1 Frequency/32 kHz High Frequency/20260930_172800T.WAV,0,55,55,Sekitar GKU 1 Frequency,High,-5.35869,105.312261,9/30/2026,16:40,Siang,Cerah,24F31901603767F6,Unknown,32000,Unknown,Frequency,0.18960023,0.9999695,Y,System,10/8/2026,,b46be875f407c5796a53784d52cba7874e782b9f4b73ea22d86eaf229eaa3437
NOISE_1669,Sekitar GKU 1 Frequency/32 kHz High Frequency/20260930_172900T.WAV,0,55,55,Sekitar GKU 1 Frequency,High,-5.35869,105.312261,9/30/2026,16:40,Siang,Cerah,24F31901603767F6,Unknown,32000,Unknown,Frequency,0.18710625,0.9999695,Y,System,10/8/2026,,cc482e994f52c14abcdca07eca80d932767059cd502260edc06ceff3d4ecb7fb
NOISE_1670,Sekitar GKU 1 Frequency/32 kHz High Frequency/20260930_173000T.WAV,0,55,55,Sekitar GKU 1 Frequency,High,-5.35869,105.312261,9/30/2026,16:40,Siang,Cerah,24F31901603767F6,Unknown,32000,Unknown,Frequency,0.21818982,0.9999695,Y,System,10/8/2026,,ee95cdf7fd4b5821937d19957877e7033d966e64f3be6d938eaa39386796c30c
NOISE_1671,Sekitar GKU 1 Frequency/32 kHz High Frequency/20260930_173100T.WAV,0,55,55,Sekitar GKU 1 Frequency,High,-5.35869,105.312261,9/30/2026,16:40,Siang,Cerah,24F31901603767F6,Unknown,32000,Unknown,Frequency,0.19844222,0.9999695,Y,System,10/8/2026,,54cdc164200cc22d5c9b635521e7669011ac1dd9bfbf5808329de7c53ee4543b
NOISE_1672,Sekitar GKU 1 Frequency/32 kHz High Frequency/20260930_173200T.WAV,0,55,55,Sekitar GKU 1 Frequency,High,-5.35869,105.312261,9/30/2026,16:40,Siang,Cerah,24F31901603767F6,Unknown,32000,Unknown,Frequency,0.20137954,0.9999695,Y,System,10/8/2026,,20f323f295fb7a4f2b9bd5d843c661f607991914d538123adc244331d954233b
NOISE_1673,Sekitar GKU 1 Frequency/32 kHz High Frequency/20260930_173300T.WAV,0,55,55,Sekitar GKU 1 Frequency,High,-5.35869,105.312261,9/30/2026,16:40,Siang,Cerah,24F31901603767F6,Unknown,32000,Unknown,Frequency,0.23066334,0.9999695,Y,System,10/8/2026,,e89f5da50cb41360ba14b31a728408b86ad9ae7cb0f6df7c7fd4601f9ece373e
NOISE_1674,Sekitar GKU 1 Frequency/32 kHz High Frequency/20260930_173400T.WAV,0,55,55,Sekitar GKU 1 Frequency,High,-5.35869,105.312261,9/30/2026,16:40,Siang,Cerah,24F31901603767F6,Unknown,32000,Unknown,Frequency,0.20242739,0.9999695,Y,System,10/8/2026,,bc2943c23956e9cceac32f3d1c71152ef2ea604974d1f8f5ae10d531bd399219
NOISE_1675,Sekitar GKU 1 Frequency/32 kHz High Frequency/20260930_173500T.WAV,0,55,55,Sekitar GKU 1 Frequency,High,-5.35869,105.312261,9/30/2026,16:40,Siang,Cerah,24F31901603767F6,Unknown,32000,Unknown,Frequency,0.28521526,0.9999695,Y,System,10/8/2026,,fd9397d323d8fc5f82018f110af4198489528bc533a39a13333ab8f515b59442
NOISE_1676,Sekitar GKU 1 Frequency/32 kHz High Frequency/20260930_173600T.WAV,0,55,55,Sekitar GKU 1 Frequency,High,-5.35869,105.312261,9/30/2026,16:40,Siang,Cerah,24F31901603767F6,Unknown,32000,Unknown,Frequency,0.24012169,0.9999695,Y,System,10/8/2026,,4d1fadd209c9217c76b12e218ca8dfc4f5fbf722205f7a4dc2b8eae4bb6c3bd2
NOISE_1677,Sekitar GKU 1 Frequency/32 kHz High Frequency/20260930_173700T.WAV,0,55,55,Sekitar GKU 1 Frequency,High,-5.35869,105.312261,9/30/2026,16:40,Siang,Cerah,24F31901603767F6,Unknown,32000,Unknown,Frequency,0.19022998,0.9999695,Y,System,10/8/2026,,5fc12014c0d0d67afbff50e2f14aebdc6bbf9fdd27da4286322bbca42d199462
NOISE_1678,Sekitar GKU 1 Frequency/32 kHz High Frequency/20260930_173800T.WAV,0,55,55,Sekitar GKU 1 Frequency,High,-5.35869,105.312261,9/30/2026,16:40,Siang,Cerah,24F31901603767F6,Unknown,32000,Unknown,Frequency,0.21757378,0.9999695,Y,System,10/8/2026,,74b331146e40a7e2fd2434c153308afa85ef5677e93dbaa71db1de773aac01f5
NOISE_1679,Sekitar GKU 1 Frequency/32 kHz High Frequency/20260930_173900T.WAV,0,55,55,Sekitar GKU 1 Frequency,High,-5.35869,105.312261,9/30/2026,16:40,Siang,Cerah,24F31901603767F6,Unknown,32000,Unknown,Frequency,0.27831063,0.9999695,Y,System,10/8/2026,,5cc0c302963ddb8d05090323f0d0cc96c5a3605ea61b9a3c78054ad7e7098646
NOISE_1680,Sekitar GKU 1 Frequency/32 kHz Low Frequency/20260930_142300T.WAV,0,55,55,Sekitar GKU 1 Frequency,Low,-5.35945,105.311566,9/30/2026,14:23,Siang,Cerah,24F31901603767F6,Unknown,32000,Unknown,Frequency,0.044821177,0.6564636,Y,System,10/8/2026,,6ab01a1e2d4588d2f87b5cd6b98298f07769cf20108631342ceb945ed00dc95a
NOISE_1681,Sekitar GKU 1 Frequency/32 kHz Low Frequency/20260930_142400T.WAV,0,55,55,Sekitar GKU 1 Frequency,Low,-5.35945,105.311566,9/30/2026,14:23,Siang,Cerah,24F31901603767F6,Unknown,32000,Unknown,Frequency,0.037894,0.44537354,Y,System,10/8/2026,,2a865bb1bc636460471ae3280692540be5e4029f07dedb5ee7db19ebd00409c8
NOISE_1682,Sekitar GKU 1 Frequency/32 kHz Low Frequency/20260930_142500T.WAV,0,55,55,Sekitar GKU 1 Frequency,Low,-5.35945,105.311566,9/30/2026,14:23,Siang,Cerah,24F31901603767F6,Unknown,32000,Unknown,Frequency,0.030158252,0.30059814,Y,System,10/8/2026,,590554590c93e6afa6c4df404b308aa1d563841e94924ddc6321633b9ca34188
NOISE_1683,Sekitar GKU 1 Frequency/32 kHz Low Frequency/20260930_142600T.WAV,0,55,55,Sekitar GKU 1 Frequency,Low,-5.35945,105.311566,9/30/2026,14:23,Siang,Cerah,24F31901603767F6,Unknown,32000,Unknown,Frequency,0.051290777,0.9999695,Y,System,10/8/2026,,14a209a63e73375d5abc2a7c6cb1bc8178292e97418a28745750570ebb6e5c90
NOISE_1684,Sekitar GKU 1 Frequency/32 kHz Low Frequency/20260930_142700T.WAV,0,55,55,Sekitar GKU 1 Frequency,Low,-5.35945,105.311566,9/30/2026,14:23,Siang,Cerah,24F31901603767F6,Unknown,32000,Unknown,Frequency,0.02729764,0.23425293,Y,System,10/8/2026,,2ee68c2bc3a46ad088fb861fe8830aef9fdfb74510175f846993c30d164012b3
NOISE_1685,Sekitar GKU 1 Frequency/32 kHz Low Frequency/20260930_142800T.WAV,0,55,55,Sekitar GKU 1 Frequency,Low,-5.35945,105.311566,9/30/2026,14:23,Siang,Cerah,24F31901603767F6,Unknown,32000,Unknown,Frequency,0.023344478,0.5812988,Y,System,10/8/2026,,516b14e209f575565ec19a2d95593dfcc1e1dba9fe7452c7447da543c8b551e0
NOISE_1686,Sekitar GKU 1 Frequency/32 kHz Low Frequency/20260930_142900T.WAV,0,55,55,Sekitar GKU 1 Frequency,Low,-5.35945,105.311566,9/30/2026,14:23,Siang,Cerah,24F31901603767F6,Unknown,32000,Unknown,Frequency,0.026393626,0.23147583,Y,System,10/8/2026,,33becf42c5e4c5156d8e980a10fe1a883b1bb342f7776b51a5c806a1abe8da23
NOISE_1687,Sekitar GKU 1 Frequency/32 kHz Low Frequency/20260930_143000T.WAV,0,55,55,Sekitar GKU 1 Frequency,Low,-5.35945,105.311566,9/30/2026,14:23,Siang,Cerah,24F31901603767F6,Unknown,32000,Unknown,Frequency,0.035153497,0.29992676,Y,System,10/8/2026,,c0f42e1ed403449ded28dcd1310ba25783e89066d252f3613ae3e15106e38d77
NOISE_1688,Sekitar GKU 1 Frequency/32 kHz Low Frequency/20260930_143100T.WAV,0,55,55,Sekitar GKU 1 Frequency,Low,-5.35945,105.311566,9/30/2026,14:23,Siang,Cerah,24F31901603767F6,Unknown,32000,Unknown,Frequency,0.034311835,0.2574463,Y,System,10/8/2026,,f120b773e137d0d91f91e0259014d27cc86c4987e185fba68d32850ca0f83b10
NOISE_1689,Sekitar GKU 1 Frequency/32 kHz Low Frequency/20260930_143200T.WAV,0,55,55,Sekitar GKU 1 Frequency,Low,-5.35945,105.311566,9/30/2026,14:23,Siang,Cerah,24F31901603767F6,Unknown,32000,Unknown,Frequency,0.053071298,0.67196655,Y,System,10/8/2026,,c680dd97e6983a93d7c462c9919e4918191e0d4543fb67079d0e5464247a65fe
NOISE_1690,Sekitar GKU 1 Frequency/32 kHz Low Frequency/20260930_143300T.WAV,0,55,55,Sekitar GKU 1 Frequency,Low,-5.35945,105.311566,9/30/2026,14:23,Siang,Cerah,24F31901603767F6,Unknown,32000,Unknown,Frequency,0.03842613,0.38095093,Y,System,10/8/2026,,8b6a6f5af4490de8d0e19d52a0c50f30518d61b2035750057e9eeb0d6cd3983f
NOISE_1691,Sekitar GKU 1 Frequency/32 kHz Low Frequency/20260930_143400T.WAV,0,55,55,Sekitar GKU 1 Frequency,Low,-5.35945,105.311566,9/30/2026,14:23,Siang,Cerah,24F31901603767F6,Unknown,32000,Unknown,Frequency,0.043068316,0.35577393,Y,System,10/8/2026,,b9f9b32c6a9818203ff7f5338a931973a5c4672cf706ea587b6320b8c876844e
NOISE_1692,Sekitar GKU 1 Frequency/32 kHz Low Frequency/20260930_143500T.WAV,0,55,55,Sekitar GKU 1 Frequency,Low,-5.35945,105.311566,9/30/2026,14:23,Siang,Cerah,24F31901603767F6,Unknown,32000,Unknown,Frequency,0.03321002,0.34561157,Y,System,10/8/2026,,ceb3ea24372a27827ab55703f7f23cab9e3b13350a0142b0c0cf0cfd8688af48
NOISE_1693,Sekitar GKU 1 Frequency/32 kHz Low Frequency/20260930_143600T.WAV,0,55,55,Sekitar GKU 1 Frequency,Low,-5.35945,105.311566,9/30/2026,14:23,Siang,Cerah,24F31901603767F6,Unknown,32000,Unknown,Frequency,0.042513307,0.39605713,Y,System,10/8/2026,,9397939aaa33a65fbc775f3f6f3a4a2a452fd764a88d5db82cc5567afd6275a4
NOISE_1694,Sekitar GKU 1 Frequency/32 kHz Low Frequency/20260930_143700T.WAV,0,55,55,Sekitar GKU 1 Frequency,Low,-5.35945,105.311566,9/30/2026,14:23,Siang,Cerah,24F31901603767F6,Unknown,32000,Unknown,Frequency,0.049721643,0.38104248,Y,System,10/8/2026,,8681bea4359727d2ba8fe4a873b078f067bcbfff54754efe8a882e36d6a11227
NOISE_1695,Sekitar GKU 1 Frequency/32 kHz Low Frequency/20260930_143800T.WAV,0,55,55,Sekitar GKU 1 Frequency,Low,-5.35945,105.311566,9/30/2026,14:23,Siang,Cerah,24F31901603767F6,Unknown,32000,Unknown,Frequency,0.04891157,0.59432983,Y,System,10/8/2026,,efd133355687515261b4ee52c814cb46c18393ba990984de00dbecc5aa205753
NOISE_1696,Sekitar GKU 1 Frequency/32 kHz Low Frequency/20260930_143900T.WAV,0,55,55,Sekitar GKU 1 Frequency,Low,-5.35945,105.311566,9/30/2026,14:23,Siang,Cerah,24F31901603767F6,Unknown,32000,Unknown,Frequency,0.06775297,0.7557678,Y,System,10/8/2026,,0d01a8a56fb0053d40bcd7af588c40a690f8eff124adcfd985065208ebb0fe8c
NOISE_1697,Sekitar GKU 1 Frequency/32 kHz Low Frequency/20260930_144000T.WAV,0,55,55,Sekitar GKU 1 Frequency,Low,-5.35945,105.311566,9/30/2026,14:23,Siang,Cerah,24F31901603767F6,Unknown,32000,Unknown,Frequency,0.045749456,0.4241333,Y,System,10/8/2026,,b71e08c53a539f861e2a876fe6633e104ca49434c8e93e698ccb6b75e63e905d
NOISE_1698,Sekitar GKU 1 Frequency/32 kHz Low Frequency/20260930_144100T.WAV,0,55,55,Sekitar GKU 1 Frequency,Low,-5.35945,105.311566,9/30/2026,14:23,Siang,Cerah,24F31901603767F6,Unknown,32000,Unknown,Frequency,0.041632723,0.34210205,Y,System,10/8/2026,,db609675e809ad3e86e0038a80721bfd694d8267e23074478805b6dc5f29fae6
NOISE_1699,Sekitar GKU 1 Frequency/32 kHz Low Frequency/20260930_144200T.WAV,0,55,55,Sekitar GKU 1 Frequency,Low,-5.35945,105.311566,9/30/2026,14:23,Siang,Cerah,24F31901603767F6,Unknown,32000,Unknown,Frequency,0.04471292,0.29815674,Y,System,10/8/2026,,16b6248503c67c318cbeaca8ae84cf92f340c1a7deb87b0ae0327632be1c63af
NOISE_1700,Sekitar GKU 1 Frequency/32 kHz Low Frequency/20260930_144300T.WAV,0,55,55,Sekitar GKU 1 Frequency,Low,-5.35945,105.311566,9/30/2026,14:23,Siang,Cerah,24F31901603767F6,Unknown,32000,Unknown,Frequency,0.052279618,0.65133667,Y,System,10/8/2026,,546b9dad5d42b4dde5df87c2eb3d159a51f48180b37ada7b87fad73214d8f904
NOISE_1701,Sekitar GKU 1 Frequency/32 kHz Low Frequency/20260930_144400T.WAV,0,55,55,Sekitar GKU 1 Frequency,Low,-5.35945,105.311566,9/30/2026,14:23,Siang,Cerah,24F31901603767F6,Unknown,32000,Unknown,Frequency,0.054973744,0.62615967,Y,System,10/8/2026,,b9b62a9956ca039df6fa8f93b78d3e58f1b4490232ddca9fc87907f074ec567b
NOISE_1702,Sekitar GKU 1 Frequency/32 kHz Low Frequency/20260930_144500T.WAV,0,55,55,Sekitar GKU 1 Frequency,Low,-5.35945,105.311566,9/30/2026,14:23,Siang,Cerah,24F31901603767F6,Unknown,32000,Unknown,Frequency,0.05066511,0.5374756,Y,System,10/8/2026,,d602b0cc0952a6d656462eb695e93a6bb306b1d0b8d98b977a74cce9a1f37ece
NOISE_1703,Sekitar GKU 1 Frequency/32 kHz Low Frequency/20260930_144600T.WAV,0,55,55,Sekitar GKU 1 Frequency,Low,-5.35945,105.311566,9/30/2026,14:23,Siang,Cerah,24F31901603767F6,Unknown,32000,Unknown,Frequency,0.061035674,0.40338135,Y,System,10/8/2026,,31ff5f8c0ce480e39f49fda452f3f9c7ac1a2f028f6e2e726dc9387f1cc06283
NOISE_1704,Sekitar GKU 1 Frequency/32 kHz Low Frequency/20260930_144700T.WAV,0,55,55,Sekitar GKU 1 Frequency,Low,-5.35945,105.311566,9/30/2026,14:23,Siang,Cerah,24F31901603767F6,Unknown,32000,Unknown,Frequency,0.051751547,0.518219,Y,System,10/8/2026,,ee55e31b87ceb7efd1dae90740edd1903e239bf4725b5429263e503afc2c2e6c
NOISE_1705,Sekitar GKU 1 Frequency/32 kHz Low Frequency/20260930_144800T.WAV,0,55,55,Sekitar GKU 1 Frequency,Low,-5.35945,105.311566,9/30/2026,14:23,Siang,Cerah,24F31901603767F6,Unknown,32000,Unknown,Frequency,0.05916288,0.92355347,Y,System,10/8/2026,,f63759e6ea79303844a96497ee5ace4b492ab6b8e9396dc039526ab549aac94f
NOISE_1706,Sekitar GKU 1 Frequency/32 kHz Low Frequency/20260930_144900T.WAV,0,55,55,Sekitar GKU 1 Frequency,Low,-5.35945,105.311566,9/30/2026,14:23,Siang,Cerah,24F31901603767F6,Unknown,32000,Unknown,Frequency,0.051011667,0.50128174,Y,System,10/8/2026,,c30b8ff7adeccf66cef50586efa6ae37f91d22b4d985b73dcf25c131501f58ce
NOISE_1707,Sekitar GKU 1 Frequency/32 kHz Low Frequency/20260930_145000T.WAV,0,55,55,Sekitar GKU 1 Frequency,Low,-5.35945,105.311566,9/30/2026,14:23,Siang,Cerah,24F31901603767F6,Unknown,32000,Unknown,Frequency,0.055872798,0.419281,Y,System,10/8/2026,,ac047d4538f1c6cc4ed9c0a1e606e3182309aa8fe4654bfe372d0c829b51a042
NOISE_1708,Sekitar GKU 1 Frequency/32 kHz Low Frequency/20260930_145100T.WAV,0,55,55,Sekitar GKU 1 Frequency,Low,-5.35945,105.311566,9/30/2026,14:23,Siang,Cerah,24F31901603767F6,Unknown,32000,Unknown,Frequency,0.050258778,0.52389526,Y,System,10/8/2026,,c5913f09ac397f27fe4bc97807e37fd7924c3fac75ad971296b3d19c29724017
NOISE_1709,Sekitar GKU 1 Frequency/32 kHz Low Frequency/20260930_145200T.WAV,0,55,55,Sekitar GKU 1 Frequency,Low,-5.35945,105.311566,9/30/2026,14:23,Siang,Cerah,24F31901603767F6,Unknown,32000,Unknown,Frequency,0.037675906,0.32028198,Y,System,10/8/2026,,80b0ce51a17618a00ce9d463a417a00c14c87c39a1ec36fae8249f9f8ceae56d
NOISE_1710,Sekitar GKU 1 Frequency/32 kHz Low Frequency/20260930_145300T.WAV,0,55,55,Sekitar GKU 1 Frequency,Low,-5.35945,105.311566,9/30/2026,14:23,Siang,Cerah,24F31901603767F6,Unknown,32000,Unknown,Frequency,0.05879083,0.7986145,Y,System,10/8/2026,,4184de507cf0b3b44cb4bce8c2933dfdd724aaa7ed5fadfbac4269891ffd1f66
NOISE_1711,Sekitar GKU 1 Frequency/32 kHz Low Frequency/20260930_145400T.WAV,0,55,55,Sekitar GKU 1 Frequency,Low,-5.35945,105.311566,9/30/2026,14:23,Siang,Cerah,24F31901603767F6,Unknown,32000,Unknown,Frequency,0.043294862,0.2944641,Y,System,10/8/2026,,9e4be2cd972cfe5e01d445216fbb343cb78594e18f867cbb554030631bc744ef
NOISE_1712,Sekitar GKU 1 Frequency/32 kHz Low Frequency/20260930_145500T.WAV,0,55,55,Sekitar GKU 1 Frequency,Low,-5.35945,105.311566,9/30/2026,14:23,Siang,Cerah,24F31901603767F6,Unknown,32000,Unknown,Frequency,0.06122147,0.59820557,Y,System,10/8/2026,,61978c2c4687053f8d1942cb06fb8f04fca9e0e80e8b3557a71dc21fb8715297
NOISE_1713,Sekitar GKU 1 Frequency/32 kHz Low Frequency/20260930_145600T.WAV,0,55,55,Sekitar GKU 1 Frequency,Low,-5.35945,105.311566,9/30/2026,14:23,Siang,Cerah,24F31901603767F6,Unknown,32000,Unknown,Frequency,0.046387002,0.40408325,Y,System,10/8/2026,,6561bbc65cfdb6e3c597975ced013eb5ef65553bb5c571e50498c8a15532a113
NOISE_1714,Sekitar GKU 1 Frequency/32 kHz Low Frequency/20260930_145700T.WAV,0,55,55,Sekitar GKU 1 Frequency,Low,-5.35945,105.311566,9/30/2026,14:23,Siang,Cerah,24F31901603767F6,Unknown,32000,Unknown,Frequency,0.04164014,0.34884644,Y,System,10/8/2026,,7518b8021263ec00cc3bbdd617dd4d7e95b7052d52d906c1e2cb0bb8d1c65de9
NOISE_1715,Sekitar GKU 1 Frequency/32 kHz Low Frequency/20260930_145800T.WAV,0,55,55,Sekitar GKU 1 Frequency,Low,-5.35945,105.311566,9/30/2026,14:23,Siang,Cerah,24F31901603767F6,Unknown,32000,Unknown,Frequency,0.047679782,0.44177246,Y,System,10/8/2026,,3f10fe7e914d64a0f232a38f52ff6b08fa372c16fb8eb55a28574567b75e6823
NOISE_1716,Sekitar GKU 1 Frequency/32 kHz Low Frequency/20260930_145900T.WAV,0,55,55,Sekitar GKU 1 Frequency,Low,-5.35945,105.311566,9/30/2026,14:23,Siang,Cerah,24F31901603767F6,Unknown,32000,Unknown,Frequency,0.07406508,0.9999695,Y,System,10/8/2026,,d248b44cc0ee92d791f3cc4329d4a949cada4ca12d142da371b9187b14c8309d
NOISE_1717,Sekitar GKU 1 Frequency/32 kHz Low Frequency/20260930_150000T.WAV,0,55,55,Sekitar GKU 1 Frequency,Low,-5.35945,105.311566,9/30/2026,14:23,Siang,Cerah,24F31901603767F6,Unknown,32000,Unknown,Frequency,0.035428505,0.41885376,Y,System,10/8/2026,,0a07c677331c7f87cba394e289908a713793c7bb00b83306acd7f36d86b654d9
NOISE_1718,Sekitar GKU 1 Frequency/32 kHz Low Frequency/20260930_150100T.WAV,0,55,55,Sekitar GKU 1 Frequency,Low,-5.35945,105.311566,9/30/2026,14:23,Siang,Cerah,24F31901603767F6,Unknown,32000,Unknown,Frequency,0.042777784,0.32537842,Y,System,10/8/2026,,56bb241e361f10426c89f3df5b3b3f069520ba1893001d4fdc2788bb7be714d5
NOISE_1719,Sekitar GKU 1 Frequency/32 kHz Low Frequency/20260930_150200T.WAV,0,55,55,Sekitar GKU 1 Frequency,Low,-5.35945,105.311566,9/30/2026,14:23,Siang,Cerah,24F31901603767F6,Unknown,32000,Unknown,Frequency,0.058928154,0.5322876,Y,System,10/8/2026,,5e98525903e61cc3b007ac58497e051500a54c0001a42ae8d00ebe61895194e7
NOISE_1720,Sekitar GKU 1 Frequency/32 kHz Low Frequency/20260930_150300T.WAV,0,55,55,Sekitar GKU 1 Frequency,Low,-5.35945,105.311566,9/30/2026,14:23,Siang,Cerah,24F31901603767F6,Unknown,32000,Unknown,Frequency,0.08219409,0.9999695,Y,System,10/8/2026,,6d3638c84c7dc4f8637b068b8e920c9b4f8f1a1ba405eab57d18d6c529bd6836
NOISE_1721,Sekitar GKU 1 Frequency/32 kHz Low Frequency/20260930_150400T.WAV,0,55,55,Sekitar GKU 1 Frequency,Low,-5.35945,105.311566,9/30/2026,14:23,Siang,Cerah,24F31901603767F6,Unknown,32000,Unknown,Frequency,0.0552607,0.62805176,Y,System,10/8/2026,,3f34330fc35753285665a8044d50417303691c1ed5beefac26f4606e637b3f7f
NOISE_1722,Sekitar GKU 1 Frequency/32 kHz Low Frequency/20260930_150500T.WAV,0,55,55,Sekitar GKU 1 Frequency,Low,-5.35945,105.311566,9/30/2026,14:23,Siang,Cerah,24F31901603767F6,Unknown,32000,Unknown,Frequency,0.036867637,0.4006958,Y,System,10/8/2026,,81aaaf60e57bd5e517afc5e9583cd58541bd680e75947d3753b9f9aaf5c5160d
NOISE_1723,Sekitar GKU 1 Frequency/32 kHz Low Frequency/20260930_150600T.WAV,0,55,55,Sekitar GKU 1 Frequency,Low,-5.35945,105.311566,9/30/2026,14:23,Siang,Cerah,24F31901603767F6,Unknown,32000,Unknown,Frequency,0.039250236,0.6661682,Y,System,10/8/2026,,9c7760546852dc94b3e866982b3bf3798e73df20b2b62d66dd525f335ef26e2e
NOISE_1724,Sekitar GKU 1 Frequency/32 kHz Low Frequency/20260930_150700T.WAV,0,55,55,Sekitar GKU 1 Frequency,Low,-5.35945,105.311566,9/30/2026,14:23,Siang,Cerah,24F31901603767F6,Unknown,32000,Unknown,Frequency,0.049921557,0.49038696,Y,System,10/8/2026,,48c27f125b492a56f15b8295aec0fb7a6dcb09a02f4b797e0248598ed7c496e6
NOISE_1725,Sekitar GKU 1 Frequency/32 kHz Low Frequency/20260930_150800T.WAV,0,55,55,Sekitar GKU 1 Frequency,Low,-5.35945,105.311566,9/30/2026,14:23,Siang,Cerah,24F31901603767F6,Unknown,32000,Unknown,Frequency,0.038604587,0.34875488,Y,System,10/8/2026,,608aeac015532c64fce3c9e5cddbb876da8013b1bad45f1112337f20b53d6543
NOISE_1726,Sekitar GKU 1 Frequency/32 kHz Low Frequency/20260930_150900T.WAV,0,55,55,Sekitar GKU 1 Frequency,Low,-5.35945,105.311566,9/30/2026,14:23,Siang,Cerah,24F31901603767F6,Unknown,32000,Unknown,Frequency,0.029309776,0.24603271,Y,System,10/8/2026,,cd4229783edd7d202ae0811f177edf559de4ed5016c1992b65c99649c77c3865
NOISE_1727,Sekitar GKU 1 Frequency/32 kHz Low Frequency/20260930_151000T.WAV,0,55,55,Sekitar GKU 1 Frequency,Low,-5.35945,105.311566,9/30/2026,14:23,Siang,Cerah,24F31901603767F6,Unknown,32000,Unknown,Frequency,0.036458123,0.26696777,Y,System,10/8/2026,,e65f2872147eabe1a42cc026a37fe1a75894c673bdd71e3395a3d77ff5b694b0
NOISE_1728,Sekitar GKU 1 Frequency/32 kHz Low Frequency/20260930_151100T.WAV,0,55,55,Sekitar GKU 1 Frequency,Low,-5.35945,105.311566,9/30/2026,14:23,Siang,Cerah,24F31901603767F6,Unknown,32000,Unknown,Frequency,0.053909656,0.5,Y,System,10/8/2026,,210db49be1ada757155ac9e00044fc2d6aad5271a09b63ae97f8cc689d109fff
NOISE_1729,Sekitar GKU 1 Frequency/32 kHz Low Frequency/20260930_151200T.WAV,0,55,55,Sekitar GKU 1 Frequency,Low,-5.35945,105.311566,9/30/2026,14:23,Siang,Cerah,24F31901603767F6,Unknown,32000,Unknown,Frequency,0.056365766,0.4921875,Y,System,10/8/2026,,23e13d41162160ec1a5a6acd64c6a871549fbcafbf64f7125401f9243676b714
NOISE_1730,Sekitar GKU 1 Frequency/32 kHz Low Frequency/20260930_151300T.WAV,0,55,55,Sekitar GKU 1 Frequency,Low,-5.35945,105.311566,9/30/2026,14:23,Siang,Cerah,24F31901603767F6,Unknown,32000,Unknown,Frequency,0.054337826,0.6586609,Y,System,10/8/2026,,5655500f07da057aff95db02808258b578ff386395c680b4dc75c825ef9b3c3d
NOISE_1731,Sekitar GKU 1 Frequency/32 kHz Low Frequency/20260930_151400T.WAV,0,55,55,Sekitar GKU 1 Frequency,Low,-5.35945,105.311566,9/30/2026,14:23,Siang,Cerah,24F31901603767F6,Unknown,32000,Unknown,Frequency,0.062083535,0.7016907,Y,System,10/8/2026,,04c5d98e650da2be395120afbf8a5ebbb914c0c67bfe1b3436d7421ed7406f2d
NOISE_1732,Sekitar GKU 1 Frequency/32 kHz Low Frequency/20260930_151500T.WAV,0,55,55,Sekitar GKU 1 Frequency,Low,-5.35945,105.311566,9/30/2026,14:23,Siang,Cerah,24F31901603767F6,Unknown,32000,Unknown,Frequency,0.06322587,0.8736572,Y,System,10/8/2026,,b85000453e8397c95c182177d8c13f4489679e8df33f019dc157a01d35fd3c84
NOISE_1733,Sekitar GKU 1 Frequency/32 kHz Low Frequency/20260930_151600T.WAV,0,55,55,Sekitar GKU 1 Frequency,Low,-5.35945,105.311566,9/30/2026,14:23,Siang,Cerah,24F31901603767F6,Unknown,32000,Unknown,Frequency,0.041396573,0.41018677,Y,System,10/8/2026,,8a4c08352d874374e49962b3cdd7e27405cc38c4431fdba7257af00d6b0fc9df
NOISE_1734,Sekitar GKU 1 Frequency/32 kHz Low Frequency/20260930_151700T.WAV,0,55,55,Sekitar GKU 1 Frequency,Low,-5.35945,105.311566,9/30/2026,14:23,Siang,Cerah,24F31901603767F6,Unknown,32000,Unknown,Frequency,0.07476032,0.9292908,Y,System,10/8/2026,,6e25f2cec15a804268b0ff9b2c383429b1498be964e60d5d73e12025a9ec1812
NOISE_1735,Sekitar GKU 1 Frequency/32 kHz Low Frequency/20260930_151800T.WAV,0,55,55,Sekitar GKU 1 Frequency,Low,-5.35945,105.311566,9/30/2026,14:23,Siang,Cerah,24F31901603767F6,Unknown,32000,Unknown,Frequency,0.048750743,0.9999695,Y,System,10/8/2026,,f32bb4f4a371c21ed05dfe02a78acd993f588a62c2051c7fdd28c1a5477b2ed8
NOISE_1736,Sekitar GKU 1 Frequency/32 kHz Low Frequency/20260930_151900T.WAV,0,55,55,Sekitar GKU 1 Frequency,Low,-5.35945,105.311566,9/30/2026,14:23,Siang,Cerah,24F31901603767F6,Unknown,32000,Unknown,Frequency,0.06401655,0.9999695,Y,System,10/8/2026,,056d61eaa94363e9aede2de01b522e942bc61d41f6fb5928010a97e864de3499
NOISE_1737,Sekitar GKU 1 Frequency/32 kHz Low Frequency/20260930_152000T.WAV,0,55,55,Sekitar GKU 1 Frequency,Low,-5.35945,105.311566,9/30/2026,14:23,Siang,Cerah,24F31901603767F6,Unknown,32000,Unknown,Frequency,0.03440642,0.32980347,Y,System,10/8/2026,,6f0835ddcd538832e27becf06fb8f7ea71515880a50cdc2c0580dedc04ae822b
NOISE_1738,Sekitar GKU 1 Frequency/32 kHz Low Frequency/20260930_152100T.WAV,0,55,55,Sekitar GKU 1 Frequency,Low,-5.35945,105.311566,9/30/2026,14:23,Siang,Cerah,24F31901603767F6,Unknown,32000,Unknown,Frequency,0.053481717,0.8960266,Y,System,10/8/2026,,97c544f43c055013eb19999b87292623cc057a9d00613e7a961f982125173678
NOISE_1739,Sekitar GKU 1 Frequency/32 kHz Low Frequency/20260930_152200T.WAV,0,55,55,Sekitar GKU 1 Frequency,Low,-5.35945,105.311566,9/30/2026,14:23,Siang,Cerah,24F31901603767F6,Unknown,32000,Unknown,Frequency,0.025226478,0.20687866,Y,System,10/8/2026,,758e039bea2e624da51a5bab97a9f469b843dbb9ad6d93c2db80ec17651d965a
NOISE_1740,Sekitar GKU 1 Frequency/32 kHz Medium Frequency/20260930_153000T.WAV,0,55,55,Sekitar GKU 1 Frequency,Medium,-5.35904,105.311758,9/30/2026,15:30,Siang,Cerah,24F31901603767F6,Unknown,32000,Unknown,Frequency,0.065119445,0.99554443,Y,System,10/8/2026,,9ba3d57eb1505bce4bbcb543e40e5325f94d06f53750744091fc1c0f9b4f41a3
NOISE_1741,Sekitar GKU 1 Frequency/32 kHz Medium Frequency/20260930_153100T.WAV,0,55,55,Sekitar GKU 1 Frequency,Medium,-5.35904,105.311758,9/30/2026,15:30,Siang,Cerah,24F31901603767F6,Unknown,32000,Unknown,Frequency,0.0755032,0.7166443,Y,System,10/8/2026,,2cac010214a65a2b473514dd83340f77e751bdc507ed33b23b82c93831600084
NOISE_1742,Sekitar GKU 1 Frequency/32 kHz Medium Frequency/20260930_153200T.WAV,0,55,55,Sekitar GKU 1 Frequency,Medium,-5.35904,105.311758,9/30/2026,15:30,Siang,Cerah,24F31901603767F6,Unknown,32000,Unknown,Frequency,0.054981463,0.4638672,Y,System,10/8/2026,,ec3dd8ae57be1522782011515f9e11e98a6502f5491fd7753eb34ff6994dcd75
NOISE_1743,Sekitar GKU 1 Frequency/32 kHz Medium Frequency/20260930_153300T.WAV,0,55,55,Sekitar GKU 1 Frequency,Medium,-5.35904,105.311758,9/30/2026,15:30,Siang,Cerah,24F31901603767F6,Unknown,32000,Unknown,Frequency,0.046022207,0.28625488,Y,System,10/8/2026,,2368171e5cb567e7dbcf910b5e47127b615f16a9e0ad040709caa26301427c39
NOISE_1744,Sekitar GKU 1 Frequency/32 kHz Medium Frequency/20260930_153400T.WAV,0,55,55,Sekitar GKU 1 Frequency,Medium,-5.35904,105.311758,9/30/2026,15:30,Siang,Cerah,24F31901603767F6,Unknown,32000,Unknown,Frequency,0.053865563,0.32785034,Y,System,10/8/2026,,ebe5195e8417172770e2114b3c27ea419a9e34a3d6dac134474f333094d1c937
NOISE_1745,Sekitar GKU 1 Frequency/32 kHz Medium Frequency/20260930_153500T.WAV,0,55,55,Sekitar GKU 1 Frequency,Medium,-5.35904,105.311758,9/30/2026,15:30,Siang,Cerah,24F31901603767F6,Unknown,32000,Unknown,Frequency,0.052186973,0.39834595,Y,System,10/8/2026,,cc4c74c61fd2ae14da29fdb4957de76bbcb2cb2ea3de1881afc292dee1faa9c7
NOISE_1746,Sekitar GKU 1 Frequency/32 kHz Medium Frequency/20260930_153600T.WAV,0,55,55,Sekitar GKU 1 Frequency,Medium,-5.35904,105.311758,9/30/2026,15:30,Siang,Cerah,24F31901603767F6,Unknown,32000,Unknown,Frequency,0.061636224,0.38150024,Y,System,10/8/2026,,a072ef06ade80a60de366789f30bd13d4406de050860aa434479e4e277331293
NOISE_1747,Sekitar GKU 1 Frequency/32 kHz Medium Frequency/20260930_153700T.WAV,0,55,55,Sekitar GKU 1 Frequency,Medium,-5.35904,105.311758,9/30/2026,15:30,Siang,Cerah,24F31901603767F6,Unknown,32000,Unknown,Frequency,0.046325408,0.3562622,Y,System,10/8/2026,,f86b186538c591b99a6cb0f32e8981c5533cd320b996b79d381544e7de174e87
NOISE_1748,Sekitar GKU 1 Frequency/32 kHz Medium Frequency/20260930_153800T.WAV,0,55,55,Sekitar GKU 1 Frequency,Medium,-5.35904,105.311758,9/30/2026,15:30,Siang,Cerah,24F31901603767F6,Unknown,32000,Unknown,Frequency,0.050400455,0.57058716,Y,System,10/8/2026,,4d997a36b66291a9e457ae3126d710d06d2cda5a03456e8d6ba9753603ee60bb
NOISE_1749,Sekitar GKU 1 Frequency/32 kHz Medium Frequency/20260930_153900T.WAV,0,55,55,Sekitar GKU 1 Frequency,Medium,-5.35904,105.311758,9/30/2026,15:30,Siang,Cerah,24F31901603767F6,Unknown,32000,Unknown,Frequency,0.064769424,0.42687988,Y,System,10/8/2026,,22076c1cd84a52a0a6385095437b98f204b7df93be8b6ebc1f3ebb9b6a79f0b8
NOISE_1750,Sekitar GKU 1 Frequency/32 kHz Medium Frequency/20260930_154000T.WAV,0,55,55,Sekitar GKU 1 Frequency,Medium,-5.35904,105.311758,9/30/2026,15:30,Siang,Cerah,24F31901603767F6,Unknown,32000,Unknown,Frequency,0.06483479,0.7251282,Y,System,10/8/2026,,a241bb1ba18225b51b3c95c411c78b85e3529b3e9c8d2591ef0a92ad0afda132
NOISE_1751,Sekitar GKU 1 Frequency/32 kHz Medium Frequency/20260930_154100T.WAV,0,55,55,Sekitar GKU 1 Frequency,Medium,-5.35904,105.311758,9/30/2026,15:30,Siang,Cerah,24F31901603767F6,Unknown,32000,Unknown,Frequency,0.062075388,0.5046997,Y,System,10/8/2026,,dcd112f730ed4601b73e761803efc6a21401253ff69f626372a88cdc7c039f33
NOISE_1752,Sekitar GKU 1 Frequency/32 kHz Medium Frequency/20260930_154200T.WAV,0,55,55,Sekitar GKU 1 Frequency,Medium,-5.35904,105.311758,9/30/2026,15:30,Siang,Cerah,24F31901603767F6,Unknown,32000,Unknown,Frequency,0.06001845,0.8270874,Y,System,10/8/2026,,4fb7cf169a53f12d1000d608464081006c71dc148291ef4093d67e52c41327ce
NOISE_1753,Sekitar GKU 1 Frequency/32 kHz Medium Frequency/20260930_154300T.WAV,0,55,55,Sekitar GKU 1 Frequency,Medium,-5.35904,105.311758,9/30/2026,15:30,Siang,Cerah,24F31901603767F6,Unknown,32000,Unknown,Frequency,0.055616632,0.5758972,Y,System,10/8/2026,,9ac355252b47665f9eedb5542aa4a62a4fd3c0777757b6073c9136d31a8e030a
NOISE_1754,Sekitar GKU 1 Frequency/32 kHz Medium Frequency/20260930_154400T.WAV,0,55,55,Sekitar GKU 1 Frequency,Medium,-5.35904,105.311758,9/30/2026,15:30,Siang,Cerah,24F31901603767F6,Unknown,32000,Unknown,Frequency,0.053026002,0.58135986,Y,System,10/8/2026,,1e2c89c7d2f07abadc923e402dd18750f0fd006055caa3102f87ebbd2806fc74
NOISE_1755,Sekitar GKU 1 Frequency/32 kHz Medium Frequency/20260930_154500T.WAV,0,55,55,Sekitar GKU 1 Frequency,Medium,-5.35904,105.311758,9/30/2026,15:30,Siang,Cerah,24F31901603767F6,Unknown,32000,Unknown,Frequency,0.055389427,0.64224243,Y,System,10/8/2026,,1cf91739e810b385af96536b61d8ba72b944e342d213643efc2c63dd8718c23a
NOISE_1756,Sekitar GKU 1 Frequency/32 kHz Medium Frequency/20260930_154600T.WAV,0,55,55,Sekitar GKU 1 Frequency,Medium,-5.35904,105.311758,9/30/2026,15:30,Siang,Cerah,24F31901603767F6,Unknown,32000,Unknown,Frequency,0.051181808,0.49676514,Y,System,10/8/2026,,bbeb178c8337537107b0a812ba455868c427f9bd128d3e977407547914c902a1
NOISE_1757,Sekitar GKU 1 Frequency/32 kHz Medium Frequency/20260930_154700T.WAV,0,55,55,Sekitar GKU 1 Frequency,Medium,-5.35904,105.311758,9/30/2026,15:30,Siang,Cerah,24F31901603767F6,Unknown,32000,Unknown,Frequency,0.056627426,0.4907837,Y,System,10/8/2026,,eb973eaedf45cb3e1b4c303e68cc8913f21e74b3ee73b24cfb75fec497dcadf3
NOISE_1758,Sekitar GKU 1 Frequency/32 kHz Medium Frequency/20260930_154800T.WAV,0,55,55,Sekitar GKU 1 Frequency,Medium,-5.35904,105.311758,9/30/2026,15:30,Siang,Cerah,24F31901603767F6,Unknown,32000,Unknown,Frequency,0.07277369,0.9999695,Y,System,10/8/2026,,fae2de0b6445f68c6b6a311e2ece86d80535a2187a4647debde6380c2f070aa7
NOISE_1759,Sekitar GKU 1 Frequency/32 kHz Medium Frequency/20260930_154900T.WAV,0,55,55,Sekitar GKU 1 Frequency,Medium,-5.35904,105.311758,9/30/2026,15:30,Siang,Cerah,24F31901603767F6,Unknown,32000,Unknown,Frequency,0.066966794,0.8334656,Y,System,10/8/2026,,40977e547d0978536ad90ebe51d58fbd19aeaf30a6fa21192d2ff016ebdbf5d7
NOISE_1760,Sekitar GKU 1 Frequency/32 kHz Medium Frequency/20260930_155000T.WAV,0,55,55,Sekitar GKU 1 Frequency,Medium,-5.35904,105.311758,9/30/2026,15:30,Siang,Cerah,24F31901603767F6,Unknown,32000,Unknown,Frequency,0.07575075,0.71533203,Y,System,10/8/2026,,72de85736be7de3f068461fb7a52040150f77a22d1d869b8bacdd6814be7233e
NOISE_1761,Sekitar GKU 1 Frequency/32 kHz Medium Frequency/20260930_155100T.WAV,0,55,55,Sekitar GKU 1 Frequency,Medium,-5.35904,105.311758,9/30/2026,15:30,Siang,Cerah,24F31901603767F6,Unknown,32000,Unknown,Frequency,0.05456251,0.48257446,Y,System,10/8/2026,,1cefc5ade1ec046b5005b47d51763b3b84973f9c7ea575f428f99dd5ed379ddb
NOISE_1762,Sekitar GKU 1 Frequency/32 kHz Medium Frequency/20260930_155200T.WAV,0,55,55,Sekitar GKU 1 Frequency,Medium,-5.35904,105.311758,9/30/2026,15:30,Siang,Cerah,24F31901603767F6,Unknown,32000,Unknown,Frequency,0.04063251,0.3763733,Y,System,10/8/2026,,df989a69d574d2c0996ad559144d8e49eac6412b41f57f17b08b349222968e07
NOISE_1763,Sekitar GKU 1 Frequency/32 kHz Medium Frequency/20260930_155300T.WAV,0,55,55,Sekitar GKU 1 Frequency,Medium,-5.35904,105.311758,9/30/2026,15:30,Siang,Cerah,24F31901603767F6,Unknown,32000,Unknown,Frequency,0.063345864,0.5172119,Y,System,10/8/2026,,dfd59b620a91d1f2347105427629c3a5f33720cfb81c06966e8a893a11c55413
NOISE_1764,Sekitar GKU 1 Frequency/32 kHz Medium Frequency/20260930_155400T.WAV,0,55,55,Sekitar GKU 1 Frequency,Medium,-5.35904,105.311758,9/30/2026,15:30,Siang,Cerah,24F31901603767F6,Unknown,32000,Unknown,Frequency,0.052428458,0.37503052,Y,System,10/8/2026,,907c8416b88e0919655d59394990bb5597c2402fbf557ed8e158b514bee55895
NOISE_1765,Sekitar GKU 1 Frequency/32 kHz Medium Frequency/20260930_155500T.WAV,0,55,55,Sekitar GKU 1 Frequency,Medium,-5.35904,105.311758,9/30/2026,15:30,Siang,Cerah,24F31901603767F6,Unknown,32000,Unknown,Frequency,0.04275251,0.68078613,Y,System,10/8/2026,,581f2b926477c98ec2fa8f02b8f9249e94cb3788e3827b9afa50438d1abb1b85
NOISE_1766,Sekitar GKU 1 Frequency/32 kHz Medium Frequency/20260930_155600T.WAV,0,55,55,Sekitar GKU 1 Frequency,Medium,-5.35904,105.311758,9/30/2026,15:30,Siang,Cerah,24F31901603767F6,Unknown,32000,Unknown,Frequency,0.04763011,0.28982544,Y,System,10/8/2026,,73283b3b59ff9e41a2c8449451c24d9435e7c560c3d7674a9c43b4365d284d61
NOISE_1767,Sekitar GKU 1 Frequency/32 kHz Medium Frequency/20260930_155700T.WAV,0,55,55,Sekitar GKU 1 Frequency,Medium,-5.35904,105.311758,9/30/2026,15:30,Siang,Cerah,24F31901603767F6,Unknown,32000,Unknown,Frequency,0.050139792,0.37493896,Y,System,10/8/2026,,83224b1644993d9c1f388567cb0e80bae95b4a1ad8bec7a7986ad851b3a5aaa4
NOISE_1768,Sekitar GKU 1 Frequency/32 kHz Medium Frequency/20260930_155800T.WAV,0,55,55,Sekitar GKU 1 Frequency,Medium,-5.35904,105.311758,9/30/2026,15:30,Siang,Cerah,24F31901603767F6,Unknown,32000,Unknown,Frequency,0.045378737,0.5786743,Y,System,10/8/2026,,66f5211aded984ba8c3e447d8632c2fff12c00bc01f92393e1e136eb9fa64397
NOISE_1769,Sekitar GKU 1 Frequency/32 kHz Medium Frequency/20260930_155900T.WAV,0,55,55,Sekitar GKU 1 Frequency,Medium,-5.35904,105.311758,9/30/2026,15:30,Siang,Cerah,24F31901603767F6,Unknown,32000,Unknown,Frequency,0.056085728,0.33294678,Y,System,10/8/2026,,ae13b733e273b9a58ea25f88a4eefa60f42cace9278eed0ddcf732e077bf3968
NOISE_1770,Sekitar GKU 1 Frequency/32 kHz Medium Frequency/20260930_160000T.WAV,0,55,55,Sekitar GKU 1 Frequency,Medium,-5.35904,105.311758,9/30/2026,15:30,Siang,Cerah,24F31901603767F6,Unknown,32000,Unknown,Frequency,0.07263353,0.6338196,Y,System,10/8/2026,,74afe8764c26a326434fdca6c63e9b1a59d739a455e99643cfa23d575b481454
NOISE_1771,Sekitar GKU 1 Frequency/32 kHz Medium Frequency/20260930_160100T.WAV,0,55,55,Sekitar GKU 1 Frequency,Medium,-5.35904,105.311758,9/30/2026,15:30,Siang,Cerah,24F31901603767F6,Unknown,32000,Unknown,Frequency,0.055641394,0.47729492,Y,System,10/8/2026,,c37ff6f421a38ddfd513d1f619da157f3df9876b51d38b26ab0ee4f5057dcfda
NOISE_1772,Sekitar GKU 1 Frequency/32 kHz Medium Frequency/20260930_160200T.WAV,0,55,55,Sekitar GKU 1 Frequency,Medium,-5.35904,105.311758,9/30/2026,15:30,Siang,Cerah,24F31901603767F6,Unknown,32000,Unknown,Frequency,0.07087013,0.36795044,Y,System,10/8/2026,,2f280439f2ba4b739de5ddb6feea733fcdc6a121e51cdc901f79cc11a66b58da
NOISE_1773,Sekitar GKU 1 Frequency/32 kHz Medium Frequency/20260930_160300T.WAV,0,55,55,Sekitar GKU 1 Frequency,Medium,-5.35904,105.311758,9/30/2026,15:30,Siang,Cerah,24F31901603767F6,Unknown,32000,Unknown,Frequency,0.060105883,0.988739,Y,System,10/8/2026,,6b13d88a43887f548a4d6101dc6d863f3794a1f19e03f6add83da802ed449dff
NOISE_1774,Sekitar GKU 1 Frequency/32 kHz Medium Frequency/20260930_160400T.WAV,0,55,55,Sekitar GKU 1 Frequency,Medium,-5.35904,105.311758,9/30/2026,15:30,Siang,Cerah,24F31901603767F6,Unknown,32000,Unknown,Frequency,0.06332147,0.5062866,Y,System,10/8/2026,,e4474991f5c2f24339bd86c60d6d1aa48e986c8aa38146b0f57d2386355457c8
NOISE_1775,Sekitar GKU 1 Frequency/32 kHz Medium Frequency/20260930_160500T.WAV,0,55,55,Sekitar GKU 1 Frequency,Medium,-5.35904,105.311758,9/30/2026,15:30,Siang,Cerah,24F31901603767F6,Unknown,32000,Unknown,Frequency,0.051645167,0.4242859,Y,System,10/8/2026,,2a5ba84235a1a7e81f22021382f952c9efc48c05ca056a48c6e159d859ba0e1c
NOISE_1776,Sekitar GKU 1 Frequency/32 kHz Medium Frequency/20260930_160600T.WAV,0,55,55,Sekitar GKU 1 Frequency,Medium,-5.35904,105.311758,9/30/2026,15:30,Siang,Cerah,24F31901603767F6,Unknown,32000,Unknown,Frequency,0.061610464,0.9999695,Y,System,10/8/2026,,1db38d20d0eab2016c7cbd123f9d840082e982d0b962d367d9de17e86e7a0d8b
NOISE_1777,Sekitar GKU 1 Frequency/32 kHz Medium Frequency/20260930_160700T.WAV,0,55,55,Sekitar GKU 1 Frequency,Medium,-5.35904,105.311758,9/30/2026,15:30,Siang,Cerah,24F31901603767F6,Unknown,32000,Unknown,Frequency,0.053581886,0.4729309,Y,System,10/8/2026,,feeaa34c2c5a24e1a356f1b801af3965a9c0bf5d7347ad49e6e9eb61a66812c2
NOISE_1778,Sekitar GKU 1 Frequency/32 kHz Medium Frequency/20260930_160800T.WAV,0,55,55,Sekitar GKU 1 Frequency,Medium,-5.35904,105.311758,9/30/2026,15:30,Siang,Cerah,24F31901603767F6,Unknown,32000,Unknown,Frequency,0.07724406,0.62390137,Y,System,10/8/2026,,46913d0761a863ca22e0707fe8ae872aeb4ba8641a34feb91ea270f15c347f4b
NOISE_1779,Sekitar GKU 1 Frequency/32 kHz Medium Frequency/20260930_160900T.WAV,0,55,55,Sekitar GKU 1 Frequency,Medium,-5.35904,105.311758,9/30/2026,15:30,Siang,Cerah,24F31901603767F6,Unknown,32000,Unknown,Frequency,0.050544415,0.36669922,Y,System,10/8/2026,,65307022682392b3c3b2e94361a3064e739d4a5193ab0d8708f751ed03497f4f
NOISE_1780,Sekitar GKU 1 Frequency/32 kHz Medium Frequency/20260930_161000T.WAV,0,55,55,Sekitar GKU 1 Frequency,Medium,-5.35904,105.311758,9/30/2026,15:30,Siang,Cerah,24F31901603767F6,Unknown,32000,Unknown,Frequency,0.06848246,0.5143738,Y,System,10/8/2026,,a7aac264cf1eb6ff008d0be3b7c3867bc00c753f1cb54c516713ee2c064f7752
NOISE_1781,Sekitar GKU 1 Frequency/32 kHz Medium Frequency/20260930_161100T.WAV,0,55,55,Sekitar GKU 1 Frequency,Medium,-5.35904,105.311758,9/30/2026,15:30,Siang,Cerah,24F31901603767F6,Unknown,32000,Unknown,Frequency,0.053851604,0.47375488,Y,System,10/8/2026,,eeaa6f743df6997b7d678870748f1b8258135bb822ce1c9b1755e81d9fad61b7
NOISE_1782,Sekitar GKU 1 Frequency/32 kHz Medium Frequency/20260930_161200T.WAV,0,55,55,Sekitar GKU 1 Frequency,Medium,-5.35904,105.311758,9/30/2026,15:30,Siang,Cerah,24F31901603767F6,Unknown,32000,Unknown,Frequency,0.05656769,0.40664673,Y,System,10/8/2026,,caf304873299c21d21a6ea5edd2b2c521143e1e1246be5c4726156e987d79e1e
NOISE_1783,Sekitar GKU 1 Frequency/32 kHz Medium Frequency/20260930_161300T.WAV,0,55,55,Sekitar GKU 1 Frequency,Medium,-5.35904,105.311758,9/30/2026,15:30,Siang,Cerah,24F31901603767F6,Unknown,32000,Unknown,Frequency,0.05093608,0.33935547,Y,System,10/8/2026,,9f3b9aa342473bf6121199c6b536333ca04a418794558959b487d1790d1e57af
NOISE_1784,Sekitar GKU 1 Frequency/32 kHz Medium Frequency/20260930_161400T.WAV,0,55,55,Sekitar GKU 1 Frequency,Medium,-5.35904,105.311758,9/30/2026,15:30,Siang,Cerah,24F31901603767F6,Unknown,32000,Unknown,Frequency,0.056068156,0.51989746,Y,System,10/8/2026,,72ca32e1fb73a3c3283d114f8c8995cc82913d3ff573b6ef513a6c05843c755a
NOISE_1785,Sekitar GKU 1 Frequency/32 kHz Medium Frequency/20260930_161500T.WAV,0,55,55,Sekitar GKU 1 Frequency,Medium,-5.35904,105.311758,9/30/2026,15:30,Siang,Cerah,24F31901603767F6,Unknown,32000,Unknown,Frequency,0.060908,0.5961914,Y,System,10/8/2026,,524f5ad308e0fb11465f55f89795a0386792282ba8d0ea62f067ebd6873ae145
NOISE_1786,Sekitar GKU 1 Frequency/32 kHz Medium Frequency/20260930_161600T.WAV,0,55,55,Sekitar GKU 1 Frequency,Medium,-5.35904,105.311758,9/30/2026,15:30,Siang,Cerah,24F31901603767F6,Unknown,32000,Unknown,Frequency,0.06197819,0.64416504,Y,System,10/8/2026,,9249f1e5a2dead5e85ae0e00a3f60cdce3fc6ff5c1b714cca55f8ad2aefe650c
NOISE_1787,Sekitar GKU 1 Frequency/32 kHz Medium Frequency/20260930_161700T.WAV,0,55,55,Sekitar GKU 1 Frequency,Medium,-5.35904,105.311758,9/30/2026,15:30,Siang,Cerah,24F31901603767F6,Unknown,32000,Unknown,Frequency,0.08119659,0.9515991,Y,System,10/8/2026,,fa5549781965592b17d5fe3bc88b6030a699b5c6fd54c85183aad07e7ce0b239
NOISE_1788,Sekitar GKU 1 Frequency/32 kHz Medium Frequency/20260930_161800T.WAV,0,55,55,Sekitar GKU 1 Frequency,Medium,-5.35904,105.311758,9/30/2026,15:30,Siang,Cerah,24F31901603767F6,Unknown,32000,Unknown,Frequency,0.063351095,0.9701233,Y,System,10/8/2026,,4bc20c661ca886ecca722a8acec8960927597a6dea33937140163ba4b0bb089c
NOISE_1789,Sekitar GKU 1 Frequency/32 kHz Medium Frequency/20260930_161900T.WAV,0,55,55,Sekitar GKU 1 Frequency,Medium,-5.35904,105.311758,9/30/2026,15:30,Siang,Cerah,24F31901603767F6,Unknown,32000,Unknown,Frequency,0.046963822,0.3293152,Y,System,10/8/2026,,be4745edc056dc87d73dfd0de51b8908cfb5eae039162b1958e432804b5e1146
NOISE_1790,Sekitar GKU 1 Frequency/32 kHz Medium Frequency/20260930_162000T.WAV,0,55,55,Sekitar GKU 1 Frequency,Medium,-5.35904,105.311758,9/30/2026,15:30,Siang,Cerah,24F31901603767F6,Unknown,32000,Unknown,Frequency,0.050292235,0.44058228,Y,System,10/8/2026,,d636ae5d9bd33e984b9d9e46c17c501d9a72cdff054e2baa3baa4b44715c72d7
NOISE_1791,Sekitar GKU 1 Frequency/32 kHz Medium Frequency/20260930_162100T.WAV,0,55,55,Sekitar GKU 1 Frequency,Medium,-5.35904,105.311758,9/30/2026,15:30,Siang,Cerah,24F31901603767F6,Unknown,32000,Unknown,Frequency,0.044316955,0.30270386,Y,System,10/8/2026,,270fca1e8646fb858ccabb3e5e51e6bf45dd744a15d0b86168502263955f97b1
NOISE_1792,Sekitar GKU 1 Frequency/32 kHz Medium Frequency/20260930_162200T.WAV,0,55,55,Sekitar GKU 1 Frequency,Medium,-5.35904,105.311758,9/30/2026,15:30,Siang,Cerah,24F31901603767F6,Unknown,32000,Unknown,Frequency,0.05307315,0.51556396,Y,System,10/8/2026,,f674c16f4ccec4997ecb4039e4cefb9d32b17c1eed90eb13cbc0185bf63e5f7d
NOISE_1793,Sekitar GKU 1 Frequency/32 kHz Medium Frequency/20260930_162300T.WAV,0,55,55,Sekitar GKU 1 Frequency,Medium,-5.35904,105.311758,9/30/2026,15:30,Siang,Cerah,24F31901603767F6,Unknown,32000,Unknown,Frequency,0.051995926,0.43026733,Y,System,10/8/2026,,c8b2f871bd2d5f70d1c76c4aa53dec00d02c19bdfb1b07cc4a21b2292c2a02df
NOISE_1794,Sekitar GKU 1 Frequency/32 kHz Medium Frequency/20260930_162400T.WAV,0,55,55,Sekitar GKU 1 Frequency,Medium,-5.35904,105.311758,9/30/2026,15:30,Siang,Cerah,24F31901603767F6,Unknown,32000,Unknown,Frequency,0.050494302,0.32559204,Y,System,10/8/2026,,92743e0f77b7bbacdbd623894d647de29559d0e36251677112da29fce93f73d6
NOISE_1795,Sekitar GKU 1 Frequency/32 kHz Medium Frequency/20260930_162500T.WAV,0,55,55,Sekitar GKU 1 Frequency,Medium,-5.35904,105.311758,9/30/2026,15:30,Siang,Cerah,24F31901603767F6,Unknown,32000,Unknown,Frequency,0.06361272,0.9999695,Y,System,10/8/2026,,7118c2f9e44e8403519767c12e895d02490f80501cf4a74de470e1a652783fa7
NOISE_1796,Sekitar GKU 1 Frequency/32 kHz Medium Frequency/20260930_162600T.WAV,0,55,55,Sekitar GKU 1 Frequency,Medium,-5.35904,105.311758,9/30/2026,15:30,Siang,Cerah,24F31901603767F6,Unknown,32000,Unknown,Frequency,0.052716017,0.2960205,Y,System,10/8/2026,,8b713f85ddcc8c8a302a7b4db593638aa44501b300358bee7ce1f87e14faff08
NOISE_1797,Sekitar GKU 1 Frequency/32 kHz Medium Frequency/20260930_162700T.WAV,0,55,55,Sekitar GKU 1 Frequency,Medium,-5.35904,105.311758,9/30/2026,15:30,Siang,Cerah,24F31901603767F6,Unknown,32000,Unknown,Frequency,0.06934969,0.5158386,Y,System,10/8/2026,,9fffa2538ac3f8a1e364eb4c0a02a1224ed915fd1bf8441e5555de78a8fc5748
NOISE_1798,Sekitar GKU 1 Frequency/32 kHz Medium Frequency/20260930_162800T.WAV,0,55,55,Sekitar GKU 1 Frequency,Medium,-5.35904,105.311758,9/30/2026,15:30,Siang,Cerah,24F31901603767F6,Unknown,32000,Unknown,Frequency,0.07140264,0.8838196,Y,System,10/8/2026,,99ec9598f16cd69d3bfce32797375b55a6b0de4f4f891eab83d7e8170bb437e0
NOISE_1799,Sekitar GKU 1 Frequency/32 kHz Medium Frequency/20260930_162900T.WAV,0,55,55,Sekitar GKU 1 Frequency,Medium,-5.35904,105.311758,9/30/2026,15:30,Siang,Cerah,24F31901603767F6,Unknown,32000,Unknown,Frequency,0.0961439,0.67959595,Y,System,10/8/2026,,1d3340e2a5048d6a3443b20d86d48214c3de24a5a00fae2137f4813c0eff9de4
