id,species_key,scientific_name,common_name,is_endemic_sumatra,quality,recordist,date,time,country,locality,latitude,longitude,elevation,length_sec,license,url_page,url_audio,file_path,sha256,status
964067,Carpococcyx_viridis,Carpococcyx viridis,Sumatran Ground Cuckoo,True,A,Daan Drukker,2024-12-09,08:13,Indonesia,"Gunung Raya, Kerinci Regency, Jambi",-2.304,101.5327,,0:44,https://creativecommons.org/licenses/by-nc-sa/4.0/,https://xeno-canto.org/964067,https://xeno-canto.org/964067/download,d:/FILE AND TASK/TA/data/xeno_canto\Carpococcyx_viridis\XC964067_Carpococcyx_viridis.mp3,f985d24ec424317d63d654aba97a0e1de9ae2493386aa78d1339c9705560da62,Ready_Existing
943924,Carpococcyx_viridis,Carpococcyx viridis,Sumatran Ground Cuckoo,True,A,Kim Chuah Lim,2024-10-19,11:00,Indonesia,"Kecamatan Gunung Raya, Kabupaten Kerinci, Jambi",-2.3268,101.5399,,2:05,https://creativecommons.org/licenses/by-nc-sa/4.0/,https://xeno-canto.org/943924,https://xeno-canto.org/943924/download,d:/FILE AND TASK/TA/data/xeno_canto\Carpococcyx_viridis\XC943924_Carpococcyx_viridis.mp3,4fb4f31abcee23c56b057965d7996a4a03d06fb8ea3863e2a374c86bca2b8311,Ready_Existing
943916,Carpococcyx_viridis,Carpococcyx viridis,Sumatran Ground Cuckoo,True,A,Kim Chuah Lim,2024-10-19,09:00,Indonesia,"Kecamatan Gunung Raya, Kabupaten Kerinci, Jambi",-2.3268,101.5399,,0:14,https://creativecommons.org/licenses/by-nc-sa/4.0/,https://xeno-canto.org/943916,https://xeno-canto.org/943916/download,d:/FILE AND TASK/TA/data/xeno_canto\Carpococcyx_viridis\XC943916_Carpococcyx_viridis.mp3,37bd361bedb00a4fa7c26df9174c604427ca02ba6b6318dfc0dd42e00382102e,Ready_Existing
943914,Carpococcyx_viridis,Carpococcyx viridis,Sumatran Ground Cuckoo,True,A,Kim Chuah Lim,2024-10-19,09:00,Indonesia,"Kecamatan Gunung Raya, Kabupaten Kerinci, Jambi",-2.3268,101.5399,,1:04,https://creativecommons.org/licenses/by-nc-sa/4.0/,https://xeno-canto.org/943914,https://xeno-canto.org/943914/download,d:/FILE AND TASK/TA/data/xeno_canto\Carpococcyx_viridis\XC943914_Carpococcyx_viridis.mp3,2dce2f2860a5ec8c4152280b982a41d571e2c1a3b8884748480d34ea46db6370,Ready_Existing
943912,Carpococcyx_viridis,Carpococcyx viridis,Sumatran Ground Cuckoo,True,A,Kim Chuah Lim,2024-10-19,08:40,Indonesia,"Kecamatan Gunung Raya, Kabupaten Kerinci, Jambi",-2.3268,101.5399,,0:10,https://creativecommons.org/licenses/by-nc-sa/4.0/,https://xeno-canto.org/943912,https://xeno-canto.org/943912/download,d:/FILE AND TASK/TA/data/xeno_canto\Carpococcyx_viridis\XC943912_Carpococcyx_viridis.mp3,d334d9c0d2457fe905704b3678f6a82e516b3e587ab4c81886ab8dc443fcdc43,Ready_Existing
306523,Carpococcyx_viridis,Carpococcyx viridis,Sumatran Ground Cuckoo,True,A,Stijn Cooleman,2014-07-18,11:19,Indonesia,"Way Titias, Bukit Barisan Selatan NP, Lampung, Sumatra",-5.0685,104.0258,,0:27,https://creativecommons.org/licenses/by-nc-sa/4.0/,https://xeno-canto.org/306523,https://xeno-canto.org/306523/download,d:/FILE AND TASK/TA/data/xeno_canto\Carpococcyx_viridis\XC306523_Carpococcyx_viridis.mp3,29ee0452132dba081110275efd8566cf03871327b91b33c4e210347402835e85,Ready_Existing
301157,Carpococcyx_viridis,Carpococcyx viridis,Sumatran Ground Cuckoo,True,A,Gareth K.,2013-02-07,07:30,Indonesia,"Balik Bukit, Lampung Barat, Lampung",-5.0656,104.1012,,1:09,https://creativecommons.org/licenses/by-nc-sa/4.0/,https://xeno-canto.org/301157,https://xeno-canto.org/301157/download,d:/FILE AND TASK/TA/data/xeno_canto\Carpococcyx_viridis\XC301157_Carpococcyx_viridis.mp3,2dfb5b45970a0ced079c49da8187345493b5ace82a34bf4e033bd3cf4889eae4,Ready_Existing
196215,Carpococcyx_viridis,Carpococcyx viridis,Sumatran Ground Cuckoo,True,A,yann muzika,2014-09-03,11:18,Indonesia,"Way Titias, Bukit Barisan Selatan NP, Lampung, Sumatra",-5.0685,104.0258,,0:11,https://creativecommons.org/licenses/by-nc-sa/4.0/,https://xeno-canto.org/196215,https://xeno-canto.org/196215/download,d:/FILE AND TASK/TA/data/xeno_canto\Carpococcyx_viridis\XC196215_Carpococcyx_viridis.mp3,788f39bb4b0309747e45d6bb4cffad992f517980c3b6cf71f5d001fcdc9da7fb,Ready_Existing
196213,Carpococcyx_viridis,Carpococcyx viridis,Sumatran Ground Cuckoo,True,A,yann muzika,2014-09-04,11:04,Indonesia,"Way Titias, Bukit Barisan Selatan NP, Lampung, Sumatra",-5.0685,104.0258,,1:07,https://creativecommons.org/licenses/by-nc-sa/4.0/,https://xeno-canto.org/196213,https://xeno-canto.org/196213/download,d:/FILE AND TASK/TA/data/xeno_canto\Carpococcyx_viridis\XC196213_Carpococcyx_viridis.mp3,0aafe336fa47f8f625b89c2daee5725c81a6754363627801a66a91379854e9db,Ready_Existing
56937,Carpococcyx_viridis,Carpococcyx viridis,Sumatran Ground Cuckoo,True,A,Fabian Ducry &amp; David Marques,2009-09-05,?,Indonesia,"Way Titias, Bukit Barisan Selatan NP, Lampung, Sumatra",-5.0684,104.0256,,0:19,https://creativecommons.org/licenses/by-nc-nd/2.5/,https://xeno-canto.org/56937,https://xeno-canto.org/56937/download,d:/FILE AND TASK/TA/data/xeno_canto\Carpococcyx_viridis\XC56937_Carpococcyx_viridis.mp3,9be7e22283cfd30ff0254557d56d003118b3fc6962676df1add330f924acadd2,Ready_Existing
56936,Carpococcyx_viridis,Carpococcyx viridis,Sumatran Ground Cuckoo,True,A,Fabian Ducry &amp; David Marques,2009-09-05,?,Indonesia,"Way Titias, Bukit Barisan Selatan NP, Lampung, Sumatra",-5.0684,104.0256,,0:50,https://creativecommons.org/licenses/by-nc-nd/2.5/,https://xeno-canto.org/56936,https://xeno-canto.org/56936/download,d:/FILE AND TASK/TA/data/xeno_canto\Carpococcyx_viridis\XC56936_Carpococcyx_viridis.mp3,a7e73695194fe1fd1fff81dc96f212fb7d458c30dbafc43a58277c128cc39794,Ready_Existing
37883,Carpococcyx_viridis,Carpococcyx viridis,Sumatran Ground Cuckoo,True,A,Nick Brickle,2007-03-24,06:00,Indonesia,"Way Titias, Bukit Barisan Selatan NP, Lampung, Sumatra",-5.068545,104.025764,,1:13,https://creativecommons.org/licenses/by-nc-nd/2.5/,https://xeno-canto.org/37883,https://xeno-canto.org/37883/download,d:/FILE AND TASK/TA/data/xeno_canto\Carpococcyx_viridis\XC37883_Carpococcyx_viridis.mp3,3c5738e506775d01afb733b6e785161da3290cbbb1a2e07551ef8af38ccfbbd6,Ready_Existing
486269,Carpococcyx_viridis,Carpococcyx viridis,Sumatran Ground Cuckoo,True,B,Fangqi Twang,2019-07-05,13:00,Indonesia,"Sumatra, Kerinci Regency, Jambi",-2.3268,101.5399,,0:09,https://creativecommons.org/licenses/by-nc-sa/4.0/,https://xeno-canto.org/486269,https://xeno-canto.org/486269/download,d:/FILE AND TASK/TA/data/xeno_canto\Carpococcyx_viridis\XC486269_Carpococcyx_viridis.mp3,1397809a1f5514253207cd215a7f2339eaef3d5e5dbcda909e92bed8958963dc,Ready_Existing
85992,Carpococcyx_viridis,Carpococcyx viridis,Sumatran Ground Cuckoo,True,B,John Gregory,2008-04-04,11-00,Indonesia,"Way Titias, Bukit Barisan Selatan NP, Lampung, Sumatra",-5.0684,104.0256,,0:57,https://creativecommons.org/licenses/by-nc-nd/2.5/,https://xeno-canto.org/85992,https://xeno-canto.org/85992/download,d:/FILE AND TASK/TA/data/xeno_canto\Carpococcyx_viridis\XC85992_Carpococcyx_viridis.mp3,2f0188c99fd681fcf3b29be4213cfc117fc1258de2f05a327800f08c098509ef,Ready_Existing
56938,Carpococcyx_viridis,Carpococcyx viridis,Sumatran Ground Cuckoo,True,B,Fabian Ducry &amp; David Marques,2009-09-05,?,Indonesia,"Way Titias, Bukit Barisan Selatan NP, Lampung, Sumatra",-5.0684,104.0256,,0:12,https://creativecommons.org/licenses/by-nc-nd/2.5/,https://xeno-canto.org/56938,https://xeno-canto.org/56938/download,d:/FILE AND TASK/TA/data/xeno_canto\Carpococcyx_viridis\XC56938_Carpococcyx_viridis.mp3,d7592dabee97404ad5000b32cd8ab02021057c559a99bd2d8eb289e5f7b4d741,Ready_Existing
38432,Carpococcyx_viridis,Carpococcyx viridis,Sumatran Ground Cuckoo,True,B,Duncan Wilson,2007-07-04,10:30,Indonesia,"Way Titias, Bukit Barisan Selatan NP, Lampung, Sumatra ",-5.068545,104.025764,,0:43,https://creativecommons.org/licenses/by-nc-nd/2.5/,https://xeno-canto.org/38432,https://xeno-canto.org/38432/download,d:/FILE AND TASK/TA/data/xeno_canto\Carpococcyx_viridis\XC38432_Carpococcyx_viridis.mp3,9a0c3b85a9c4f1ec0cc8fd22673fc901bb0bfa82cc32ca6c1fb0115ca6820d79,Ready_Existing
38431,Carpococcyx_viridis,Carpococcyx viridis,Sumatran Ground Cuckoo,True,B,Duncan Wilson,2007-07-04,10:30,Indonesia,"Way Titias, Bukit Barisan Selatan NP, Lampung, Sumatra ",-5.068545,104.025764,,0:17,https://creativecommons.org/licenses/by-nc-nd/2.5/,https://xeno-canto.org/38431,https://xeno-canto.org/38431/download,d:/FILE AND TASK/TA/data/xeno_canto\Carpococcyx_viridis\XC38431_Carpococcyx_viridis.mp3,26fc7b58e3e7f6221577305eeacca2c35820941dd633540c52674117e87d21c1,Ready_Existing
37882,Carpococcyx_viridis,Carpococcyx viridis,Sumatran Ground Cuckoo,True,B,Nick Brickle,2007-03-24,06:00,Indonesia,"Way Titias, Bukit Barisan Selatan NP, Lampung, Sumatra",-5.068545,104.025764,,1:13,https://creativecommons.org/licenses/by-nc-nd/2.5/,https://xeno-canto.org/37882,https://xeno-canto.org/37882/download,d:/FILE AND TASK/TA/data/xeno_canto\Carpococcyx_viridis\XC37882_Carpococcyx_viridis.mp3,58126021e9af42751b70e01b82e0d846cbe8a8cfe2988bb354a23e3c51e681ef,Ready_Existing
196214,Carpococcyx_viridis,Carpococcyx viridis,Sumatran Ground Cuckoo,True,C,yann muzika,2014-09-04,09:37,Indonesia,"Way Titias, Bukit Barisan Selatan NP, Lampung, Sumatra",-5.0685,104.0258,,0:28,https://creativecommons.org/licenses/by-nc-sa/4.0/,https://xeno-canto.org/196214,https://xeno-canto.org/196214/download,d:/FILE AND TASK/TA/data/xeno_canto\Carpococcyx_viridis\XC196214_Carpococcyx_viridis.mp3,42b496d80c1ba94bb9a9c50842c4279d39d2ffbaaa299f01a264d475ac24a2b4,Ready_Existing
39501,Carpococcyx_viridis,Carpococcyx viridis,Sumatran Ground Cuckoo,True,D,Brian Cox,2009-07-01,08.00,Indonesia,"Way Titias, Bukit Barisan Selatan NP, Lampung, Sumatra ",-5.068545,104.025764,,0:02,https://creativecommons.org/licenses/by-nc-nd/2.5/,https://xeno-canto.org/39501,https://xeno-canto.org/39501/download,d:/FILE AND TASK/TA/data/xeno_canto\Carpococcyx_viridis\XC39501_Carpococcyx_viridis.mp3,13292d45597387f8903c19e236e020bd78ff032cb2836e8bc9b35ca98e1000ac,Ready_Existing
963352,Gypsophila_rufipectus,Gypsophila rufipectus,Rusty-breasted Wren-Babbler,True,A,Daan Drukker,2024-12-06,07:30,Indonesia,"Kayu Aro, Kerinci Regency, Jambi",-1.7438,101.2602,,0:48,https://creativecommons.org/licenses/by-nc-sa/4.0/,https://xeno-canto.org/963352,https://xeno-canto.org/963352/download,d:/FILE AND TASK/TA/data/xeno_canto\Gypsophila_rufipectus\XC963352_Gypsophila_rufipectus.mp3,2c8760e927209ab24c009c92a3cae82e506f867c98a2239e65285d80d5f26fc0,Ready_Existing
963345,Gypsophila_rufipectus,Gypsophila rufipectus,Rusty-breasted Wren-Babbler,True,A,Daan Drukker,2024-12-06,07:30,Indonesia,"Kayu Aro, Kerinci Regency, Jambi",-1.7438,101.2602,,0:28,https://creativecommons.org/licenses/by-nc-sa/4.0/,https://xeno-canto.org/963345,https://xeno-canto.org/963345/download,d:/FILE AND TASK/TA/data/xeno_canto\Gypsophila_rufipectus\XC963345_Gypsophila_rufipectus.mp3,7af0db8c3cc407482730b553a4d0231346f184956e33c6f1d56531673464fda5,Ready_Existing
691495,Gypsophila_rufipectus,Gypsophila rufipectus,Rusty-breasted Wren-Babbler,True,A,Mike Nelson,2016-08-23,10:00,Indonesia,"Mount Kerinci, West Sumatra, Sumatra",-1.7342,101.2512,,0:34,https://creativecommons.org/licenses/by-nc-sa/4.0/,https://xeno-canto.org/691495,https://xeno-canto.org/691495/download,d:/FILE AND TASK/TA/data/xeno_canto\Gypsophila_rufipectus\XC691495_Gypsophila_rufipectus.mp3,30c2a755661a3fd7c2f84f3e82d3e067830366435354067fcdeadbaffdc90bce,Ready_Existing
648652,Gypsophila_rufipectus,Gypsophila rufipectus,Rusty-breasted Wren-Babbler,True,A,Ding Li Yong,2019-09-15,10:00,Indonesia,"Silahi Sabungan, Kabupaten Dairi, Sumatera Utara",2.7848,98.5144,,0:21,https://creativecommons.org/licenses/by-nc-nd/4.0/,https://xeno-canto.org/648652,https://xeno-canto.org/648652/download,d:/FILE AND TASK/TA/data/xeno_canto\Gypsophila_rufipectus\XC648652_Gypsophila_rufipectus.mp3,c033bb0e9f4a0fc99839154434cda4d144a74f5130a717fdaa9db2708f711d89,Ready_Existing
648651,Gypsophila_rufipectus,Gypsophila rufipectus,Rusty-breasted Wren-Babbler,True,A,Ding Li Yong,2019-09-15,10:00,Indonesia,"Silahi Sabungan, Kabupaten Dairi, Sumatera Utara",2.7848,98.5144,,0:39,https://creativecommons.org/licenses/by-nc-nd/4.0/,https://xeno-canto.org/648651,https://xeno-canto.org/648651/download,d:/FILE AND TASK/TA/data/xeno_canto\Gypsophila_rufipectus\XC648651_Gypsophila_rufipectus.mp3,b0719afc201937d34f16dc9296700c226907027c2cce35ff75fefce141a83b16,Ready_Existing
648648,Gypsophila_rufipectus,Gypsophila rufipectus,Rusty-breasted Wren-Babbler,True,A,Ding Li Yong,2019-09-15,09:00,Indonesia,"Silahi Sabungan, Kabupaten Dairi, Sumatera Utara",2.7848,98.5144,,0:36,https://creativecommons.org/licenses/by-nc-nd/4.0/,https://xeno-canto.org/648648,https://xeno-canto.org/648648/download,d:/FILE AND TASK/TA/data/xeno_canto\Gypsophila_rufipectus\XC648648_Gypsophila_rufipectus.mp3,f6b886277c7a815948e7a8d966feadf940b1a87461834fbb435a0e47fd2c8291,Ready_Existing
497649,Gypsophila_rufipectus,Gypsophila rufipectus,Rusty-breasted Wren-Babbler,True,A,Ding Li Yong,2019-09-15,10:30,Indonesia,"Sumatra, Kabupaten Dairi, Sumatera Utara",2.8099,98.4942,,2:09,https://creativecommons.org/licenses/by-nc-nd/4.0/,https://xeno-canto.org/497649,https://xeno-canto.org/497649/download,d:/FILE AND TASK/TA/data/xeno_canto\Gypsophila_rufipectus\XC497649_Gypsophila_rufipectus.mp3,fbf199855628205d8a2d8108052bab20a7e7fb60cc7ff409a1b453486d4fed48,Ready_Existing
497648,Gypsophila_rufipectus,Gypsophila rufipectus,Rusty-breasted Wren-Babbler,True,A,Ding Li Yong,2019-09-15,10:30,Indonesia,"Sumatra, Kabupaten Dairi, Sumatera Utara",2.8099,98.4942,,1:12,https://creativecommons.org/licenses/by-nc-nd/4.0/,https://xeno-canto.org/497648,https://xeno-canto.org/497648/download,d:/FILE AND TASK/TA/data/xeno_canto\Gypsophila_rufipectus\XC497648_Gypsophila_rufipectus.mp3,ad935ed2bcce6331f9c25237558f43aaacc5a1f5ea59999dc1b44b18c8852514,Ready_Existing
476562,Gypsophila_rufipectus,Gypsophila rufipectus,Rusty-breasted Wren-Babbler,True,A,Matthew L. Brady,2018-03-30,06:45,Indonesia,"Talamau, Kabupaten Pasaman Barat, Sumatera Barat",0.0908,99.9593,,2:11,https://creativecommons.org/licenses/by-nc-sa/4.0/,https://xeno-canto.org/476562,https://xeno-canto.org/476562/download,d:/FILE AND TASK/TA/data/xeno_canto\Gypsophila_rufipectus\XC476562_Gypsophila_rufipectus.mp3,b02bf6c7dcbf1c28113386363badb68b4655903a1c0ebcb245d7a75261953fac,Ready_Existing
409566,Gypsophila_rufipectus,Gypsophila rufipectus,Rusty-breasted Wren-Babbler,True,A,Frank Lambert,2016-07-02,16:07,Indonesia,"Mount Kerinci, West Sumatra, Sumatra",-1.7342,101.2512,,1:26,https://creativecommons.org/licenses/by-nc-nd/4.0/,https://xeno-canto.org/409566,https://xeno-canto.org/409566/download,d:/FILE AND TASK/TA/data/xeno_canto\Gypsophila_rufipectus\XC409566_Gypsophila_rufipectus.mp3,b441afdb6530c58f31dd100c07478ddb489b211ca6ea201103e4b312301d5b03,Ready_Existing
396689,Gypsophila_rufipectus,Gypsophila rufipectus,Rusty-breasted Wren-Babbler,True,A,Sander Lagerveld,2017-04-21,17:40,Indonesia,"Kutapanjang, Kabupaten Gayo Lues, Aceh",3.9647,97.246,,0:37,https://creativecommons.org/licenses/by-nc-sa/4.0/,https://xeno-canto.org/396689,https://xeno-canto.org/396689/download,d:/FILE AND TASK/TA/data/xeno_canto\Gypsophila_rufipectus\XC396689_Gypsophila_rufipectus.mp3,f24136b48f793ac9ae2c3ed4f6634dfecc5945b23fbf59b7016907444a897cc3,Ready_Existing
241697,Gypsophila_rufipectus,Gypsophila rufipectus,Rusty-breasted Wren-Babbler,True,A,Mike Nelson,2015-02-27,10:00,Indonesia,"Mount Kerinci, West Sumatra, Sumatra",-1.7342,101.2512,,2:51,https://creativecommons.org/licenses/by-nc-sa/4.0/,https://xeno-canto.org/241697,https://xeno-canto.org/241697/download,d:/FILE AND TASK/TA/data/xeno_canto\Gypsophila_rufipectus\XC241697_Gypsophila_rufipectus.mp3,4112f62edd81fccf1fb6a578dc7f38b113b6b161bae15d84d7ab963c10cac6f5,Ready_Existing
241696,Gypsophila_rufipectus,Gypsophila rufipectus,Rusty-breasted Wren-Babbler,True,A,Mike Nelson,2015-02-26,11:00,Indonesia,"Mount Kerinci, West Sumatra, Sumatra",-1.7342,101.2512,,0:54,https://creativecommons.org/licenses/by-nc-sa/4.0/,https://xeno-canto.org/241696,https://xeno-canto.org/241696/download,d:/FILE AND TASK/TA/data/xeno_canto\Gypsophila_rufipectus\XC241696_Gypsophila_rufipectus.mp3,4077afe36506cb153fdd72207d09bedbc500c0ac72d04663e2b2643a1729902d,Ready_Existing
69431,Gypsophila_rufipectus,Gypsophila rufipectus,Rusty-breasted Wren-Babbler,True,A,Frank Lambert,2002-04-21,?:?,Indonesia,"Sumatra, Gunung Kerinci",-1.74,101.26,,1:11,https://creativecommons.org/licenses/by-nc-nd/4.0/,https://xeno-canto.org/69431,https://xeno-canto.org/69431/download,d:/FILE AND TASK/TA/data/xeno_canto\Gypsophila_rufipectus\XC69431_Gypsophila_rufipectus.mp3,0e2cbdcf6d77a092ddb16485fb7254751cb4ae4f4418282f6074f5e83d73af36,Ready_Existing
396597,Gypsophila_rufipectus,Gypsophila rufipectus,Rusty-breasted Wren-Babbler,True,B,Sander Lagerveld,2017-04-21,10:53,Indonesia,"Kutapanjang, Kabupaten Gayo Lues, Aceh",3.9647,97.246,,0:41,https://creativecommons.org/licenses/by-nc-sa/4.0/,https://xeno-canto.org/396597,https://xeno-canto.org/396597/download,d:/FILE AND TASK/TA/data/xeno_canto\Gypsophila_rufipectus\XC396597_Gypsophila_rufipectus.mp3,c5e5a6ff7197770ffa4f50758d56737fc4f2c323e059b438f298a990f82bc4e6,Ready_Existing
396596,Gypsophila_rufipectus,Gypsophila rufipectus,Rusty-breasted Wren-Babbler,True,B,Sander Lagerveld,2017-04-21,10:53,Indonesia,"Kutapanjang, Kabupaten Gayo Lues, Aceh",3.9647,97.246,,0:22,https://creativecommons.org/licenses/by-nc-sa/4.0/,https://xeno-canto.org/396596,https://xeno-canto.org/396596/download,d:/FILE AND TASK/TA/data/xeno_canto\Gypsophila_rufipectus\XC396596_Gypsophila_rufipectus.mp3,35d1e6484b4afb311760277b89a5a17b3d337fae98dc730ea332616dc30b99e4,Ready_Existing
393112,Gypsophila_rufipectus,Gypsophila rufipectus,Rusty-breasted Wren-Babbler,True,B,Irene Dy,2017-08-22,07:00,Indonesia,"Sumatra, Gunung Kerinci",-1.74,101.26,,0:12,https://creativecommons.org/licenses/by-nc-sa/4.0/,https://xeno-canto.org/393112,https://xeno-canto.org/393112/download,d:/FILE AND TASK/TA/data/xeno_canto\Gypsophila_rufipectus\XC393112_Gypsophila_rufipectus.mp3,3a612354fb083b975e3d105c3ae5082460972126650814d22845566af940300a,Ready_Existing
373807,Gypsophila_rufipectus,Gypsophila rufipectus,Rusty-breasted Wren-Babbler,True,B,Vincent Ng,2017-05-18,07:00,Indonesia,"Sangir, Kabupaten Solok Selatan, Sumatera Barat",-1.6967,101.2642,,0:05,https://creativecommons.org/licenses/by-nc-sa/4.0/,https://xeno-canto.org/373807,https://xeno-canto.org/373807/download,d:/FILE AND TASK/TA/data/xeno_canto\Gypsophila_rufipectus\XC373807_Gypsophila_rufipectus.mp3,509124213bd4e3209f1760ce03fbab82be1b1dcabcd365c964379be656810697,Ready_Existing
241695,Gypsophila_rufipectus,Gypsophila rufipectus,Rusty-breasted Wren-Babbler,True,B,Mike Nelson,2015-02-24,13:30,Indonesia,"Mount Kerinci, West Sumatra, Sumatra",-1.7342,101.2512,,2:53,https://creativecommons.org/licenses/by-nc-sa/4.0/,https://xeno-canto.org/241695,https://xeno-canto.org/241695/download,d:/FILE AND TASK/TA/data/xeno_canto\Gypsophila_rufipectus\XC241695_Gypsophila_rufipectus.mp3,44c9f5edd0b94edfd42260bc7c6cdbb0b61ff5c211985708995ba83103fd7734,Ready_Existing
241694,Gypsophila_rufipectus,Gypsophila rufipectus,Rusty-breasted Wren-Babbler,True,B,Mike Nelson,2015-02-24,13:30,Indonesia,"Mount Kerinci, West Sumatra, Sumatra",-1.7342,101.2512,,0:26,https://creativecommons.org/licenses/by-nc-sa/4.0/,https://xeno-canto.org/241694,https://xeno-canto.org/241694/download,d:/FILE AND TASK/TA/data/xeno_canto\Gypsophila_rufipectus\XC241694_Gypsophila_rufipectus.mp3,00151235b08a01ede45a92758451fc526ef6b2b9383cbedb76863985764e9289,Ready_Existing
241693,Gypsophila_rufipectus,Gypsophila rufipectus,Rusty-breasted Wren-Babbler,True,B,Mike Nelson,2015-02-24,11:00,Indonesia,"Mount Kerinci, West Sumatra, Sumatra",-1.7342,101.2512,,0:24,https://creativecommons.org/licenses/by-nc-sa/4.0/,https://xeno-canto.org/241693,https://xeno-canto.org/241693/download,d:/FILE AND TASK/TA/data/xeno_canto\Gypsophila_rufipectus\XC241693_Gypsophila_rufipectus.mp3,a34aa878d40d87d92d55017af9b1f6f31c58a7825c98d338413a55c9b8d16ca8,Ready_Existing
241692,Gypsophila_rufipectus,Gypsophila rufipectus,Rusty-breasted Wren-Babbler,True,B,Mike Nelson,2015-02-23,10:00,Indonesia,"Mount Kerinci, West Sumatra, Sumatra",-1.7342,101.2512,,1:52,https://creativecommons.org/licenses/by-nc-sa/4.0/,https://xeno-canto.org/241692,https://xeno-canto.org/241692/download,d:/FILE AND TASK/TA/data/xeno_canto\Gypsophila_rufipectus\XC241692_Gypsophila_rufipectus.mp3,5a3887b4924f5a254b3f14fe8029d6c75d4824569f393ba8984257964720361d,Ready_Existing
241691,Gypsophila_rufipectus,Gypsophila rufipectus,Rusty-breasted Wren-Babbler,True,B,Mike Nelson,2015-02-23,10:00,Indonesia,"Mount Kerinci, West Sumatra, Sumatra",-1.7342,101.2512,,0:37,https://creativecommons.org/licenses/by-nc-sa/4.0/,https://xeno-canto.org/241691,https://xeno-canto.org/241691/download,d:/FILE AND TASK/TA/data/xeno_canto\Gypsophila_rufipectus\XC241691_Gypsophila_rufipectus.mp3,0378e4f86916d80becc59585e859b75c41ff64a0197fcfe7d7cca61cdde764a7,Ready_Existing
241690,Gypsophila_rufipectus,Gypsophila rufipectus,Rusty-breasted Wren-Babbler,True,B,Mike Nelson,2015-02-23,10:00,Indonesia,"Mount Kerinci, West Sumatra, Sumatra",-1.7342,101.2512,,0:56,https://creativecommons.org/licenses/by-nc-sa/4.0/,https://xeno-canto.org/241690,https://xeno-canto.org/241690/download,d:/FILE AND TASK/TA/data/xeno_canto\Gypsophila_rufipectus\XC241690_Gypsophila_rufipectus.mp3,7d1f6a09f8a247b70b4fd6f610dd7da29f8e85742095f22776135aa7a632bc79,Ready_Existing
196211,Gypsophila_rufipectus,Gypsophila rufipectus,Rusty-breasted Wren-Babbler,True,B,Marc Thibault,2014-06-23,?,Indonesia,"Mount Kerinci, West Sumatra, Sumatra",-1.7342,101.2512,,0:49,https://creativecommons.org/licenses/by-nc-sa/4.0/,https://xeno-canto.org/196211,https://xeno-canto.org/196211/download,d:/FILE AND TASK/TA/data/xeno_canto\Gypsophila_rufipectus\XC196211_Gypsophila_rufipectus.mp3,01f53616b736eb73a2f370fe4e8a06c204ea0a24e5862112f57d882a3b5ece30,Ready_Existing
196210,Gypsophila_rufipectus,Gypsophila rufipectus,Rusty-breasted Wren-Babbler,True,B,Marc Thibault,2014-06-23,?,Indonesia,"Mount Kerinci, West Sumatra, Sumatra",-1.7342,101.2512,,1:18,https://creativecommons.org/licenses/by-nc-sa/4.0/,https://xeno-canto.org/196210,https://xeno-canto.org/196210/download,d:/FILE AND TASK/TA/data/xeno_canto\Gypsophila_rufipectus\XC196210_Gypsophila_rufipectus.mp3,0b73c60809e58130432bf26c2bf43ae3dc86ae4d7ecfd8e805bc935e2370023e,Downloaded_Fresh
79433,Gypsophila_rufipectus,Gypsophila rufipectus,Rusty-breasted Wren-Babbler,True,B,Desmond Allen,1994-08-22,?:?,Indonesia,"Mount Kerinci, Kerinci Seblat National Park, Sumatra",,,,0:47,https://creativecommons.org/licenses/by-nc-nd/2.5/,https://xeno-canto.org/79433,https://xeno-canto.org/79433/download,d:/FILE AND TASK/TA/data/xeno_canto\Gypsophila_rufipectus\XC79433_Gypsophila_rufipectus.mp3,072ebda698ea86e71793d9b6721493ad24f0d81d6c187a40f503fad286aa82a1,Ready_Existing
70301,Gypsophila_rufipectus,Gypsophila rufipectus,Rusty-breasted Wren-Babbler,True,B,David Gibbs,1990-00-00,?,Indonesia,"Sumatra, Gunung Kerinci",-1.7401,101.2601,,1:02,https://creativecommons.org/licenses/by-nc-nd/2.5/,https://xeno-canto.org/70301,https://xeno-canto.org/70301/download,d:/FILE AND TASK/TA/data/xeno_canto\Gypsophila_rufipectus\XC70301_Gypsophila_rufipectus.mp3,74150634d4edb8478fcbbc93342e1e0e4356218bb3d650673d927332e3ec3397,Downloaded_Fresh
39508,Gypsophila_rufipectus,Gypsophila rufipectus,Rusty-breasted Wren-Babbler,True,B,Brian Cox,2009-07-05,11.00,Indonesia,"Danau Ranau, Bukit Barisan Selatan NP, Lampung, Sumatra",-4.9667,103.8501,,0:40,https://creativecommons.org/licenses/by-nc-nd/2.5/,https://xeno-canto.org/39508,https://xeno-canto.org/39508/download,d:/FILE AND TASK/TA/data/xeno_canto\Gypsophila_rufipectus\XC39508_Gypsophila_rufipectus.mp3,f6d5495bbd607ce9c5379eb1a33c4536bf0c6f86e6255068c26c70f83f6f170f,Ready_Existing
39507,Gypsophila_rufipectus,Gypsophila rufipectus,Rusty-breasted Wren-Babbler,True,B,Brian Cox,2009-07-05,11.00,Indonesia,"Danau Ranau, Bukit Barisan Selatan NP, Lampung, Sumatra",-4.9667,103.8501,,0:09,https://creativecommons.org/licenses/by-nc-nd/2.5/,https://xeno-canto.org/39507,https://xeno-canto.org/39507/download,d:/FILE AND TASK/TA/data/xeno_canto\Gypsophila_rufipectus\XC39507_Gypsophila_rufipectus.mp3,3207fa00424cfdbaf4e76a608c87cc1714e6d250ea0dd28ffb2812e821f54e77,Ready_Existing
23118,Gypsophila_rufipectus,Gypsophila rufipectus,Rusty-breasted Wren-Babbler,True,B,George Wagner,2008-07-08,07:40,Indonesia,"Mount Kerinci, West Sumatra, Sumatra",-1.7342,101.2512,,0:38,https://creativecommons.org/licenses/by-nc-nd/2.5/,https://xeno-canto.org/23118,https://xeno-canto.org/23118/download,d:/FILE AND TASK/TA/data/xeno_canto\Gypsophila_rufipectus\XC23118_Gypsophila_rufipectus.mp3,3b8b257279a125d701a9a50f152c6146d022d3b7f9cb1a7d586a62d116d49bb4,Downloaded_Fresh
963458,Napothera_albostriata,Napothera albostriata,Sumatran Wren-Babbler,True,A,Daan Drukker,2024-12-07,14:02,Indonesia,"Pos 2 Batu Lumut, Kerinci Regency, Jambi",-1.7326,101.2617,,0:12,https://creativecommons.org/licenses/by-nc-sa/4.0/,https://xeno-canto.org/963458,https://xeno-canto.org/963458/download,d:/FILE AND TASK/TA/data/xeno_canto\Napothera_albostriata\XC963458_Napothera_albostriata.mp3,f56e4debe747dcac4b2a59945d0493e0b915a835f238735754ca90e12acf0818,Ready_Existing
576884,Napothera_albostriata,Napothera albostriata,Sumatran Wren-Babbler,True,A,Garry Bakker,2015-08-21,11:01,Indonesia,"Kayu Aro, Kerinci, Jambi",-1.741,101.26,,0:32,https://creativecommons.org/licenses/by-nc-sa/4.0/,https://xeno-canto.org/576884,https://xeno-canto.org/576884/download,d:/FILE AND TASK/TA/data/xeno_canto\Napothera_albostriata\XC576884_Napothera_albostriata.mp3,c49e681b4d859a3b8c6850e39877dd3bd3e1e7b0c57748fc21910b36197ae3a4,Ready_Existing
431536,Napothera_albostriata,Napothera albostriata,Sumatran Wren-Babbler,True,A,Brian Cox,2018-07-06,10:00,Indonesia,"Sumatra, Gunung Kerinci",-1.74,101.26,,0:34,https://creativecommons.org/licenses/by-nc-sa/4.0/,https://xeno-canto.org/431536,https://xeno-canto.org/431536/download,d:/FILE AND TASK/TA/data/xeno_canto\Napothera_albostriata\XC431536_Napothera_albostriata.mp3,d7db6d329d0a1eb3f7aed4071a8b4df625028cdc70d3942fd32d7c8e967bf942,Ready_Existing
431535,Napothera_albostriata,Napothera albostriata,Sumatran Wren-Babbler,True,A,Brian Cox,2018-07-06,10:00,Indonesia,"Sumatra, Gunung Kerinci",-1.74,101.26,,2:22,https://creativecommons.org/licenses/by-nc-sa/4.0/,https://xeno-canto.org/431535,https://xeno-canto.org/431535/download,d:/FILE AND TASK/TA/data/xeno_canto\Napothera_albostriata\XC431535_Napothera_albostriata.mp3,4f140eade6046a5c72b409d17c5e9cc29371e1a43ee091bb6550a77f003f7c0f,Ready_Existing
431534,Napothera_albostriata,Napothera albostriata,Sumatran Wren-Babbler,True,A,Brian Cox,2018-07-06,10:00,Indonesia,"Sumatra, Gunung Kerinci",-1.74,101.26,,0:21,https://creativecommons.org/licenses/by-nc-sa/4.0/,https://xeno-canto.org/431534,https://xeno-canto.org/431534/download,d:/FILE AND TASK/TA/data/xeno_canto\Napothera_albostriata\XC431534_Napothera_albostriata.mp3,1c81261e68c001e4233be53d54d1a439eb78b612aca3d1744cb75a0a80e75098,Ready_Existing
431533,Napothera_albostriata,Napothera albostriata,Sumatran Wren-Babbler,True,A,Brian Cox,2018-07-06,10:00,Indonesia,"Sumatra, Gunung Kerinci",-1.74,101.26,,0:22,https://creativecommons.org/licenses/by-nc-sa/4.0/,https://xeno-canto.org/431533,https://xeno-canto.org/431533/download,d:/FILE AND TASK/TA/data/xeno_canto\Napothera_albostriata\XC431533_Napothera_albostriata.mp3,441a1e93ea479aa3d4e93339c16b3d544a7c1cd291506e141c4e6ae742c384fd,Ready_Existing
431530,Napothera_albostriata,Napothera albostriata,Sumatran Wren-Babbler,True,A,Brian Cox,2018-07-06,10:00,Indonesia,"Sumatra, Gunung Kerinci",-1.74,101.26,,0:13,https://creativecommons.org/licenses/by-nc-sa/4.0/,https://xeno-canto.org/431530,https://xeno-canto.org/431530/download,d:/FILE AND TASK/TA/data/xeno_canto\Napothera_albostriata\XC431530_Napothera_albostriata.mp3,fd3b4937c6cd233f8eb6d0cc334a75e137ddff8353f4f10180cddb163a96aeaa,Ready_Existing
409582,Napothera_albostriata,Napothera albostriata,Sumatran Wren-Babbler,True,A,Frank Lambert,2016-07-03,07:29,Indonesia,"Mount Kerinci, West Sumatra, Sumatra",-1.7342,101.2512,,0:37,https://creativecommons.org/licenses/by-nc-nd/4.0/,https://xeno-canto.org/409582,https://xeno-canto.org/409582/download,d:/FILE AND TASK/TA/data/xeno_canto\Napothera_albostriata\XC409582_Napothera_albostriata.mp3,b176c249e67c6cb2b98bc1bda7c1449555848a0475490021199e2c7c5f2ed613,Ready_Existing
409580,Napothera_albostriata,Napothera albostriata,Sumatran Wren-Babbler,True,A,Frank Lambert,2016-07-03,07:26,Indonesia,"Mount Kerinci, West Sumatra, Sumatra",-1.7342,101.2512,,0:25,https://creativecommons.org/licenses/by-nc-nd/4.0/,https://xeno-canto.org/409580,https://xeno-canto.org/409580/download,d:/FILE AND TASK/TA/data/xeno_canto\Napothera_albostriata\XC409580_Napothera_albostriata.mp3,6f86ab15c8461883ec7c0c958d57c5f52fb74a678e06ab0cb27e32af77521859,Ready_Existing
241730,Napothera_albostriata,Napothera albostriata,Sumatran Wren-Babbler,True,A,Mike Nelson,2015-02-27,13:00,Indonesia,"Mount Kerinci, West Sumatra, Sumatra",-1.7342,101.2512,,2:31,https://creativecommons.org/licenses/by-nc-sa/4.0/,https://xeno-canto.org/241730,https://xeno-canto.org/241730/download,d:/FILE AND TASK/TA/data/xeno_canto\Napothera_albostriata\XC241730_Napothera_albostriata.mp3,9ef13d0f1ea0fd58e14bee605819a498d52e6b1a3a54f795a643d9a491733523,Ready_Existing
196221,Napothera_albostriata,Napothera albostriata,Sumatran Wren-Babbler,True,A,yann muzika,2014-09-07,09:04,Indonesia,"Danau Ranau, West Lampung, Lampung, Sumatra",-4.9393,103.8433,,0:15,https://creativecommons.org/licenses/by-nc-sa/4.0/,https://xeno-canto.org/196221,https://xeno-canto.org/196221/download,d:/FILE AND TASK/TA/data/xeno_canto\Napothera_albostriata\XC196221_Napothera_albostriata.mp3,a37c1354ffc53d7f3fcd243b3ad6dc5e4473bdc5d22f1cba2034c042b4008ae8,Ready_Existing
648646,Napothera_albostriata,Napothera albostriata,Sumatran Wren-Babbler,True,B,Ding Li Yong,2019-09-15,10:30,Indonesia,"Silahi Sabungan, Kabupaten Dairi, Sumatera Utara",2.7848,98.5144,,0:23,https://creativecommons.org/licenses/by-nc-nd/4.0/,https://xeno-canto.org/648646,https://xeno-canto.org/648646/download,d:/FILE AND TASK/TA/data/xeno_canto\Napothera_albostriata\XC648646_Napothera_albostriata.mp3,3c63d2b16e058735a3377a949d6d9688191a09086e4a7084556a04124c6c44d0,Ready_Existing
301154,Napothera_albostriata,Napothera albostriata,Sumatran Wren-Babbler,True,B,Gareth K.,2013-02-12,12:00,Indonesia,"Lombok Seminung, Lampung Barat, Lampung",-4.9442,103.8332,,1:00,https://creativecommons.org/licenses/by-nc-sa/4.0/,https://xeno-canto.org/301154,https://xeno-canto.org/301154/download,d:/FILE AND TASK/TA/data/xeno_canto\Napothera_albostriata\XC301154_Napothera_albostriata.mp3,c097a0b3ced991155fb2d8e3689a3f2cfffc223955514b8547200b81819541d2,Ready_Existing
241729,Napothera_albostriata,Napothera albostriata,Sumatran Wren-Babbler,True,B,Mike Nelson,2015-02-27,13:00,Indonesia,"Mount Kerinci, West Sumatra, Sumatra",-1.7342,101.2512,,2:12,https://creativecommons.org/licenses/by-nc-sa/4.0/,https://xeno-canto.org/241729,https://xeno-canto.org/241729/download,d:/FILE AND TASK/TA/data/xeno_canto\Napothera_albostriata\XC241729_Napothera_albostriata.mp3,fe1f2d5638a8376a89d90dfd2f78d03edd8181ce7058d707a10eb88fd3019085,Ready_Existing
241728,Napothera_albostriata,Napothera albostriata,Sumatran Wren-Babbler,True,B,Mike Nelson,2015-02-24,07:00,Indonesia,"Mount Kerinci, West Sumatra, Sumatra",-1.7342,101.2512,,0:22,https://creativecommons.org/licenses/by-nc-sa/4.0/,https://xeno-canto.org/241728,https://xeno-canto.org/241728/download,d:/FILE AND TASK/TA/data/xeno_canto\Napothera_albostriata\XC241728_Napothera_albostriata.mp3,10e2ef03dc7796fcacb877a152b9dfd62604fb6d984129246b224fd83eb761f9,Ready_Existing
195587,Napothera_albostriata,Napothera albostriata,Sumatran Wren-Babbler,True,B,Marc Thibault,2014-06-18,?,Indonesia,"Mount Kerinci, West Sumatra, Sumatra",-1.7342,101.2512,,1:06,https://creativecommons.org/licenses/by-nc-sa/4.0/,https://xeno-canto.org/195587,https://xeno-canto.org/195587/download,d:/FILE AND TASK/TA/data/xeno_canto\Napothera_albostriata\XC195587_Napothera_albostriata.mp3,1540cfe095cfa49f8190121ef75f77a724210842ff5534533f81da7826aa82bf,Ready_Existing
195585,Napothera_albostriata,Napothera albostriata,Sumatran Wren-Babbler,True,B,Marc Thibault,2014-06-18,?,Indonesia,"Mount Kerinci, West Sumatra, Sumatra",-1.7342,101.2512,,0:48,https://creativecommons.org/licenses/by-nc-sa/4.0/,https://xeno-canto.org/195585,https://xeno-canto.org/195585/download,d:/FILE AND TASK/TA/data/xeno_canto\Napothera_albostriata\XC195585_Napothera_albostriata.mp3,8370f47c5ca9b3461cee23db04b9e85894d0c1b54a1df7dffc18620118eea16b,Ready_Existing
195583,Napothera_albostriata,Napothera albostriata,Sumatran Wren-Babbler,True,B,Marc Thibault,2014-06-18,?,Indonesia,"Mount Kerinci, West Sumatra, Sumatra",-1.7342,101.2512,,0:27,https://creativecommons.org/licenses/by-nc-sa/4.0/,https://xeno-canto.org/195583,https://xeno-canto.org/195583/download,d:/FILE AND TASK/TA/data/xeno_canto\Napothera_albostriata\XC195583_Napothera_albostriata.mp3,64f951b323776ceee06112c9bba555d09116e34ecc0537aea71608c8cac5d2b4,Ready_Existing
79361,Napothera_albostriata,Napothera albostriata,Sumatran Wren-Babbler,True,B,Desmond Allen,1994-03-09,?:?,Indonesia,"Kerinci Seblat National Park, Sumatra",,,,0:51,https://creativecommons.org/licenses/by-nc-nd/2.5/,https://xeno-canto.org/79361,https://xeno-canto.org/79361/download,d:/FILE AND TASK/TA/data/xeno_canto\Napothera_albostriata\XC79361_Napothera_albostriata.mp3,ef4f2934d03d809b320a94df1257ee00990997835af902709efff81adb256760,Ready_Existing
70293,Napothera_albostriata,Napothera albostriata,Sumatran Wren-Babbler,True,C,David Gibbs,1990-00-00,?,Indonesia,"Sumatra, Gunung Kerinci",-1.74,101.26,,0:27,https://creativecommons.org/licenses/by-nc-nd/2.5/,https://xeno-canto.org/70293,https://xeno-canto.org/70293/download,d:/FILE AND TASK/TA/data/xeno_canto\Napothera_albostriata\XC70293_Napothera_albostriata.mp3,d418e7ed6abc28b4b0c2e7619b2cf5e58c4bed41ecca8ac73edca5bb4ea648de,Ready_Existing
648643,Myophonus_melanurus,Myophonus melanurus,Shiny Whistling Thrush,True,A,Ding Li Yong,2019-09-14,10:00,Indonesia,"Silahi Sabungan, Kabupaten Dairi, Sumatera Utara",2.7848,98.5144,,0:23,https://creativecommons.org/licenses/by-nc-nd/4.0/,https://xeno-canto.org/648643,https://xeno-canto.org/648643/download,d:/FILE AND TASK/TA/data/xeno_canto\Myophonus_melanurus\XC648643_Myophonus_melanurus.mp3,b23240b5dd431ae2830e2a772de82cbbddf3e32540a0ebc30e9f3e9b05d8b709,Ready_Existing
431618,Myophonus_melanurus,Myophonus melanurus,Shiny Whistling Thrush,True,A,Brian Cox,2018-07-12,15:30,Indonesia,"Beutong, Kabupaten Nagan Raya, Aceh",4.3043,96.5658,,0:03,https://creativecommons.org/licenses/by-nc-sa/4.0/,https://xeno-canto.org/431618,https://xeno-canto.org/431618/download,d:/FILE AND TASK/TA/data/xeno_canto\Myophonus_melanurus\XC431618_Myophonus_melanurus.mp3,f6c733dffde826fbf2c5011fcb330a833d978b5e664e10e0499c6bdfcb892083,Ready_Existing
431616,Myophonus_melanurus,Myophonus melanurus,Shiny Whistling Thrush,True,A,Brian Cox,2018-07-11,17:00,Indonesia,"Beutong, Kabupaten Nagan Raya, Aceh",4.3043,96.5658,,0:03,https://creativecommons.org/licenses/by-nc-sa/4.0/,https://xeno-canto.org/431616,https://xeno-canto.org/431616/download,d:/FILE AND TASK/TA/data/xeno_canto\Myophonus_melanurus\XC431616_Myophonus_melanurus.mp3,e19966cb06ec577b2da1a2cd049a423a50df70e7eb4f42d001d92554a35644a4,Ready_Existing
431615,Myophonus_melanurus,Myophonus melanurus,Shiny Whistling Thrush,True,A,Brian Cox,2018-07-11,17:00,Indonesia,"Beutong, Kabupaten Nagan Raya, Aceh",4.3043,96.5658,,0:18,https://creativecommons.org/licenses/by-nc-sa/4.0/,https://xeno-canto.org/431615,https://xeno-canto.org/431615/download,d:/FILE AND TASK/TA/data/xeno_canto\Myophonus_melanurus\XC431615_Myophonus_melanurus.mp3,3cbbc85d08f3ed33fb33966cfe1eae1f5fd8195b7cc9d894c06ed12aee55ea0f,Ready_Existing
409557,Myophonus_melanurus,Myophonus melanurus,Shiny Whistling Thrush,True,A,Frank Lambert,2016-07-04,10:00,Indonesia,"Mount Kerinci, West Sumatra, Sumatra",-1.7342,101.2512,,0:27,https://creativecommons.org/licenses/by-nc-nd/4.0/,https://xeno-canto.org/409557,https://xeno-canto.org/409557/download,d:/FILE AND TASK/TA/data/xeno_canto\Myophonus_melanurus\XC409557_Myophonus_melanurus.mp3,96c5ee4301810f4cb384d1574494de5eaaa9b793f528534ad1c7aa2b59c7292d,Ready_Existing
90890,Myophonus_melanurus,Myophonus melanurus,Shiny Whistling Thrush,True,A,Fabian Ducry &amp; David Marques,2009-09-01,?,Indonesia,"Mount Kerinci, West Sumatra, Sumatra ",-1.7342,101.2512,,0:21,https://creativecommons.org/licenses/by-nc-nd/2.5/,https://xeno-canto.org/90890,https://xeno-canto.org/90890/download,d:/FILE AND TASK/TA/data/xeno_canto\Myophonus_melanurus\XC90890_Myophonus_melanurus.mp3,4335cc286340e57aecf50c2bf432fe6b339c65ce609ffd8ee648de8220ad6f44,Ready_Existing
681410,Myophonus_melanurus,Myophonus melanurus,Shiny Whistling Thrush,True,B,Mike Nelson,2016-04-19,15:00,Indonesia,"Mount Kerinci, West Sumatra, Sumatra",-1.7342,101.2512,,0:51,https://creativecommons.org/licenses/by-nc-sa/4.0/,https://xeno-canto.org/681410,https://xeno-canto.org/681410/download,d:/FILE AND TASK/TA/data/xeno_canto\Myophonus_melanurus\XC681410_Myophonus_melanurus.mp3,a4fa8a04db8bfb73edad09310502bb8587cbaa0f9f933d96d3ed638cefd33728,Ready_Existing
431617,Myophonus_melanurus,Myophonus melanurus,Shiny Whistling Thrush,True,B,Brian Cox,2018-07-11,17:00,Indonesia,"Beutong, Kabupaten Nagan Raya, Aceh",4.3043,96.5658,,0:27,https://creativecommons.org/licenses/by-nc-sa/4.0/,https://xeno-canto.org/431617,https://xeno-canto.org/431617/download,d:/FILE AND TASK/TA/data/xeno_canto\Myophonus_melanurus\XC431617_Myophonus_melanurus.mp3,683cc9ca666f240fbf6f819e051e12dfe5ba93f82e2a7eeb0ee73bb05e3888f5,Ready_Existing
409555,Myophonus_melanurus,Myophonus melanurus,Shiny Whistling Thrush,True,B,Frank Lambert,2016-07-04,17:04,Indonesia,"Mount Kerinci, West Sumatra, Sumatra",-1.7342,101.2512,,0:19,https://creativecommons.org/licenses/by-nc-nd/4.0/,https://xeno-canto.org/409555,https://xeno-canto.org/409555/download,d:/FILE AND TASK/TA/data/xeno_canto\Myophonus_melanurus\XC409555_Myophonus_melanurus.mp3,f4d5d4304c7f08a37d422267daaaba8eaa08f3132289a3552acc0128c7ba18e0,Ready_Existing
241706,Myophonus_melanurus,Myophonus melanurus,Shiny Whistling Thrush,True,B,Mike Nelson,2015-02-26,15:30,Indonesia,"Mount Kerinci, West Sumatra, Sumatra",-1.7342,101.2512,,0:14,https://creativecommons.org/licenses/by-nc-sa/4.0/,https://xeno-canto.org/241706,https://xeno-canto.org/241706/download,d:/FILE AND TASK/TA/data/xeno_canto\Myophonus_melanurus\XC241706_Myophonus_melanurus.mp3,568858609df89fc731304a58915330d1cb8b22676c29e078f856b810db0bce0b,Ready_Existing
241705,Myophonus_melanurus,Myophonus melanurus,Shiny Whistling Thrush,True,B,Mike Nelson,2015-02-25,16:00,Indonesia,"Mount Kerinci, West Sumatra, Sumatra",-1.7342,101.2512,,0:18,https://creativecommons.org/licenses/by-nc-sa/4.0/,https://xeno-canto.org/241705,https://xeno-canto.org/241705/download,d:/FILE AND TASK/TA/data/xeno_canto\Myophonus_melanurus\XC241705_Myophonus_melanurus.mp3,b92696a1ae2c4ee4dd8935a88c6b1348996a30b18364f0cbe412822873fa14cb,Ready_Existing
241704,Myophonus_melanurus,Myophonus melanurus,Shiny Whistling Thrush,True,B,Mike Nelson,2015-02-24,08:30,Indonesia,"Mount Kerinci, West Sumatra, Sumatra",-1.7342,101.2512,,0:28,https://creativecommons.org/licenses/by-nc-sa/4.0/,https://xeno-canto.org/241704,https://xeno-canto.org/241704/download,d:/FILE AND TASK/TA/data/xeno_canto\Myophonus_melanurus\XC241704_Myophonus_melanurus.mp3,25f88832d68a020adbf1b4f4625e7e08db1417802ce719c54a102843032c235e,Ready_Existing
241703,Myophonus_melanurus,Myophonus melanurus,Shiny Whistling Thrush,True,B,Mike Nelson,2015-02-23,08:30,Indonesia,"Mount Kerinci, West Sumatra, Sumatra",-1.7342,101.2512,,0:39,https://creativecommons.org/licenses/by-nc-sa/4.0/,https://xeno-canto.org/241703,https://xeno-canto.org/241703/download,d:/FILE AND TASK/TA/data/xeno_canto\Myophonus_melanurus\XC241703_Myophonus_melanurus.mp3,3c4448bc8730d36bff77f8f05a4c325a6b1d2d1a69836d17228a6be90be68e78,Ready_Existing
241702,Myophonus_melanurus,Myophonus melanurus,Shiny Whistling Thrush,True,B,Mike Nelson,2015-02-23,08:30,Indonesia,"Mount Kerinci, West Sumatra, Sumatra",-1.7342,101.2512,,0:04,https://creativecommons.org/licenses/by-nc-sa/4.0/,https://xeno-canto.org/241702,https://xeno-canto.org/241702/download,d:/FILE AND TASK/TA/data/xeno_canto\Myophonus_melanurus\XC241702_Myophonus_melanurus.mp3,b05f652c54fc1547560b3970cb687ecf54f54979f45ef8ebab750861c81993d7,Ready_Existing
81137,Myophonus_melanurus,Myophonus melanurus,Shiny Whistling Thrush,True,C,Desmond Allen,1994-08-22,?:?,Indonesia,"Mount Kerinci, West Sumatra, Sumatra",-1.7342,101.2512,,0:23,https://creativecommons.org/licenses/by-nc-nd/2.5/,https://xeno-canto.org/81137,https://xeno-canto.org/81137/download,d:/FILE AND TASK/TA/data/xeno_canto\Myophonus_melanurus\XC81137_Myophonus_melanurus.mp3,e1f9cbc0decbfaaa53fac6ab5d3be71f4df67ba77cacd8a71594ed7944442646,Ready_Existing
1082270,Polyplectron_chalcurum,Polyplectron chalcurum,Bronze-tailed Peacock-Pheasant,True,A,Kalvin Chan,2026-01-21,11:00,Indonesia,"Tapan Road, West Sumatra, Sumatra",-2.0498,101.3073,,0:20,https://creativecommons.org/licenses/by-nc-sa/4.0/,https://xeno-canto.org/1082270,https://xeno-canto.org/1082270/download,d:/FILE AND TASK/TA/data/xeno_canto\Polyplectron_chalcurum\XC1082270_Polyplectron_chalcurum.mp3,f200620997e99373c6ec42e0b6c528a820c6f0a1fe8880b0ba08642d4f431c18,Ready_Existing
598654,Polyplectron_chalcurum,Polyplectron chalcurum,Bronze-tailed Peacock-Pheasant,True,A,Arbi Wiguna,2019-10-23,06:00,Indonesia,"Sangir, Kabupaten Solok Selatan, Sumatera Barat",-1.6967,101.2642,,0:19,https://creativecommons.org/licenses/by-nc-sa/4.0/,https://xeno-canto.org/598654,https://xeno-canto.org/598654/download,d:/FILE AND TASK/TA/data/xeno_canto\Polyplectron_chalcurum\XC598654_Polyplectron_chalcurum.mp3,bf07419a37f000fcef015b273b08e4fc2c36f1618a0cb51115a8ab22861193c6,Ready_Existing
576881,Polyplectron_chalcurum,Polyplectron chalcurum,Bronze-tailed Peacock-Pheasant,True,A,Garry Bakker,2015-08-24,18:25,Indonesia,"Pesisir Bukit, Kota Sungai Penuh, Jambi",-2.036,101.331,,0:16,https://creativecommons.org/licenses/by-nc-sa/4.0/,https://xeno-canto.org/576881,https://xeno-canto.org/576881/download,d:/FILE AND TASK/TA/data/xeno_canto\Polyplectron_chalcurum\XC576881_Polyplectron_chalcurum.mp3,5f52670ba1e342ea8d19967be4d375979713b4e0f33673c046421910e3554bf2,Ready_Existing
409403,Polyplectron_chalcurum,Polyplectron chalcurum,Bronze-tailed Peacock-Pheasant,True,A,Frank Lambert,2016-07-09,07:11,Indonesia,"Tapan Road, West Sumatra, Sumatra",-2.0498,101.3073,,0:25,https://creativecommons.org/licenses/by-nc-nd/4.0/,https://xeno-canto.org/409403,https://xeno-canto.org/409403/download,d:/FILE AND TASK/TA/data/xeno_canto\Polyplectron_chalcurum\XC409403_Polyplectron_chalcurum.mp3,68dd0f91b15455b0afcbdc9ded132544296df6c2466d922cf829732eeba3158f,Ready_Existing
70193,Polyplectron_chalcurum,Polyplectron chalcurum,Bronze-tailed Peacock-Pheasant,True,A,David Gibbs,1990-00-00,?,Indonesia,"Sumatra, Gunung Kerinci",-1.7401,101.2601,,0:44,https://creativecommons.org/licenses/by-nc-nd/2.5/,https://xeno-canto.org/70193,https://xeno-canto.org/70193/download,d:/FILE AND TASK/TA/data/xeno_canto\Polyplectron_chalcurum\XC70193_Polyplectron_chalcurum.mp3,916d5f759c4daf98c3de1806b23810898dc0cb11e966944df2a90b57341f26ad,Ready_Existing
1082286,Polyplectron_chalcurum,Polyplectron chalcurum,Bronze-tailed Peacock-Pheasant,True,B,Kalvin Chan,2026-01-22,09:00,Indonesia,"Gunung Raya, Kerinci Regency, Jambi",-2.313,101.5403,,1:44,https://creativecommons.org/licenses/by-nc-sa/4.0/,https://xeno-canto.org/1082286,https://xeno-canto.org/1082286/download,d:/FILE AND TASK/TA/data/xeno_canto\Polyplectron_chalcurum\XC1082286_Polyplectron_chalcurum.mp3,ac52292b5f250fc82913e6f15a804c8bc8cf51d473e99fc96908c191c25b7ef1,Ready_Existing
1082256,Polyplectron_chalcurum,Polyplectron chalcurum,Bronze-tailed Peacock-Pheasant,True,B,Kalvin Chan,2026-01-19,08:30,Indonesia,"Gunung Tujuh, Kerinci Regency, Jambi",-1.7099,101.3891,,0:39,https://creativecommons.org/licenses/by-nc-sa/4.0/,https://xeno-canto.org/1082256,https://xeno-canto.org/1082256/download,d:/FILE AND TASK/TA/data/xeno_canto\Polyplectron_chalcurum\XC1082256_Polyplectron_chalcurum.mp3,b5dd3406fa8d748fc71f9a2aefbd7764e110cd746329c6956c4d76def367cf3d,Ready_Existing
943630,Polyplectron_chalcurum,Polyplectron chalcurum,Bronze-tailed Peacock-Pheasant,True,B,Remco Hofland,2024-07-17,12:05,Indonesia,"Beutong, Nagan Raya Regency, Aceh",4.3334,96.5167,,0:43,https://creativecommons.org/licenses/by-nc-sa/4.0/,https://xeno-canto.org/943630,https://xeno-canto.org/943630/download,d:/FILE AND TASK/TA/data/xeno_canto\Polyplectron_chalcurum\XC943630_Polyplectron_chalcurum.mp3,7101f7c20b0edd1d72928a31e97d131344f3aa02287a7e30da4eda8f4b98e4f1,Ready_Existing
943629,Polyplectron_chalcurum,Polyplectron chalcurum,Bronze-tailed Peacock-Pheasant,True,B,Remco Hofland,2024-07-17,12:05,Indonesia,"Beutong, Nagan Raya Regency, Aceh",4.3334,96.5167,,0:21,https://creativecommons.org/licenses/by-nc-sa/4.0/,https://xeno-canto.org/943629,https://xeno-canto.org/943629/download,d:/FILE AND TASK/TA/data/xeno_canto\Polyplectron_chalcurum\XC943629_Polyplectron_chalcurum.mp3,997afa1df9e09305418963b489d6a787617b5f190cfaafca1f8b32decc10a816,Ready_Existing
691500,Polyplectron_chalcurum,Polyplectron chalcurum,Bronze-tailed Peacock-Pheasant,True,B,Mike Nelson,2016-08-26,09:30,Indonesia,"Tapan Road, West Sumatra, Sumatra",-2.0498,101.3073,,0:31,https://creativecommons.org/licenses/by-nc-sa/4.0/,https://xeno-canto.org/691500,https://xeno-canto.org/691500/download,d:/FILE AND TASK/TA/data/xeno_canto\Polyplectron_chalcurum\XC691500_Polyplectron_chalcurum.mp3,7a973a907bad1a3b037068726e7f564cd29ae6d15a07e1769e467f1f02427db3,Ready_Existing
681416,Polyplectron_chalcurum,Polyplectron chalcurum,Bronze-tailed Peacock-Pheasant,True,B,Mike Nelson,2016-04-18,08:30,Indonesia,"Mount Kerinci, West Sumatra, Sumatra",-1.7342,101.2512,,0:48,https://creativecommons.org/licenses/by-nc-sa/4.0/,https://xeno-canto.org/681416,https://xeno-canto.org/681416/download,d:/FILE AND TASK/TA/data/xeno_canto\Polyplectron_chalcurum\XC681416_Polyplectron_chalcurum.mp3,8a443c1742ed213c0127f0cfe4f173eaf1f11ee1b4e30e671669fe30ccb2f036,Ready_Existing
409404,Polyplectron_chalcurum,Polyplectron chalcurum,Bronze-tailed Peacock-Pheasant,True,B,Frank Lambert,2016-07-08,09:03,Indonesia,"Tapan Road, West Sumatra, Sumatra",-2.0498,101.3073,,0:19,https://creativecommons.org/licenses/by-nc-nd/4.0/,https://xeno-canto.org/409404,https://xeno-canto.org/409404/download,d:/FILE AND TASK/TA/data/xeno_canto\Polyplectron_chalcurum\XC409404_Polyplectron_chalcurum.mp3,ab6825824cfc6491a3469a68aa5b0fc70617e558e4a86a66c471998fdffe076c,Ready_Existing
391061,Polyplectron_chalcurum,Polyplectron chalcurum,Bronze-tailed Peacock-Pheasant,True,B,Irene Dy,2017-08-23,12:30,Indonesia,"Sumatra, Gunung Kerinci",-1.74,101.26,,0:03,https://creativecommons.org/licenses/by-nc-sa/4.0/,https://xeno-canto.org/391061,https://xeno-canto.org/391061/download,d:/FILE AND TASK/TA/data/xeno_canto\Polyplectron_chalcurum\XC391061_Polyplectron_chalcurum.mp3,4db2ae91daf9819c01b481b3adc9c4c31d76b8916397bd7d262b5867947b34d5,Ready_Existing
213817,Polyplectron_chalcurum,Polyplectron chalcurum,Bronze-tailed Peacock-Pheasant,True,B,Stijn Cooleman,2014-07-17,16:18,Indonesia,"Way Titias, Bukit Barisan Selatan NP, Lampung, Sumatra",-5.0685,104.0258,,0:19,https://creativecommons.org/licenses/by-nc-sa/4.0/,https://xeno-canto.org/213817,https://xeno-canto.org/213817/download,d:/FILE AND TASK/TA/data/xeno_canto\Polyplectron_chalcurum\XC213817_Polyplectron_chalcurum.mp3,c8e0137f7e5815628e3f4e00316c249b2ed51ff56ff77638fddcfe7cd57bad73,Ready_Existing
196220,Polyplectron_chalcurum,Polyplectron chalcurum,Bronze-tailed Peacock-Pheasant,True,B,yann muzika,2014-09-07,07:18,Indonesia,"Danau Ranau, West Lampung, Lampung, Sumatra",-4.9393,103.8433,,0:13,https://creativecommons.org/licenses/by-nc-sa/4.0/,https://xeno-canto.org/196220,https://xeno-canto.org/196220/download,d:/FILE AND TASK/TA/data/xeno_canto\Polyplectron_chalcurum\XC196220_Polyplectron_chalcurum.mp3,02bf18dd8343d178332e2743f7218a150a5eabfbc9867ed55c90040d42ff131d,Ready_Existing
56932,Polyplectron_chalcurum,Polyplectron chalcurum,Bronze-tailed Peacock-Pheasant,True,B,Fabian Ducry &amp; David Marques,2009-09-05,?,Indonesia,"Way Titias, Bukit Barisan Selatan NP, Lampung, Sumatra",-5.0684,104.0256,,0:31,https://creativecommons.org/licenses/by-nc-nd/2.5/,https://xeno-canto.org/56932,https://xeno-canto.org/56932/download,d:/FILE AND TASK/TA/data/xeno_canto\Polyplectron_chalcurum\XC56932_Polyplectron_chalcurum.mp3,bf689539269fdc027be210a74757ec87f9859fc886c14c1d6ed06bec61e25016,Ready_Existing
90808,Polyplectron_chalcurum,Polyplectron chalcurum,Bronze-tailed Peacock-Pheasant,True,C,Fabian Ducry &amp; David Marques,2009-08-30,?,Indonesia,"Tapan Road, West Sumatra, Sumatra",-2.0498,101.3073,,0:25,https://creativecommons.org/licenses/by-nc-nd/2.5/,https://xeno-canto.org/90808,https://xeno-canto.org/90808/download,d:/FILE AND TASK/TA/data/xeno_canto\Polyplectron_chalcurum\XC90808_Polyplectron_chalcurum.mp3,b673b254b68adb7aa1af665d2cd56e2eab104073891c0213a1a4039bdb4cd655,Ready_Existing
39499,Polyplectron_chalcurum,Polyplectron chalcurum,Bronze-tailed Peacock-Pheasant,True,C,Brian Cox,2009-07-01,12.00,Indonesia,"Way Titias, Bukit Barisan Selatan NP, Lampung, Sumatra ",-5.068545,104.025764,,0:10,https://creativecommons.org/licenses/by-nc-nd/2.5/,https://xeno-canto.org/39499,https://xeno-canto.org/39499/download,d:/FILE AND TASK/TA/data/xeno_canto\Polyplectron_chalcurum\XC39499_Polyplectron_chalcurum.mp3,53941c3763388892a618259357161cf35a244148440174db01be2afe33e44b70,Ready_Existing
409405,Polyplectron_chalcurum,Polyplectron chalcurum,Bronze-tailed Peacock-Pheasant,True,E,Frank Lambert,2016-07-08,08:36,Indonesia,"Tapan Road, West Sumatra, Sumatra",-2.0498,101.3073,,0:17,https://creativecommons.org/licenses/by-nc-nd/4.0/,https://xeno-canto.org/409405,https://xeno-canto.org/409405/download,d:/FILE AND TASK/TA/data/xeno_canto\Polyplectron_chalcurum\XC409405_Polyplectron_chalcurum.mp3,5ef02f8d3160bdcca314a74bdfbc85e48136752b4afe34463f16b5e9ba678cf2,Ready_Existing
537745,Halcyon_smyrnensis,Halcyon smyrnensis,White-throated Kingfisher,False,B,Advento,2019-07-25,09:00,Indonesia,"Kecamatan Kandis, Siak, Riau",0.9499,101.3454,,0:07,https://creativecommons.org/licenses/by-nc-sa/4.0/,https://xeno-canto.org/537745,https://xeno-canto.org/537745/download,d:/FILE AND TASK/TA/data/xeno_canto\Halcyon_smyrnensis\XC537745_Halcyon_smyrnensis.mp3,129fa6311a1ed2977d18786d1ad1a9af6839537db3db76f190f4e438495ae547,Ready_Existing
501340,Halcyon_smyrnensis,Halcyon smyrnensis,White-throated Kingfisher,False,B,Frank Lambert,2019-09-03,06:13,Indonesia,"Teupah Selatan, Kabupaten Simeulue, Aceh",2.3814,96.3509,,0:35,https://creativecommons.org/licenses/by-nc-nd/4.0/,https://xeno-canto.org/501340,https://xeno-canto.org/501340/download,d:/FILE AND TASK/TA/data/xeno_canto\Halcyon_smyrnensis\XC501340_Halcyon_smyrnensis.mp3,6c1493a14b7934a3eb4f96c111eaaa395113d89ca0bd84a640de7cef6c9422fb,Ready_Existing
498811,Halcyon_smyrnensis,Halcyon smyrnensis,White-throated Kingfisher,False,B,Frank Lambert,2019-08-23,06:04,Indonesia,"North Siberut, Kepulauan Mentawai, West Sumatra",-1.1963,98.9791,,0:14,https://creativecommons.org/licenses/by-nc-nd/4.0/,https://xeno-canto.org/498811,https://xeno-canto.org/498811/download,d:/FILE AND TASK/TA/data/xeno_canto\Halcyon_smyrnensis\XC498811_Halcyon_smyrnensis.mp3,9a199eeb925e14dd0e02b9bea6d66db50dbb9494652411adf4dda39326b92814,Ready_Existing
498810,Halcyon_smyrnensis,Halcyon smyrnensis,White-throated Kingfisher,False,B,Frank Lambert,2019-08-24,09:05,Indonesia,"North Siberut, Kepulauan Mentawai, West Sumatra",-1.1963,98.9791,,0:43,https://creativecommons.org/licenses/by-nc-nd/4.0/,https://xeno-canto.org/498810,https://xeno-canto.org/498810/download,d:/FILE AND TASK/TA/data/xeno_canto\Halcyon_smyrnensis\XC498810_Halcyon_smyrnensis.mp3,67f93ba6616ca9685d5ee53ba670697010d271ea0113e3fafee76898720c8a48,Ready_Existing
498809,Halcyon_smyrnensis,Halcyon smyrnensis,White-throated Kingfisher,False,B,Frank Lambert,2019-08-23,06:14,Indonesia,"North Siberut, Kepulauan Mentawai, West Sumatra",-1.1963,98.9791,,0:58,https://creativecommons.org/licenses/by-nc-nd/4.0/,https://xeno-canto.org/498809,https://xeno-canto.org/498809/download,d:/FILE AND TASK/TA/data/xeno_canto\Halcyon_smyrnensis\XC498809_Halcyon_smyrnensis.mp3,7672cb0bf4cf75d52905fea94af93cda68ac99222e2682236b84c1f196067330,Ready_Existing
498808,Halcyon_smyrnensis,Halcyon smyrnensis,White-throated Kingfisher,False,B,Frank Lambert,2019-08-23,07:56,Indonesia,"North Siberut, Kepulauan Mentawai, West Sumatra",-1.1963,98.9791,,1:09,https://creativecommons.org/licenses/by-nc-nd/4.0/,https://xeno-canto.org/498808,https://xeno-canto.org/498808/download,d:/FILE AND TASK/TA/data/xeno_canto\Halcyon_smyrnensis\XC498808_Halcyon_smyrnensis.mp3,3221553c5481ec6015ad41a2b667f6d5afa8146a74a88314f112d202907508b3,Ready_Existing
498807,Halcyon_smyrnensis,Halcyon smyrnensis,White-throated Kingfisher,False,B,Frank Lambert,2019-08-23,06:09,Indonesia,"North Siberut, Kepulauan Mentawai, West Sumatra",-1.1963,98.9791,,0:54,https://creativecommons.org/licenses/by-nc-nd/4.0/,https://xeno-canto.org/498807,https://xeno-canto.org/498807/download,d:/FILE AND TASK/TA/data/xeno_canto\Halcyon_smyrnensis\XC498807_Halcyon_smyrnensis.mp3,576b39970780b4e56267209e7df61339ac88852d638561a9238530833a407713,Ready_Existing
498806,Halcyon_smyrnensis,Halcyon smyrnensis,White-throated Kingfisher,False,B,Frank Lambert,2019-08-23,06:34,Indonesia,"North Siberut, Kepulauan Mentawai, West Sumatra",-1.1963,98.9791,,1:03,https://creativecommons.org/licenses/by-nc-nd/4.0/,https://xeno-canto.org/498806,https://xeno-canto.org/498806/download,d:/FILE AND TASK/TA/data/xeno_canto\Halcyon_smyrnensis\XC498806_Halcyon_smyrnensis.mp3,8e9d62a34ec6cb47e0718490c8847cbc0ecf00e881f3628bbdb8debe2476f12d,Ready_Existing
498805,Halcyon_smyrnensis,Halcyon smyrnensis,White-throated Kingfisher,False,B,Frank Lambert,2019-08-23,07:54,Indonesia,"North Siberut, Kepulauan Mentawai, West Sumatra",-1.1963,98.9791,,1:04,https://creativecommons.org/licenses/by-nc-nd/4.0/,https://xeno-canto.org/498805,https://xeno-canto.org/498805/download,d:/FILE AND TASK/TA/data/xeno_canto\Halcyon_smyrnensis\XC498805_Halcyon_smyrnensis.mp3,a83ca6a388e114683c3c81ae200053bc3dd44750230a3a5ccf1c73c91de4f35a,Ready_Existing
498804,Halcyon_smyrnensis,Halcyon smyrnensis,White-throated Kingfisher,False,B,Frank Lambert,2019-08-23,06:10,Indonesia,"North Siberut, Kepulauan Mentawai, West Sumatra",-1.1963,98.9791,,0:23,https://creativecommons.org/licenses/by-nc-nd/4.0/,https://xeno-canto.org/498804,https://xeno-canto.org/498804/download,d:/FILE AND TASK/TA/data/xeno_canto\Halcyon_smyrnensis\XC498804_Halcyon_smyrnensis.mp3,74b1d1dea1240f732536757b4f85de9de1cf3d3abcf3d27acbcf92eb50d145be,Ready_Existing
498803,Halcyon_smyrnensis,Halcyon smyrnensis,White-throated Kingfisher,False,B,Frank Lambert,2019-08-23,06:04,Indonesia,"North Siberut, Kepulauan Mentawai, West Sumatra",-1.1963,98.9791,,0:35,https://creativecommons.org/licenses/by-nc-nd/4.0/,https://xeno-canto.org/498803,https://xeno-canto.org/498803/download,d:/FILE AND TASK/TA/data/xeno_canto\Halcyon_smyrnensis\XC498803_Halcyon_smyrnensis.mp3,fcbc40dad29fb7b35c48e40537d1c988df829595e271df5afbde0bea8c5c2319,Ready_Existing
498802,Halcyon_smyrnensis,Halcyon smyrnensis,White-throated Kingfisher,False,B,Frank Lambert,2019-08-24,09:07,Indonesia,"North Siberut, Kepulauan Mentawai, West Sumatra",-1.1963,98.9791,,1:03,https://creativecommons.org/licenses/by-nc-nd/4.0/,https://xeno-canto.org/498802,https://xeno-canto.org/498802/download,d:/FILE AND TASK/TA/data/xeno_canto\Halcyon_smyrnensis\XC498802_Halcyon_smyrnensis.mp3,cd26f4a6c141c54696d5c671ee60714caa4899bc3e063d0a27f980dc070f4f09,Ready_Existing
481181,Halcyon_smyrnensis,Halcyon smyrnensis,White-throated Kingfisher,False,B,Prayitno Goenarto,2019-03-30,17:00,Indonesia,"Sumatra, Kabupaten Pelalawan, Riau",0.3725,101.8577,,0:07,https://creativecommons.org/licenses/by-nc-nd/4.0/,https://xeno-canto.org/481181,https://xeno-canto.org/481181/download,d:/FILE AND TASK/TA/data/xeno_canto\Halcyon_smyrnensis\XC481181_Halcyon_smyrnensis.mp3,f3f8d731f499794ee0734fc77ec297b86b3d5e4b6a297bead31c7d2431314b5e,Ready_Existing
477297,Halcyon_smyrnensis,Halcyon smyrnensis,White-throated Kingfisher,False,B,Andres Angulo Rubiano,2017-09-01,08:30,Indonesia,"EFFORTS project, Oil palm plots,Sumatra, Jambi",-1.7124,103.4003,,0:30,https://creativecommons.org/licenses/by-nc-sa/4.0/,https://xeno-canto.org/477297,https://xeno-canto.org/477297/download,d:/FILE AND TASK/TA/data/xeno_canto\Halcyon_smyrnensis\XC477297_Halcyon_smyrnensis.mp3,b80ffaa1fbf0fe7d672e26a1add939dc32e02347d28ef36b7aa782cee5c5dd5f,Ready_Existing
431504,Halcyon_smyrnensis,Halcyon smyrnensis,White-throated Kingfisher,False,B,Brian Cox,2018-07-02,06:30,Indonesia,"Siberut Utara, Kabupaten Kepulauan Mentawai, Sumatera Barat",-1.1313,98.9678,,0:30,https://creativecommons.org/licenses/by-nc-sa/4.0/,https://xeno-canto.org/431504,https://xeno-canto.org/431504/download,d:/FILE AND TASK/TA/data/xeno_canto\Halcyon_smyrnensis\XC431504_Halcyon_smyrnensis.mp3,5626757b3012a20f8c34ebb010e28424934e23f67429ec59408ab2b0052ebe14,Ready_Existing
431502,Halcyon_smyrnensis,Halcyon smyrnensis,White-throated Kingfisher,False,B,Brian Cox,2018-07-02,06:30,Indonesia,"Siberut Utara, Kabupaten Kepulauan Mentawai, Sumatera Barat",-1.1313,98.9678,,0:33,https://creativecommons.org/licenses/by-nc-sa/4.0/,https://xeno-canto.org/431502,https://xeno-canto.org/431502/download,d:/FILE AND TASK/TA/data/xeno_canto\Halcyon_smyrnensis\XC431502_Halcyon_smyrnensis.mp3,8a5ddb8d6e65b5da8ea5589c5224960d3bc168e05042176c8bab4c619666cf1d,Ready_Existing
477303,Halcyon_smyrnensis,Halcyon smyrnensis,White-throated Kingfisher,False,C,Andres Angulo Rubiano,2017-09-01,15:00,Indonesia,"EFFORTS project, Oil palm plots,Sumatra, Jambi",-1.7124,103.4003,,0:30,https://creativecommons.org/licenses/by-nc-sa/4.0/,https://xeno-canto.org/477303,https://xeno-canto.org/477303/download,d:/FILE AND TASK/TA/data/xeno_canto\Halcyon_smyrnensis\XC477303_Halcyon_smyrnensis.mp3,9e8dde6544bd68cb1ea79d8e77183121d685eafe1d397fa03d74b3da70e16ca9,Ready_Existing
477294,Halcyon_smyrnensis,Halcyon smyrnensis,White-throated Kingfisher,False,C,Andres Angulo Rubiano,2017-09-01,08:30,Indonesia,"EFFORTS project, Oil palm plots,Sumatra, Jambi",-1.7124,103.4003,,0:30,https://creativecommons.org/licenses/by-nc-sa/4.0/,https://xeno-canto.org/477294,https://xeno-canto.org/477294/download,d:/FILE AND TASK/TA/data/xeno_canto\Halcyon_smyrnensis\XC477294_Halcyon_smyrnensis.mp3,fa2684c79aaedfca58518a6254563a0bb23c03c18f9d172eff1571b97256b8a6,Ready_Existing
479600,Halcyon_smyrnensis,Halcyon smyrnensis,White-throated Kingfisher,False,D,Prayitno Goenarto,2019-02-17,07:30,Indonesia,"Sumatra, Kabupaten Pelalawan, Riau",0.3725,101.8577,,0:04,https://creativecommons.org/licenses/by-nc-nd/4.0/,https://xeno-canto.org/479600,https://xeno-canto.org/479600/download,d:/FILE AND TASK/TA/data/xeno_canto\Halcyon_smyrnensis\XC479600_Halcyon_smyrnensis.mp3,d9ce54bca109434e497da11dbe57712ec60339dc0ab8ffe910336cbeafcc43fb,Ready_Existing
46909,Halcyon_smyrnensis,Halcyon smyrnensis,White-throated Kingfisher,False,D,Bas van Balen,2008-12-04,6:30,Indonesia,"Pematanggadung, West Kalimantan, Borneo",-1.9487,110.2258,,0:01,https://creativecommons.org/licenses/by-nc-nd/2.5/,https://xeno-canto.org/46909,https://xeno-canto.org/46909/download,d:/FILE AND TASK/TA/data/xeno_canto\Halcyon_smyrnensis\XC46909_Halcyon_smyrnensis.mp3,52872f458934f31fe25ea34c9ddb418073de0ddc35db4a903c9f64251540add7,Ready_Existing
1157504,Orthotomus_ruficeps,Orthotomus ruficeps,Ashy Tailorbird,False,A,Indra Kusuma,2026-07-15,16:44,Indonesia,Tambak Seruwai,3.7345,98.6974,,0:30,https://creativecommons.org/licenses/by-nc-sa/4.0/,https://xeno-canto.org/1157504,https://xeno-canto.org/1157504/download,d:/FILE AND TASK/TA/data/xeno_canto\Orthotomus_ruficeps\XC1157504_Orthotomus_ruficeps.mp3,c8ebb58cc018ff2b5bb532cd5fc2e60879e9d97eb2f48185d10fe3a80d620586,Ready_Existing
1098429,Orthotomus_ruficeps,Orthotomus ruficeps,Ashy Tailorbird,False,A,yasinchumaedi,2026-02-02,10:30,Indonesia,"Central Tanjung Palas, Bulungan Regency, North Kalimantan",2.9262,117.5281,,0:26,https://creativecommons.org/licenses/by-nc-sa/4.0/,https://xeno-canto.org/1098429,https://xeno-canto.org/1098429/download,d:/FILE AND TASK/TA/data/xeno_canto\Orthotomus_ruficeps\XC1098429_Orthotomus_ruficeps.mp3,db23ace02b82dde0519c3d3a14de6b746f5c43b6e9d263c0121dcd0521abbe52,Ready_Existing
1003648,Orthotomus_ruficeps,Orthotomus ruficeps,Ashy Tailorbird,False,A,Lucas-Chen,2025-05-22,07:30,Indonesia,"Hutan Lindung, Penjaringan (near  North Jakarta), Kota Jakarta Utara, Daerah Khusus Ibukota Jakarta",-6.1047,106.7612,,0:35,https://creativecommons.org/licenses/by-nc-sa/4.0/,https://xeno-canto.org/1003648,https://xeno-canto.org/1003648/download,d:/FILE AND TASK/TA/data/xeno_canto\Orthotomus_ruficeps\XC1003648_Orthotomus_ruficeps.mp3,e09aeb848d78deb376b944f8d6c60cef0bbf8612450c31dc7b3ab6d012b7fd56,Ready_Existing
431498,Orthotomus_ruficeps,Orthotomus ruficeps,Ashy Tailorbird,False,A,Brian Cox,2018-07-01,07:00,Indonesia,"Siberut Utara, Kabupaten Kepulauan Mentawai, Sumatera Barat",-1.1313,98.9678,,0:31,https://creativecommons.org/licenses/by-nc-sa/4.0/,https://xeno-canto.org/431498,https://xeno-canto.org/431498/download,d:/FILE AND TASK/TA/data/xeno_canto\Orthotomus_ruficeps\XC431498_Orthotomus_ruficeps.mp3,298a2f2c2ff6fd6758d33e5184bb39370c4fe4a77a895251f94a8f86d6aa3cb2,Ready_Existing
431487,Orthotomus_ruficeps,Orthotomus ruficeps,Ashy Tailorbird,False,A,Brian Cox,2018-06-30,17:00,Indonesia,"Siberut Utara, Kabupaten Kepulauan Mentawai, Sumatera Barat",-1.1313,98.9678,,0:11,https://creativecommons.org/licenses/by-nc-sa/4.0/,https://xeno-canto.org/431487,https://xeno-canto.org/431487/download,d:/FILE AND TASK/TA/data/xeno_canto\Orthotomus_ruficeps\XC431487_Orthotomus_ruficeps.mp3,c21ab84a11e681835e18f5e9a3d3a826b468660e01c53ba69a96ec6008a258c4,Ready_Existing
20097,Orthotomus_ruficeps,Orthotomus ruficeps,Ashy Tailorbird,False,A,Sander Pieterse &amp; Ben Wielstra,2005-02-08,?,Indonesia,"Pinang Jatus, Gunung Lumut Protection Forest, East Kalimantan, Borneo",-1.3806,116.1306,,0:39,https://creativecommons.org/licenses/by-nc-nd/2.5/,https://xeno-canto.org/20097,https://xeno-canto.org/20097/download,d:/FILE AND TASK/TA/data/xeno_canto\Orthotomus_ruficeps\XC20097_Orthotomus_ruficeps.mp3,6d299544661235e996e1b9a9566b323dc1a2f0176437d015404a3877601a1e5e,Ready_Existing
895144,Orthotomus_ruficeps,Orthotomus ruficeps,Ashy Tailorbird,False,B,Ding Li Yong,2024-04-06,13:30,Indonesia,"Malang Rapat, Bintan Regency, Riau Islands",1.1528,104.5741,,0:46,https://creativecommons.org/licenses/by-nc-nd/4.0/,https://xeno-canto.org/895144,https://xeno-canto.org/895144/download,d:/FILE AND TASK/TA/data/xeno_canto\Orthotomus_ruficeps\XC895144_Orthotomus_ruficeps.mp3,4199636d7e875ba3c2b0b363f89d723929051179bf7ae0c07b4e2cc0d99fbeb8,Ready_Existing
895137,Orthotomus_ruficeps,Orthotomus ruficeps,Ashy Tailorbird,False,B,Ding Li Yong,2024-04-06,13:30,Indonesia,"Malang Rapat, Bintan Regency, Riau Islands",1.1528,104.5741,,0:35,https://creativecommons.org/licenses/by-nc-nd/4.0/,https://xeno-canto.org/895137,https://xeno-canto.org/895137/download,d:/FILE AND TASK/TA/data/xeno_canto\Orthotomus_ruficeps\XC895137_Orthotomus_ruficeps.mp3,13cc7aba5ebaad7f77e5becfa45768516981af703cb62499f0fcfa701c0cd3ad,Ready_Existing
610884,Orthotomus_ruficeps,Orthotomus ruficeps,Ashy Tailorbird,False,B,Muhammad Iqbal,2020-12-27,08:00,Indonesia,"Sumatra, Kabupaten Pelalawan, Riau",0.4342,101.876,,0:25,https://creativecommons.org/licenses/by-nc-sa/4.0/,https://xeno-canto.org/610884,https://xeno-canto.org/610884/download,d:/FILE AND TASK/TA/data/xeno_canto\Orthotomus_ruficeps\XC610884_Orthotomus_ruficeps.mp3,8793f06ceb09feed4dd4386695c7cae4b98fde8787ccf0a4d43d2698a0a7d718,Ready_Existing
604617,Orthotomus_ruficeps,Orthotomus ruficeps,Ashy Tailorbird,False,B,Prayitno Goenarto,2020-11-22,17:00,Indonesia,"Sumatra, Kabupaten Pelalawan, Riau",0.3725,101.8577,,0:15,https://creativecommons.org/licenses/by-nc-nd/4.0/,https://xeno-canto.org/604617,https://xeno-canto.org/604617/download,d:/FILE AND TASK/TA/data/xeno_canto\Orthotomus_ruficeps\XC604617_Orthotomus_ruficeps.mp3,e916f0787ab23fe8901e8290b94c2c7aec60338347c10c6115affad342255a43,Ready_Existing
578699,Orthotomus_ruficeps,Orthotomus ruficeps,Ashy Tailorbird,False,B,Okamoto Keita Sin,2019-09-09,17:20,Indonesia,Riau Archipelago (coordinates not specific),0.6837,104.26,,0:43,https://creativecommons.org/licenses/by-nc-sa/4.0/,https://xeno-canto.org/578699,https://xeno-canto.org/578699/download,d:/FILE AND TASK/TA/data/xeno_canto\Orthotomus_ruficeps\XC578699_Orthotomus_ruficeps.mp3,c8ecf500dd3c5d09fb3a46c21e945af796e0b7674f2458f482291508e3740895,Ready_Existing
571751,Orthotomus_ruficeps,Orthotomus ruficeps,Ashy Tailorbird,False,B,Muhammad Iqbal,2020-06-25,08:30,Indonesia,"Sumatra, Kabupaten Pelalawan, Riau",0.4342,101.876,,0:10,https://creativecommons.org/licenses/by-nc-sa/4.0/,https://xeno-canto.org/571751,https://xeno-canto.org/571751/download,d:/FILE AND TASK/TA/data/xeno_canto\Orthotomus_ruficeps\XC571751_Orthotomus_ruficeps.mp3,daa6d97e830b85ce88b1671d3fa605b83d3babe5048dc5387fe7ff4103e4b292,Ready_Existing
535411,Orthotomus_ruficeps,Orthotomus ruficeps,Ashy Tailorbird,False,B,Andres Angulo Rubiano,2017-09-06,06:30,Indonesia,"EFFORTS project, Oil palm plots,Sumatra, Jambi",-1.7124,103.4003,,0:42,https://creativecommons.org/licenses/by-nc-sa/4.0/,https://xeno-canto.org/535411,https://xeno-canto.org/535411/download,d:/FILE AND TASK/TA/data/xeno_canto\Orthotomus_ruficeps\XC535411_Orthotomus_ruficeps.mp3,792f320e13fc15daeabd428d5d7fcd5c84b11a7d2a82141b23cc1dd95f14ecfc,Ready_Existing
503737,Orthotomus_ruficeps,Orthotomus ruficeps,Ashy Tailorbird,False,B,Ding Li Yong,2019-10-22,17:30,Indonesia,"Baitussalam, Kabupaten Aceh Besar, Aceh",5.5968,95.3667,,0:33,https://creativecommons.org/licenses/by-nc-nd/4.0/,https://xeno-canto.org/503737,https://xeno-canto.org/503737/download,d:/FILE AND TASK/TA/data/xeno_canto\Orthotomus_ruficeps\XC503737_Orthotomus_ruficeps.mp3,8cf8e31a08b393846e6cf3d74783f9705e10c22684a73de61a5b66984ddb086b,Ready_Existing
498827,Orthotomus_ruficeps,Orthotomus ruficeps,Ashy Tailorbird,False,B,Frank Lambert,2019-08-24,06:19,Indonesia,"North Siberut, Kepulauan Mentawai, West Sumatra",-1.1963,98.9791,,0:55,https://creativecommons.org/licenses/by-nc-nd/4.0/,https://xeno-canto.org/498827,https://xeno-canto.org/498827/download,d:/FILE AND TASK/TA/data/xeno_canto\Orthotomus_ruficeps\XC498827_Orthotomus_ruficeps.mp3,158bbec50458cbe210f3205d863b579ed89c57f9e1c353b03d903507162bbf89,Ready_Existing
498826,Orthotomus_ruficeps,Orthotomus ruficeps,Ashy Tailorbird,False,B,Frank Lambert,2019-08-23,10:21,Indonesia,"North Siberut, Kepulauan Mentawai, West Sumatra",-1.1963,98.9791,,0:10,https://creativecommons.org/licenses/by-nc-nd/4.0/,https://xeno-canto.org/498826,https://xeno-canto.org/498826/download,d:/FILE AND TASK/TA/data/xeno_canto\Orthotomus_ruficeps\XC498826_Orthotomus_ruficeps.mp3,32d505b6b517304957dfdf9f7794196442d1e5560cfa4288f15caab38a06e62c,Ready_Existing
498825,Orthotomus_ruficeps,Orthotomus ruficeps,Ashy Tailorbird,False,B,Frank Lambert,2019-08-24,06:13,Indonesia,"North Siberut, Kepulauan Mentawai, West Sumatra",-1.1963,98.9791,,0:47,https://creativecommons.org/licenses/by-nc-nd/4.0/,https://xeno-canto.org/498825,https://xeno-canto.org/498825/download,d:/FILE AND TASK/TA/data/xeno_canto\Orthotomus_ruficeps\XC498825_Orthotomus_ruficeps.mp3,6b08e1dce69ec95f8f0d67d5d52c898a36e7a08a20689be112cc9d04c8ad24e4,Ready_Existing
498824,Orthotomus_ruficeps,Orthotomus ruficeps,Ashy Tailorbird,False,B,Frank Lambert,2019-08-24,06:52,Indonesia,"North Siberut, Kepulauan Mentawai, West Sumatra",-1.1963,98.9791,,0:44,https://creativecommons.org/licenses/by-nc-nd/4.0/,https://xeno-canto.org/498824,https://xeno-canto.org/498824/download,d:/FILE AND TASK/TA/data/xeno_canto\Orthotomus_ruficeps\XC498824_Orthotomus_ruficeps.mp3,1196291d534d4dd879820bc6ec6c7b9643e57f638d96bcb2f90a87798b94aacb,Ready_Existing
498823,Orthotomus_ruficeps,Orthotomus ruficeps,Ashy Tailorbird,False,B,Frank Lambert,2019-08-25,07:40,Indonesia,"North Siberut, Kepulauan Mentawai, West Sumatra",-1.1963,98.9791,,0:29,https://creativecommons.org/licenses/by-nc-nd/4.0/,https://xeno-canto.org/498823,https://xeno-canto.org/498823/download,d:/FILE AND TASK/TA/data/xeno_canto\Orthotomus_ruficeps\XC498823_Orthotomus_ruficeps.mp3,8a9285d7794733be5b844f6830194338f4a079e91829f3fadcf7c03e440219c3,Ready_Existing
498822,Orthotomus_ruficeps,Orthotomus ruficeps,Ashy Tailorbird,False,B,Frank Lambert,2019-08-24,08:22,Indonesia,"North Siberut, Kepulauan Mentawai, West Sumatra",-1.1963,98.9791,,1:27,https://creativecommons.org/licenses/by-nc-nd/4.0/,https://xeno-canto.org/498822,https://xeno-canto.org/498822/download,d:/FILE AND TASK/TA/data/xeno_canto\Orthotomus_ruficeps\XC498822_Orthotomus_ruficeps.mp3,0366860937956cfdffc68e12ce6e215b8cccec0087339bc8ab6f8b71737e23ee,Ready_Existing
473999,Orthotomus_ruficeps,Orthotomus ruficeps,Ashy Tailorbird,False,B,Matthew L. Brady,2018-03-13,16:30,Indonesia,"Lubuak Landua area, Pasaman, Kabupaten Pasaman Barat, Sumatera Barat",0.1063,99.8865,,0:58,https://creativecommons.org/licenses/by-nc-sa/4.0/,https://xeno-canto.org/473999,https://xeno-canto.org/473999/download,d:/FILE AND TASK/TA/data/xeno_canto\Orthotomus_ruficeps\XC473999_Orthotomus_ruficeps.mp3,5e21044eb6196bc05d283e4f2fdd45f078b1017f321e33e4b3ed17591f26ed84,Ready_Existing
431497,Orthotomus_ruficeps,Orthotomus ruficeps,Ashy Tailorbird,False,B,Brian Cox,2018-07-01,07:00,Indonesia,"Siberut Utara, Kabupaten Kepulauan Mentawai, Sumatera Barat",-1.1313,98.9678,,0:57,https://creativecommons.org/licenses/by-nc-sa/4.0/,https://xeno-canto.org/431497,https://xeno-canto.org/431497/download,d:/FILE AND TASK/TA/data/xeno_canto\Orthotomus_ruficeps\XC431497_Orthotomus_ruficeps.mp3,73d6b66d9209771a31bf7454a498dd9b72f6cfd05a667142b990d2d2485bf11e,Ready_Existing
236330,Orthotomus_ruficeps,Orthotomus ruficeps,Ashy Tailorbird,False,B,Paulo Alves,2015-04-13,10:00,Indonesia,"Kecamatan Selat, Kabupaten Kapuas, Kalimantan Tengah",-2.9955,114.3742,,0:03,https://creativecommons.org/licenses/by-nc-sa/4.0/,https://xeno-canto.org/236330,https://xeno-canto.org/236330/download,d:/FILE AND TASK/TA/data/xeno_canto\Orthotomus_ruficeps\XC236330_Orthotomus_ruficeps.mp3,7fe8e8a868d5977ad1246e564f24947336b59b38d1d2a4303d0643a2a9a75fd4,Ready_Existing
214420,Orthotomus_ruficeps,Orthotomus ruficeps,Ashy Tailorbird,False,B,Paulo Alves,2015-02-21,11:00,Indonesia,"Pulau Dua NR, Kasemen (near  Serang City), Kota Serang, Banten",-6.0187,106.1947,,0:01,https://creativecommons.org/licenses/by-nc-sa/4.0/,https://xeno-canto.org/214420,https://xeno-canto.org/214420/download,d:/FILE AND TASK/TA/data/xeno_canto\Orthotomus_ruficeps\XC214420_Orthotomus_ruficeps.mp3,5c8616295afde762670fbe09d6b86c97cef2f50feaf47edf0de8eb37a3484e9f,Ready_Existing
208015,Orthotomus_ruficeps,Orthotomus ruficeps,Ashy Tailorbird,False,B,Frank Lambert,2014-04-14,13:22,Indonesia,"Bakalalan-Bario Rd, Sarawak",3.9459,115.6019,,0:38,https://creativecommons.org/licenses/by-nc-nd/4.0/,https://xeno-canto.org/208015,https://xeno-canto.org/208015/download,d:/FILE AND TASK/TA/data/xeno_canto\Orthotomus_ruficeps\XC208015_Orthotomus_ruficeps.mp3,a3b31268d0ecebfe0e2006cedd62bf55df2beee4dd98001fa5882bf425f784e8,Ready_Existing
208014,Orthotomus_ruficeps,Orthotomus ruficeps,Ashy Tailorbird,False,B,Frank Lambert,2014-04-14,13:16,Indonesia,"Bakalalan-Bario Rd, Sarawak",3.9459,115.6019,,0:36,https://creativecommons.org/licenses/by-nc-nd/4.0/,https://xeno-canto.org/208014,https://xeno-canto.org/208014/download,d:/FILE AND TASK/TA/data/xeno_canto\Orthotomus_ruficeps\XC208014_Orthotomus_ruficeps.mp3,e1558925a06a2073c5ff60125cf77185bcf6aec4525914bb8d2fcea34e4cb81a,Downloaded_Fresh
34503,Orthotomus_ruficeps,Orthotomus ruficeps,Ashy Tailorbird,False,B,Tjalle Boorsma,2007-05-00,??:??,Indonesia,"Pinang Jatus, Gunung Lumut Protection Forest, East Kalimantan, Borneo",-1.3806,116.1306,,0:18,https://creativecommons.org/licenses/by-nc-nd/2.5/,https://xeno-canto.org/34503,https://xeno-canto.org/34503/download,d:/FILE AND TASK/TA/data/xeno_canto\Orthotomus_ruficeps\XC34503_Orthotomus_ruficeps.mp3,9918eedde4e19f42523444b53abbe1cab28def59f52e89a60ffb704543b9138e,Downloaded_Fresh
503919,Orthotomus_ruficeps,Orthotomus ruficeps,Ashy Tailorbird,False,C,Andres Angulo Rubiano,2017-09-19,05:30,Indonesia,"EFFORTS project, Oil palm plots,Sumatra, Jambi",-1.7124,103.4003,,0:23,https://creativecommons.org/licenses/by-nc-sa/4.0/,https://xeno-canto.org/503919,https://xeno-canto.org/503919/download,d:/FILE AND TASK/TA/data/xeno_canto\Orthotomus_ruficeps\XC503919_Orthotomus_ruficeps.mp3,d3ac54f51a0b27a82c3de8a77157e9dad1a43268b0a2a34cbf6f9dd2e20124b1,Downloaded_Fresh
431741,Orthotomus_ruficeps,Orthotomus ruficeps,Ashy Tailorbird,False,C,Oscar Johnson,2018-03-07,08:55,Indonesia,"Siberut Selatan, Kabupaten Kepulauan Mentawai, Sumatera Barat",-1.604,99.1631,,2:14,https://creativecommons.org/licenses/by-nc-sa/4.0/,https://xeno-canto.org/431741,https://xeno-canto.org/431741/download,d:/FILE AND TASK/TA/data/xeno_canto\Orthotomus_ruficeps\XC431741_Orthotomus_ruficeps.mp3,253b512b09f15caa380b18e383e6fb7ccc4d68ee787e5cf0d006e3725d070243,Downloaded_Fresh
20098,Orthotomus_ruficeps,Orthotomus ruficeps,Ashy Tailorbird,False,C,Sander Pieterse &amp; Ben Wielstra,2005-02-08,?,Indonesia,"Pinang Jatus, Gunung Lumut Protection Forest, East Kalimantan, Borneo",-1.3806,116.1306,,0:18,https://creativecommons.org/licenses/by-nc-nd/2.5/,https://xeno-canto.org/20098,https://xeno-canto.org/20098/download,d:/FILE AND TASK/TA/data/xeno_canto\Orthotomus_ruficeps\XC20098_Orthotomus_ruficeps.mp3,a4e2afa7218ff20983143fd8b1bed32425c8c6d62da3266e2b720510683d13eb,Downloaded_Fresh
757143,Spilornis_cheela,Spilornis cheela,Crested Serpent Eagle,False,A,Ding Li Yong,2017-03-23,14:00,Indonesia,"Teupah Barat, Kabupaten Simeulue, Aceh",2.4634,96.3007,,0:05,https://creativecommons.org/licenses/by-nc-nd/4.0/,https://xeno-canto.org/757143,https://xeno-canto.org/757143/download,d:/FILE AND TASK/TA/data/xeno_canto\Spilornis_cheela\XC757143_Spilornis_cheela.mp3,a1d1de1af73f7ace02939fdde193c4d1cab068c485ed6b9bde4c8caacb8ee85d,Ready_Existing
214699,Spilornis_cheela,Spilornis cheela,Crested Serpent Eagle,False,A,Marc Anderson,2015-02-21,08:00,Indonesia,"Gunung Halimun NP, West Java",-6.7461,106.5182,,0:17,https://creativecommons.org/licenses/by-nc-nd/4.0/,https://xeno-canto.org/214699,https://xeno-canto.org/214699/download,d:/FILE AND TASK/TA/data/xeno_canto\Spilornis_cheela\XC214699_Spilornis_cheela.mp3,2864b3ca548505ba33f14465a0b19d8806ff17711dacdf7b5b52cbc5c179c284,Ready_Existing
638365,Spilornis_cheela,Spilornis cheela,Crested Serpent Eagle,False,B,Ding Li Yong,2017-03-23,14:00,Indonesia,"Teupah Barat, Kabupaten Simeulue, Aceh",2.4634,96.3007,,0:47,https://creativecommons.org/licenses/by-nc-nd/4.0/,https://xeno-canto.org/638365,https://xeno-canto.org/638365/download,d:/FILE AND TASK/TA/data/xeno_canto\Spilornis_cheela\XC638365_Spilornis_cheela.mp3,cc8b1f50bf81be669be697172dc3109ebcce061c7631e1b7a7adfb5485d621f9,Ready_Existing
578380,Spilornis_cheela,Spilornis cheela,Crested Serpent Eagle,False,B,Okamoto Keita Sin,2019-07-27,10:44,Indonesia,"Cibodas Botanic Gardens, Java",-6.7407,107.0057,,1:30,https://creativecommons.org/licenses/by-nc-sa/4.0/,https://xeno-canto.org/578380,https://xeno-canto.org/578380/download,d:/FILE AND TASK/TA/data/xeno_canto\Spilornis_cheela\XC578380_Spilornis_cheela.mp3,6e373a38274ce93e1fc0d00c45af81c026e5e40c8be8a9ef37a8e6a90b7887db,Ready_Existing
501306,Spilornis_cheela,Spilornis cheela,Crested Serpent Eagle,False,B,Frank Lambert,2019-09-01,07:09,Indonesia,"Teupah Selatan, Kabupaten Simeulue, Aceh",2.3814,96.3509,,1:16,https://creativecommons.org/licenses/by-nc-nd/4.0/,https://xeno-canto.org/501306,https://xeno-canto.org/501306/download,d:/FILE AND TASK/TA/data/xeno_canto\Spilornis_cheela\XC501306_Spilornis_cheela.mp3,2903b39f547d2d3320e3a9b7321437e290df449d201550565b605360dee8124f,Ready_Existing
501304,Spilornis_cheela,Spilornis cheela,Crested Serpent Eagle,False,B,Frank Lambert,2019-09-01,07:06,Indonesia,"Teupah Selatan, Kabupaten Simeulue, Aceh",2.3814,96.3509,,0:59,https://creativecommons.org/licenses/by-nc-nd/4.0/,https://xeno-canto.org/501304,https://xeno-canto.org/501304/download,d:/FILE AND TASK/TA/data/xeno_canto\Spilornis_cheela\XC501304_Spilornis_cheela.mp3,5c6b2380c645f42a88b35fa9a85bace9d68db52e8a3c945e9e0c38e2afc4b4ce,Ready_Existing
501303,Spilornis_cheela,Spilornis cheela,Crested Serpent Eagle,False,B,Frank Lambert,2019-09-01,07:03,Indonesia,"Teupah Selatan, Kabupaten Simeulue, Aceh",2.3814,96.3509,,0:54,https://creativecommons.org/licenses/by-nc-nd/4.0/,https://xeno-canto.org/501303,https://xeno-canto.org/501303/download,d:/FILE AND TASK/TA/data/xeno_canto\Spilornis_cheela\XC501303_Spilornis_cheela.mp3,4ba74d407418729d628d16aa8341d139ae6b730f677fd9f15e92335b6bb67a32,Ready_Existing
482239,Spilornis_cheela,Spilornis cheela,Crested Serpent Eagle,False,B,Frank Rheindt,2019-03-10,?,Indonesia,"Onolimbu, Nias",1.001,97.494,,0:49,https://creativecommons.org/licenses/by-nc-sa/4.0/,https://xeno-canto.org/482239,https://xeno-canto.org/482239/download,d:/FILE AND TASK/TA/data/xeno_canto\Spilornis_cheela\XC482239_Spilornis_cheela.mp3,26d9ee45b40fae6061d535513e575a87ec7bbd02d4fd51ae6b910e3bd9ced5b2,Ready_Existing
409167,Spilornis_cheela,Spilornis cheela,Crested Serpent Eagle,False,B,Frank Lambert,2016-07-21,10:08,Indonesia,"Gunung Halimun-Salak National Park, West Java",-6.7182,106.4901,,0:10,https://creativecommons.org/licenses/by-nc-nd/4.0/,https://xeno-canto.org/409167,https://xeno-canto.org/409167/download,d:/FILE AND TASK/TA/data/xeno_canto\Spilornis_cheela\XC409167_Spilornis_cheela.mp3,27d39fb67967cfe4571e983fee71993beca7385a3d879061a316a45e85c62f01,Ready_Existing
393380,Spilornis_cheela,Spilornis cheela,Crested Serpent Eagle,False,B,Brendan Sloan,2017-09-06,09:00,Indonesia,ijen east java,,,,0:35,https://creativecommons.org/licenses/by-nc-sa/4.0/,https://xeno-canto.org/393380,https://xeno-canto.org/393380/download,d:/FILE AND TASK/TA/data/xeno_canto\Spilornis_cheela\XC393380_Spilornis_cheela.mp3,3670de20ebfd748135792ef794e55db2048356fec218d6e4db42f236687cf936,Ready_Existing
338727,Spilornis_cheela,Spilornis cheela,Crested Serpent Eagle,False,B,Bruno Durand,2015-09-26,10:00,Indonesia,"Bedugul, Tabanan, Bali",-8.2719,115.1552,,0:10,https://creativecommons.org/licenses/by-nc-sa/4.0/,https://xeno-canto.org/338727,https://xeno-canto.org/338727/download,d:/FILE AND TASK/TA/data/xeno_canto\Spilornis_cheela\XC338727_Spilornis_cheela.mp3,a08baec70e419179371617226b8f06c5f50ca0a221cfed69ab1498a6d1ab6b4c,Ready_Existing
245915,Spilornis_cheela,Spilornis cheela,Crested Serpent Eagle,False,B,Paulo Alves,2015-05-17,10:30,Indonesia,"Carita, Kabupaten Pandeglang, Banten",-6.3233,105.8357,,1:07,https://creativecommons.org/licenses/by-nc-sa/4.0/,https://xeno-canto.org/245915,https://xeno-canto.org/245915/download,d:/FILE AND TASK/TA/data/xeno_canto\Spilornis_cheela\XC245915_Spilornis_cheela.mp3,33046e72969b22482763a8ce729873cb00bdff394feabf8540ef5c7ff9bd663a,Ready_Existing
243351,Spilornis_cheela,Spilornis cheela,Crested Serpent Eagle,False,B,Mike Nelson,2015-03-05,11:30,Indonesia,"Way Kambas NP, Lampung, Sumatra",-4.9178,105.7489,,0:02,https://creativecommons.org/licenses/by-nc-sa/4.0/,https://xeno-canto.org/243351,https://xeno-canto.org/243351/download,d:/FILE AND TASK/TA/data/xeno_canto\Spilornis_cheela\XC243351_Spilornis_cheela.mp3,a785244a83ea87f0efb897cfa6943b51c7d94f5b4c79c4806eac530fd3d96623,Ready_Existing
242268,Spilornis_cheela,Spilornis cheela,Crested Serpent Eagle,False,B,Mike Nelson,2015-03-02,13:30,Indonesia,"Tapan Road, West Sumatra, Sumatra",-2.0498,101.3073,,0:15,https://creativecommons.org/licenses/by-nc-sa/4.0/,https://xeno-canto.org/242268,https://xeno-canto.org/242268/download,d:/FILE AND TASK/TA/data/xeno_canto\Spilornis_cheela\XC242268_Spilornis_cheela.mp3,b8edc7e9948afb4a888a85bd30c4a347a415cf75168f6477f6e0eccdb0a00fdc,Ready_Existing
241631,Spilornis_cheela,Spilornis cheela,Crested Serpent Eagle,False,B,Mike Nelson,2015-02-27,11:30,Indonesia,"Mount Kerinci, West Sumatra, Sumatra",-1.7342,101.2512,,0:50,https://creativecommons.org/licenses/by-nc-sa/4.0/,https://xeno-canto.org/241631,https://xeno-canto.org/241631/download,d:/FILE AND TASK/TA/data/xeno_canto\Spilornis_cheela\XC241631_Spilornis_cheela.mp3,e276d5ff392cd22f92ec1ba62bfd0d3be5c5da3ddfce251ff45c8eb1e53097c3,Ready_Existing
215378,Spilornis_cheela,Spilornis cheela,Crested Serpent Eagle,False,B,Paulo Alves,2015-03-01,11:30,Indonesia,"Gede Pangrango National Park, West Java Province, Java",-6.7515,106.9898,,1:35,https://creativecommons.org/licenses/by-nc-sa/4.0/,https://xeno-canto.org/215378,https://xeno-canto.org/215378/download,d:/FILE AND TASK/TA/data/xeno_canto\Spilornis_cheela\XC215378_Spilornis_cheela.mp3,0efa8ed98af3e2ad719f46d8c4b4ef651ff3aec473493277c1eb2a9d4373d6a4,Ready_Existing
214978,Spilornis_cheela,Spilornis cheela,Crested Serpent Eagle,False,B,Marc Anderson,2015-02-18,11:30,Indonesia,"Gunung Halimun NP, West Java",-6.7461,106.5182,,0:22,https://creativecommons.org/licenses/by-nc-nd/4.0/,https://xeno-canto.org/214978,https://xeno-canto.org/214978/download,d:/FILE AND TASK/TA/data/xeno_canto\Spilornis_cheela\XC214978_Spilornis_cheela.mp3,557ec4047171ee3249c2af68c4bc7f76ec069fbeaebe4dc4e813a88a4f7c5dc6,Ready_Existing
214698,Spilornis_cheela,Spilornis cheela,Crested Serpent Eagle,False,B,Marc Anderson,2015-02-21,08:00,Indonesia,"Gunung Halimun NP, West Java",-6.7461,106.5182,,0:24,https://creativecommons.org/licenses/by-nc-nd/4.0/,https://xeno-canto.org/214698,https://xeno-canto.org/214698/download,d:/FILE AND TASK/TA/data/xeno_canto\Spilornis_cheela\XC214698_Spilornis_cheela.mp3,8d93d27c9904133a6615c3f1c943eb05c7f6a63b9b3ac79fed23ea2cadb85bbf,Ready_Existing
204119,Spilornis_cheela,Spilornis cheela,Crested Serpent Eagle,False,B,Mike Nelson,2014-09-28,16:00,Indonesia,"Gunung Halimun NP, West Java",-6.7461,106.5182,,0:48,https://creativecommons.org/licenses/by-nc-sa/4.0/,https://xeno-canto.org/204119,https://xeno-canto.org/204119/download,d:/FILE AND TASK/TA/data/xeno_canto\Spilornis_cheela\XC204119_Spilornis_cheela.mp3,dcb42171d4b8d9b2675671b45be3ac5201b58544f0406182bfcfba997dbeb5d3,Ready_Existing
166747,Spilornis_cheela,Spilornis cheela,Crested Serpent Eagle,False,B,Frank Lambert,2012-11-07,08:46,Indonesia,"Java, Cibodas NP, between the waterfall and Botanic Gardens",-6.7414,107.0019,,0:10,https://creativecommons.org/licenses/by-nc-nd/4.0/,https://xeno-canto.org/166747,https://xeno-canto.org/166747/download,d:/FILE AND TASK/TA/data/xeno_canto\Spilornis_cheela\XC166747_Spilornis_cheela.mp3,2fe865708d476b3dee263d90e8eccf7709c066bb8890e49a374606bfa006d358,Ready_Existing
166746,Spilornis_cheela,Spilornis cheela,Crested Serpent Eagle,False,B,Frank Lambert,2012-11-02,11:00,Indonesia,"Gunung Halimun National Park, Java",-6.6762,106.5164,,1:20,https://creativecommons.org/licenses/by-nc-nd/4.0/,https://xeno-canto.org/166746,https://xeno-canto.org/166746/download,d:/FILE AND TASK/TA/data/xeno_canto\Spilornis_cheela\XC166746_Spilornis_cheela.mp3,83193d6a94af148597b00a9616c43dfa0ef7256dc8cb0379f45a44bce610d488,Ready_Existing
69493,Spilornis_cheela,Spilornis cheela,Crested Serpent Eagle,False,B,Frank Lambert,2001-12-25,?:?,Indonesia,"Sungai Wain Protection Forest, East Kalimantan, Borneo",-1.1167,116.8167,,1:08,https://creativecommons.org/licenses/by-nc-nd/4.0/,https://xeno-canto.org/69493,https://xeno-canto.org/69493/download,d:/FILE AND TASK/TA/data/xeno_canto\Spilornis_cheela\XC69493_Spilornis_cheela.mp3,dbfd1b234df681b8f4e48c165c8ce7625fb1160f4758c7ff35a0a95103fcfa97,Ready_Existing
65381,Spilornis_cheela,Spilornis cheela,Crested Serpent Eagle,False,B,Iain Woxvold,2007-05-26,9:30,Indonesia,"Sungai Mahkam,  Berau District, East Kalimantan",2.192,116.7351,,0:31,https://creativecommons.org/licenses/by-nc-nd/2.5/,https://xeno-canto.org/65381,https://xeno-canto.org/65381/download,d:/FILE AND TASK/TA/data/xeno_canto\Spilornis_cheela\XC65381_Spilornis_cheela.mp3,2f8bc2142fd82bd1cdacb3fe3649fd35d659b5abe74ec24baae480c03bb54535,Ready_Existing
33420,Spilornis_cheela,Spilornis cheela,Crested Serpent Eagle,False,B,Tjalle Boorsma,2007-03-00,??:??,Indonesia,"Sungai Wain Protection Forest, East Kalimantan, Borneo",-1.1167,116.8167,,0:10,https://creativecommons.org/licenses/by-nc-nd/2.5/,https://xeno-canto.org/33420,https://xeno-canto.org/33420/download,d:/FILE AND TASK/TA/data/xeno_canto\Spilornis_cheela\XC33420_Spilornis_cheela.mp3,e8c9c0755edb8653d084776bdf545a803d16ee2b4ab17a945cab6336b5cb27ad,Ready_Existing
33419,Spilornis_cheela,Spilornis cheela,Crested Serpent Eagle,False,B,Tjalle Boorsma,2007-03-00,??:??,Indonesia,"Sungai Wain Protection Forest, East Kalimantan, Borneo",-1.1167,116.8167,,0:04,https://creativecommons.org/licenses/by-nc-nd/2.5/,https://xeno-canto.org/33419,https://xeno-canto.org/33419/download,d:/FILE AND TASK/TA/data/xeno_canto\Spilornis_cheela\XC33419_Spilornis_cheela.mp3,ad5fcb127b67a518ae051b3bd6c71b33e8d7070cbfea787de2207488a68b0971,Ready_Existing
618811,Spilornis_cheela,Spilornis cheela,Crested Serpent Eagle,False,C,Teus Luijendijk,1996-04-06,?,Indonesia,"Gunung Gede National Park, Java",-6.7691,106.9792,,0:58,https://creativecommons.org/licenses/by-nc-nd/4.0/,https://xeno-canto.org/618811,https://xeno-canto.org/618811/download,d:/FILE AND TASK/TA/data/xeno_canto\Spilornis_cheela\XC618811_Spilornis_cheela.mp3,ef614cdbee1dfbef06506f7bf889fcf9c58020c6eed7b7a12e713aceb707956e,Downloaded_Fresh
570921,Spilornis_cheela,Spilornis cheela,Crested Serpent Eagle,False,C,Muhammad Iqbal,2020-06-23,06:30,Indonesia,"Sumatra, Kabupaten Pelalawan, Riau",0.4342,101.876,,0:18,https://creativecommons.org/licenses/by-nc-sa/4.0/,https://xeno-canto.org/570921,https://xeno-canto.org/570921/download,d:/FILE AND TASK/TA/data/xeno_canto\Spilornis_cheela\XC570921_Spilornis_cheela.mp3,2ee8e9c7d9109fc11aa627b831b7d5d048e6b2de54c281bc65eb0ae36c1935d4,Ready_Existing
498466,Spilornis_cheela,Spilornis cheela,Crested Serpent Eagle,False,C,Frank Lambert,2019-08-26,08:34,Indonesia,"North Siberut, Kepulauan Mentawai, West Sumatra",-1.1963,98.9791,,1:08,https://creativecommons.org/licenses/by-nc-nd/4.0/,https://xeno-canto.org/498466,https://xeno-canto.org/498466/download,d:/FILE AND TASK/TA/data/xeno_canto\Spilornis_cheela\XC498466_Spilornis_cheela.mp3,2d701791738f96c823dc46dcf42a6877aface5980d40d2be0fe0baf89666eb0b,Ready_Existing
482238,Spilornis_cheela,Spilornis cheela,Crested Serpent Eagle,False,C,Frank Rheindt,2019-03-10,?,Indonesia,"Onolimbu, Nias",1.001,97.494,,0:35,https://creativecommons.org/licenses/by-nc-sa/4.0/,https://xeno-canto.org/482238,https://xeno-canto.org/482238/download,d:/FILE AND TASK/TA/data/xeno_canto\Spilornis_cheela\XC482238_Spilornis_cheela.mp3,cc837709d9859321bbae0995f309a22b8ecbefb3e04f8afe28773b5c54371058,Downloaded_Fresh
338728,Spilornis_cheela,Spilornis cheela,Crested Serpent Eagle,False,C,Bruno Durand,2015-09-26,10:00,Indonesia,"Ngurah Rai airport swamp, Kuta, Kabupaten Badung, Bali",-8.753,115.168,,0:03,https://creativecommons.org/licenses/by-nc-sa/4.0/,https://xeno-canto.org/338728,https://xeno-canto.org/338728/download,d:/FILE AND TASK/TA/data/xeno_canto\Spilornis_cheela\XC338728_Spilornis_cheela.mp3,90312a99a9818f17e7842025708defa4a8d5abc2cd368234b850e12e383b104c,Downloaded_Fresh
241042,Spilornis_cheela,Spilornis cheela,Crested Serpent Eagle,False,C,Paulo Alves,2015-05-10,09:00,Indonesia,"Gede Pangrango National Park, West Java Province, Java",-6.7515,106.9898,,1:45,https://creativecommons.org/licenses/by-nc-sa/4.0/,https://xeno-canto.org/241042,https://xeno-canto.org/241042/download,d:/FILE AND TASK/TA/data/xeno_canto\Spilornis_cheela\XC241042_Spilornis_cheela.mp3,635f75c5152d54221246fe6dfb55a0eebb43fda7864900e15b0d40f467732e74,Downloaded_Fresh
207989,Spilornis_cheela,Spilornis cheela,Crested Serpent Eagle,False,C,Frank Lambert,2014-04-14,09:53,Indonesia,"Bakalalan-Bario Rd, Sarawak",3.9459,115.6019,,0:38,https://creativecommons.org/licenses/by-nc-nd/4.0/,https://xeno-canto.org/207989,https://xeno-canto.org/207989/download,d:/FILE AND TASK/TA/data/xeno_canto\Spilornis_cheela\XC207989_Spilornis_cheela.mp3,9b0a1b83475705417919bec07868a7fb77e1de15a1545b44132587ba70f59d45,Downloaded_Fresh
143550,Spilornis_cheela,Spilornis cheela,Crested Serpent Eagle,False,C,Heru Cahyono,2013-07-27,08:48,Indonesia,"Skam street number 587 , Prigen, East Java",,,,0:28,https://creativecommons.org/licenses/by-nc-sa/3.0/,https://xeno-canto.org/143550,https://xeno-canto.org/143550/download,d:/FILE AND TASK/TA/data/xeno_canto\Spilornis_cheela\XC143550_Spilornis_cheela.mp3,1d2309569df0f9e4f6de5e9fb19e92b9c1916f57dbb54ef26d6fa4934a195bc6,Downloaded_Fresh
965048,Spilornis_cheela,Spilornis cheela,Crested Serpent Eagle,False,D,Daan Drukker,2024-12-16,10:06,Indonesia,"Seberut Barat Daya, Mentawai Islands Regency, West Sumatra",-1.7274,99.2248,,0:13,https://creativecommons.org/licenses/by-nc-sa/4.0/,https://xeno-canto.org/965048,https://xeno-canto.org/965048/download,d:/FILE AND TASK/TA/data/xeno_canto\Spilornis_cheela\XC965048_Spilornis_cheela.mp3,30985598fb001df7e6cbf57a4dd2c181dd2345e6b0cc9f003b321c372a00133f,Ready_Existing
144914,Spilornis_cheela,Spilornis cheela,Crested Serpent Eagle,False,D,Heru Cahyono,2013-08-01,09:30,Indonesia,"Bendolawang, Bromo-Tengger-Semeru National Park",,,,0:56,https://creativecommons.org/licenses/by-nc-sa/3.0/,https://xeno-canto.org/144914,https://xeno-canto.org/144914/download,d:/FILE AND TASK/TA/data/xeno_canto\Spilornis_cheela\XC144914_Spilornis_cheela.mp3,28e5c872662c73f05818f6f045d05cd4b299936e7fbb94dbc3cffd23ef85d9e1,Downloaded_Fresh
1099352,Dicrurus_hottentottus,Dicrurus hottentottus,Hair-crested Drongo,False,A,yasinchumaedi,2019-07-19,16:30,Indonesia,"Taluditi, Pohuwato, Gorontalo",0.696,121.8333,,0:17,https://creativecommons.org/licenses/by-nc-sa/4.0/,https://xeno-canto.org/1099352,https://xeno-canto.org/1099352/download,d:/FILE AND TASK/TA/data/xeno_canto\Dicrurus_hottentottus\XC1099352_Dicrurus_hottentottus.mp3,427b8df1d20436597aa14c857a12bf8beaf641a3786e36507850c7cbd39ec6c0,Ready_Existing
1075210,Dicrurus_hottentottus,Dicrurus hottentottus,Hair-crested Drongo,False,A,Richard E. Webster,2025-11-16,06:31,Indonesia,"Karaenta Nature Reserve, Kabupaten Maros, Sulawesi Selatan",-5.0193,119.7508,,2:26,https://creativecommons.org/licenses/by-nc-sa/4.0/,https://xeno-canto.org/1075210,https://xeno-canto.org/1075210/download,d:/FILE AND TASK/TA/data/xeno_canto\Dicrurus_hottentottus\XC1075210_Dicrurus_hottentottus.mp3,25c2cd39c3c49dce62cb0dc9443ec1a01f80acb7a88f2b85f5f98103c5cd070b,Ready_Existing
1075206,Dicrurus_hottentottus,Dicrurus hottentottus,Hair-crested Drongo,False,A,Richard E. Webster,2025-11-27,06:08,Indonesia,Sulawesi: Tangkoko lowlands,1.562,125.1728,,1:07,https://creativecommons.org/licenses/by-nc-sa/4.0/,https://xeno-canto.org/1075206,https://xeno-canto.org/1075206/download,d:/FILE AND TASK/TA/data/xeno_canto\Dicrurus_hottentottus\XC1075206_Dicrurus_hottentottus.mp3,518bffd8d1be18f9742f81b761690f056a15cadb612e892b1e701f32e6f7d287,Ready_Existing
1037097,Dicrurus_hottentottus,Dicrurus hottentottus,Hair-crested Drongo,False,A,Untung Sarmawi,2025-09-04,09:00,Indonesia,"Bali Barat National Park, Bali",-8.1692,114.482,,1:00,https://creativecommons.org/publicdomain/zero/1.0/,https://xeno-canto.org/1037097,https://xeno-canto.org/1037097/download,d:/FILE AND TASK/TA/data/xeno_canto\Dicrurus_hottentottus\XC1037097_Dicrurus_hottentottus.mp3,44ce8f403c70ed7024278e75ab5e83a9379ab666785be1d40a3e32260bef9505,Ready_Existing
931626,Dicrurus_hottentottus,Dicrurus hottentottus,Hair-crested Drongo,False,A,Ding Li Yong,2024-08-05,07:30,Indonesia,Sulawesi: Tangkoko hills,1.556,125.17,,1:31,https://creativecommons.org/licenses/by-nc-nd/4.0/,https://xeno-canto.org/931626,https://xeno-canto.org/931626/download,d:/FILE AND TASK/TA/data/xeno_canto\Dicrurus_hottentottus\XC931626_Dicrurus_hottentottus.mp3,218127b2ef63287b9f890649067cf76bb4332d2260015076f1232170145ecf63,Ready_Existing
926461,Dicrurus_hottentottus,Dicrurus hottentottus,Hair-crested Drongo,False,A,Ding Li Yong,2024-08-05,06:00,Indonesia,Sulawesi: Tangkoko hills,1.556,125.17,,0:45,https://creativecommons.org/licenses/by-nc-nd/4.0/,https://xeno-canto.org/926461,https://xeno-canto.org/926461/download,d:/FILE AND TASK/TA/data/xeno_canto\Dicrurus_hottentottus\XC926461_Dicrurus_hottentottus.mp3,c6d1d1384b0bd73e018cba581e50ae5da63e42347a43538a9d0b412d6d473d6d,Ready_Existing
924367,Dicrurus_hottentottus,Dicrurus hottentottus,Hair-crested Drongo,False,A,Ding Li Yong,2024-08-01,07:30,Indonesia,"Gunung Mahawu, Minahasa, North Sulawesi",1.35,124.8664,,0:15,https://creativecommons.org/licenses/by-nc-nd/4.0/,https://xeno-canto.org/924367,https://xeno-canto.org/924367/download,d:/FILE AND TASK/TA/data/xeno_canto\Dicrurus_hottentottus\XC924367_Dicrurus_hottentottus.mp3,22ffe67e710c97d17e5d7627f60e83b4ad04ff5d4ee5996b7b9ca8053e0af005,Ready_Existing
825282,Dicrurus_hottentottus,Dicrurus hottentottus,Hair-crested Drongo,False,A,Greg Irving,2023-07-30,17:19,Indonesia,"Gunung Mahawu, Minahasa, North Sulawesi",1.35,124.8664,,0:36,https://creativecommons.org/licenses/by-nc-sa/4.0/,https://xeno-canto.org/825282,https://xeno-canto.org/825282/download,d:/FILE AND TASK/TA/data/xeno_canto\Dicrurus_hottentottus\XC825282_Dicrurus_hottentottus.mp3,7cbad65b4c029c4c916d39dbe1b7c79ced056d17ef7d66851be9a97addd0b092,Ready_Existing
823280,Dicrurus_hottentottus,Dicrurus hottentottus,Hair-crested Drongo,False,A,Greg Irving,2023-07-24,17:49,Indonesia,Sulawesi: Tangkoko lowlands,1.562,125.173,,1:35,https://creativecommons.org/licenses/by-nc-sa/4.0/,https://xeno-canto.org/823280,https://xeno-canto.org/823280/download,d:/FILE AND TASK/TA/data/xeno_canto\Dicrurus_hottentottus\XC823280_Dicrurus_hottentottus.mp3,7da2490a22d51da134bcb837df565081bf5ca9e25c97cbec16322e766384da27,Ready_Existing
598553,Dicrurus_hottentottus,Dicrurus hottentottus,Hair-crested Drongo,False,A,Frank Lambert,2020-09-15,11:54,Indonesia,"Pos 2, Route to Mekongga, Wawo, North Kolaka Regency, South East Sulawesi",-3.642,121.0964,,1:20,https://creativecommons.org/licenses/by-nc-nd/4.0/,https://xeno-canto.org/598553,https://xeno-canto.org/598553/download,d:/FILE AND TASK/TA/data/xeno_canto\Dicrurus_hottentottus\XC598553_Dicrurus_hottentottus.mp3,eff76aef04a835bc440f8303a173a233624f998f10699caf7f08f0758d2cad14,Ready_Existing
498797,Dicrurus_hottentottus,Dicrurus hottentottus,Hair-crested Drongo,False,A,Frank Lambert,2019-08-23,06:01,Indonesia,"North Siberut, Kepulauan Mentawai, West Sumatra",-1.1963,98.9791,,2:00,https://creativecommons.org/licenses/by-nc-nd/4.0/,https://xeno-canto.org/498797,https://xeno-canto.org/498797/download,d:/FILE AND TASK/TA/data/xeno_canto\Dicrurus_hottentottus\XC498797_Dicrurus_hottentottus.mp3,816c440fe774d920a29d2de5b7b4b65778cb87c885f4459e74434ae50cc7471a,Ready_Existing
498408,Dicrurus_hottentottus,Dicrurus hottentottus,Hair-crested Drongo,False,A,Frank Lambert,2019-08-23,09:52,Indonesia,"North Siberut, Kepulauan Mentawai, West Sumatra",-1.1963,98.9791,,0:32,https://creativecommons.org/licenses/by-nc-nd/4.0/,https://xeno-canto.org/498408,https://xeno-canto.org/498408/download,d:/FILE AND TASK/TA/data/xeno_canto\Dicrurus_hottentottus\XC498408_Dicrurus_hottentottus.mp3,642dd2886ed15c9ff5f209faa6b08717f6053ef659b0a18fee3a2119e31d1bf4,Ready_Existing
498403,Dicrurus_hottentottus,Dicrurus hottentottus,Hair-crested Drongo,False,A,Frank Lambert,2019-08-26,09:49,Indonesia,"North Siberut, Kepulauan Mentawai, West Sumatra",-1.1963,98.9791,,0:25,https://creativecommons.org/licenses/by-nc-nd/4.0/,https://xeno-canto.org/498403,https://xeno-canto.org/498403/download,d:/FILE AND TASK/TA/data/xeno_canto\Dicrurus_hottentottus\XC498403_Dicrurus_hottentottus.mp3,1f6361cc9e6a9d95fa13c262282963d5ee58f2259fd3544395b39126a3e7351c,Ready_Existing
498402,Dicrurus_hottentottus,Dicrurus hottentottus,Hair-crested Drongo,False,A,Frank Lambert,2019-08-26,09:51,Indonesia,"North Siberut, Kepulauan Mentawai, West Sumatra",-1.1963,98.9791,,1:41,https://creativecommons.org/licenses/by-nc-nd/4.0/,https://xeno-canto.org/498402,https://xeno-canto.org/498402/download,d:/FILE AND TASK/TA/data/xeno_canto\Dicrurus_hottentottus\XC498402_Dicrurus_hottentottus.mp3,efcb44b5cccf21e17b20c808671206c3f0f418a7878d9dd7d40015cb8ea5d04c,Ready_Existing
431494,Dicrurus_hottentottus,Dicrurus hottentottus,Hair-crested Drongo,False,A,Brian Cox,2018-07-01,06:30,Indonesia,"Siberut Utara, Kabupaten Kepulauan Mentawai, Sumatera Barat",-1.1313,98.9678,,0:17,https://creativecommons.org/licenses/by-nc-sa/4.0/,https://xeno-canto.org/431494,https://xeno-canto.org/431494/download,d:/FILE AND TASK/TA/data/xeno_canto\Dicrurus_hottentottus\XC431494_Dicrurus_hottentottus.mp3,a7a8461252acffd2fa44a36ef14618f4e3bb9dfd7c7e1c6e5c57c03415672639,Ready_Existing
413920,Dicrurus_hottentottus,Dicrurus hottentottus,Hair-crested Drongo,False,A,Ross Gallardy,2017-07-25,09:30,Indonesia,"Tamako, Kabupaten Kepulauan Sangihe, Sulawesi Utara",3.5126,125.5426,,1:41,https://creativecommons.org/licenses/by-nc-sa/4.0/,https://xeno-canto.org/413920,https://xeno-canto.org/413920/download,d:/FILE AND TASK/TA/data/xeno_canto\Dicrurus_hottentottus\XC413920_Dicrurus_hottentottus.mp3,f7538c3835a7f7540961876257df167f875c52ca8cb981af94540e32ab6872eb,Ready_Existing
412323,Dicrurus_hottentottus,Dicrurus hottentottus,Hair-crested Drongo,False,A,Ross Gallardy,2017-07-17,10:30,Indonesia,"Obi, South Halmahera Regency, North Maluku",-1.3791,127.6462,,0:51,https://creativecommons.org/licenses/by-nc-sa/4.0/,https://xeno-canto.org/412323,https://xeno-canto.org/412323/download,d:/FILE AND TASK/TA/data/xeno_canto\Dicrurus_hottentottus\XC412323_Dicrurus_hottentottus.mp3,c675657e7d8aac8f829642cff0719c6648400aa63a02b633723874ba3e2658a5,Ready_Existing
412321,Dicrurus_hottentottus,Dicrurus hottentottus,Hair-crested Drongo,False,A,Ross Gallardy,2017-07-17,10:30,Indonesia,"Obi, South Halmahera Regency, North Maluku",-1.3791,127.6462,,0:18,https://creativecommons.org/licenses/by-nc-sa/4.0/,https://xeno-canto.org/412321,https://xeno-canto.org/412321/download,d:/FILE AND TASK/TA/data/xeno_canto\Dicrurus_hottentottus\XC412321_Dicrurus_hottentottus.mp3,c9258cbd74487c5073ce9a00f45921d99a91ff9f416b4568e16ebad4ff20fdcc,Ready_Existing
176899,Dicrurus_hottentottus,Dicrurus hottentottus,Hair-crested Drongo,False,A,Peter Wilton,2013-12-07,09:00,Indonesia,"North Taliabu, Kepulauan Sula, North Maluku",-1.7622,124.807,,0:07,https://creativecommons.org/licenses/by-sa/4.0/,https://xeno-canto.org/176899,https://xeno-canto.org/176899/download,d:/FILE AND TASK/TA/data/xeno_canto\Dicrurus_hottentottus\XC176899_Dicrurus_hottentottus.mp3,d239b076352b609b82304a32413665455fc62e8f2ee1643941e9a86a7335c857,Ready_Existing
176898,Dicrurus_hottentottus,Dicrurus hottentottus,Hair-crested Drongo,False,A,Peter Wilton,2013-12-07,09:00,Indonesia,"North Taliabu, Kepulauan Sula, North Maluku",-1.7622,124.807,,1:07,https://creativecommons.org/licenses/by-sa/4.0/,https://xeno-canto.org/176898,https://xeno-canto.org/176898/download,d:/FILE AND TASK/TA/data/xeno_canto\Dicrurus_hottentottus\XC176898_Dicrurus_hottentottus.mp3,9e6d5e48a468fe03ff3d501b564cadb7a94c5fb885b3a9ac79ccbb7deade8325,Ready_Existing
1075214,Dicrurus_hottentottus,Dicrurus hottentottus,Hair-crested Drongo,False,B,Richard E. Webster,2025-11-27,08:10,Indonesia,Sulawesi: Tangkoko lowlands,1.562,125.1728,,3:11,https://creativecommons.org/licenses/by-nc-sa/4.0/,https://xeno-canto.org/1075214,https://xeno-canto.org/1075214/download,d:/FILE AND TASK/TA/data/xeno_canto\Dicrurus_hottentottus\XC1075214_Dicrurus_hottentottus.mp3,53938969662f023a551433aa0813ddd9558519b226476ba0376e87d01b185914,Ready_Existing
1075213,Dicrurus_hottentottus,Dicrurus hottentottus,Hair-crested Drongo,False,B,Richard E. Webster,2025-11-23,10:42,Indonesia,"Bogani Nani Wartabone, Tambun Maleo Sanctuary, Dumoga Timur, Bolaang Mongondow Regency, North Sulawesi",0.5887,124.1189,,2:24,https://creativecommons.org/licenses/by-nc-sa/4.0/,https://xeno-canto.org/1075213,https://xeno-canto.org/1075213/download,d:/FILE AND TASK/TA/data/xeno_canto\Dicrurus_hottentottus\XC1075213_Dicrurus_hottentottus.mp3,bfc5ad9281729fb89bef51978748fc16323df66a29d0bf28e43c634d334a70ad,Ready_Existing
1075211,Dicrurus_hottentottus,Dicrurus hottentottus,Hair-crested Drongo,False,B,Richard E. Webster,2025-11-23,06:19,Indonesia,"Bogani Nani Wartabone, Tambun Maleo Sanctuary, Dumoga Timur, Bolaang Mongondow Regency, North Sulawesi",0.5887,124.1189,,3:32,https://creativecommons.org/licenses/by-nc-sa/4.0/,https://xeno-canto.org/1075211,https://xeno-canto.org/1075211/download,d:/FILE AND TASK/TA/data/xeno_canto\Dicrurus_hottentottus\XC1075211_Dicrurus_hottentottus.mp3,1a2afb0fd9c27cbc78cba8006ca5abc9b73e0c36e1de91c725d6916d8d6d60d3,Ready_Existing
1075209,Dicrurus_hottentottus,Dicrurus hottentottus,Hair-crested Drongo,False,B,Richard E. Webster,2025-11-25,09:14,Indonesia,"Toraut, Sulawesi",0.5667,123.9026,,1:32,https://creativecommons.org/licenses/by-nc-sa/4.0/,https://xeno-canto.org/1075209,https://xeno-canto.org/1075209/download,d:/FILE AND TASK/TA/data/xeno_canto\Dicrurus_hottentottus\XC1075209_Dicrurus_hottentottus.mp3,fae6215a96afd161eb5f9fb6972c4d101ff06671d2f76b106593a99d9402cfd6,Ready_Existing
1075199,Dicrurus_hottentottus,Dicrurus hottentottus,Hair-crested Drongo,False,B,Richard E. Webster,2025-11-25,06:33,Indonesia,"Toraut, Sulawesi",0.5667,123.9026,,2:09,https://creativecommons.org/licenses/by-nc-sa/4.0/,https://xeno-canto.org/1075199,https://xeno-canto.org/1075199/download,d:/FILE AND TASK/TA/data/xeno_canto\Dicrurus_hottentottus\XC1075199_Dicrurus_hottentottus.mp3,181e15ed5b7aef529920ada6826ac809520bea099386206a1b1d74419b02923a,Ready_Existing
1075198,Dicrurus_hottentottus,Dicrurus hottentottus,Hair-crested Drongo,False,B,Richard E. Webster,2025-11-25,05:11,Indonesia,"Toraut, Sulawesi",0.5667,123.9026,,7:14,https://creativecommons.org/licenses/by-nc-sa/4.0/,https://xeno-canto.org/1075198,https://xeno-canto.org/1075198/download,d:/FILE AND TASK/TA/data/xeno_canto\Dicrurus_hottentottus\XC1075198_Dicrurus_hottentottus.mp3,2577ac771707dc25b198f41653d6256c186de5e8a85ddfaa85fe8cea617acb55,Downloaded_Fresh
1075197,Dicrurus_hottentottus,Dicrurus hottentottus,Hair-crested Drongo,False,B,Richard E. Webster,2025-11-29,17:31,Indonesia,"Gunung Mahawu NW side, Kota Tomohon, Sulawesi Utara",1.3571,124.8579,,0:15,https://creativecommons.org/licenses/by-nc-sa/4.0/,https://xeno-canto.org/1075197,https://xeno-canto.org/1075197/download,d:/FILE AND TASK/TA/data/xeno_canto\Dicrurus_hottentottus\XC1075197_Dicrurus_hottentottus.mp3,ceb7d5a31ae3f878a2dc82a8044d1bf06261906a5fedba0cd9dd3c24b7e576ea,Downloaded_Fresh
932506,Dicrurus_hottentottus,Dicrurus hottentottus,Hair-crested Drongo,False,B,Ding Li Yong,2024-08-05,07:30,Indonesia,Sulawesi: Tangkoko hills,1.556,125.17,,0:43,https://creativecommons.org/licenses/by-nc-nd/4.0/,https://xeno-canto.org/932506,https://xeno-canto.org/932506/download,d:/FILE AND TASK/TA/data/xeno_canto\Dicrurus_hottentottus\XC932506_Dicrurus_hottentottus.mp3,1d3f31238626c525b837c30ec669d73735d4fd715ee8133e4a536ca60d4d6956,Downloaded_Fresh
931276,Dicrurus_hottentottus,Dicrurus hottentottus,Hair-crested Drongo,False,B,Ding Li Yong,2024-08-05,07:00,Indonesia,Sulawesi: Tangkoko hills,1.556,125.17,,0:38,https://creativecommons.org/licenses/by-nc-nd/4.0/,https://xeno-canto.org/931276,https://xeno-canto.org/931276/download,d:/FILE AND TASK/TA/data/xeno_canto\Dicrurus_hottentottus\XC931276_Dicrurus_hottentottus.mp3,15294d1598e9b145bf87342251b4b100b1426a30d429eb84cdadff5c9ebcd6f7,Downloaded_Fresh
825283,Dicrurus_hottentottus,Dicrurus hottentottus,Hair-crested Drongo,False,B,Greg Irving,2023-07-30,13:16,Indonesia,"Gunung Mahawu, Minahasa, North Sulawesi",1.35,124.8664,,0:33,https://creativecommons.org/licenses/by-nc-sa/4.0/,https://xeno-canto.org/825283,https://xeno-canto.org/825283/download,d:/FILE AND TASK/TA/data/xeno_canto\Dicrurus_hottentottus\XC825283_Dicrurus_hottentottus.mp3,697f2e5e809f21678a56d2b74200d2c9fca0f72ef2d9ab3ffd24f19147e21394,Downloaded_Fresh
823279,Dicrurus_hottentottus,Dicrurus hottentottus,Hair-crested Drongo,False,B,Greg Irving,2023-07-24,17:46,Indonesia,Sulawesi: Tangkoko lowlands,1.562,125.173,,1:22,https://creativecommons.org/licenses/by-nc-sa/4.0/,https://xeno-canto.org/823279,https://xeno-canto.org/823279/download,d:/FILE AND TASK/TA/data/xeno_canto\Dicrurus_hottentottus\XC823279_Dicrurus_hottentottus.mp3,9fa2a13cf8d01e98fd65c5f551e5383e2632b041f4993c17cc3c3bc3c7b7f7eb,Downloaded_Fresh
498798,Dicrurus_hottentottus,Dicrurus hottentottus,Hair-crested Drongo,False,B,Frank Lambert,2019-08-23,08:48,Indonesia,"North Siberut, Kepulauan Mentawai, West Sumatra",-1.1963,98.9791,,1:03,https://creativecommons.org/licenses/by-nc-nd/4.0/,https://xeno-canto.org/498798,https://xeno-canto.org/498798/download,d:/FILE AND TASK/TA/data/xeno_canto\Dicrurus_hottentottus\XC498798_Dicrurus_hottentottus.mp3,ac2bc6967d9f68bc09c61d9ee64f226f7daf86f630247fdf22665b247aef5a1b,Downloaded_Fresh
498409,Dicrurus_hottentottus,Dicrurus hottentottus,Hair-crested Drongo,False,B,Frank Lambert,2019-08-24,06:01,Indonesia,"North Siberut, Kepulauan Mentawai, West Sumatra",-1.1963,98.9791,,2:06,https://creativecommons.org/licenses/by-nc-nd/4.0/,https://xeno-canto.org/498409,https://xeno-canto.org/498409/download,d:/FILE AND TASK/TA/data/xeno_canto\Dicrurus_hottentottus\XC498409_Dicrurus_hottentottus.mp3,5f3f618d7af26ae18018299be1cf093c74c4b25ad52da6356aad413dd139f78b,Downloaded_Fresh
498407,Dicrurus_hottentottus,Dicrurus hottentottus,Hair-crested Drongo,False,B,Frank Lambert,2019-08-23,07:45,Indonesia,"North Siberut, Kepulauan Mentawai, West Sumatra",-1.1963,98.9791,,1:20,https://creativecommons.org/licenses/by-nc-nd/4.0/,https://xeno-canto.org/498407,https://xeno-canto.org/498407/download,d:/FILE AND TASK/TA/data/xeno_canto\Dicrurus_hottentottus\XC498407_Dicrurus_hottentottus.mp3,02d4c89e6f6efb3617052676f16e0bd641c1bc66a43a1e43f4e5d2ba896f86d1,Downloaded_Fresh
498406,Dicrurus_hottentottus,Dicrurus hottentottus,Hair-crested Drongo,False,B,Frank Lambert,2019-08-23,08:55,Indonesia,"North Siberut, Kepulauan Mentawai, West Sumatra",-1.1963,98.9791,,0:36,https://creativecommons.org/licenses/by-nc-nd/4.0/,https://xeno-canto.org/498406,https://xeno-canto.org/498406/download,d:/FILE AND TASK/TA/data/xeno_canto\Dicrurus_hottentottus\XC498406_Dicrurus_hottentottus.mp3,daa18f2440d41facb79013e8b409401252ea58deb9f6636b91c3e7628f327499,Downloaded_Fresh
498405,Dicrurus_hottentottus,Dicrurus hottentottus,Hair-crested Drongo,False,B,Frank Lambert,2019-08-23,10:18,Indonesia,"North Siberut, Kepulauan Mentawai, West Sumatra",-1.1963,98.9791,,1:45,https://creativecommons.org/licenses/by-nc-nd/4.0/,https://xeno-canto.org/498405,https://xeno-canto.org/498405/download,,,Pending
498404,Dicrurus_hottentottus,Dicrurus hottentottus,Hair-crested Drongo,False,B,Frank Lambert,2019-08-23,07:39,Indonesia,"North Siberut, Kepulauan Mentawai, West Sumatra",-1.1963,98.9791,,1:26,https://creativecommons.org/licenses/by-nc-nd/4.0/,https://xeno-canto.org/498404,https://xeno-canto.org/498404/download,,,Pending
498401,Dicrurus_hottentottus,Dicrurus hottentottus,Hair-crested Drongo,False,B,Frank Lambert,2019-08-24,06:56,Indonesia,"North Siberut, Kepulauan Mentawai, West Sumatra",-1.1963,98.9791,,0:26,https://creativecommons.org/licenses/by-nc-nd/4.0/,https://xeno-canto.org/498401,https://xeno-canto.org/498401/download,,,Pending
498400,Dicrurus_hottentottus,Dicrurus hottentottus,Hair-crested Drongo,False,B,Frank Lambert,2019-08-23,09:54,Indonesia,"North Siberut, Kepulauan Mentawai, West Sumatra",-1.1963,98.9791,,1:05,https://creativecommons.org/licenses/by-nc-nd/4.0/,https://xeno-canto.org/498400,https://xeno-canto.org/498400/download,,,Pending
498147,Dicrurus_hottentottus,Dicrurus hottentottus,Hair-crested Drongo,False,B,Panji Gusti Akbar,2019-08-24,08:00,Indonesia,"Bali, Kabupaten Buleleng, Bali",-8.1601,114.4862,,0:14,https://creativecommons.org/licenses/by-nc-sa/4.0/,https://xeno-canto.org/498147,https://xeno-canto.org/498147/download,,,Pending
414601,Dicrurus_hottentottus,Dicrurus hottentottus,Hair-crested Drongo,False,B,Marc Anderson,2018-05-02,07:00,Indonesia,Sulawesi: Tangkoko lowlands,1.562,125.173,,0:55,https://creativecommons.org/licenses/by-nc-nd/4.0/,https://xeno-canto.org/414601,https://xeno-canto.org/414601/download,,,Pending
413975,Dicrurus_hottentottus,Dicrurus hottentottus,Hair-crested Drongo,False,B,Ross Gallardy,2017-08-02,08:00,Indonesia,"Toraut, Sulawesi",0.5667,123.9026,,0:25,https://creativecommons.org/licenses/by-nc-sa/4.0/,https://xeno-canto.org/413975,https://xeno-canto.org/413975/download,,,Pending
413708,Dicrurus_hottentottus,Dicrurus hottentottus,Hair-crested Drongo,False,B,Frank Lambert,2017-08-10,11:22,Indonesia,"Toraut, Sulawesi",0.5667,123.9026,,0:10,https://creativecommons.org/licenses/by-nc-nd/4.0/,https://xeno-canto.org/413708,https://xeno-canto.org/413708/download,,,Pending
412322,Dicrurus_hottentottus,Dicrurus hottentottus,Hair-crested Drongo,False,B,Ross Gallardy,2017-07-17,10:30,Indonesia,"Obi, South Halmahera Regency, North Maluku",-1.3791,127.6462,,0:58,https://creativecommons.org/licenses/by-nc-sa/4.0/,https://xeno-canto.org/412322,https://xeno-canto.org/412322/download,,,Pending
412319,Dicrurus_hottentottus,Dicrurus hottentottus,Hair-crested Drongo,False,B,Ross Gallardy,2017-07-16,14:00,Indonesia,"Obi, South Halmahera Regency, North Maluku",-1.3791,127.6462,,1:08,https://creativecommons.org/licenses/by-nc-sa/4.0/,https://xeno-canto.org/412319,https://xeno-canto.org/412319/download,,,Pending
207820,Dicrurus_hottentottus,Dicrurus hottentottus,Hair-crested Drongo,False,B,Frank Lambert,2014-04-15,08:19,Indonesia,"Bakalalan-Bario Rd, Sarawak",3.9459,115.6019,,1:19,https://creativecommons.org/licenses/by-nc-nd/4.0/,https://xeno-canto.org/207820,https://xeno-canto.org/207820/download,,,Pending
203637,Dicrurus_hottentottus,Dicrurus hottentottus,Hair-crested Drongo,False,B,Mike Nelson,2014-09-15,08:00,Indonesia,"Tambun, West Dumoga, North Sulawesi",0.5442,123.9401,,0:24,https://creativecommons.org/licenses/by-nc-sa/4.0/,https://xeno-canto.org/203637,https://xeno-canto.org/203637/download,,,Pending
196418,Dicrurus_hottentottus,Dicrurus hottentottus,Hair-crested Drongo,False,B,Frank Lambert,2014-08-20,06:23,Indonesia,"Tambun, West Dumoga, North Sulawesi",0.5442,123.9401,,1:01,https://creativecommons.org/licenses/by-nc-nd/4.0/,https://xeno-canto.org/196418,https://xeno-canto.org/196418/download,,,Pending
194164,Dicrurus_hottentottus,Dicrurus hottentottus,Hair-crested Drongo,False,B,Frank Lambert,2014-08-19,08:10,Indonesia,"Toraut, Sulawesi",0.5667,123.9026,,0:21,https://creativecommons.org/licenses/by-nc-nd/4.0/,https://xeno-canto.org/194164,https://xeno-canto.org/194164/download,,,Pending
176900,Dicrurus_hottentottus,Dicrurus hottentottus,Hair-crested Drongo,False,B,Peter Wilton,2013-12-13,09:00,Indonesia,"North Taliabu, Kepulauan Sula, North Maluku",-1.7622,124.807,,0:11,https://creativecommons.org/licenses/by-sa/4.0/,https://xeno-canto.org/176900,https://xeno-canto.org/176900/download,,,Pending
151985,Dicrurus_hottentottus,Dicrurus hottentottus,Hair-crested Drongo,False,B,Mike Nelson,2013-09-22,09:30,Indonesia,"Tambun, West Dumoga, North Sulawesi",0.5442,123.9401,,0:51,https://creativecommons.org/licenses/by-nc-sa/3.0/,https://xeno-canto.org/151985,https://xeno-canto.org/151985/download,,,Pending
151839,Dicrurus_hottentottus,Dicrurus hottentottus,Hair-crested Drongo,False,B,Mike Nelson,2013-09-20,08:30,Indonesia,"Tangkoko Nature Reserve, Sulawesi",1.5675,125.1595,,0:43,https://creativecommons.org/licenses/by-nc-sa/3.0/,https://xeno-canto.org/151839,https://xeno-canto.org/151839/download,,,Pending
151838,Dicrurus_hottentottus,Dicrurus hottentottus,Hair-crested Drongo,False,B,Mike Nelson,2013-09-20,05:00,Indonesia,"Tangkoko Nature Reserve, Sulawesi",1.5675,125.1595,,0:42,https://creativecommons.org/licenses/by-nc-sa/3.0/,https://xeno-canto.org/151838,https://xeno-canto.org/151838/download,,,Pending
151837,Dicrurus_hottentottus,Dicrurus hottentottus,Hair-crested Drongo,False,B,Mike Nelson,2013-09-20,05:00,Indonesia,"Tangkoko Nature Reserve, Sulawesi",1.5675,125.1595,,1:34,https://creativecommons.org/licenses/by-nc-sa/3.0/,https://xeno-canto.org/151837,https://xeno-canto.org/151837/download,,,Pending
95053,Dicrurus_hottentottus,Dicrurus hottentottus,Hair-crested Drongo,False,B,Frank Lambert,2011-06-27,05:30,Indonesia,"north of Kawalu, Peleng (site 1)",-1.2309,123.3678,,1:02,https://creativecommons.org/licenses/by-nc-nd/4.0/,https://xeno-canto.org/95053,https://xeno-canto.org/95053/download,,,Pending
95052,Dicrurus_hottentottus,Dicrurus hottentottus,Hair-crested Drongo,False,B,Frank Lambert,2011-06-26,06:30,Indonesia,"north-east of Kawalu, Peleng (site 2)",-1.2528,123.3648,,0:42,https://creativecommons.org/licenses/by-nc-nd/4.0/,https://xeno-canto.org/95052,https://xeno-canto.org/95052/download,,,Pending
90089,Dicrurus_hottentottus,Dicrurus hottentottus,Hair-crested Drongo,False,B,Frank Lambert,2011-06-20,06:00,Indonesia,"Palau Batudaka, Togian Islands, nr Taningkola",-0.4409,121.8178,,0:46,https://creativecommons.org/licenses/by-nc-nd/4.0/,https://xeno-canto.org/90089,https://xeno-canto.org/90089/download,,,Pending
90088,Dicrurus_hottentottus,Dicrurus hottentottus,Hair-crested Drongo,False,B,Frank Lambert,2011-06-20,06:00,Indonesia,"Palau Batudaka, Togian Islands, nr Taningkola",-0.4409,121.8178,,0:41,https://creativecommons.org/licenses/by-nc-nd/4.0/,https://xeno-canto.org/90088,https://xeno-canto.org/90088/download,,,Pending
90086,Dicrurus_hottentottus,Dicrurus hottentottus,Hair-crested Drongo,False,B,Frank Lambert,2011-06-20,06:00,Indonesia,"Palau Batudaka, Togian Islands, nr Taningkola",-0.4409,121.8178,,0:46,https://creativecommons.org/licenses/by-nc-nd/4.0/,https://xeno-canto.org/90086,https://xeno-canto.org/90086/download,,,Pending
90069,Dicrurus_hottentottus,Dicrurus hottentottus,Hair-crested Drongo,False,B,Frank Lambert,2011-06-21,08:40,Indonesia,"Palau Batudaka, Togian Islands, nr Taningkola",-0.4409,121.8178,,0:45,https://creativecommons.org/licenses/by-nc-nd/4.0/,https://xeno-canto.org/90069,https://xeno-canto.org/90069/download,,,Pending
89641,Dicrurus_hottentottus,Dicrurus hottentottus,Hair-crested Drongo,False,B,Frank Lambert,2011-06-22,08:10,Indonesia,"Pulau Batudaka, Togian Islands, nr Unauna",-0.4631,121.8103,,1:41,https://creativecommons.org/licenses/by-nc-nd/4.0/,https://xeno-canto.org/89641,https://xeno-canto.org/89641/download,,,Pending
89640,Dicrurus_hottentottus,Dicrurus hottentottus,Hair-crested Drongo,False,B,Frank Lambert,2011-06-22,08:10,Indonesia,"Pulau Batudaka, Togian Islands, nr Unauna",-0.4631,121.8103,,0:59,https://creativecommons.org/licenses/by-nc-nd/4.0/,https://xeno-canto.org/89640,https://xeno-canto.org/89640/download,,,Pending
89589,Dicrurus_hottentottus,Dicrurus hottentottus,Hair-crested Drongo,False,B,Frank Lambert,2011-08-27,08:30,Indonesia,"Sulawesi: nr Molino, Lompobattang Mts",-5.2673,119.8734,,0:51,https://creativecommons.org/licenses/by-nc-nd/4.0/,https://xeno-canto.org/89589,https://xeno-canto.org/89589/download,,,Pending
89588,Dicrurus_hottentottus,Dicrurus hottentottus,Hair-crested Drongo,False,B,Frank Lambert,2011-08-27,08:30,Indonesia,"Sulawesi: nr Molino, Lompobattang Mts",-5.2673,119.8734,,0:41,https://creativecommons.org/licenses/by-nc-nd/4.0/,https://xeno-canto.org/89588,https://xeno-canto.org/89588/download,,,Pending
89543,Dicrurus_hottentottus,Dicrurus hottentottus,Hair-crested Drongo,False,B,Frank Lambert,2011-08-25,16:40,Indonesia,Sulawesi: Tangkoko lowlands,1.562,125.173,,0:39,https://creativecommons.org/licenses/by-nc-nd/4.0/,https://xeno-canto.org/89543,https://xeno-canto.org/89543/download,,,Pending
68171,Dicrurus_hottentottus,Dicrurus hottentottus,Hair-crested Drongo,False,B,Frank Lambert,1998-08-06,?:?,Indonesia,Siau Island,2.73,125.39,,1:19,https://creativecommons.org/licenses/by-nc-nd/4.0/,https://xeno-canto.org/68171,https://xeno-canto.org/68171/download,,,Pending
19721,Dicrurus_hottentottus,Dicrurus hottentottus,Hair-crested Drongo,False,B,David Farrow,2006-10-10,?:?,Indonesia,Sulawesi,-1.32,120.3,,0:23,https://creativecommons.org/licenses/by-nc-sa/3.0/,https://xeno-canto.org/19721,https://xeno-canto.org/19721/download,,,Pending
18825,Dicrurus_hottentottus,Dicrurus hottentottus,Hair-crested Drongo,False,B,Mike Catsis,2007-07-26,16:50,Indonesia,"Tangkoko Nature Reserve, Sulawesi",1.5106,125.195,,0:46,https://creativecommons.org/licenses/by-nc-nd/2.5/,https://xeno-canto.org/18825,https://xeno-canto.org/18825/download,,,Pending
1018480,Dicrurus_hottentottus,Dicrurus hottentottus,Hair-crested Drongo,False,C,Nick Brown,2025-07-15,09:18,Indonesia,"Nusa Penida, Klungkung Regency, Bali",-8.6814,115.512,,1:01,https://creativecommons.org/licenses/by-nc-sa/4.0/,https://xeno-canto.org/1018480,https://xeno-canto.org/1018480/download,,,Pending
1018479,Dicrurus_hottentottus,Dicrurus hottentottus,Hair-crested Drongo,False,C,Nick Brown,2025-07-15,09:15,Indonesia,"Nusa Penida, Klungkung Regency, Bali",-8.6814,115.512,,0:28,https://creativecommons.org/licenses/by-nc-sa/4.0/,https://xeno-canto.org/1018479,https://xeno-canto.org/1018479/download,,,Pending
823278,Dicrurus_hottentottus,Dicrurus hottentottus,Hair-crested Drongo,False,C,Greg Irving,2023-07-26,10:54,Indonesia,"Gunung Mahawu, Minahasa, North Sulawesi",1.35,124.8664,,1:10,https://creativecommons.org/licenses/by-nc-sa/4.0/,https://xeno-canto.org/823278,https://xeno-canto.org/823278/download,,,Pending
615530,Dicrurus_hottentottus,Dicrurus hottentottus,Hair-crested Drongo,False,C,Teus Luijendijk,1997-08-11,?,Indonesia,"Lore Lindu National Park, Sulawesi",-1.5159,120.2301,,0:48,https://creativecommons.org/licenses/by-nc-nd/4.0/,https://xeno-canto.org/615530,https://xeno-canto.org/615530/download,,,Pending
598552,Dicrurus_hottentottus,Dicrurus hottentottus,Hair-crested Drongo,False,C,Frank Lambert,2020-09-15,15:40,Indonesia,"Pos 2, Route to Mekongga, Wawo, North Kolaka Regency, South East Sulawesi",-3.642,121.0964,,1:25,https://creativecommons.org/licenses/by-nc-nd/4.0/,https://xeno-canto.org/598552,https://xeno-canto.org/598552/download,,,Pending
431493,Dicrurus_hottentottus,Dicrurus hottentottus,Hair-crested Drongo,False,C,Brian Cox,2018-07-01,06:30,Indonesia,"Siberut Utara, Kabupaten Kepulauan Mentawai, Sumatera Barat",-1.1313,98.9678,,0:56,https://creativecommons.org/licenses/by-nc-sa/4.0/,https://xeno-canto.org/431493,https://xeno-canto.org/431493/download,,,Pending
414751,Dicrurus_hottentottus,Dicrurus hottentottus,Hair-crested Drongo,False,C,Marc Anderson,2018-05-02,09:30,Indonesia,Sulawesi: Tangkoko lowlands,1.562,125.173,,2:06,https://creativecommons.org/licenses/by-nc-nd/4.0/,https://xeno-canto.org/414751,https://xeno-canto.org/414751/download,,,Pending
414602,Dicrurus_hottentottus,Dicrurus hottentottus,Hair-crested Drongo,False,C,Marc Anderson,2018-05-02,09:00,Indonesia,Sulawesi: Tangkoko lowlands,1.562,125.173,,0:46,https://creativecommons.org/licenses/by-nc-nd/4.0/,https://xeno-canto.org/414602,https://xeno-canto.org/414602/download,,,Pending
331800,Dicrurus_hottentottus,Dicrurus hottentottus,Hair-crested Drongo,False,C,Joseph Monkhouse,2016-07-14,07:30,Indonesia,"Kulisusu Utara, Kabupaten Buton Utara, Sulawesi Tenggara",-4.4657,123.104,,2:06,https://creativecommons.org/licenses/by-nc-sa/4.0/,https://xeno-canto.org/331800,https://xeno-canto.org/331800/download,,,Pending
211066,Dicrurus_hottentottus,Dicrurus hottentottus,Hair-crested Drongo,False,C,kusumawardati jufri,2015-01-22,07:00,Indonesia,"Kecamatan Nuha, Kabupaten Luwu Timur, Sulawesi Selatan",-2.5407,121.36,,4:07,https://creativecommons.org/licenses/by-nc-sa/4.0/,https://xeno-canto.org/211066,https://xeno-canto.org/211066/download,,,Pending
203306,Dicrurus_hottentottus,Dicrurus hottentottus,Hair-crested Drongo,False,C,Mike Nelson,2014-09-07,08:00,Indonesia,"Bantimurung - Bulusaraung National Park, Maros, South Sulawesi",-5.0268,119.7389,,0:51,https://creativecommons.org/licenses/by-nc-sa/4.0/,https://xeno-canto.org/203306,https://xeno-canto.org/203306/download,,,Pending
95698,Dicrurus_hottentottus,Dicrurus hottentottus,Hair-crested Drongo,False,C,Frank Lambert,2011-06-28,07:00,Indonesia,Kokolomboi site 1 above village,-1.2926,122.8753,,0:22,https://creativecommons.org/licenses/by-nc-nd/4.0/,https://xeno-canto.org/95698,https://xeno-canto.org/95698/download,,,Pending
95051,Dicrurus_hottentottus,Dicrurus hottentottus,Hair-crested Drongo,False,C,Frank Lambert,2011-06-26,07:30,Indonesia,"north-east of Kawalu, Peleng (site 2)",-1.2528,123.3648,,0:30,https://creativecommons.org/licenses/by-nc-nd/4.0/,https://xeno-canto.org/95051,https://xeno-canto.org/95051/download,,,Pending
95049,Dicrurus_hottentottus,Dicrurus hottentottus,Hair-crested Drongo,False,C,Frank Lambert,2011-06-25,07:45,Indonesia,"north of Kawalu, Peleng (site 1)",-1.2309,123.3678,,1:05,https://creativecommons.org/licenses/by-nc-nd/4.0/,https://xeno-canto.org/95049,https://xeno-canto.org/95049/download,,,Pending
89639,Dicrurus_hottentottus,Dicrurus hottentottus,Hair-crested Drongo,False,C,Frank Lambert,2011-06-22,08:00,Indonesia,"Pulau Batudaka, Togian Islands, nr Unauna",-0.4631,121.8103,,1:23,https://creativecommons.org/licenses/by-nc-nd/4.0/,https://xeno-canto.org/89639,https://xeno-canto.org/89639/download,,,Pending
89590,Dicrurus_hottentottus,Dicrurus hottentottus,Hair-crested Drongo,False,C,Frank Lambert,2011-08-27,08:30,Indonesia,"Sulawesi: nr Molino, Lompobattang Mts",-5.2673,119.8734,,0:11,https://creativecommons.org/licenses/by-nc-nd/4.0/,https://xeno-canto.org/89590,https://xeno-canto.org/89590/download,,,Pending
71629,Dicrurus_hottentottus,Dicrurus hottentottus,Hair-crested Drongo,False,C,Bas van Balen,1986-06-17,09:14,Indonesia,"Panaitan I, Banten, Java",-6.6177,105.2161,,0:25,https://creativecommons.org/licenses/by-nc-nd/2.5/,https://xeno-canto.org/71629,https://xeno-canto.org/71629/download,,,Pending
68170,Dicrurus_hottentottus,Dicrurus hottentottus,Hair-crested Drongo,False,C,Frank Lambert,1998-08-05,?:?,Indonesia,Siau Island,2.73,125.39,,0:08,https://creativecommons.org/licenses/by-nc-nd/4.0/,https://xeno-canto.org/68170,https://xeno-canto.org/68170/download,,,Pending
68169,Dicrurus_hottentottus,Dicrurus hottentottus,Hair-crested Drongo,False,C,Frank Lambert,1998-08-05,?:?,Indonesia,"Siau Island, Gunung Tamata",2.73,125.39,,1:30,https://creativecommons.org/licenses/by-nc-nd/4.0/,https://xeno-canto.org/68169,https://xeno-canto.org/68169/download,,,Pending
611793,Dicrurus_hottentottus,Dicrurus hottentottus,Hair-crested Drongo,False,D,Teus Luijendijk,1997-07-20,?,Indonesia,Sulawesi: Tangkoko lowlands,1.562,125.173,,0:18,https://creativecommons.org/licenses/by-nc-nd/4.0/,https://xeno-canto.org/611793,https://xeno-canto.org/611793/download,,,Pending
443426,Dicrurus_hottentottus,Dicrurus hottentottus,Hair-crested Drongo,False,D,Joseph Monkhouse,2017-08-04,07:00,Indonesia,"Menui Kepulauan, Morowali Regency, Central Sulawesi",-3.5754,123.1126,,0:45,https://creativecommons.org/licenses/by-nc-sa/4.0/,https://xeno-canto.org/443426,https://xeno-canto.org/443426/download,,,Pending
431492,Dicrurus_hottentottus,Dicrurus hottentottus,Hair-crested Drongo,False,D,Brian Cox,2018-07-01,05:30,Indonesia,"Siberut Utara, Kabupaten Kepulauan Mentawai, Sumatera Barat",-1.1313,98.9678,,0:36,https://creativecommons.org/licenses/by-nc-sa/4.0/,https://xeno-canto.org/431492,https://xeno-canto.org/431492/download,,,Pending
95050,Dicrurus_hottentottus,Dicrurus hottentottus,Hair-crested Drongo,False,D,Frank Lambert,2011-06-25,07:50,Indonesia,"north of Kawalu, Peleng (site 1)",-1.2309,123.3678,,0:32,https://creativecommons.org/licenses/by-nc-nd/4.0/,https://xeno-canto.org/95050,https://xeno-canto.org/95050/download,,,Pending
1174149,Pnoepyga_pusilla,Pnoepyga pusilla,Pygmy Cupwing,False,A,Untung Sarmawi,2026-08-27,17:30,Indonesia,"Golo Lusang Road, Ruteng, Flores",-8.6654,120.4554,,0:20,https://creativecommons.org/licenses/by/4.0/,https://xeno-canto.org/1174149,https://xeno-canto.org/1174149/download,d:/FILE AND TASK/TA/data/xeno_canto\Pnoepyga_pusilla\XC1174149_Pnoepyga_pusilla.mp3,76ad674d88bea7d3f7f181b85cdf6c57a8bee1044d0bc2fab5874c6ff55e519b,Ready_Existing
1082253,Pnoepyga_pusilla,Pnoepyga pusilla,Pygmy Cupwing,False,A,Kalvin Chan,2026-01-19,07:30,Indonesia,"Gunung Tujuh, Kerinci Regency, Jambi",-1.7099,101.3891,,0:25,https://creativecommons.org/licenses/by-nc-sa/4.0/,https://xeno-canto.org/1082253,https://xeno-canto.org/1082253/download,d:/FILE AND TASK/TA/data/xeno_canto\Pnoepyga_pusilla\XC1082253_Pnoepyga_pusilla.mp3,dfe7bb0cfe07de292a627bb2c1a3313122ee66915c1bbb4cb1e697e40abd16a2,Ready_Existing
940265,Pnoepyga_pusilla,Pnoepyga pusilla,Pygmy Cupwing,False,A,Ding Li Yong,2024-10-10,07:00,Indonesia,"Gede Pangrango National Park, West Java Province, Java",-6.7515,106.9898,,0:28,https://creativecommons.org/licenses/by-nc-nd/4.0/,https://xeno-canto.org/940265,https://xeno-canto.org/940265/download,d:/FILE AND TASK/TA/data/xeno_canto\Pnoepyga_pusilla\XC940265_Pnoepyga_pusilla.mp3,09ad49396321d1f114aa3ab1393e70754bcdd6161683426fb53ebe5f1c083f36,Ready_Existing
810950,Pnoepyga_pusilla,Pnoepyga pusilla,Pygmy Cupwing,False,A,D. Septa,2023-06-24,14:00,Indonesia,"Cisarua, Bogor Regency, West Java",-6.7295,106.9525,,0:11,https://creativecommons.org/licenses/by-nc-sa/4.0/,https://xeno-canto.org/810950,https://xeno-canto.org/810950/download,d:/FILE AND TASK/TA/data/xeno_canto\Pnoepyga_pusilla\XC810950_Pnoepyga_pusilla.mp3,34f02f47ef4361324fe9758a12fc2a61b35494b7fcbf1df7d2c1109ac66e37c2,Ready_Existing
737857,Pnoepyga_pusilla,Pnoepyga pusilla,Pygmy Cupwing,False,A,Geoff Carey,2022-07-14,06:30,Indonesia,"Sakura Hills, Mount Lawu, Jawa Tengah",-7.6616,111.1849,,0:31,https://creativecommons.org/licenses/by-nc-sa/4.0/,https://xeno-canto.org/737857,https://xeno-canto.org/737857/download,d:/FILE AND TASK/TA/data/xeno_canto\Pnoepyga_pusilla\XC737857_Pnoepyga_pusilla.mp3,f62ca774952b11b20950fcb9ba0f63c1f2155899e7448b43f1592d00c2a7ec8b,Ready_Existing
737848,Pnoepyga_pusilla,Pnoepyga pusilla,Pygmy Cupwing,False,A,Geoff Carey,2022-07-13,07:30,Indonesia,"Taman Huta Raya, nr Sukuh Temple, Mt Lawu, Jawa Tengah",-7.6273,111.1341,,1:54,https://creativecommons.org/licenses/by-nc-sa/4.0/,https://xeno-canto.org/737848,https://xeno-canto.org/737848/download,d:/FILE AND TASK/TA/data/xeno_canto\Pnoepyga_pusilla\XC737848_Pnoepyga_pusilla.mp3,460aadb6a42bc38c4b69def82ad2c257f6ced6cc0a038697218c826e93cc78a0,Ready_Existing
648655,Pnoepyga_pusilla,Pnoepyga pusilla,Pygmy Cupwing,False,A,Ding Li Yong,2019-09-15,08:00,Indonesia,"Silahi Sabungan, Kabupaten Dairi, Sumatera Utara",2.7848,98.5144,,0:35,https://creativecommons.org/licenses/by-nc-nd/4.0/,https://xeno-canto.org/648655,https://xeno-canto.org/648655/download,d:/FILE AND TASK/TA/data/xeno_canto\Pnoepyga_pusilla\XC648655_Pnoepyga_pusilla.mp3,405ef5485a1bf40104c9b810c64e74258d74720277077e8c870123ac217c595f,Ready_Existing
410160,Pnoepyga_pusilla,Pnoepyga pusilla,Pygmy Cupwing,False,A,Ross Gallardy,2017-06-14,09:00,Indonesia,"Gunung Mutis, Timor",-9.5667,124.2334,,1:14,https://creativecommons.org/licenses/by-nc-sa/4.0/,https://xeno-canto.org/410160,https://xeno-canto.org/410160/download,d:/FILE AND TASK/TA/data/xeno_canto\Pnoepyga_pusilla\XC410160_Pnoepyga_pusilla.mp3,a630f18bd00e83292be396b4f0dc083cee1c471152244c2f2dcaf68bef63edf5,Ready_Existing
409147,Pnoepyga_pusilla,Pnoepyga pusilla,Pygmy Cupwing,False,A,Frank Lambert,2016-07-17,07:19,Indonesia,"Gede Pangrango National Park, West Java Province, Java",-6.7515,106.9898,,1:04,https://creativecommons.org/licenses/by-nc-nd/4.0/,https://xeno-canto.org/409147,https://xeno-canto.org/409147/download,d:/FILE AND TASK/TA/data/xeno_canto\Pnoepyga_pusilla\XC409147_Pnoepyga_pusilla.mp3,cee2593358bece271abe08ee9dadd772303be21f6e0453d980b6a8f3df1f20a3,Ready_Existing
389508,Pnoepyga_pusilla,Pnoepyga pusilla,Pygmy Cupwing,False,A,Oscar Campbell,2017-07-15,09:30,Indonesia,"Danau Rana Mese, Flores",-8.642,120.5592,,1:36,https://creativecommons.org/licenses/by-nc-sa/4.0/,https://xeno-canto.org/389508,https://xeno-canto.org/389508/download,d:/FILE AND TASK/TA/data/xeno_canto\Pnoepyga_pusilla\XC389508_Pnoepyga_pusilla.mp3,e6c4d12afe8a8927a3b003da34da778d5b22461ad76bc29d5ce92cb3d8fa7021,Ready_Existing
389504,Pnoepyga_pusilla,Pnoepyga pusilla,Pygmy Cupwing,False,A,Oscar Campbell,2017-07-14,17:00,Indonesia,"Poco Ranaka, Flores",-8.6205,120.5195,,0:39,https://creativecommons.org/licenses/by-nc-sa/4.0/,https://xeno-canto.org/389504,https://xeno-canto.org/389504/download,d:/FILE AND TASK/TA/data/xeno_canto\Pnoepyga_pusilla\XC389504_Pnoepyga_pusilla.mp3,fef7ee76654b5e65a540589e5722f062ed5b288cfcbc10b4708d3c190e64aa86,Ready_Existing
318231,Pnoepyga_pusilla,Pnoepyga pusilla,Pygmy Cupwing,False,A,Achmad Ridha,2016-05-17,07:00,Indonesia,"Ciboadas, Jawa Barat",-6.7511,106.989,,1:06,https://creativecommons.org/licenses/by-nc-sa/4.0/,https://xeno-canto.org/318231,https://xeno-canto.org/318231/download,d:/FILE AND TASK/TA/data/xeno_canto\Pnoepyga_pusilla\XC318231_Pnoepyga_pusilla.mp3,e961d12a7b0687c157da53ab0c0bbc520c7f2b782e9727f25e5357d0c92c6f54,Ready_Existing
214970,Pnoepyga_pusilla,Pnoepyga pusilla,Pygmy Cupwing,False,A,Marc Anderson,2015-02-18,08:00,Indonesia,"Gunung Halimun NP, West Java",-6.7461,106.5182,,0:24,https://creativecommons.org/licenses/by-nc-nd/4.0/,https://xeno-canto.org/214970,https://xeno-canto.org/214970/download,d:/FILE AND TASK/TA/data/xeno_canto\Pnoepyga_pusilla\XC214970_Pnoepyga_pusilla.mp3,68bcc4ea571454aa2a85509f678e3041b86ebf5505aba70f2d801df6b0c08c1a,Ready_Existing
214690,Pnoepyga_pusilla,Pnoepyga pusilla,Pygmy Cupwing,False,A,Marc Anderson,2015-02-23,07:00,Indonesia,"Gunung Halimun NP, West Java",-6.7461,106.5182,,0:53,https://creativecommons.org/licenses/by-nc-nd/4.0/,https://xeno-canto.org/214690,https://xeno-canto.org/214690/download,d:/FILE AND TASK/TA/data/xeno_canto\Pnoepyga_pusilla\XC214690_Pnoepyga_pusilla.mp3,37e3607f290f8f6e5a986fdcfaa111e9659f7d3aaea54f90084c5bf7c33d6f44,Ready_Existing
161694,Pnoepyga_pusilla,Pnoepyga pusilla,Pygmy Cupwing,False,A,Frank Lambert,2012-11-05,14:04,Indonesia,"Java, Cibodas NP, between the waterfall and Botanic Gardens",-6.5,107.3,,0:15,https://creativecommons.org/licenses/by-nc-nd/4.0/,https://xeno-canto.org/161694,https://xeno-canto.org/161694/download,d:/FILE AND TASK/TA/data/xeno_canto\Pnoepyga_pusilla\XC161694_Pnoepyga_pusilla.mp3,19289b346c86ddf1f474ac695219c9eccbf2841aef834671c2596a395a864780,Ready_Existing
93808,Pnoepyga_pusilla,Pnoepyga pusilla,Pygmy Cupwing,False,A,Todd Mark,2011-12-09,9:00,Indonesia,"Poco Ranaka, Flores",-8.62,120.519,,0:59,https://creativecommons.org/licenses/by-nc-nd/2.5/,https://xeno-canto.org/93808,https://xeno-canto.org/93808/download,d:/FILE AND TASK/TA/data/xeno_canto\Pnoepyga_pusilla\XC93808_Pnoepyga_pusilla.mp3,5e1b5d3daddd03ec0069cfa9b6f88bfa32e2ed2830e76fbb534fa1eaac9ddca0,Ready_Existing
42265,Pnoepyga_pusilla,Pnoepyga pusilla,Pygmy Cupwing,False,A,George Wagner,2009-10-17,17:56,Indonesia,"Gunung Gede National Park, Java ",-6.727348,106.97113,,0:53,https://creativecommons.org/licenses/by-nc-nd/2.5/,https://xeno-canto.org/42265,https://xeno-canto.org/42265/download,d:/FILE AND TASK/TA/data/xeno_canto\Pnoepyga_pusilla\XC42265_Pnoepyga_pusilla.mp3,4db88d7e6d38f00d21171745627ccc0880bead87a7059f2b7bbf3a01bd47ddbe,Ready_Existing
39474,Pnoepyga_pusilla,Pnoepyga pusilla,Pygmy Cupwing,False,A,Brian Cox,2009-06-08,am,Indonesia,"Gunung Gede National Park, Java ",-6.727348,106.97113,,0:28,https://creativecommons.org/licenses/by-nc-nd/2.5/,https://xeno-canto.org/39474,https://xeno-canto.org/39474/download,d:/FILE AND TASK/TA/data/xeno_canto\Pnoepyga_pusilla\XC39474_Pnoepyga_pusilla.mp3,b981da6257d34b664376e9c95cfc041bf7eaff4ce7c801f06b94ba1d68e699a2,Ready_Existing
1076302,Pnoepyga_pusilla,Pnoepyga pusilla,Pygmy Cupwing,False,B,Jelle Scharringa,1997-11-19,08:30,Indonesia,"Cipanas, Cianjur Regency, West Java",-6.7449,107.0037,,1:18,https://creativecommons.org/licenses/by-nc-sa/4.0/,https://xeno-canto.org/1076302,https://xeno-canto.org/1076302/download,d:/FILE AND TASK/TA/data/xeno_canto\Pnoepyga_pusilla\XC1076302_Pnoepyga_pusilla.mp3,1fe1a8b87ed9cec65d49622f564a67b0fc7147477446ce0dc2a253e80b47c8f8,Ready_Existing
963404,Pnoepyga_pusilla,Pnoepyga pusilla,Pygmy Cupwing,False,B,Daan Drukker,2024-12-06,17:25,Indonesia,"Pos 1 Bangku Panjang, Kerinci Regency, Jambi",-1.7385,101.2599,,0:20,https://creativecommons.org/licenses/by-nc-sa/4.0/,https://xeno-canto.org/963404,https://xeno-canto.org/963404/download,d:/FILE AND TASK/TA/data/xeno_canto\Pnoepyga_pusilla\XC963404_Pnoepyga_pusilla.mp3,b98cdb2650691a4b78b88a1de828d755c7a8456689c4ce357de68c189efb9ecd,Ready_Existing
940419,Pnoepyga_pusilla,Pnoepyga pusilla,Pygmy Cupwing,False,B,Ding Li Yong,2024-10-10,07:00,Indonesia,"Gede Pangrango National Park, West Java Province, Java",-6.7515,106.9898,,0:30,https://creativecommons.org/licenses/by-nc-nd/4.0/,https://xeno-canto.org/940419,https://xeno-canto.org/940419/download,d:/FILE AND TASK/TA/data/xeno_canto\Pnoepyga_pusilla\XC940419_Pnoepyga_pusilla.mp3,d506d63838b94a4683a7e11ccd2e780996d97c6642fa7ec98f497ef414e0c25f,Ready_Existing
923993,Pnoepyga_pusilla,Pnoepyga pusilla,Pygmy Cupwing,False,B,Ding Li Yong,2014-06-14,09:00,Indonesia,"Gunung Halimun-Salak National Park, West Java",-6.7182,106.4901,,0:24,https://creativecommons.org/licenses/by-nc-nd/4.0/,https://xeno-canto.org/923993,https://xeno-canto.org/923993/download,d:/FILE AND TASK/TA/data/xeno_canto\Pnoepyga_pusilla\XC923993_Pnoepyga_pusilla.mp3,45b9c52b3d8836205f72614401f9b07e3508961dacf27fa74ed8618cb032803e,Ready_Existing
791743,Pnoepyga_pusilla,Pnoepyga pusilla,Pygmy Cupwing,False,B,Chi-Hsuan Shao,2023-04-03,11:00,Indonesia,"Gede Pangrango National Park (blue lake to air panas), West Java Province, Java",-6.7515,106.9898,,0:32,https://creativecommons.org/licenses/by-nc-sa/4.0/,https://xeno-canto.org/791743,https://xeno-canto.org/791743/download,d:/FILE AND TASK/TA/data/xeno_canto\Pnoepyga_pusilla\XC791743_Pnoepyga_pusilla.mp3,113016aaa4dfde533f4ab8d3fdb4a016802f824a9ef71ffbf1265a3713c4d6ef,Ready_Existing
777845,Pnoepyga_pusilla,Pnoepyga pusilla,Pygmy Cupwing,False,B,Jelle Scharringa,1997-11-19,08:30,Indonesia,"Sakura Guesthouse, Cibodas Botanical Garden",-6.7432,107.0067,,1:18,https://creativecommons.org/licenses/by-nc-sa/4.0/,https://xeno-canto.org/777845,https://xeno-canto.org/777845/download,d:/FILE AND TASK/TA/data/xeno_canto\Pnoepyga_pusilla\XC777845_Pnoepyga_pusilla.mp3,a53c47ba22d8ae1a675c8b68b1b1f6af32d1ab32948293397ab5c9356c2f79e0,Ready_Existing
776150,Pnoepyga_pusilla,Pnoepyga pusilla,Pygmy Cupwing,False,B,Jelle Scharringa,1997-11-17,07:00,Indonesia,"Cibodas Mandalawangi Camping Ground, Kabupaten Cianjur, Jawa Barat",-6.7414,107.0019,,1:20,https://creativecommons.org/licenses/by-nc-sa/4.0/,https://xeno-canto.org/776150,https://xeno-canto.org/776150/download,d:/FILE AND TASK/TA/data/xeno_canto\Pnoepyga_pusilla\XC776150_Pnoepyga_pusilla.mp3,e08701a112723d39e13ba7318f3ea8dc3a7ce47d2bdecbd76b5e7a3c9e099f4d,Ready_Existing
776148,Pnoepyga_pusilla,Pnoepyga pusilla,Pygmy Cupwing,False,B,Jelle Scharringa,1997-11-16,15:30,Indonesia,"BUKIT GOLF CIBODAS, Kabupaten Cianjur, Jawa Barat",-6.7427,106.9977,,0:45,https://creativecommons.org/licenses/by-nc-sa/4.0/,https://xeno-canto.org/776148,https://xeno-canto.org/776148/download,d:/FILE AND TASK/TA/data/xeno_canto\Pnoepyga_pusilla\XC776148_Pnoepyga_pusilla.mp3,ddba6e72e8099e6cab50a9963b652336f0676b6cfc50d38ba8f5f21787a26844,Downloaded_Fresh
776147,Pnoepyga_pusilla,Pnoepyga pusilla,Pygmy Cupwing,False,B,Jelle Scharringa,1997-11-16,15:30,Indonesia,"BUKIT GOLF CIBODAS, Kabupaten Cianjur, Jawa Barat",-6.7427,106.9977,,0:40,https://creativecommons.org/licenses/by-nc-sa/4.0/,https://xeno-canto.org/776147,https://xeno-canto.org/776147/download,d:/FILE AND TASK/TA/data/xeno_canto\Pnoepyga_pusilla\XC776147_Pnoepyga_pusilla.mp3,15edea6a0a9f9fd8452cca2f02bdf9064e1ea8bbf28cd8a5e8927a5037e2930d,Downloaded_Fresh
691485,Pnoepyga_pusilla,Pnoepyga pusilla,Pygmy Cupwing,False,B,Mike Nelson,2016-08-16,13:30,Indonesia,"Gunug Gede National Park, java",-6.774,106.9775,,0:59,https://creativecommons.org/licenses/by-nc-sa/4.0/,https://xeno-canto.org/691485,https://xeno-canto.org/691485/download,d:/FILE AND TASK/TA/data/xeno_canto\Pnoepyga_pusilla\XC691485_Pnoepyga_pusilla.mp3,44280b6ee7e2cdc76b43dcaa6bc735d955f112ee191434ee9fcc2849bbe54f64,Downloaded_Fresh
681096,Pnoepyga_pusilla,Pnoepyga pusilla,Pygmy Cupwing,False,B,Mike Nelson,2016-04-06,09:00,Indonesia,"Gunung Gede National Park, Java",-6.7273,106.9711,,0:24,https://creativecommons.org/licenses/by-nc-sa/4.0/,https://xeno-canto.org/681096,https://xeno-canto.org/681096/download,d:/FILE AND TASK/TA/data/xeno_canto\Pnoepyga_pusilla\XC681096_Pnoepyga_pusilla.mp3,103ce2bee879d796709281b8d27c5d570cf6a2f24094c7b48ba16d2029e3f969,Downloaded_Fresh
633515,Pnoepyga_pusilla,Pnoepyga pusilla,Pygmy Cupwing,False,B,Jelle Scharringa,1997-11-27,15:00,Indonesia,"Kecamatan Ciater, Kabupaten Subang, Jawa Barat",-6.7714,107.6307,,0:21,https://creativecommons.org/licenses/by-nc-sa/4.0/,https://xeno-canto.org/633515,https://xeno-canto.org/633515/download,d:/FILE AND TASK/TA/data/xeno_canto\Pnoepyga_pusilla\XC633515_Pnoepyga_pusilla.mp3,2e3b4a576f09cdbd59e7ae847dd5f207b0850ff40b5be29b292d19742afa2432,Downloaded_Fresh
633510,Pnoepyga_pusilla,Pnoepyga pusilla,Pygmy Cupwing,False,B,Jelle Scharringa,1997-11-17,07:00,Indonesia,"Java, Cibodas NP, between the waterfall and Botanic Gardens",-6.7414,107.0019,,0:33,https://creativecommons.org/licenses/by-nc-sa/4.0/,https://xeno-canto.org/633510,https://xeno-canto.org/633510/download,d:/FILE AND TASK/TA/data/xeno_canto\Pnoepyga_pusilla\XC633510_Pnoepyga_pusilla.mp3,2a24eabd664893b24acddff8a906d298a69e3041ea2c907cdde9f3ec638e2546,Downloaded_Fresh
633509,Pnoepyga_pusilla,Pnoepyga pusilla,Pygmy Cupwing,False,B,Jelle Scharringa,1997-11-16,15:30,Indonesia,"Bumi Perkemahan Bukit Golf Cibodas, Kabupaten Cianjur, Jawa Barat",-6.7427,106.9977,,1:05,https://creativecommons.org/licenses/by-nc-sa/4.0/,https://xeno-canto.org/633509,https://xeno-canto.org/633509/download,d:/FILE AND TASK/TA/data/xeno_canto\Pnoepyga_pusilla\XC633509_Pnoepyga_pusilla.mp3,1955a2fd1b117ba99938977380eb0ee8521c361830ade9d621a1e8dfa0a65d83,Downloaded_Fresh
576879,Pnoepyga_pusilla,Pnoepyga pusilla,Pygmy Cupwing,False,B,Garry Bakker,2015-08-25,17:26,Indonesia,"Kayu Aro, Kerinci, Jambi",-1.741,101.26,,0:10,https://creativecommons.org/licenses/by-nc-sa/4.0/,https://xeno-canto.org/576879,https://xeno-canto.org/576879/download,d:/FILE AND TASK/TA/data/xeno_canto\Pnoepyga_pusilla\XC576879_Pnoepyga_pusilla.mp3,8b4b16626e50b550701d078431d12478fb12fd3670fc6a390927aeaf6548caf3,Downloaded_Fresh
528831,Pnoepyga_pusilla,Pnoepyga pusilla,Pygmy Cupwing,False,B,Okamoto Keita Sin,2018-02-26,11:52,Indonesia,"Gunung Gede, Java",-6.7878,106.9819,,0:30,https://creativecommons.org/licenses/by-nc-sa/4.0/,https://xeno-canto.org/528831,https://xeno-canto.org/528831/download,d:/FILE AND TASK/TA/data/xeno_canto\Pnoepyga_pusilla\XC528831_Pnoepyga_pusilla.mp3,0338409614f55d3e81ca65c1f0a19e4feb40de3785da0209806d7c31e4f942ed,Downloaded_Fresh
528830,Pnoepyga_pusilla,Pnoepyga pusilla,Pygmy Cupwing,False,B,Okamoto Keita Sin,2018-02-28,16:31,Indonesia,"Gunung Gede, Java",-6.7878,106.9819,,1:05,https://creativecommons.org/licenses/by-nc-sa/4.0/,https://xeno-canto.org/528830,https://xeno-canto.org/528830/download,d:/FILE AND TASK/TA/data/xeno_canto\Pnoepyga_pusilla\XC528830_Pnoepyga_pusilla.mp3,5339ce740b9855e9ebdb75fef21b9a69a00d4177b663ac599781d4670f1a28fe,Downloaded_Fresh
528829,Pnoepyga_pusilla,Pnoepyga pusilla,Pygmy Cupwing,False,B,Okamoto Keita Sin,2018-02-28,17:22,Indonesia,"Gunung Gede, Java",-6.7878,106.9819,,0:31,https://creativecommons.org/licenses/by-nc-sa/4.0/,https://xeno-canto.org/528829,https://xeno-canto.org/528829/download,,,Pending
490248,Pnoepyga_pusilla,Pnoepyga pusilla,Pygmy Cupwing,False,B,Ross Gallardy,2019-07-04,08:00,Indonesia,"Gede Pangrango National Park, West Java Province, Java",-6.7515,106.9898,,0:29,https://creativecommons.org/licenses/by-nc-sa/4.0/,https://xeno-canto.org/490248,https://xeno-canto.org/490248/download,,,Pending
454439,Pnoepyga_pusilla,Pnoepyga pusilla,Pygmy Cupwing,False,B,Brendan Sloan,2018-10-22,08:30,Indonesia,ijen east java,,,,0:32,https://creativecommons.org/licenses/by-nc-nd/4.0/,https://xeno-canto.org/454439,https://xeno-canto.org/454439/download,,,Pending
431612,Pnoepyga_pusilla,Pnoepyga pusilla,Pygmy Cupwing,False,B,Brian Cox,2018-07-11,16:30,Indonesia,"Beutong, Kabupaten Nagan Raya, Aceh",4.3043,96.5658,,0:12,https://creativecommons.org/licenses/by-nc-sa/4.0/,https://xeno-canto.org/431612,https://xeno-canto.org/431612/download,,,Pending
431525,Pnoepyga_pusilla,Pnoepyga pusilla,Pygmy Cupwing,False,B,Brian Cox,2018-07-05,17:30,Indonesia,"Sumatra, Gunung Kerinci",-1.74,101.26,,0:23,https://creativecommons.org/licenses/by-nc-sa/4.0/,https://xeno-canto.org/431525,https://xeno-canto.org/431525/download,,,Pending
409572,Pnoepyga_pusilla,Pnoepyga pusilla,Pygmy Cupwing,False,B,Frank Lambert,2016-07-07,06:39,Indonesia,"Mount Kerinci, West Sumatra, Sumatra",-1.7342,101.2512,,0:51,https://creativecommons.org/licenses/by-nc-nd/4.0/,https://xeno-canto.org/409572,https://xeno-canto.org/409572/download,,,Pending
376207,Pnoepyga_pusilla,Pnoepyga pusilla,Pygmy Cupwing,False,B,Karyadi Baskoro,2016-09-16,16:00,Indonesia,"Kaligua, Kabupaten Brebes, Jawa Tengah",-7.2435,109.1279,,1:00,https://creativecommons.org/licenses/by-nc-sa/4.0/,https://xeno-canto.org/376207,https://xeno-canto.org/376207/download,,,Pending
352875,Pnoepyga_pusilla,Pnoepyga pusilla,Pygmy Cupwing,False,B,Gareth K.,2016-11-05,15:00,Indonesia,Gunung Ijen,-8.0793,114.2289,,0:55,https://creativecommons.org/licenses/by-nc-sa/4.0/,https://xeno-canto.org/352875,https://xeno-canto.org/352875/download,,,Pending
350532,Pnoepyga_pusilla,Pnoepyga pusilla,Pygmy Cupwing,False,B,Raf Drijvers,1998-08-22,?,Indonesia,"Kelimutu, Kabupaten Ende, Nusa Tenggara Timur",-8.7689,121.8221,,0:25,https://creativecommons.org/licenses/by-nc-sa/4.0/,https://xeno-canto.org/350532,https://xeno-canto.org/350532/download,,,Pending
350531,Pnoepyga_pusilla,Pnoepyga pusilla,Pygmy Cupwing,False,B,Raf Drijvers,1998-08-22,?,Indonesia,"Kelimutu, Kabupaten Ende, Nusa Tenggara Timur",-8.7689,121.8221,,0:29,https://creativecommons.org/licenses/by-nc-sa/4.0/,https://xeno-canto.org/350531,https://xeno-canto.org/350531/download,,,Pending
350530,Pnoepyga_pusilla,Pnoepyga pusilla,Pygmy Cupwing,False,B,Raf Drijvers,1998-08-22,?,Indonesia,"Kelimutu, Kabupaten Ende, Nusa Tenggara Timur",-8.7689,121.8221,,1:10,https://creativecommons.org/licenses/by-nc-sa/4.0/,https://xeno-canto.org/350530,https://xeno-canto.org/350530/download,,,Pending
336358,Pnoepyga_pusilla,Pnoepyga pusilla,Pygmy Cupwing,False,B,Brendan Sloan,2016-09-02,15:30,Indonesia,Mt Ijen,,,,0:20,https://creativecommons.org/licenses/by-nc-sa/4.0/,https://xeno-canto.org/336358,https://xeno-canto.org/336358/download,,,Pending
336108,Pnoepyga_pusilla,Pnoepyga pusilla,Pygmy Cupwing,False,B,Brendan Sloan,2016-09-02,12:00,Indonesia,Mt Ijen East Java,,,,0:20,https://creativecommons.org/licenses/by-nc-sa/4.0/,https://xeno-canto.org/336108,https://xeno-canto.org/336108/download,,,Pending
301156,Pnoepyga_pusilla,Pnoepyga pusilla,Pygmy Cupwing,False,B,Gareth K.,2013-02-13,14:00,Indonesia,"Lombok Seminung, Lampung Barat, Lampung",-4.9442,103.8332,,1:19,https://creativecommons.org/licenses/by-nc-sa/4.0/,https://xeno-canto.org/301156,https://xeno-canto.org/301156/download,,,Pending
292531,Pnoepyga_pusilla,Pnoepyga pusilla,Pygmy Cupwing,False,B,Mike Nelson,2015-07-16,11:00,Indonesia,"Golo Lusang, Flores",-8.692,120.449,,0:26,https://creativecommons.org/licenses/by-nc-sa/4.0/,https://xeno-canto.org/292531,https://xeno-canto.org/292531/download,,,Pending
292523,Pnoepyga_pusilla,Pnoepyga pusilla,Pygmy Cupwing,False,B,Mike Nelson,2015-06-24,09:00,Indonesia,"Golo Lusang, Flores",-8.692,120.449,,1:57,https://creativecommons.org/licenses/by-nc-sa/4.0/,https://xeno-canto.org/292523,https://xeno-canto.org/292523/download,,,Pending
292409,Pnoepyga_pusilla,Pnoepyga pusilla,Pygmy Cupwing,False,B,Mike Nelson,2015-06-21,10:00,Indonesia,"Gunung Mutis, Timor",-9.5667,124.2334,,2:23,https://creativecommons.org/licenses/by-nc-sa/4.0/,https://xeno-canto.org/292409,https://xeno-canto.org/292409/download,,,Pending
292408,Pnoepyga_pusilla,Pnoepyga pusilla,Pygmy Cupwing,False,B,Mike Nelson,2015-07-13,10:00,Indonesia,"Gunung Mutis, Timor",-9.5667,124.2334,,0:18,https://creativecommons.org/licenses/by-nc-sa/4.0/,https://xeno-canto.org/292408,https://xeno-canto.org/292408/download,,,Pending
289604,Pnoepyga_pusilla,Pnoepyga pusilla,Pygmy Cupwing,False,B,JACOB Hervé,2015-10-09,08:00,Indonesia,"Golo Lusang, Flores",-8.692,120.449,,0:52,https://creativecommons.org/licenses/by-nc-sa/4.0/,https://xeno-canto.org/289604,https://xeno-canto.org/289604/download,,,Pending
242633,Pnoepyga_pusilla,Pnoepyga pusilla,Pygmy Cupwing,False,B,Mike Nelson,2015-03-02,09:30,Indonesia,"Tapan Road, West Sumatra, Sumatra",-2.0498,101.3073,,0:08,https://creativecommons.org/licenses/by-nc-sa/4.0/,https://xeno-canto.org/242633,https://xeno-canto.org/242633/download,,,Pending
241685,Pnoepyga_pusilla,Pnoepyga pusilla,Pygmy Cupwing,False,B,Mike Nelson,2015-02-24,13:30,Indonesia,"Mount Kerinci, West Sumatra, Sumatra",-1.7342,101.2512,,1:12,https://creativecommons.org/licenses/by-nc-sa/4.0/,https://xeno-canto.org/241685,https://xeno-canto.org/241685/download,,,Pending
241683,Pnoepyga_pusilla,Pnoepyga pusilla,Pygmy Cupwing,False,B,Mike Nelson,2015-02-24,13:30,Indonesia,"Mount Kerinci, West Sumatra, Sumatra",-1.7342,101.2512,,0:03,https://creativecommons.org/licenses/by-nc-sa/4.0/,https://xeno-canto.org/241683,https://xeno-canto.org/241683/download,,,Pending
241682,Pnoepyga_pusilla,Pnoepyga pusilla,Pygmy Cupwing,False,B,Mike Nelson,2015-02-23,13:30,Indonesia,"Mount Kerinci, West Sumatra, Sumatra",-1.7342,101.2512,,0:34,https://creativecommons.org/licenses/by-nc-sa/4.0/,https://xeno-canto.org/241682,https://xeno-canto.org/241682/download,,,Pending
241681,Pnoepyga_pusilla,Pnoepyga pusilla,Pygmy Cupwing,False,B,Mike Nelson,2015-02-26,09:30,Indonesia,"Mount Kerinci, West Sumatra, Sumatra",-1.7342,101.2512,,0:07,https://creativecommons.org/licenses/by-nc-sa/4.0/,https://xeno-canto.org/241681,https://xeno-canto.org/241681/download,,,Pending
237120,Pnoepyga_pusilla,Pnoepyga pusilla,Pygmy Cupwing,False,B,Paulo Alves,2015-04-19,08:00,Indonesia,"Gede Pangrango National Park, West Java Province, Java",-6.7515,106.9898,,0:08,https://creativecommons.org/licenses/by-nc-sa/4.0/,https://xeno-canto.org/237120,https://xeno-canto.org/237120/download,,,Pending
215398,Pnoepyga_pusilla,Pnoepyga pusilla,Pygmy Cupwing,False,B,Paulo Alves,2015-02-28,07:00,Indonesia,"Cibodas Botanical Gardens, Java",-6.7419,107.0079,,0:53,https://creativecommons.org/licenses/by-nc-sa/4.0/,https://xeno-canto.org/215398,https://xeno-canto.org/215398/download,,,Pending
215396,Pnoepyga_pusilla,Pnoepyga pusilla,Pygmy Cupwing,False,B,Paulo Alves,2015-03-01,10:30,Indonesia,"Gede Pangrango National Park, West Java Province, Java",-6.7515,106.9898,,0:31,https://creativecommons.org/licenses/by-nc-sa/4.0/,https://xeno-canto.org/215396,https://xeno-canto.org/215396/download,,,Pending
215097,Pnoepyga_pusilla,Pnoepyga pusilla,Pygmy Cupwing,False,B,Marc Anderson,2015-02-19,09:00,Indonesia,"Gunung Halimun NP, West Java",-6.7461,106.5182,,0:09,https://creativecommons.org/licenses/by-nc-nd/4.0/,https://xeno-canto.org/215097,https://xeno-canto.org/215097/download,,,Pending
204314,Pnoepyga_pusilla,Pnoepyga pusilla,Pygmy Cupwing,False,B,Mike Nelson,2014-10-01,10:30,Indonesia,"Gunung Gede National Park, Java",-6.7273,106.9711,,0:04,https://creativecommons.org/licenses/by-nc-sa/4.0/,https://xeno-canto.org/204314,https://xeno-canto.org/204314/download,,,Pending
204140,Pnoepyga_pusilla,Pnoepyga pusilla,Pygmy Cupwing,False,B,Mike Nelson,2014-09-29,09:00,Indonesia,"Gunung Halimun NP, West Java",-6.7461,106.5182,,0:42,https://creativecommons.org/licenses/by-nc-sa/4.0/,https://xeno-canto.org/204140,https://xeno-canto.org/204140/download,,,Pending
195580,Pnoepyga_pusilla,Pnoepyga pusilla,Pygmy Cupwing,False,B,Marc Thibault,2014-06-17,?,Indonesia,"Mount Kerinci, West Sumatra, Sumatra",-1.7342,101.2512,,0:41,https://creativecommons.org/licenses/by-nc-sa/4.0/,https://xeno-canto.org/195580,https://xeno-canto.org/195580/download,,,Pending
182843,Pnoepyga_pusilla,Pnoepyga pusilla,Pygmy Cupwing,False,B,Ding Li Yong,2014-06-17,09:30,Indonesia,"Gunung Halimun-Salak National Park, West Java",-6.7182,106.4901,,0:12,https://creativecommons.org/licenses/by-nc-nd/4.0/,https://xeno-canto.org/182843,https://xeno-canto.org/182843/download,,,Pending
173911,Pnoepyga_pusilla,Pnoepyga pusilla,Pygmy Cupwing,False,B,Adi Sugiharto,2014-03-23,13:30,Indonesia,Kampungcai Ranca Upas,,,,0:08,https://creativecommons.org/licenses/by-nc-sa/4.0/,https://xeno-canto.org/173911,https://xeno-canto.org/173911/download,,,Pending
166735,Pnoepyga_pusilla,Pnoepyga pusilla,Pygmy Cupwing,False,B,Frank Lambert,2012-11-04,?,Indonesia,"Gunung Halimun National Park, Java",-6.6762,106.5164,,0:51,https://creativecommons.org/licenses/by-nc-nd/4.0/,https://xeno-canto.org/166735,https://xeno-canto.org/166735/download,,,Pending
166734,Pnoepyga_pusilla,Pnoepyga pusilla,Pygmy Cupwing,False,B,Frank Lambert,2012-11-03,08:00,Indonesia,"Gunung Halimun National Park, Java",-6.6762,106.5164,,0:29,https://creativecommons.org/licenses/by-nc-nd/4.0/,https://xeno-canto.org/166734,https://xeno-canto.org/166734/download,,,Pending
166733,Pnoepyga_pusilla,Pnoepyga pusilla,Pygmy Cupwing,False,B,Frank Lambert,2012-11-07,06:13,Indonesia,"Java, Cibodas NP, between the waterfall and Botanic Gardens",-6.7414,107.0019,,0:19,https://creativecommons.org/licenses/by-nc-nd/4.0/,https://xeno-canto.org/166733,https://xeno-canto.org/166733/download,,,Pending
166732,Pnoepyga_pusilla,Pnoepyga pusilla,Pygmy Cupwing,False,B,Frank Lambert,2012-11-07,10:14,Indonesia,"Java, Cibodas NP, between the waterfall and Botanic Gardens",-6.7414,107.0019,,0:17,https://creativecommons.org/licenses/by-nc-nd/4.0/,https://xeno-canto.org/166732,https://xeno-canto.org/166732/download,,,Pending
90936,Pnoepyga_pusilla,Pnoepyga pusilla,Pygmy Cupwing,False,B,Fabian Ducry &amp; David Marques,2009-09-10,?,Indonesia,"Danau Ranau, Bukit Barisan Selatan NP, Lampung, Sumatra",-4.9667,103.8501,,0:20,https://creativecommons.org/licenses/by-nc-nd/2.5/,https://xeno-canto.org/90936,https://xeno-canto.org/90936/download,d:/FILE AND TASK/TA/data/xeno_canto\Pnoepyga_pusilla\XC90936_Pnoepyga_pusilla.mp3,b1d8b54d382b227a986869cd9aa96c51afe3620f32d9b99d0ae29f44e4136333,Ready_Existing
90919,Pnoepyga_pusilla,Pnoepyga pusilla,Pygmy Cupwing,False,B,Fabian Ducry &amp; David Marques,2009-09-09,?,Indonesia,"Danau Ranau, Bukit Barisan Selatan NP, Lampung, Sumatra ",-4.9667,103.8501,,0:31,https://creativecommons.org/licenses/by-nc-nd/2.5/,https://xeno-canto.org/90919,https://xeno-canto.org/90919/download,d:/FILE AND TASK/TA/data/xeno_canto\Pnoepyga_pusilla\XC90919_Pnoepyga_pusilla.mp3,aa1e6c2b9af9903da3b1871c4a688a29525ea4d86887a6933b504502cb3f1ac1,Ready_Existing
71651,Pnoepyga_pusilla,Pnoepyga pusilla,Pygmy Cupwing,False,B,Bas van Balen,1986-08-02,13:25,Indonesia,"Gunung Halimun National Park, Java",-6.6762,106.5164,,0:54,https://creativecommons.org/licenses/by-nc-nd/2.5/,https://xeno-canto.org/71651,https://xeno-canto.org/71651/download,,,Pending
70295,Pnoepyga_pusilla,Pnoepyga pusilla,Pygmy Cupwing,False,B,David Gibbs,1990-00-00,?,Indonesia,"Sumatra, Gunung Kerinci",-1.7401,101.2601,,0:21,https://creativecommons.org/licenses/by-nc-nd/2.5/,https://xeno-canto.org/70295,https://xeno-canto.org/70295/download,,,Pending
70243,Pnoepyga_pusilla,Pnoepyga pusilla,Pygmy Cupwing,False,B,David Gibbs,1990-00-00,?,Indonesia,"Gunung Gede National Park, Java ",-6.727348,106.97113,,0:49,https://creativecommons.org/licenses/by-nc-nd/2.5/,https://xeno-canto.org/70243,https://xeno-canto.org/70243/download,,,Pending
69238,Pnoepyga_pusilla,Pnoepyga pusilla,Pygmy Cupwing,False,B,Frank Lambert,1999-04-23,?:?,Indonesia,"Timor Barat, Gunung Mutis",-9.56,124.23,,1:35,https://creativecommons.org/licenses/by-nc-nd/4.0/,https://xeno-canto.org/69238,https://xeno-canto.org/69238/download,,,Pending
69237,Pnoepyga_pusilla,Pnoepyga pusilla,Pygmy Cupwing,False,B,Frank Lambert,1999-04-23,?:?,Indonesia,"Timor Barat, Gunung Mutis",-9.56,124.23,,0:13,https://creativecommons.org/licenses/by-nc-nd/4.0/,https://xeno-canto.org/69237,https://xeno-canto.org/69237/download,,,Pending
69236,Pnoepyga_pusilla,Pnoepyga pusilla,Pygmy Cupwing,False,B,Frank Lambert,1999-04-23,?:?,Indonesia,"Timor Barat, Gunung Mutis",-9.56,124.23,,0:07,https://creativecommons.org/licenses/by-nc-nd/4.0/,https://xeno-canto.org/69236,https://xeno-canto.org/69236/download,,,Pending
69235,Pnoepyga_pusilla,Pnoepyga pusilla,Pygmy Cupwing,False,B,Frank Lambert,1999-04-26,?:?,Indonesia,"Timor Barat, Gunung Mutis",-9.56,124.23,,2:34,https://creativecommons.org/licenses/by-nc-nd/4.0/,https://xeno-canto.org/69235,https://xeno-canto.org/69235/download,,,Pending
69234,Pnoepyga_pusilla,Pnoepyga pusilla,Pygmy Cupwing,False,B,Frank Lambert,1999-04-26,?:?,Indonesia,"Timor Barat, Gunung Mutis",-9.56,124.23,,2:23,https://creativecommons.org/licenses/by-nc-nd/4.0/,https://xeno-canto.org/69234,https://xeno-canto.org/69234/download,,,Pending
69233,Pnoepyga_pusilla,Pnoepyga pusilla,Pygmy Cupwing,False,B,Frank Lambert,0000-00-00,?:?,Indonesia,"Timor Barat, Gunung Mutis",-9.56,124.23,,2:14,https://creativecommons.org/licenses/by-nc-nd/4.0/,https://xeno-canto.org/69233,https://xeno-canto.org/69233/download,,,Pending
69231,Pnoepyga_pusilla,Pnoepyga pusilla,Pygmy Cupwing,False,B,Frank Lambert,1999-04-23,?:?,Indonesia,"Timor Barat, Gunung Mutis",-9.56,124.23,,1:33,https://creativecommons.org/licenses/by-nc-nd/4.0/,https://xeno-canto.org/69231,https://xeno-canto.org/69231/download,,,Pending
69230,Pnoepyga_pusilla,Pnoepyga pusilla,Pygmy Cupwing,False,B,Frank Lambert,0000-00-00,?:?,Indonesia,"Timor Barat, Gunung Mutis",-9.56,124.23,,0:28,https://creativecommons.org/licenses/by-nc-nd/4.0/,https://xeno-canto.org/69230,https://xeno-canto.org/69230/download,,,Pending
69229,Pnoepyga_pusilla,Pnoepyga pusilla,Pygmy Cupwing,False,B,Frank Lambert,1999-04-21,?:?,Indonesia,"Timor Barat, Gunung Mutis",-9.56,124.23,,1:17,https://creativecommons.org/licenses/by-nc-nd/4.0/,https://xeno-canto.org/69229,https://xeno-canto.org/69229/download,,,Pending
69228,Pnoepyga_pusilla,Pnoepyga pusilla,Pygmy Cupwing,False,B,Frank Lambert,1998-06-14,?:?,Indonesia,"Java, Cibodas NP",-6.5,107.3,,0:58,https://creativecommons.org/licenses/by-nc-nd/4.0/,https://xeno-canto.org/69228,https://xeno-canto.org/69228/download,,,Pending
39506,Pnoepyga_pusilla,Pnoepyga pusilla,Pygmy Cupwing,False,B,Brian Cox,2009-07-05,10.00,Indonesia,"Danau Ranau, Bukit Barisan Selatan NP, Lampung, Sumatra",-4.9667,103.8501,,0:07,https://creativecommons.org/licenses/by-nc-nd/2.5/,https://xeno-canto.org/39506,https://xeno-canto.org/39506/download,,,Pending
39487,Pnoepyga_pusilla,Pnoepyga pusilla,Pygmy Cupwing,False,B,Brian Cox,2009-06-04,9.00,Indonesia,"Gunung Halimun National Park, Java ",-6.6762,106.5164,,0:06,https://creativecommons.org/licenses/by-nc-nd/2.5/,https://xeno-canto.org/39487,https://xeno-canto.org/39487/download,,,Pending
36876,Pnoepyga_pusilla,Pnoepyga pusilla,Pygmy Cupwing,False,B,Bas van Balen,1995-06-29,6:00,Indonesia,"Mt Slamat, Java",-7.299,109.2205,,1:59,https://creativecommons.org/licenses/by-nc-nd/2.5/,https://xeno-canto.org/36876,https://xeno-canto.org/36876/download,,,Pending
36863,Pnoepyga_pusilla,Pnoepyga pusilla,Pygmy Cupwing,False,B,Bas van Balen,1995-11-13,5:10,Indonesia,"Mt Merapi, Java",-7.5559,110.4451,,0:18,https://creativecommons.org/licenses/by-nc-nd/2.5/,https://xeno-canto.org/36863,https://xeno-canto.org/36863/download,,,Pending
24108,Pnoepyga_pusilla,Pnoepyga pusilla,Pygmy Cupwing,False,B,James Eaton,2006-07-00,am,Indonesia,"Gunung Mutis, Timor",-9.5667,124.2334,,0:38,https://creativecommons.org/licenses/by-nc-nd/2.5/,https://xeno-canto.org/24108,https://xeno-canto.org/24108/download,,,Pending
944655,Pnoepyga_pusilla,Pnoepyga pusilla,Pygmy Cupwing,False,C,Ding Li Yong,2024-10-10,07:00,Indonesia,"Gede Pangrango National Park, West Java Province, Java",-6.7515,106.9898,,0:14,https://creativecommons.org/licenses/by-nc-nd/4.0/,https://xeno-canto.org/944655,https://xeno-canto.org/944655/download,,,Pending
618740,Pnoepyga_pusilla,Pnoepyga pusilla,Pygmy Cupwing,False,C,Teus Luijendijk,1996-04-04,?,Indonesia,"Gunung Gede National Park, Java",-6.7691,106.9792,,0:16,https://creativecommons.org/licenses/by-nc-nd/4.0/,https://xeno-canto.org/618740,https://xeno-canto.org/618740/download,,,Pending
376567,Pnoepyga_pusilla,Pnoepyga pusilla,Pygmy Cupwing,False,C,Karyadi Baskoro,2017-05-14,07:30,Indonesia,"Promasan, Kendal, Jawa Tengah",-7.1731,110.3488,,0:46,https://creativecommons.org/licenses/by-nc-sa/4.0/,https://xeno-canto.org/376567,https://xeno-canto.org/376567/download,,,Pending
335968,Pnoepyga_pusilla,Pnoepyga pusilla,Pygmy Cupwing,False,C,brendan sloan,2016-08-30,06:00,Indonesia,Cangar-Batu-East Java,,,,0:31,https://creativecommons.org/licenses/by-nc-sa/4.0/,https://xeno-canto.org/335968,https://xeno-canto.org/335968/download,,,Pending
206313,Pnoepyga_pusilla,Pnoepyga pusilla,Pygmy Cupwing,False,C,Sidiq Pambudi,2014-09-27,12:36,Indonesia,"Gunung Tangkuban Parahu, Lembang, Bandung Barat, Jawa Barat",-6.771,107.6229,,0:31,https://creativecommons.org/licenses/by-nc-sa/4.0/,https://xeno-canto.org/206313,https://xeno-canto.org/206313/download,,,Pending
69232,Pnoepyga_pusilla,Pnoepyga pusilla,Pygmy Cupwing,False,C,Frank Lambert,0000-00-00,?:?,Indonesia,"Timor Barat, Gunung Mutis",-9.56,124.23,,0:28,https://creativecommons.org/licenses/by-nc-nd/4.0/,https://xeno-canto.org/69232,https://xeno-canto.org/69232/download,,,Pending
31432,Pnoepyga_pusilla,Pnoepyga pusilla,Pygmy Cupwing,False,C,Allen T. Chartier,1997-08-13,?,Indonesia,"Flores, Ruteng ",-8.6334,120.5601,,0:29,https://creativecommons.org/licenses/by-nc-sa/3.0/,https://xeno-canto.org/31432,https://xeno-canto.org/31432/download,,,Pending
31431,Pnoepyga_pusilla,Pnoepyga pusilla,Pygmy Cupwing,False,C,Allen T. Chartier,1997-08-13,?,Indonesia,"Flores, Ruteng ",-8.6334,120.5601,,0:11,https://creativecommons.org/licenses/by-nc-sa/3.0/,https://xeno-canto.org/31431,https://xeno-canto.org/31431/download,,,Pending
31430,Pnoepyga_pusilla,Pnoepyga pusilla,Pygmy Cupwing,False,C,Allen T. Chartier,1997-08-13,?,Indonesia,"Flores, Ruteng ",-8.6334,120.5601,,0:11,https://creativecommons.org/licenses/by-nc-sa/3.0/,https://xeno-canto.org/31430,https://xeno-canto.org/31430/download,,,Pending
31429,Pnoepyga_pusilla,Pnoepyga pusilla,Pygmy Cupwing,False,C,Allen T. Chartier,1997-08-12,?,Indonesia,"Flores, Ruteng ",-8.6334,120.5601,,0:20,https://creativecommons.org/licenses/by-nc-sa/3.0/,https://xeno-canto.org/31429,https://xeno-canto.org/31429/download,,,Pending
31428,Pnoepyga_pusilla,Pnoepyga pusilla,Pygmy Cupwing,False,C,Allen T. Chartier,1997-08-12,?,Indonesia,"Flores, Ruteng ",-8.6334,120.5601,,1:05,https://creativecommons.org/licenses/by-nc-sa/3.0/,https://xeno-canto.org/31428,https://xeno-canto.org/31428/download,,,Pending
618714,Pnoepyga_pusilla,Pnoepyga pusilla,Pygmy Cupwing,False,D,Teus Luijendijk,1996-04-03,?,Indonesia,"Gunung Gede National Park, Java",-6.7691,106.9792,,0:07,https://creativecommons.org/licenses/by-nc-nd/4.0/,https://xeno-canto.org/618714,https://xeno-canto.org/618714/download,,,Pending
178456,Pnoepyga_pusilla,Pnoepyga pusilla,Pygmy Cupwing,False,D,Lau Jia Sheng,2014-05-08,08:30,Indonesia,Gunung Gede,,,,0:05,https://creativecommons.org/licenses/by-nc-sa/4.0/,https://xeno-canto.org/178456,https://xeno-canto.org/178456/download,,,Pending
681091,Brachypteryx_montana,Brachypteryx montana,White-browed Shortwing,False,A,Mike Nelson,2016-04-06,10:00,Indonesia,"Gunung Gede National Park, Java",-6.7273,106.9711,,0:28,https://creativecommons.org/licenses/by-nc-sa/4.0/,https://xeno-canto.org/681091,https://xeno-canto.org/681091/download,d:/FILE AND TASK/TA/data/xeno_canto\Brachypteryx_montana\XC681091_Brachypteryx_montana.mp3,11de1ed35ebad744ce76a5d8658e2cc759a1ac4c6cdf8822be088d62fcb15dd6,Ready_Existing
681090,Brachypteryx_montana,Brachypteryx montana,White-browed Shortwing,False,A,Mike Nelson,2016-04-06,10:00,Indonesia,"Gunung Gede National Park, Java",-6.7273,106.9711,,1:05,https://creativecommons.org/licenses/by-nc-sa/4.0/,https://xeno-canto.org/681090,https://xeno-canto.org/681090/download,d:/FILE AND TASK/TA/data/xeno_canto\Brachypteryx_montana\XC681090_Brachypteryx_montana.mp3,dfad927b0109fe4b32f4e4235fd9a66efd58f1137c0197578b4eca28dc8860e6,Ready_Existing
576634,Brachypteryx_montana,Brachypteryx montana,White-browed Shortwing,False,A,Okamoto Keita Sin,2018-02-27,08:17,Indonesia,"Gunung Gede, Java",-6.7878,106.9819,,0:16,https://creativecommons.org/licenses/by-nc-sa/4.0/,https://xeno-canto.org/576634,https://xeno-canto.org/576634/download,d:/FILE AND TASK/TA/data/xeno_canto\Brachypteryx_montana\XC576634_Brachypteryx_montana.mp3,d34bf2d2dbb1a0e498b32eb191bfb22b727566216897a03e040a8cf0d58fa7d6,Ready_Existing
511158,Brachypteryx_montana,Brachypteryx montana,White-browed Shortwing,False,A,Raphaël Jordan,2019-11-23,07:00,Indonesia,"Sumatra, Gunung Kerinci",-1.74,101.26,,0:17,https://creativecommons.org/licenses/by-nc-sa/4.0/,https://xeno-canto.org/511158,https://xeno-canto.org/511158/download,d:/FILE AND TASK/TA/data/xeno_canto\Brachypteryx_montana\XC511158_Brachypteryx_montana.mp3,9e1bd62a493bc7e795aa001d7a219a5747c7394829b4c25d93e608183241f84c,Ready_Existing
490247,Brachypteryx_montana,Brachypteryx montana,White-browed Shortwing,False,A,Ross Gallardy,2019-07-04,08:00,Indonesia,"Gede Pangrango National Park, West Java Province, Java",-6.7515,106.9898,,0:08,https://creativecommons.org/licenses/by-nc-sa/4.0/,https://xeno-canto.org/490247,https://xeno-canto.org/490247/download,d:/FILE AND TASK/TA/data/xeno_canto\Brachypteryx_montana\XC490247_Brachypteryx_montana.mp3,a31e8cd3646728270fb0215997a61e3636517d6e93a081f31511087592548eab,Ready_Existing
410395,Brachypteryx_montana,Brachypteryx montana,White-browed Shortwing,False,A,Ross Gallardy,2017-06-28,07:30,Indonesia,"Poco Ranaka, Kabupaten Manggarai Timur, Nusa Tenggara Timur",-8.6342,120.526,,0:15,https://creativecommons.org/licenses/by-nc-sa/4.0/,https://xeno-canto.org/410395,https://xeno-canto.org/410395/download,d:/FILE AND TASK/TA/data/xeno_canto\Brachypteryx_montana\XC410395_Brachypteryx_montana.mp3,58db0f3429c6eb2d238fe2b2e66c06bbb5e6cd30f59a319397656b71102d87ad,Ready_Existing
409528,Brachypteryx_montana,Brachypteryx montana,White-browed Shortwing,False,A,Frank Lambert,2016-07-03,10:51,Indonesia,"Mount Kerinci, West Sumatra, Sumatra",-1.7342,101.2512,,0:48,https://creativecommons.org/licenses/by-nc-nd/4.0/,https://xeno-canto.org/409528,https://xeno-canto.org/409528/download,d:/FILE AND TASK/TA/data/xeno_canto\Brachypteryx_montana\XC409528_Brachypteryx_montana.mp3,326d8b38ebfd4348889b138c97b162ce53e278b79e063dfe15668d87e82c9ff2,Ready_Existing
391045,Brachypteryx_montana,Brachypteryx montana,White-browed Shortwing,False,A,Irene Dy,2017-08-21,11:30,Indonesia,"Sumatra, Gunung Kerinci",-1.74,101.26,,0:12,https://creativecommons.org/licenses/by-nc-sa/4.0/,https://xeno-canto.org/391045,https://xeno-canto.org/391045/download,d:/FILE AND TASK/TA/data/xeno_canto\Brachypteryx_montana\XC391045_Brachypteryx_montana.mp3,f06a925f1611e1a505da5e0daadd557ee1d70aba555716920b9a2e9338134721,Ready_Existing
294218,Brachypteryx_montana,Brachypteryx montana,White-browed Shortwing,False,A,Stijn De Win,2015-09-22,16:30,Indonesia,Flores: above Ruteng town,-8.636,120.5263,,0:23,https://creativecommons.org/licenses/by-nc-sa/4.0/,https://xeno-canto.org/294218,https://xeno-canto.org/294218/download,d:/FILE AND TASK/TA/data/xeno_canto\Brachypteryx_montana\XC294218_Brachypteryx_montana.mp3,96bd0652cddf6cb5d5a7cdad99b68b1f6d840ce0f0ad45f60ba9f0c06fe81593,Ready_Existing
284666,Brachypteryx_montana,Brachypteryx montana,White-browed Shortwing,False,A,Bas van Balen,1981-06-16,07:30,Indonesia,"Telaga Warna, Cisarua, Bogor, Jawa Barat",-6.7013,106.9951,,0:53,https://creativecommons.org/licenses/by-nc-sa/4.0/,https://xeno-canto.org/284666,https://xeno-canto.org/284666/download,d:/FILE AND TASK/TA/data/xeno_canto\Brachypteryx_montana\XC284666_Brachypteryx_montana.mp3,31dc54590ef4a713eba29a18da7e56097a7289f54d68681fb578151774b50288,Ready_Existing
206314,Brachypteryx_montana,Brachypteryx montana,White-browed Shortwing,False,A,Sidiq Pambudi,2013-07-07,15:46,Indonesia,"Gunung Papandayan, Garut, West Java",-7.2989,107.7263,,0:11,https://creativecommons.org/licenses/by-nc-sa/4.0/,https://xeno-canto.org/206314,https://xeno-canto.org/206314/download,d:/FILE AND TASK/TA/data/xeno_canto\Brachypteryx_montana\XC206314_Brachypteryx_montana.mp3,8bb33663c148462855463add1e188e781ac19465de7622bc9a2aee5fb83b09d4,Ready_Existing
204334,Brachypteryx_montana,Brachypteryx montana,White-browed Shortwing,False,A,Mike Nelson,2014-10-01,08:30,Indonesia,"Gunung Gede National Park, Java",-6.7273,106.9711,,0:13,https://creativecommons.org/licenses/by-nc-sa/4.0/,https://xeno-canto.org/204334,https://xeno-canto.org/204334/download,d:/FILE AND TASK/TA/data/xeno_canto\Brachypteryx_montana\XC204334_Brachypteryx_montana.mp3,a9a1c279ee85d3789fb7337c4892f544e79771a99bdea9e75a5089915aec723d,Ready_Existing
195596,Brachypteryx_montana,Brachypteryx montana,White-browed Shortwing,False,A,Marc Thibault,2014-06-18,?,Indonesia,"Mount Kerinci, West Sumatra, Sumatra",-1.7342,101.2512,,0:20,https://creativecommons.org/licenses/by-nc-sa/4.0/,https://xeno-canto.org/195596,https://xeno-canto.org/195596/download,d:/FILE AND TASK/TA/data/xeno_canto\Brachypteryx_montana\XC195596_Brachypteryx_montana.mp3,c9b5bfbfcfbcbc4129ac97eaab01e407fef94e92ec3096db1da9ae11564e9630,Ready_Existing
141802,Brachypteryx_montana,Brachypteryx montana,White-browed Shortwing,False,A,Frank Lambert,2012-11-05,06:30,Indonesia,"Gunung Gede National Park, Java",-6.7273,106.9711,,0:29,https://creativecommons.org/licenses/by-nc-nd/4.0/,https://xeno-canto.org/141802,https://xeno-canto.org/141802/download,d:/FILE AND TASK/TA/data/xeno_canto\Brachypteryx_montana\XC141802_Brachypteryx_montana.mp3,dac5a721ad37b60a0dc7edeccbc97045d4e64079ef89fa617060674a57181a84,Ready_Existing
141801,Brachypteryx_montana,Brachypteryx montana,White-browed Shortwing,False,A,Frank Lambert,2012-11-05,06:25,Indonesia,"Gunung Gede National Park, Java",-6.7273,106.9711,,0:26,https://creativecommons.org/licenses/by-nc-nd/4.0/,https://xeno-canto.org/141801,https://xeno-canto.org/141801/download,d:/FILE AND TASK/TA/data/xeno_canto\Brachypteryx_montana\XC141801_Brachypteryx_montana.mp3,6e9a4acc15f0b7e28ac581d7786ae3189a357752d5737cee08aab429c37b01e2,Ready_Existing
90803,Brachypteryx_montana,Brachypteryx montana,White-browed Shortwing,False,A,Fabian Ducry &amp; David Marques,2009-08-28,?,Indonesia,"Mount Kerinci, West Sumatra, Sumatra",-1.7342,101.2512,,0:29,https://creativecommons.org/licenses/by-nc-nd/2.5/,https://xeno-canto.org/90803,https://xeno-canto.org/90803/download,d:/FILE AND TASK/TA/data/xeno_canto\Brachypteryx_montana\XC90803_Brachypteryx_montana.mp3,3a24f285a00e010e0e5b0de55aa7500580fa11d283d9cb3fd8c03d9b074c60f1,Ready_Existing
56929,Brachypteryx_montana,Brachypteryx montana,White-browed Shortwing,False,A,Fabian Ducry &amp; David Marques,2009-08-28,07:14,Indonesia,"Mount Kerinci, West Sumatra, Sumatra",-1.7342,101.2512,,0:14,https://creativecommons.org/licenses/by-nc-nd/2.5/,https://xeno-canto.org/56929,https://xeno-canto.org/56929/download,d:/FILE AND TASK/TA/data/xeno_canto\Brachypteryx_montana\XC56929_Brachypteryx_montana.mp3,95d05bfd34b731e0d900c477be845c0725c623c6927d44fc36fb6a1f5b1e1aa4,Ready_Existing
618795,Brachypteryx_montana,Brachypteryx montana,White-browed Shortwing,False,B,Teus Luijendijk,1996-04-06,?,Indonesia,"Gunung Gede National Park, Java",-6.7691,106.9792,,0:26,https://creativecommons.org/licenses/by-nc-nd/4.0/,https://xeno-canto.org/618795,https://xeno-canto.org/618795/download,d:/FILE AND TASK/TA/data/xeno_canto\Brachypteryx_montana\XC618795_Brachypteryx_montana.mp3,a8940eb2c68c86d405ad900cd80435caf88109b41c5d670795e70096f0b4a930,Ready_Existing
618731,Brachypteryx_montana,Brachypteryx montana,White-browed Shortwing,False,B,Teus Luijendijk,1996-04-04,?,Indonesia,"Gunung Gede National Park, Java",-6.7691,106.9792,,0:14,https://creativecommons.org/licenses/by-nc-nd/4.0/,https://xeno-canto.org/618731,https://xeno-canto.org/618731/download,d:/FILE AND TASK/TA/data/xeno_canto\Brachypteryx_montana\XC618731_Brachypteryx_montana.mp3,1783fdd998cfdd5418c1d5c684e8fe36ff8fe3a44a1687eafd3fc5a6115d48e8,Ready_Existing
431514,Brachypteryx_montana,Brachypteryx montana,White-browed Shortwing,False,B,Brian Cox,2018-07-05,08:30,Indonesia,"Sumatra, Gunung Kerinci",-1.74,101.26,,0:44,https://creativecommons.org/licenses/by-nc-sa/4.0/,https://xeno-canto.org/431514,https://xeno-canto.org/431514/download,d:/FILE AND TASK/TA/data/xeno_canto\Brachypteryx_montana\XC431514_Brachypteryx_montana.mp3,c668aeb5e667a1f7e2ac2d05a8427e141b4cf67a9a0699e217ff9e6edcc80e8b,Ready_Existing
241726,Brachypteryx_montana,Brachypteryx montana,White-browed Shortwing,False,B,Mike Nelson,2015-02-26,14:30,Indonesia,"Mount Kerinci, West Sumatra, Sumatra",-1.7342,101.2512,,1:31,https://creativecommons.org/licenses/by-nc-sa/4.0/,https://xeno-canto.org/241726,https://xeno-canto.org/241726/download,d:/FILE AND TASK/TA/data/xeno_canto\Brachypteryx_montana\XC241726_Brachypteryx_montana.mp3,a4d9bd050ad6c157ea144b104b4e46c9a649a17fd5328b61ccb3caed47408448,Ready_Existing
241725,Brachypteryx_montana,Brachypteryx montana,White-browed Shortwing,False,B,Mike Nelson,2015-02-26,14:30,Indonesia,"Mount Kerinci, West Sumatra, Sumatra",-1.7342,101.2512,,11:33,https://creativecommons.org/licenses/by-nc-sa/4.0/,https://xeno-canto.org/241725,https://xeno-canto.org/241725/download,d:/FILE AND TASK/TA/data/xeno_canto\Brachypteryx_montana\XC241725_Brachypteryx_montana.mp3,fce501218d9f6395c89a3fbceb6c53ebe9d2ca96fa9eff7dcb6f122a39d731fe,Ready_Existing
241723,Brachypteryx_montana,Brachypteryx montana,White-browed Shortwing,False,B,Mike Nelson,2015-02-25,15:30,Indonesia,"Mount Kerinci, West Sumatra, Sumatra",-1.7342,101.2512,,0:41,https://creativecommons.org/licenses/by-nc-sa/4.0/,https://xeno-canto.org/241723,https://xeno-canto.org/241723/download,d:/FILE AND TASK/TA/data/xeno_canto\Brachypteryx_montana\XC241723_Brachypteryx_montana.mp3,7858e2cd8cf74ba2d8fd881a257138d4695ccba52f0a07ec5a64674bd83d9136,Ready_Existing
204333,Brachypteryx_montana,Brachypteryx montana,White-browed Shortwing,False,B,Mike Nelson,2014-09-30,15:30,Indonesia,"Gunung Gede National Park, Java",-6.7273,106.9711,,0:13,https://creativecommons.org/licenses/by-nc-sa/4.0/,https://xeno-canto.org/204333,https://xeno-canto.org/204333/download,d:/FILE AND TASK/TA/data/xeno_canto\Brachypteryx_montana\XC204333_Brachypteryx_montana.mp3,dcf46f76dc8ecba34c7fe3be75fca688184e288a5c4a7958c691c4cc018999de,Ready_Existing
204332,Brachypteryx_montana,Brachypteryx montana,White-browed Shortwing,False,B,Mike Nelson,2014-09-30,10:00,Indonesia,"Gunung Gede National Park, Java",-6.7273,106.9711,,0:24,https://creativecommons.org/licenses/by-nc-sa/4.0/,https://xeno-canto.org/204332,https://xeno-canto.org/204332/download,d:/FILE AND TASK/TA/data/xeno_canto\Brachypteryx_montana\XC204332_Brachypteryx_montana.mp3,89ee82e13743fd1a9b0ff852ec30c641392e9cc4526691fe8d6f37ddfd638338,Ready_Existing
141900,Brachypteryx_montana,Brachypteryx montana,White-browed Shortwing,False,B,Frank Lambert,2013-11-05,10:00,Indonesia,"Gunung Gede National Park, Java",-6.7273,106.9711,,0:24,https://creativecommons.org/licenses/by-nc-nd/4.0/,https://xeno-canto.org/141900,https://xeno-canto.org/141900/download,d:/FILE AND TASK/TA/data/xeno_canto\Brachypteryx_montana\XC141900_Brachypteryx_montana.mp3,5acc6c6aeb5991b24064e30a1888e32d96adeda96c38e8233cc1a06108ab3d65,Downloaded_Fresh
113308,Brachypteryx_montana,Brachypteryx montana,White-browed Shortwing,False,B,Peter Collaerts,2011-07-10,09:30,Indonesia,"Golo Lusang, Flores",-8.692,120.449,,0:03,https://creativecommons.org/licenses/by-nc-sa/3.0/,https://xeno-canto.org/113308,https://xeno-canto.org/113308/download,d:/FILE AND TASK/TA/data/xeno_canto\Brachypteryx_montana\XC113308_Brachypteryx_montana.mp3,df2e0c689dc4b3908f75d57eb90c5e58326fa9fcc3bddf6fb4664fa3f5ad47ea,Downloaded_Fresh
70339,Brachypteryx_montana,Brachypteryx montana,White-browed Shortwing,False,B,David Gibbs,1990-00-00,?,Indonesia,"Gunung Gede National Park, Java",-6.7273,106.9712,,0:36,https://creativecommons.org/licenses/by-nc-nd/2.5/,https://xeno-canto.org/70339,https://xeno-canto.org/70339/download,d:/FILE AND TASK/TA/data/xeno_canto\Brachypteryx_montana\XC70339_Brachypteryx_montana.mp3,cf32fc6298729fefc456d5baaaf09a2c5348edfc697eb887f380df2ad1d0cfd2,Downloaded_Fresh
70338,Brachypteryx_montana,Brachypteryx montana,White-browed Shortwing,False,B,David Gibbs,1990-00-00,?,Indonesia,"Gunung Gede National Park, Java",-6.7273,106.9712,,0:35,https://creativecommons.org/licenses/by-nc-nd/2.5/,https://xeno-canto.org/70338,https://xeno-canto.org/70338/download,d:/FILE AND TASK/TA/data/xeno_canto\Brachypteryx_montana\XC70338_Brachypteryx_montana.mp3,63df166196593d4bcca8102fc107b4907bd3b3530122f8763d5709b8e973be6b,Downloaded_Fresh
67743,Brachypteryx_montana,Brachypteryx montana,White-browed Shortwing,False,B,Frank Lambert,0000-00-00,?:?,Indonesia,"West Java, above Puncak Pass",-6.7,107,,0:12,https://creativecommons.org/licenses/by-nc-nd/4.0/,https://xeno-canto.org/67743,https://xeno-canto.org/67743/download,d:/FILE AND TASK/TA/data/xeno_canto\Brachypteryx_montana\XC67743_Brachypteryx_montana.mp3,c549dd855dd6828a58c77babafe0a8b6567d3db3d365c32ab85b626f36aa2eef,Downloaded_Fresh
67742,Brachypteryx_montana,Brachypteryx montana,White-browed Shortwing,False,B,Frank Lambert,1998-04-10,?:?,Indonesia,"West Java, above Puncak Pass",-6.7,107,,0:05,https://creativecommons.org/licenses/by-nc-nd/4.0/,https://xeno-canto.org/67742,https://xeno-canto.org/67742/download,d:/FILE AND TASK/TA/data/xeno_canto\Brachypteryx_montana\XC67742_Brachypteryx_montana.mp3,84527a9f17686170383e198ea912756d194c0d564ae9d5a90a7587c352d61846,Downloaded_Fresh
58379,Brachypteryx_montana,Brachypteryx montana,White-browed Shortwing,False,B,Richard Thomas,2010-06-10,17.30,Indonesia,"Gunung Gede National Park, Java",-6.7273,106.9712,,0:17,https://creativecommons.org/licenses/by-nc-nd/2.5/,https://xeno-canto.org/58379,https://xeno-canto.org/58379/download,d:/FILE AND TASK/TA/data/xeno_canto\Brachypteryx_montana\XC58379_Brachypteryx_montana.mp3,da039f2c7640da090355b87c37d2bf5b87aa72283c75fdec4e31e126b7e65d24,Downloaded_Fresh
791748,Brachypteryx_montana,Brachypteryx montana,White-browed Shortwing,False,C,Chi-Hsuan Shao,2023-04-03,16:41,Indonesia,"Gunung Gede National Park (camp 1), Java",-6.7691,106.9792,,0:41,https://creativecommons.org/licenses/by-nc-sa/4.0/,https://xeno-canto.org/791748,https://xeno-canto.org/791748/download,d:/FILE AND TASK/TA/data/xeno_canto\Brachypteryx_montana\XC791748_Brachypteryx_montana.mp3,70fc85df9987fc27a4ee72ea96a16f12d913c5edb546667d971a2a15a7e06463,Downloaded_Fresh
646895,Brachypteryx_montana,Brachypteryx montana,White-browed Shortwing,False,C,Jelle Scharringa,2001-09-10,09:30,Indonesia,"Ciboadas, Jawa Barat",-6.7511,106.989,,0:17,https://creativecommons.org/licenses/by-nc-sa/4.0/,https://xeno-canto.org/646895,https://xeno-canto.org/646895/download,d:/FILE AND TASK/TA/data/xeno_canto\Brachypteryx_montana\XC646895_Brachypteryx_montana.mp3,bc1b2f15775e2410ad5c995023ef3bf2b9b14e1d0efc950e155cb54c2c63311f,Downloaded_Fresh
409530,Brachypteryx_montana,Brachypteryx montana,White-browed Shortwing,False,C,Frank Lambert,2016-07-03,14:27,Indonesia,"Mount Kerinci, West Sumatra, Sumatra",-1.7342,101.2512,,0:15,https://creativecommons.org/licenses/by-nc-nd/4.0/,https://xeno-canto.org/409530,https://xeno-canto.org/409530/download,d:/FILE AND TASK/TA/data/xeno_canto\Brachypteryx_montana\XC409530_Brachypteryx_montana.mp3,7159c91f3ece5d3d3392a72a61a3dcd435d7fabbff94302f656eaf7da0333528,Downloaded_Fresh
241724,Brachypteryx_montana,Brachypteryx montana,White-browed Shortwing,False,C,Mike Nelson,2015-02-25,15:30,Indonesia,"Mount Kerinci, West Sumatra, Sumatra",-1.7342,101.2512,,2:04,https://creativecommons.org/licenses/by-nc-sa/4.0/,https://xeno-canto.org/241724,https://xeno-canto.org/241724/download,,,Pending
227646,Brachypteryx_montana,Brachypteryx montana,White-browed Shortwing,False,C,Paulo Alves,2015-03-21,12:30,Indonesia,"Gede Pangrango National Park, West Java Province, Java",-6.7515,106.9898,,0:14,https://creativecommons.org/licenses/by-nc-sa/4.0/,https://xeno-canto.org/227646,https://xeno-canto.org/227646/download,,,Pending
113310,Brachypteryx_montana,Brachypteryx montana,White-browed Shortwing,False,C,Peter Collaerts,2011-07-10,09:30,Indonesia,"Golo Lusang, Flores",-8.692,120.449,,0:14,https://creativecommons.org/licenses/by-nc-sa/3.0/,https://xeno-canto.org/113310,https://xeno-canto.org/113310/download,,,Pending
70340,Brachypteryx_montana,Brachypteryx montana,White-browed Shortwing,False,C,David Gibbs,1990-00-00,?,Indonesia,"Sumatra, Gunung Kerinci",-1.7401,101.2601,,0:34,https://creativecommons.org/licenses/by-nc-nd/2.5/,https://xeno-canto.org/70340,https://xeno-canto.org/70340/download,,,Pending
58377,Brachypteryx_montana,Brachypteryx montana,White-browed Shortwing,False,C,Richard Thomas,2010-06-10,17.30,Indonesia,"Gunung Gede National Park, Java",-6.7273,106.9712,,0:18,https://creativecommons.org/licenses/by-nc-nd/2.5/,https://xeno-canto.org/58377,https://xeno-canto.org/58377/download,,,Pending
842313,Horornis_vulcanius,Horornis vulcanius,Sunda Bush Warbler,False,A,Panji Gusti Akbar,2023-10-04,09:00,Indonesia,"Pasirjambu, Bandung Regency, West Java",-7.1662,107.4021,,0:37,https://creativecommons.org/licenses/by-nc-sa/4.0/,https://xeno-canto.org/842313,https://xeno-canto.org/842313/download,d:/FILE AND TASK/TA/data/xeno_canto\Horornis_vulcanius\XC842313_Horornis_vulcanius.mp3,5fb7dd17cb8d1ede543651eeded6efcd758597429c9259a57e8117b2aeda7b22,Ready_Existing
842312,Horornis_vulcanius,Horornis vulcanius,Sunda Bush Warbler,False,A,Panji Gusti Akbar,2023-10-04,09:00,Indonesia,"Pasirjambu, Bandung Regency, West Java",-7.1662,107.4021,,0:24,https://creativecommons.org/licenses/by-nc-sa/4.0/,https://xeno-canto.org/842312,https://xeno-canto.org/842312/download,d:/FILE AND TASK/TA/data/xeno_canto\Horornis_vulcanius\XC842312_Horornis_vulcanius.mp3,a2d337cd243008d230df33fe1af04350b69d9b57b888301a845fe3c70f836026,Ready_Existing
842311,Horornis_vulcanius,Horornis vulcanius,Sunda Bush Warbler,False,A,Panji Gusti Akbar,2023-10-04,09:00,Indonesia,"Pasirjambu, Bandung Regency, West Java",-7.1662,107.4021,,0:42,https://creativecommons.org/licenses/by-nc-sa/4.0/,https://xeno-canto.org/842311,https://xeno-canto.org/842311/download,d:/FILE AND TASK/TA/data/xeno_canto\Horornis_vulcanius\XC842311_Horornis_vulcanius.mp3,c4344ca2505330d39ca93484dbcd7c819cfdb0b3e04313b80405a9ec0f6e460e,Ready_Existing
737855,Horornis_vulcanius,Horornis vulcanius,Sunda Bush Warbler,False,A,Geoff Carey,2022-07-14,09:00,Indonesia,"Sakura Hills, Mount Lawu, Jawa Tengah",-7.6616,111.1849,,0:52,https://creativecommons.org/licenses/by-nc-sa/4.0/,https://xeno-canto.org/737855,https://xeno-canto.org/737855/download,d:/FILE AND TASK/TA/data/xeno_canto\Horornis_vulcanius\XC737855_Horornis_vulcanius.mp3,266683f61ab1950f5fa665e09e19238a21cf9819a1f41155c83bdd264358b0b8,Ready_Existing
737854,Horornis_vulcanius,Horornis vulcanius,Sunda Bush Warbler,False,A,Geoff Carey,2022-07-14,08:00,Indonesia,"Sakura Hills, Mount Lawu, Jawa Tengah",-7.6616,111.1849,,1:13,https://creativecommons.org/licenses/by-nc-sa/4.0/,https://xeno-canto.org/737854,https://xeno-canto.org/737854/download,d:/FILE AND TASK/TA/data/xeno_canto\Horornis_vulcanius\XC737854_Horornis_vulcanius.mp3,d4e12e92667a6b41411baeea85c10659533d75eb3df5820c57549953c2c98199,Ready_Existing
737853,Horornis_vulcanius,Horornis vulcanius,Sunda Bush Warbler,False,A,Geoff Carey,2022-07-14,07:30,Indonesia,"Sakura Hills, Mount Lawu, Jawa Tengah",-7.6616,111.1849,,0:25,https://creativecommons.org/licenses/by-nc-sa/4.0/,https://xeno-canto.org/737853,https://xeno-canto.org/737853/download,d:/FILE AND TASK/TA/data/xeno_canto\Horornis_vulcanius\XC737853_Horornis_vulcanius.mp3,a5fe4bdcdda3f72fe83a0b429ab1066f82f96302243de020eb3ba41be183949b,Ready_Existing
737852,Horornis_vulcanius,Horornis vulcanius,Sunda Bush Warbler,False,A,Geoff Carey,2022-07-14,07:00,Indonesia,"Sakura Hills, Mount Lawu, Jawa Tengah",-7.6616,111.1849,,1:50,https://creativecommons.org/licenses/by-nc-sa/4.0/,https://xeno-canto.org/737852,https://xeno-canto.org/737852/download,d:/FILE AND TASK/TA/data/xeno_canto\Horornis_vulcanius\XC737852_Horornis_vulcanius.mp3,388bfc8758bf7b46fb79d302dd651523119446f59788d903790aeeef14253ed2,Ready_Existing
737851,Horornis_vulcanius,Horornis vulcanius,Sunda Bush Warbler,False,A,Geoff Carey,2022-07-14,06:30,Indonesia,"Sakura Hills, Mount Lawu, Jawa Tengah",-7.6616,111.1849,,1:52,https://creativecommons.org/licenses/by-nc-sa/4.0/,https://xeno-canto.org/737851,https://xeno-canto.org/737851/download,d:/FILE AND TASK/TA/data/xeno_canto\Horornis_vulcanius\XC737851_Horornis_vulcanius.mp3,504e963a6c2cfc0f8b285968af60b517ceba1bcd8ffb0ed2942fd4fc3e16c44c,Ready_Existing
737850,Horornis_vulcanius,Horornis vulcanius,Sunda Bush Warbler,False,A,Geoff Carey,2022-07-14,06:00,Indonesia,"Sakura Hills, Mount Lawu, Jawa Tengah",-7.6616,111.1849,,3:08,https://creativecommons.org/licenses/by-nc-sa/4.0/,https://xeno-canto.org/737850,https://xeno-canto.org/737850/download,d:/FILE AND TASK/TA/data/xeno_canto\Horornis_vulcanius\XC737850_Horornis_vulcanius.mp3,564aba62be2f817a4f2fd18272772d7c71e97f2927a005d7acec8c5857e11513,Ready_Existing
618791,Horornis_vulcanius,Horornis vulcanius,Sunda Bush Warbler,False,A,Teus Luijendijk,1996-04-06,?,Indonesia,"Gunung Gede National Park, Java",-6.7691,106.9792,,1:22,https://creativecommons.org/licenses/by-nc-nd/4.0/,https://xeno-canto.org/618791,https://xeno-canto.org/618791/download,d:/FILE AND TASK/TA/data/xeno_canto\Horornis_vulcanius\XC618791_Horornis_vulcanius.mp3,ff65caadcca99f31a45d150e7e757fa4239166d49f0d615d5b9a1f4719b616e2,Ready_Existing
618724,Horornis_vulcanius,Horornis vulcanius,Sunda Bush Warbler,False,A,Teus Luijendijk,1996-04-04,?,Indonesia,"Gunung Gede National Park, Java",-6.7691,106.9792,,0:25,https://creativecommons.org/licenses/by-nc-nd/4.0/,https://xeno-canto.org/618724,https://xeno-canto.org/618724/download,d:/FILE AND TASK/TA/data/xeno_canto\Horornis_vulcanius\XC618724_Horornis_vulcanius.mp3,f0a7df252619c38669653e02c96eb089fb66da95cd97050211705f482ddc6027,Ready_Existing
477169,Horornis_vulcanius,Horornis vulcanius,Sunda Bush Warbler,False,A,Matthew L. Brady,2018-03-29,09:40,Indonesia,"Braken fern zone at 2200–2700 masl, Gunung Talakmau, Sumatra, West Pasaman Regency, West Sumatra",0.0799,99.978,,0:32,https://creativecommons.org/licenses/by-nc-sa/4.0/,https://xeno-canto.org/477169,https://xeno-canto.org/477169/download,d:/FILE AND TASK/TA/data/xeno_canto\Horornis_vulcanius\XC477169_Horornis_vulcanius.mp3,7b3c93978094452a375b26a42531173ded1cffc8de2225ff12583755ac760cdf,Ready_Existing
468865,Horornis_vulcanius,Horornis vulcanius,Sunda Bush Warbler,False,A,Frank Lambert,2019-02-21,07:12,Indonesia,"Mt Ijen access road, Kabupaten Banyuwangi, Jawa Timur",-8.0849,114.2364,,0:36,https://creativecommons.org/licenses/by-nc-nd/4.0/,https://xeno-canto.org/468865,https://xeno-canto.org/468865/download,d:/FILE AND TASK/TA/data/xeno_canto\Horornis_vulcanius\XC468865_Horornis_vulcanius.mp3,41cfcd36495001e2208d5b82570f0793666c774c4356e06ad9d3fae8ee2c5a6f,Ready_Existing
453239,Horornis_vulcanius,Horornis vulcanius,Sunda Bush Warbler,False,A,Brendan Sloan,2018-10-16,16:30,Indonesia,Gunung Welirang Java,,,,0:25,https://creativecommons.org/licenses/by-nc-nd/4.0/,https://xeno-canto.org/453239,https://xeno-canto.org/453239/download,d:/FILE AND TASK/TA/data/xeno_canto\Horornis_vulcanius\XC453239_Horornis_vulcanius.mp3,ff864623a8f1de1d7c068a31bddad0ecc5c93dec2d383a9d004f1ef88e5f7c87,Ready_Existing
453232,Horornis_vulcanius,Horornis vulcanius,Sunda Bush Warbler,False,A,Brendan Sloan,2018-10-16,16:30,Indonesia,Gunung Welirang Java,,,,0:25,https://creativecommons.org/licenses/by-nc-nd/4.0/,https://xeno-canto.org/453232,https://xeno-canto.org/453232/download,d:/FILE AND TASK/TA/data/xeno_canto\Horornis_vulcanius\XC453232_Horornis_vulcanius.mp3,f7b21a27ae9554c419ab0dad243fa6505e1b6508e6947380f198f287bfdbddc2,Ready_Existing
453085,Horornis_vulcanius,Horornis vulcanius,Sunda Bush Warbler,False,A,Brendan Sloan,2018-10-16,12:30,Indonesia,Gunung Welirang Java,,,,0:21,https://creativecommons.org/licenses/by-nc-nd/4.0/,https://xeno-canto.org/453085,https://xeno-canto.org/453085/download,d:/FILE AND TASK/TA/data/xeno_canto\Horornis_vulcanius\XC453085_Horornis_vulcanius.mp3,a88e9a0332de34261c33f1a24351526d75af9451d5ef6693342523ea4eb939e8,Ready_Existing
431623,Horornis_vulcanius,Horornis vulcanius,Sunda Bush Warbler,False,A,Brian Cox,2018-07-12,15:30,Indonesia,"Beutong, Kabupaten Nagan Raya, Aceh",4.3043,96.5658,,0:37,https://creativecommons.org/licenses/by-nc-sa/4.0/,https://xeno-canto.org/431623,https://xeno-canto.org/431623/download,d:/FILE AND TASK/TA/data/xeno_canto\Horornis_vulcanius\XC431623_Horornis_vulcanius.mp3,df1a52b3a139d17c3fee164510ba211e6c08c33bca7dea8d43216340a19117fb,Ready_Existing
431622,Horornis_vulcanius,Horornis vulcanius,Sunda Bush Warbler,False,A,Brian Cox,2018-07-12,15:30,Indonesia,"Beutong, Kabupaten Nagan Raya, Aceh",4.3043,96.5658,,0:10,https://creativecommons.org/licenses/by-nc-sa/4.0/,https://xeno-canto.org/431622,https://xeno-canto.org/431622/download,d:/FILE AND TASK/TA/data/xeno_canto\Horornis_vulcanius\XC431622_Horornis_vulcanius.mp3,393ecc8ca84ac2198672eafb01f00bc34cbb1233c05648150a1fee59527280f5,Ready_Existing
431521,Horornis_vulcanius,Horornis vulcanius,Sunda Bush Warbler,False,A,Brian Cox,2018-07-05,11:40,Indonesia,"Sumatra, Gunung Kerinci",-1.74,101.26,,0:18,https://creativecommons.org/licenses/by-nc-sa/4.0/,https://xeno-canto.org/431521,https://xeno-canto.org/431521/download,d:/FILE AND TASK/TA/data/xeno_canto\Horornis_vulcanius\XC431521_Horornis_vulcanius.mp3,6133adea11f44e8647d2b1e9d55802205fa008c9980aac2f00cff9dbebaeec09,Ready_Existing
431520,Horornis_vulcanius,Horornis vulcanius,Sunda Bush Warbler,False,A,Brian Cox,2018-07-05,11:00,Indonesia,"Sumatra, Gunung Kerinci",-1.74,101.26,,0:36,https://creativecommons.org/licenses/by-nc-sa/4.0/,https://xeno-canto.org/431520,https://xeno-canto.org/431520/download,d:/FILE AND TASK/TA/data/xeno_canto\Horornis_vulcanius\XC431520_Horornis_vulcanius.mp3,c0dc36af20b649678237964c12518b89e2752c5571a37ba0f31036713903ce96,Ready_Existing
410381,Horornis_vulcanius,Horornis vulcanius,Sunda Bush Warbler,False,A,Ross Gallardy,2017-06-24,09:00,Indonesia,"Licin, Kabupaten Banyuwangi, Jawa Timur",-8.0764,114.2235,,0:18,https://creativecommons.org/licenses/by-nc-sa/4.0/,https://xeno-canto.org/410381,https://xeno-canto.org/410381/download,d:/FILE AND TASK/TA/data/xeno_canto\Horornis_vulcanius\XC410381_Horornis_vulcanius.mp3,9bf86c83e3d4ad81624f9108746e1b222e84da825ac6a4bdfdb4df1e4337934a,Ready_Existing
410372,Horornis_vulcanius,Horornis vulcanius,Sunda Bush Warbler,False,A,Ross Gallardy,2017-06-24,07:00,Indonesia,"Licin, Kabupaten Banyuwangi, Jawa Timur",-8.0764,114.2235,,0:18,https://creativecommons.org/licenses/by-nc-sa/4.0/,https://xeno-canto.org/410372,https://xeno-canto.org/410372/download,d:/FILE AND TASK/TA/data/xeno_canto\Horornis_vulcanius\XC410372_Horornis_vulcanius.mp3,0cb1989083db8a0279e938839b586881cf6bac209999e993533ebb5048ec2ca3,Ready_Existing
376481,Horornis_vulcanius,Horornis vulcanius,Sunda Bush Warbler,False,A,Karyadi Baskoro,2016-11-03,08:00,Indonesia,"Kaligua, Kabupaten Brebes, Jawa Tengah",-7.2435,109.1279,,0:26,https://creativecommons.org/licenses/by-nc-sa/4.0/,https://xeno-canto.org/376481,https://xeno-canto.org/376481/download,d:/FILE AND TASK/TA/data/xeno_canto\Horornis_vulcanius\XC376481_Horornis_vulcanius.mp3,1d123088f4ef42650d82b8deb0febba7f3bdf4468d3c97bcdd093513a57a1280,Ready_Existing
256655,Horornis_vulcanius,Horornis vulcanius,Sunda Bush Warbler,False,A,Paulo Alves,2015-07-12,09:00,Indonesia,"Telaga Warna, Cisarua, Bogor, Jawa Barat",-6.7013,106.9951,,1:25,https://creativecommons.org/licenses/by-nc-sa/4.0/,https://xeno-canto.org/256655,https://xeno-canto.org/256655/download,d:/FILE AND TASK/TA/data/xeno_canto\Horornis_vulcanius\XC256655_Horornis_vulcanius.mp3,776b555d2b98fb4afad839a18f117386161040d028de40bb2f47537ee6109345,Ready_Existing
963452,Horornis_vulcanius,Horornis vulcanius,Sunda Bush Warbler,False,B,Daan Drukker,2024-12-07,09:02,Indonesia,"Pos 3 Pondok Panorama, Kabupaten Kerinci, Jambi",-1.729,101.2623,,0:50,https://creativecommons.org/licenses/by-nc-sa/4.0/,https://xeno-canto.org/963452,https://xeno-canto.org/963452/download,d:/FILE AND TASK/TA/data/xeno_canto\Horornis_vulcanius\XC963452_Horornis_vulcanius.mp3,b725a0db4b32fa5f7bdd524032509104450eb812a93b2f6ca39772c772a0d125,Ready_Existing
576888,Horornis_vulcanius,Horornis vulcanius,Sunda Bush Warbler,False,B,Garry Bakker,2015-08-20,11:33,Indonesia,"Kayu Aro, Kerinci, Jambi",-1.735,101.26,,0:18,https://creativecommons.org/licenses/by-nc-sa/4.0/,https://xeno-canto.org/576888,https://xeno-canto.org/576888/download,d:/FILE AND TASK/TA/data/xeno_canto\Horornis_vulcanius\XC576888_Horornis_vulcanius.mp3,233ce22bdf55977e2f990e6b9ca8a1d1c38592bdf22f1e34f2e2c2dc35c86d0a,Downloaded_Fresh
376562,Horornis_vulcanius,Horornis vulcanius,Sunda Bush Warbler,False,B,Karyadi Baskoro,2017-05-14,10:00,Indonesia,"Gunung Ungaran, Jawa Tengah",-7.1851,110.3473,,0:45,https://creativecommons.org/licenses/by-nc-sa/4.0/,https://xeno-canto.org/376562,https://xeno-canto.org/376562/download,d:/FILE AND TASK/TA/data/xeno_canto\Horornis_vulcanius\XC376562_Horornis_vulcanius.mp3,dedec4520f6f7f665d6f147309f7a6f7ae0615ea9146a2586fbb813827119d18,Downloaded_Fresh
292337,Horornis_vulcanius,Horornis vulcanius,Sunda Bush Warbler,False,B,Mike Nelson,2015-06-20,08:30,Indonesia,camplong Timor,-10.0608,123.9118,,1:03,https://creativecommons.org/licenses/by-nc-sa/4.0/,https://xeno-canto.org/292337,https://xeno-canto.org/292337/download,d:/FILE AND TASK/TA/data/xeno_canto\Horornis_vulcanius\XC292337_Horornis_vulcanius.mp3,4e1473db6f9c14f5ad698e220483bd971c16b13f72a6f980ae0de24598d985c3,Downloaded_Fresh
287816,Horornis_vulcanius,Horornis vulcanius,Sunda Bush Warbler,False,B,Bas van Balen,1989-06-05,06:32,Indonesia,"Taman Hidup, Yang Highlands, Gading, Probolinggo, Jawa Timur",-7.9773,113.5355,,0:18,https://creativecommons.org/licenses/by-nc-sa/4.0/,https://xeno-canto.org/287816,https://xeno-canto.org/287816/download,d:/FILE AND TASK/TA/data/xeno_canto\Horornis_vulcanius\XC287816_Horornis_vulcanius.mp3,353708141973b8d0e5edb7aa56571c331abeb59a3e5c9b54eca41d32c92ea5d1,Downloaded_Fresh
287770,Horornis_vulcanius,Horornis vulcanius,Sunda Bush Warbler,False,B,Bas van Balen,1989-06-05,06:32,Indonesia,"Taman Hidup, Yang Highlands, Gading, Probolinggo, Jawa Timur",-7.9773,113.5355,,0:43,https://creativecommons.org/licenses/by-nc-sa/4.0/,https://xeno-canto.org/287770,https://xeno-canto.org/287770/download,d:/FILE AND TASK/TA/data/xeno_canto\Horornis_vulcanius\XC287770_Horornis_vulcanius.mp3,2d44aa89f5bcda2852877f8e14cc80eef598138388eaa50f1de421d53a13d99e,Downloaded_Fresh
241736,Horornis_vulcanius,Horornis vulcanius,Sunda Bush Warbler,False,B,Mike Nelson,2015-02-27,15:30,Indonesia,"Mount Kerinci, West Sumatra, Sumatra",-1.7342,101.2512,,1:09,https://creativecommons.org/licenses/by-nc-sa/4.0/,https://xeno-canto.org/241736,https://xeno-canto.org/241736/download,d:/FILE AND TASK/TA/data/xeno_canto\Horornis_vulcanius\XC241736_Horornis_vulcanius.mp3,94ff3aac3df07abd10e432d9d61298e16f45a68b58118c8ac1799b6d871477a9,Downloaded_Fresh
241735,Horornis_vulcanius,Horornis vulcanius,Sunda Bush Warbler,False,B,Mike Nelson,2015-02-25,15:30,Indonesia,"Mount Kerinci, West Sumatra, Sumatra",-1.7342,101.2512,,0:25,https://creativecommons.org/licenses/by-nc-sa/4.0/,https://xeno-canto.org/241735,https://xeno-canto.org/241735/download,d:/FILE AND TASK/TA/data/xeno_canto\Horornis_vulcanius\XC241735_Horornis_vulcanius.mp3,f8f33566e241046183bf4183d703895ae367732ec4e9b13659e8165b6a44180d,Downloaded_Fresh
241734,Horornis_vulcanius,Horornis vulcanius,Sunda Bush Warbler,False,B,Mike Nelson,2015-02-25,15:30,Indonesia,"Mount Kerinci, West Sumatra, Sumatra",-1.7342,101.2512,,0:52,https://creativecommons.org/licenses/by-nc-sa/4.0/,https://xeno-canto.org/241734,https://xeno-canto.org/241734/download,d:/FILE AND TASK/TA/data/xeno_canto\Horornis_vulcanius\XC241734_Horornis_vulcanius.mp3,3fc59d5e55e9c938f52304443ed424f35be071e672bca78cfe579f242f94c3d7,Downloaded_Fresh
241732,Horornis_vulcanius,Horornis vulcanius,Sunda Bush Warbler,False,B,Mike Nelson,2015-02-25,15:30,Indonesia,"Mount Kerinci, West Sumatra, Sumatra",-1.7342,101.2512,,0:36,https://creativecommons.org/licenses/by-nc-sa/4.0/,https://xeno-canto.org/241732,https://xeno-canto.org/241732/download,d:/FILE AND TASK/TA/data/xeno_canto\Horornis_vulcanius\XC241732_Horornis_vulcanius.mp3,e1a8ee9fb9fd3a939579f721685c92b9c468aa9da7471737572ca3e7d201c0a7,Downloaded_Fresh
241731,Horornis_vulcanius,Horornis vulcanius,Sunda Bush Warbler,False,B,Mike Nelson,2015-02-24,11:00,Indonesia,"Mount Kerinci, West Sumatra, Sumatra",-1.7342,101.2512,,1:55,https://creativecommons.org/licenses/by-nc-sa/4.0/,https://xeno-canto.org/241731,https://xeno-canto.org/241731/download,d:/FILE AND TASK/TA/data/xeno_canto\Horornis_vulcanius\XC241731_Horornis_vulcanius.mp3,be69c31777f37e00fde600b02a67df00c79561ad721b77cfa954f8de6d41d5d0,Downloaded_Fresh
198574,Horornis_vulcanius,Horornis vulcanius,Sunda Bush Warbler,False,B,Sidiq Pambudi,2014-08-31,10:41,Indonesia,"Pasirjambu, Bandung, West Java",-7.1793,107.4451,,0:06,https://creativecommons.org/licenses/by-nc-sa/4.0/,https://xeno-canto.org/198574,https://xeno-canto.org/198574/download,,,Pending
153479,Horornis_vulcanius,Horornis vulcanius,Sunda Bush Warbler,False,B,Frank Lambert,2013-10-20,07:10,Indonesia,"Alor: east of Mainang, East Nusa Tenggara",-8.2831,124.6388,,0:24,https://creativecommons.org/licenses/by-nc-nd/4.0/,https://xeno-canto.org/153479,https://xeno-canto.org/153479/download,,,Pending
67917,Horornis_vulcanius,Horornis vulcanius,Sunda Bush Warbler,False,B,Frank Lambert,1999-04-26,?:?,Indonesia,"Timor Barat, Gunung Mutis",-9.56,124.23,,0:11,https://creativecommons.org/licenses/by-nc-nd/4.0/,https://xeno-canto.org/67917,https://xeno-canto.org/67917/download,,,Pending
67916,Horornis_vulcanius,Horornis vulcanius,Sunda Bush Warbler,False,B,Frank Lambert,1999-04-26,?:?,Indonesia,"Timor Barat, Gunung Mutis",-9.56,124.23,,1:05,https://creativecommons.org/licenses/by-nc-nd/4.0/,https://xeno-canto.org/67916,https://xeno-canto.org/67916/download,,,Pending
67913,Horornis_vulcanius,Horornis vulcanius,Sunda Bush Warbler,False,B,Frank Lambert,0000-00-00,?:?,Indonesia,"Timor Barat, Gunung Mutis",-9.56,124.23,,0:44,https://creativecommons.org/licenses/by-nc-nd/4.0/,https://xeno-canto.org/67913,https://xeno-canto.org/67913/download,,,Pending
30756,Horornis_vulcanius,Horornis vulcanius,Sunda Bush Warbler,False,B,Frank Lambert,1991-00-00,?:?,Indonesia,"Cibodas, Java",-6.715073,107.018166,,0:28,https://creativecommons.org/licenses/by-nc-nd/4.0/,https://xeno-canto.org/30756,https://xeno-canto.org/30756/download,,,Pending
263337,Horornis_vulcanius,Horornis vulcanius,Sunda Bush Warbler,False,C,Paulo Alves,2015-07-19,08:30,Indonesia,"Sumowono, Semarang, Jawa Tengah",-7.2042,110.3381,,0:10,https://creativecommons.org/licenses/by-nc-sa/4.0/,https://xeno-canto.org/263337,https://xeno-canto.org/263337/download,,,Pending
154541,Horornis_vulcanius,Horornis vulcanius,Sunda Bush Warbler,False,C,Heru Cahyono,2013-08-13,08:00,Indonesia,Ranu Tompe (Bromo Tengger Semeru National Park) East Java,,,,0:07,https://creativecommons.org/licenses/by-nc-sa/3.0/,https://xeno-canto.org/154541,https://xeno-canto.org/154541/download,,,Pending
145300,Horornis_vulcanius,Horornis vulcanius,Sunda Bush Warbler,False,C,Heru Cahyono,2013-08-13,09:33,Indonesia,"Jogging track-Cangar, East Java",,,,0:07,https://creativecommons.org/licenses/by-nc-sa/3.0/,https://xeno-canto.org/145300,https://xeno-canto.org/145300/download,,,Pending
70336,Horornis_vulcanius,Horornis vulcanius,Sunda Bush Warbler,False,C,David Gibbs,1990-00-00,?,Indonesia,"Sumatra, Gunung Kerinci",-1.7401,101.2601,,0:36,https://creativecommons.org/licenses/by-nc-nd/2.5/,https://xeno-canto.org/70336,https://xeno-canto.org/70336/download,,,Pending
70225,Horornis_vulcanius,Horornis vulcanius,Sunda Bush Warbler,False,C,David Gibbs,1990-00-00,?,Indonesia,"Gunung Gede National Park, Java ",-6.727348,106.97113,,1:05,https://creativecommons.org/licenses/by-nc-nd/2.5/,https://xeno-canto.org/70225,https://xeno-canto.org/70225/download,,,Pending
58384,Horornis_vulcanius,Horornis vulcanius,Sunda Bush Warbler,False,C,Richard Thomas,2010-06-11,08.00,Indonesia,"Gunung Gede National Park, Java",-6.7273,106.9712,,0:25,https://creativecommons.org/licenses/by-nc-nd/2.5/,https://xeno-canto.org/58384,https://xeno-canto.org/58384/download,,,Pending
38488,Horornis_vulcanius,Horornis vulcanius,Sunda Bush Warbler,False,C,Mike Catsis,2009-08-06,pm,Indonesia,"Oel Bubk , Timor",,,,1:02,https://creativecommons.org/licenses/by-nc-nd/2.5/,https://xeno-canto.org/38488,https://xeno-canto.org/38488/download,,,Pending
498385,Batrachostomus_cornutus,Batrachostomus cornutus,Sunda Frogmouth,False,A,Frank Lambert,2019-08-23,05:47,Indonesia,"North Siberut, Kepulauan Mentawai, West Sumatra",-1.1963,98.9791,,1:17,https://creativecommons.org/licenses/by-nc-nd/4.0/,https://xeno-canto.org/498385,https://xeno-canto.org/498385/download,d:/FILE AND TASK/TA/data/xeno_canto\Batrachostomus_cornutus\XC498385_Batrachostomus_cornutus.mp3,8bafc910dc7470b9bcce65e1d7dc6fd6b8f893c8f76a073813b24099ba68f3f6,Ready_Existing
498383,Batrachostomus_cornutus,Batrachostomus cornutus,Sunda Frogmouth,False,A,Frank Lambert,2019-08-23,05:52,Indonesia,"North Siberut, Kepulauan Mentawai, West Sumatra",-1.1963,98.9791,,1:32,https://creativecommons.org/licenses/by-nc-nd/4.0/,https://xeno-canto.org/498383,https://xeno-canto.org/498383/download,d:/FILE AND TASK/TA/data/xeno_canto\Batrachostomus_cornutus\XC498383_Batrachostomus_cornutus.mp3,b54441515b33c917640946abc76498725c3f7340fdbdcf86fe73e661181f0df3,Ready_Existing
498382,Batrachostomus_cornutus,Batrachostomus cornutus,Sunda Frogmouth,False,A,Frank Lambert,2019-08-23,05:43,Indonesia,"North Siberut, Kepulauan Mentawai, West Sumatra",-1.1963,98.9791,,1:16,https://creativecommons.org/licenses/by-nc-nd/4.0/,https://xeno-canto.org/498382,https://xeno-canto.org/498382/download,d:/FILE AND TASK/TA/data/xeno_canto\Batrachostomus_cornutus\XC498382_Batrachostomus_cornutus.mp3,17ce0f89b7eab96e3031cbe27efffc8b208bf5b79ce82fbda0b46ea91f9895d0,Ready_Existing
106117,Batrachostomus_cornutus,Batrachostomus cornutus,Sunda Frogmouth,False,A,Bram Demeulemeester,2012-08-22,23:00,Indonesia,siberut island,-1.03,98.909,,0:29,https://creativecommons.org/licenses/by-nc-nd/2.5/,https://xeno-canto.org/106117,https://xeno-canto.org/106117/download,d:/FILE AND TASK/TA/data/xeno_canto\Batrachostomus_cornutus\XC106117_Batrachostomus_cornutus.mp3,ede50d10c7c1b12fe89a7cc205fb1f4a9c364b10cf0a0296d6a83ead3d1460de,Ready_Existing
498384,Batrachostomus_cornutus,Batrachostomus cornutus,Sunda Frogmouth,False,B,Frank Lambert,2019-08-23,05:56,Indonesia,"North Siberut, Kepulauan Mentawai, West Sumatra",-1.1963,98.9791,,0:10,https://creativecommons.org/licenses/by-nc-nd/4.0/,https://xeno-canto.org/498384,https://xeno-canto.org/498384/download,d:/FILE AND TASK/TA/data/xeno_canto\Batrachostomus_cornutus\XC498384_Batrachostomus_cornutus.mp3,a15198de5ce778386acd98f6be605ca02b0be3314b25fb33ee64f91dcbce3dde,Ready_Existing
106120,Batrachostomus_cornutus,Batrachostomus cornutus,Sunda Frogmouth,False,B,Bram Demeulemeester,2009-08-21,23:00,Indonesia,Siberut island,-1.017,98.915,,0:25,https://creativecommons.org/licenses/by-nc-nd/2.5/,https://xeno-canto.org/106120,https://xeno-canto.org/106120/download,d:/FILE AND TASK/TA/data/xeno_canto\Batrachostomus_cornutus\XC106120_Batrachostomus_cornutus.mp3,247c745f323d9508c546efef2aa3b5de316513dfdd53462550932800a2a8d805,Ready_Existing
106119,Batrachostomus_cornutus,Batrachostomus cornutus,Sunda Frogmouth,False,B,Bram Demeulemeester,2009-08-21,23:00,Indonesia,Siberut island,-1.017,98.915,,0:25,https://creativecommons.org/licenses/by-nc-nd/2.5/,https://xeno-canto.org/106119,https://xeno-canto.org/106119/download,d:/FILE AND TASK/TA/data/xeno_canto\Batrachostomus_cornutus\XC106119_Batrachostomus_cornutus.mp3,860b3382d29e083c38dad84a2c0faa40f53e1354a2b23fbd4ee5ddaada6187cf,Ready_Existing
106118,Batrachostomus_cornutus,Batrachostomus cornutus,Sunda Frogmouth,False,B,Bram Demeulemeester,2009-08-21,23:00,Indonesia,Siberut island,-1.012,98.881,,0:26,https://creativecommons.org/licenses/by-nc-nd/2.5/,https://xeno-canto.org/106118,https://xeno-canto.org/106118/download,d:/FILE AND TASK/TA/data/xeno_canto\Batrachostomus_cornutus\XC106118_Batrachostomus_cornutus.mp3,02af28b590d0d68828e569c05d9b3b79d1ffdbd1fdb239c035dd5b8c49e73b78,Ready_Existing
106116,Batrachostomus_cornutus,Batrachostomus cornutus,Sunda Frogmouth,False,B,Bram Demeulemeester,2009-08-22,23:00,Indonesia,Siberut island,-1.033,98.898,,0:40,https://creativecommons.org/licenses/by-nc-nd/2.5/,https://xeno-canto.org/106116,https://xeno-canto.org/106116/download,d:/FILE AND TASK/TA/data/xeno_canto\Batrachostomus_cornutus\XC106116_Batrachostomus_cornutus.mp3,0d0cd0d88bdcd6567023e5da26bd6af34ab6deb812c7e013aa369dc538da2735,Ready_Existing
67707,Batrachostomus_cornutus,Batrachostomus cornutus,Sunda Frogmouth,False,B,Frank Lambert,2002-04-27,?:?,Indonesia,"Sumatra, Way Kambas",-4.92,105.75,,1:41,https://creativecommons.org/licenses/by-nc-nd/4.0/,https://xeno-canto.org/67707,https://xeno-canto.org/67707/download,d:/FILE AND TASK/TA/data/xeno_canto\Batrachostomus_cornutus\XC67707_Batrachostomus_cornutus.mp3,3daa042df5e646d4762df6b5ad52126353f4fda2dd3eae11dcff882207030bdf,Ready_Existing
67706,Batrachostomus_cornutus,Batrachostomus cornutus,Sunda Frogmouth,False,B,Frank Lambert,2002-04-27,?:?,Indonesia,"Sumatra, Way Kambas",-4.92,105.75,,0:33,https://creativecommons.org/licenses/by-nc-nd/4.0/,https://xeno-canto.org/67706,https://xeno-canto.org/67706/download,d:/FILE AND TASK/TA/data/xeno_canto\Batrachostomus_cornutus\XC67706_Batrachostomus_cornutus.mp3,90437ab024ba4614cc4e3f695dab96632c304692ff2ad4f7e357f1e701b89f63,Ready_Existing
67705,Batrachostomus_cornutus,Batrachostomus cornutus,Sunda Frogmouth,False,B,Frank Lambert,2002-04-27,?:?,Indonesia,"Sumatra, Way Kambas",-4.92,105.75,,0:17,https://creativecommons.org/licenses/by-nc-nd/4.0/,https://xeno-canto.org/67705,https://xeno-canto.org/67705/download,d:/FILE AND TASK/TA/data/xeno_canto\Batrachostomus_cornutus\XC67705_Batrachostomus_cornutus.mp3,47a4f757b6ad5fda4260416b86e5e2be996b239d981aeb44de98ae0f4c8eee97,Ready_Existing
498381,Batrachostomus_cornutus,Batrachostomus cornutus,Sunda Frogmouth,False,C,Frank Lambert,2019-08-24,04:59,Indonesia,"North Siberut, Kepulauan Mentawai, West Sumatra",-1.1963,98.9791,,0:10,https://creativecommons.org/licenses/by-nc-nd/4.0/,https://xeno-canto.org/498381,https://xeno-canto.org/498381/download,d:/FILE AND TASK/TA/data/xeno_canto\Batrachostomus_cornutus\XC498381_Batrachostomus_cornutus.mp3,b0e2a0a89846c53f7828878a1c546a3995bf872519f32b28f3ad4210122ca6b0,Ready_Existing
431800,Batrachostomus_cornutus,Batrachostomus cornutus,Sunda Frogmouth,False,C,Oscar Johnson,2018-03-06,21:34,Indonesia,"Siberut Selatan, Kabupaten Kepulauan Mentawai, Sumatera Barat",-1.604,99.1631,,1:09,https://creativecommons.org/licenses/by-nc-sa/4.0/,https://xeno-canto.org/431800,https://xeno-canto.org/431800/download,d:/FILE AND TASK/TA/data/xeno_canto\Batrachostomus_cornutus\XC431800_Batrachostomus_cornutus.mp3,ddf34c41092aa1d95ebc3ef22f5c7a07138bdd60ade896dd82f75cad4fdb5f01,Ready_Existing
282357,Batrachostomus_cornutus,Batrachostomus cornutus,Sunda Frogmouth,False,C,Bas van Balen,2015-06-20,05:35,Indonesia,"Sumay, Tebo Regency, Jambi",-1.2139,102.3885,,0:17,https://creativecommons.org/licenses/by-nc-sa/4.0/,https://xeno-canto.org/282357,https://xeno-canto.org/282357/download,d:/FILE AND TASK/TA/data/xeno_canto\Batrachostomus_cornutus\XC282357_Batrachostomus_cornutus.mp3,7ce35cdacfaf959f5248fe367c09c921773d88d67a386deb29fca7d017992a3e,Ready_Existing
67704,Batrachostomus_cornutus,Batrachostomus cornutus,Sunda Frogmouth,False,C,Frank Lambert,2002-04-27,?:?,Indonesia,"Sumatra, Way Kambas",-4.92,105.75,,0:47,https://creativecommons.org/licenses/by-nc-nd/4.0/,https://xeno-canto.org/67704,https://xeno-canto.org/67704/download,d:/FILE AND TASK/TA/data/xeno_canto\Batrachostomus_cornutus\XC67704_Batrachostomus_cornutus.mp3,034f9376cf9d476dffcf3d63f4abf2b7eb1f045344807bdfa2acb22f9467ef43,Ready_Existing
594323,Malacopteron_affine,Malacopteron affine,Sooty-capped Babbler,False,A,Prayitno Goenarto,2020-09-28,17:00,Indonesia,"Kampar Peninsula, Pelalawan Regency, Riau",0.5097,102.6024,,0:35,https://creativecommons.org/licenses/by-nc-nd/4.0/,https://xeno-canto.org/594323,https://xeno-canto.org/594323/download,d:/FILE AND TASK/TA/data/xeno_canto\Malacopteron_affine\XC594323_Malacopteron_affine.mp3,137b9bc9cd4b4e34a5b4b14df80c1b89dc4a3c3bbd39787abe042104adf6262e,Ready_Existing
530102,Malacopteron_affine,Malacopteron affine,Sooty-capped Babbler,False,A,Matt Slaymaker,2019-07-06,08:00,Indonesia,"nr. Lesan Protection Forest, Kabupaten Berau, Kalimantan Timur",1.6025,117.1795,,0:14,https://creativecommons.org/licenses/by-nc-sa/4.0/,https://xeno-canto.org/530102,https://xeno-canto.org/530102/download,d:/FILE AND TASK/TA/data/xeno_canto\Malacopteron_affine\XC530102_Malacopteron_affine.mp3,737996089de515133aff6525fcffa4d56fb6ba3366b199cb39d9fcdaa63e00f8,Ready_Existing
530092,Malacopteron_affine,Malacopteron affine,Sooty-capped Babbler,False,A,Matt Slaymaker,2019-06-25,06:30,Indonesia,"nr. Lesan Protection Forest, Kabupaten Berau, Kalimantan Timur",1.6025,117.1795,,0:16,https://creativecommons.org/licenses/by-nc-sa/4.0/,https://xeno-canto.org/530092,https://xeno-canto.org/530092/download,d:/FILE AND TASK/TA/data/xeno_canto\Malacopteron_affine\XC530092_Malacopteron_affine.mp3,0b92348c9f2b047a338d5f01596f2e5153d764d39d24b0cf67cb00139e0e82e2,Ready_Existing
437613,Malacopteron_affine,Malacopteron affine,Sooty-capped Babbler,False,A,Panji Gusti Akbar,2018-10-03,08:30,Indonesia,"Geragai, Kabupaten Tanjung Jabung Timur, Jambi",-1.2071,103.6485,,0:21,https://creativecommons.org/licenses/by-nc-sa/4.0/,https://xeno-canto.org/437613,https://xeno-canto.org/437613/download,d:/FILE AND TASK/TA/data/xeno_canto\Malacopteron_affine\XC437613_Malacopteron_affine.mp3,00c738c5be63916b762df010ab2732fbf21eb3544b5c27312b159bf3062225ed,Ready_Existing
431363,Malacopteron_affine,Malacopteron affine,Sooty-capped Babbler,False,A,Panji Gusti Akbar,2018-08-13,07:00,Indonesia,"Geragai, Kabupaten Tanjung Jabung Timur, Jambi",-1.2071,103.6485,,0:10,https://creativecommons.org/licenses/by-nc-sa/4.0/,https://xeno-canto.org/431363,https://xeno-canto.org/431363/download,d:/FILE AND TASK/TA/data/xeno_canto\Malacopteron_affine\XC431363_Malacopteron_affine.mp3,9d607815b7549f321b33ca130a12f2eb0166d7a716422d4012d7635e5e6bfabc,Ready_Existing
409197,Malacopteron_affine,Malacopteron affine,Sooty-capped Babbler,False,A,Frank Lambert,2016-07-14,08:51,Indonesia,"Way Kambas NP, Lampung, Sumatra",-4.9178,105.7489,,0:32,https://creativecommons.org/licenses/by-nc-nd/4.0/,https://xeno-canto.org/409197,https://xeno-canto.org/409197/download,d:/FILE AND TASK/TA/data/xeno_canto\Malacopteron_affine\XC409197_Malacopteron_affine.mp3,9b825bbf56245e6a0e9f8a523bd329d938fcac1417b09979692963784be2421d,Ready_Existing
397013,Malacopteron_affine,Malacopteron affine,Sooty-capped Babbler,False,A,Sander Lagerveld,2017-04-29,06:52,Indonesia,"Besitang, Kabupaten Langkat, Sumatera Utara",3.9637,98.0821,,0:57,https://creativecommons.org/licenses/by-nc-sa/4.0/,https://xeno-canto.org/397013,https://xeno-canto.org/397013/download,d:/FILE AND TASK/TA/data/xeno_canto\Malacopteron_affine\XC397013_Malacopteron_affine.mp3,3d2b0dae7a7b6b2485ce3738bfe94da06cd2934ead88b6aa9747b839638c57fe,Ready_Existing
90574,Malacopteron_affine,Malacopteron affine,Sooty-capped Babbler,False,A,Motoko Fujita,2011-10-18,7:13,Indonesia,Bukit Batu Wildlife Reserve,1.38594461063592,101.862344742694,,0:32,https://creativecommons.org/licenses/by-nc-nd/2.5/,https://xeno-canto.org/90574,https://xeno-canto.org/90574/download,d:/FILE AND TASK/TA/data/xeno_canto\Malacopteron_affine\XC90574_Malacopteron_affine.mp3,a6880e8be0cf1e1e41d6d0bba08c6bfbcc3c42b590866114a2c524fa367d26b9,Ready_Existing
34481,Malacopteron_affine,Malacopteron affine,Sooty-capped Babbler,False,A,Tjalle Boorsma,2007-06-00,??:??,Indonesia,"Swanslutung, Gunung Lumut Protection Forest, East Kalimantan, Borneo",-1.4001,115.8667,,0:06,https://creativecommons.org/licenses/by-nc-nd/2.5/,https://xeno-canto.org/34481,https://xeno-canto.org/34481/download,d:/FILE AND TASK/TA/data/xeno_canto\Malacopteron_affine\XC34481_Malacopteron_affine.mp3,b887e88af619d1241d7542b6ca81f7691909cbb6fa9f39674e1eb90db2fb262d,Ready_Existing
594324,Malacopteron_affine,Malacopteron affine,Sooty-capped Babbler,False,B,Prayitno Goenarto,2020-09-28,17:00,Indonesia,"Kampar Peninsula, Pelalawan Regency, Riau",0.5097,102.6024,,0:23,https://creativecommons.org/licenses/by-nc-nd/4.0/,https://xeno-canto.org/594324,https://xeno-canto.org/594324/download,d:/FILE AND TASK/TA/data/xeno_canto\Malacopteron_affine\XC594324_Malacopteron_affine.mp3,50a2f9bc423fd98a23283f2aad046bc866325d75828bebfff6f94ecd8b0b1e2f,Ready_Existing
578766,Malacopteron_affine,Malacopteron affine,Sooty-capped Babbler,False,B,Muhammad Iqbal,2020-07-24,07:00,Indonesia,"Teluk Meranti, Kabupaten Pelalawan, Riau",0.3836,102.7679,,2:06,https://creativecommons.org/licenses/by-nc-sa/4.0/,https://xeno-canto.org/578766,https://xeno-canto.org/578766/download,d:/FILE AND TASK/TA/data/xeno_canto\Malacopteron_affine\XC578766_Malacopteron_affine.mp3,bd5cd5da2bc671fe744f1c63533149c20ceab6ee5574bc23f38e04cb1e48c78b,Ready_Existing
530111,Malacopteron_affine,Malacopteron affine,Sooty-capped Babbler,False,B,Matt Slaymaker,2019-06-27,08:00,Indonesia,"nr. Lesan Protection Forest, Kabupaten Berau, Kalimantan Timur",1.6025,117.1795,,0:05,https://creativecommons.org/licenses/by-nc-sa/4.0/,https://xeno-canto.org/530111,https://xeno-canto.org/530111/download,d:/FILE AND TASK/TA/data/xeno_canto\Malacopteron_affine\XC530111_Malacopteron_affine.mp3,12ab5a94ac27c78480a6909c7b18ddd3d258f385c54293a92db9f7635035762c,Ready_Existing
431281,Malacopteron_affine,Malacopteron affine,Sooty-capped Babbler,False,B,Panji Gusti Akbar,2018-08-08,07:00,Indonesia,"Geragai, Kabupaten Tanjung Jabung Timur, Jambi",-1.2071,103.6485,,0:14,https://creativecommons.org/licenses/by-nc-sa/4.0/,https://xeno-canto.org/431281,https://xeno-canto.org/431281/download,d:/FILE AND TASK/TA/data/xeno_canto\Malacopteron_affine\XC431281_Malacopteron_affine.mp3,eeeef26086eab35568ba1e819cd44368678dc48e630dbf7746598fe7873c4e8f,Ready_Existing
90385,Malacopteron_affine,Malacopteron affine,Sooty-capped Babbler,False,B,Motoko Fujita,2011-10-14,08:45,Indonesia,Bukit Batu Wildlife Reserve,1.38594461063592,101.862344742694,,0:26,https://creativecommons.org/licenses/by-nc-nd/2.5/,https://xeno-canto.org/90385,https://xeno-canto.org/90385/download,d:/FILE AND TASK/TA/data/xeno_canto\Malacopteron_affine\XC90385_Malacopteron_affine.mp3,6e2c270f85ad5c5c659d0564280d98a8c8aac73c2ed67d3a150bc5e175117892,Ready_Existing
34479,Malacopteron_affine,Malacopteron affine,Sooty-capped Babbler,False,B,Tjalle Boorsma,2007-06-00,??:??,Indonesia,"Swanslutung, Gunung Lumut Protection Forest, East Kalimantan, Borneo",-1.4001,115.8667,,0:19,https://creativecommons.org/licenses/by-nc-nd/2.5/,https://xeno-canto.org/34479,https://xeno-canto.org/34479/download,d:/FILE AND TASK/TA/data/xeno_canto\Malacopteron_affine\XC34479_Malacopteron_affine.mp3,c265a24a960001f73f2d64eca3b4da8ce4d6fd269da1ef14a38efc206dc52e14,Ready_Existing
24406,Malacopteron_affine,Malacopteron affine,Sooty-capped Babbler,False,B,Sander Pieterse &amp; Ben Wielstra,2005-01-23,?,Indonesia,"Pinang Jatus, Gunung Lumut Protection Forest, East Kalimantan, Borneo",-1.3806,116.1306,,0:27,https://creativecommons.org/licenses/by-nc-nd/2.5/,https://xeno-canto.org/24406,https://xeno-canto.org/24406/download,d:/FILE AND TASK/TA/data/xeno_canto\Malacopteron_affine\XC24406_Malacopteron_affine.mp3,9eb7032463996809c52cf3c821f2b0dc1cd6d34fcd10bbc1fb5049fed5a738be,Ready_Existing
603383,Malacopteron_affine,Malacopteron affine,Sooty-capped Babbler,False,C,Muhammad Iqbal,2020-11-13,15:00,Indonesia,"Teluk Meranti, Kabupaten Pelalawan, Riau",0.3836,102.7679,,0:18,https://creativecommons.org/licenses/by-nc-sa/4.0/,https://xeno-canto.org/603383,https://xeno-canto.org/603383/download,d:/FILE AND TASK/TA/data/xeno_canto\Malacopteron_affine\XC603383_Malacopteron_affine.mp3,e32292ac7a996803a1de6ad4ab46fef79e1654b41985bbee1a3b8af06da594ab,Ready_Existing
34480,Malacopteron_affine,Malacopteron affine,Sooty-capped Babbler,False,C,Tjalle Boorsma,2007-06-00,??:??,Indonesia,"Swanslutung, Gunung Lumut Protection Forest, East Kalimantan, Borneo",-1.4001,115.8667,,0:14,https://creativecommons.org/licenses/by-nc-nd/2.5/,https://xeno-canto.org/34480,https://xeno-canto.org/34480/download,d:/FILE AND TASK/TA/data/xeno_canto\Malacopteron_affine\XC34480_Malacopteron_affine.mp3,d35b8937a5338fa1336f48c722f875ba922c9b4d1ab49d1e21eb7dccf228b1ec,Ready_Existing
1076407,Aethopyga_siparaja,Aethopyga siparaja,Crimson Sunbird,False,A,Richard E. Webster,2025-11-21,08:11,Indonesia,"Siliwanga forest patches, Poso Regency, Central Sulawesi",-1.5462,120.3323,,0:41,https://creativecommons.org/licenses/by-nc-sa/4.0/,https://xeno-canto.org/1076407,https://xeno-canto.org/1076407/download,d:/FILE AND TASK/TA/data/xeno_canto\Aethopyga_siparaja\XC1076407_Aethopyga_siparaja.mp3,b20f2992837f1bffa29551482e2557b44b8cb4b37a5815067c34861d97f2af7c,Downloaded_Fresh
930796,Aethopyga_siparaja,Aethopyga siparaja,Crimson Sunbird,False,A,Ding Li Yong,2024-08-04,09:00,Indonesia,Sulawesi: Tangkoko hills,1.556,125.17,,0:17,https://creativecommons.org/licenses/by-nc-nd/4.0/,https://xeno-canto.org/930796,https://xeno-canto.org/930796/download,d:/FILE AND TASK/TA/data/xeno_canto\Aethopyga_siparaja\XC930796_Aethopyga_siparaja.mp3,ce21256420cbb463701d9c1d89190509def76da0cf801bb99130bdd372bc9787,Downloaded_Fresh
895139,Aethopyga_siparaja,Aethopyga siparaja,Crimson Sunbird,False,A,Ding Li Yong,2024-04-06,13:30,Indonesia,"Malang Rapat, Bintan Regency, Riau Islands",1.1528,104.5741,,0:29,https://creativecommons.org/licenses/by-nc-nd/4.0/,https://xeno-canto.org/895139,https://xeno-canto.org/895139/download,d:/FILE AND TASK/TA/data/xeno_canto\Aethopyga_siparaja\XC895139_Aethopyga_siparaja.mp3,2de8f0c635ecb8c0fb1723d977997b7a2e35a7d66db0d5b25b849e7bed6e9d32,Downloaded_Fresh
894701,Aethopyga_siparaja,Aethopyga siparaja,Crimson Sunbird,False,A,Ding Li Yong,2024-04-07,09:30,Indonesia,"Gunung Kijang trail, Bintan Regency, Riau Islands",1.1457,104.5666,,1:01,https://creativecommons.org/licenses/by-nc-nd/4.0/,https://xeno-canto.org/894701,https://xeno-canto.org/894701/download,d:/FILE AND TASK/TA/data/xeno_canto\Aethopyga_siparaja\XC894701_Aethopyga_siparaja.mp3,3c2417ffe79fa7753e39da2c750ae30a19d1d50cb13bc128ca2ad0f8cfd37f44,Downloaded_Fresh
806242,Aethopyga_siparaja,Aethopyga siparaja,Crimson Sunbird,False,A,Ding Li Yong,2017-03-20,07:30,Indonesia,"Teupah Barat, Kabupaten Simeulue, Aceh",2.4634,96.3007,,0:16,https://creativecommons.org/licenses/by-nc-nd/4.0/,https://xeno-canto.org/806242,https://xeno-canto.org/806242/download,d:/FILE AND TASK/TA/data/xeno_canto\Aethopyga_siparaja\XC806242_Aethopyga_siparaja.mp3,b10e7159f3fcdf9f319b28a2049a045f934c13c576e1836debb2ae819b6ee78e,Downloaded_Fresh
757146,Aethopyga_siparaja,Aethopyga siparaja,Crimson Sunbird,False,A,Ding Li Yong,2017-03-21,09:00,Indonesia,"Simeulue Timur, Kabupaten Simeulue, Aceh",2.5455,96.2923,,0:22,https://creativecommons.org/licenses/by-nc-nd/4.0/,https://xeno-canto.org/757146,https://xeno-canto.org/757146/download,d:/FILE AND TASK/TA/data/xeno_canto\Aethopyga_siparaja\XC757146_Aethopyga_siparaja.mp3,a330377da934b191f28d7c972d19c51abc7084eb8677c6b47b5387fa76eb5130,Downloaded_Fresh
934319,Aethopyga_siparaja,Aethopyga siparaja,Crimson Sunbird,False,B,Ding Li Yong,2024-08-01,08:30,Indonesia,"Gunung Mahawu, Minahasa, North Sulawesi",1.35,124.8664,,0:44,https://creativecommons.org/licenses/by-nc-nd/4.0/,https://xeno-canto.org/934319,https://xeno-canto.org/934319/download,d:/FILE AND TASK/TA/data/xeno_canto\Aethopyga_siparaja\XC934319_Aethopyga_siparaja.mp3,fa58c2e47e46df1c86a76b56eee5629bf43c1faf42e6f39ff84e177daf270cf9,Downloaded_Fresh
498368,Aethopyga_siparaja,Aethopyga siparaja,Crimson Sunbird,False,B,Frank Lambert,2019-08-23,08:10,Indonesia,"North Siberut, Kepulauan Mentawai, West Sumatra",-1.1963,98.9791,,0:56,https://creativecommons.org/licenses/by-nc-nd/4.0/,https://xeno-canto.org/498368,https://xeno-canto.org/498368/download,d:/FILE AND TASK/TA/data/xeno_canto\Aethopyga_siparaja\XC498368_Aethopyga_siparaja.mp3,218b3e247aca2c7a98dcf0828b33ef6c6dd9945ffb8632f02b5c692cd9ff7208,Reused_Local
498367,Aethopyga_siparaja,Aethopyga siparaja,Crimson Sunbird,False,B,Frank Lambert,2019-08-24,08:25,Indonesia,"North Siberut, Kepulauan Mentawai, West Sumatra",-1.1963,98.9791,,0:31,https://creativecommons.org/licenses/by-nc-nd/4.0/,https://xeno-canto.org/498367,https://xeno-canto.org/498367/download,d:/FILE AND TASK/TA/data/xeno_canto\Aethopyga_siparaja\XC498367_Aethopyga_siparaja.mp3,5e0b8e30441b82ed12d9c259a6df479d968bfd989759e976b4ef9e5b63909562,Reused_Local
490571,Aethopyga_siparaja,Aethopyga siparaja,Crimson Sunbird,False,B,Ross Gallardy,2019-07-12,08:00,Indonesia,"Linggi, Simeulue",2.4987,96.3256,,1:20,https://creativecommons.org/licenses/by-nc-sa/4.0/,https://xeno-canto.org/490571,https://xeno-canto.org/490571/download,d:/FILE AND TASK/TA/data/xeno_canto\Aethopyga_siparaja\XC490571_Aethopyga_siparaja.mp3,162957113a52e7ea0f9bb719a635b916e5b4b80c2f2c5ccf656f3679507f1a3c,Downloaded_Fresh
490569,Aethopyga_siparaja,Aethopyga siparaja,Crimson Sunbird,False,B,Ross Gallardy,2019-07-12,08:00,Indonesia,"Linggi, Simeulue",2.4987,96.3256,,0:34,https://creativecommons.org/licenses/by-nc-sa/4.0/,https://xeno-canto.org/490569,https://xeno-canto.org/490569/download,d:/FILE AND TASK/TA/data/xeno_canto\Aethopyga_siparaja\XC490569_Aethopyga_siparaja.mp3,78439ada341369f4ce3eb0c03cfc5ccba88c74ede2b2ec5331612b68b4829d97,Downloaded_Fresh
431799,Aethopyga_siparaja,Aethopyga siparaja,Crimson Sunbird,False,C,Oscar Johnson,2018-03-06,15:00,Indonesia,"Siberut Selatan, Kabupaten Kepulauan Mentawai, Sumatera Barat",-1.604,99.1631,,2:17,https://creativecommons.org/licenses/by-nc-sa/4.0/,https://xeno-canto.org/431799,https://xeno-canto.org/431799/download,d:/FILE AND TASK/TA/data/xeno_canto\Aethopyga_siparaja\XC431799_Aethopyga_siparaja.mp3,20e37ec669c74d5119bc3e9a01cb67768140f071be03e2d56f90096b92a9cd8c,Downloaded_Fresh
243360,Aethopyga_siparaja,Aethopyga siparaja,Crimson Sunbird,False,C,Mike Nelson,2015-03-07,17:00,Indonesia,"Way Kambas NP, Lampung, Sumatra",-4.9178,105.7489,,0:28,https://creativecommons.org/licenses/by-nc-sa/4.0/,https://xeno-canto.org/243360,https://xeno-canto.org/243360/download,d:/FILE AND TASK/TA/data/xeno_canto\Aethopyga_siparaja\XC243360_Aethopyga_siparaja.mp3,6eb2b6b9abf15fdcffc01f61aabe236543817b3ade04f7c4511101b3fec671d1,Reused_Local
243357,Aethopyga_siparaja,Aethopyga siparaja,Crimson Sunbird,False,C,Mike Nelson,2015-03-07,17:00,Indonesia,"Way Kambas NP, Lampung, Sumatra",-4.9178,105.7489,,0:18,https://creativecommons.org/licenses/by-nc-sa/4.0/,https://xeno-canto.org/243357,https://xeno-canto.org/243357/download,d:/FILE AND TASK/TA/data/xeno_canto\Aethopyga_siparaja\XC243357_Aethopyga_siparaja.mp3,3524f6652a5528f9854c695f564262f4f8122f7ce82d7a936bf3009fb6e3b17b,Reused_Local
203106,Aethopyga_siparaja,Aethopyga siparaja,Crimson Sunbird,False,C,Surya Fajriani,2014-11-21,12:30,Indonesia,"Anggana, Kutai Kartanegara, East Kalimantan",-0.5439,117.2775,,2:41,https://creativecommons.org/licenses/by-sa/4.0/,https://xeno-canto.org/203106,https://xeno-canto.org/203106/download,d:/FILE AND TASK/TA/data/xeno_canto\Aethopyga_siparaja\XC203106_Aethopyga_siparaja.mp3,228d0d1a09bd9a81d7799ebc531ab3006314cc06c37a67bff6e48a72396101db,Downloaded_Fresh
89304,Aethopyga_siparaja,Aethopyga siparaja,Crimson Sunbird,False,C,Frank Lambert,2011-08-15,09:55,Indonesia,"Tapakolintang, Sulawesi (near Kotamobagu/Dumoge Bone)",0.4578,123.9889,,0:43,https://creativecommons.org/licenses/by-nc-nd/4.0/,https://xeno-canto.org/89304,https://xeno-canto.org/89304/download,d:/FILE AND TASK/TA/data/xeno_canto\Aethopyga_siparaja\XC89304_Aethopyga_siparaja.mp3,b48eff86fecefab7eecf2e4be3417d53a8c7a0b4aa9c8d7242169829d1f5c3d3,Downloaded_Fresh
89303,Aethopyga_siparaja,Aethopyga siparaja,Crimson Sunbird,False,C,Frank Lambert,2011-08-15,09:50,Indonesia,"Tapakolintang, Sulawesi (near Kotamobagu/Dumoge Bone)",0.4578,123.9889,,1:14,https://creativecommons.org/licenses/by-nc-nd/4.0/,https://xeno-canto.org/89303,https://xeno-canto.org/89303/download,d:/FILE AND TASK/TA/data/xeno_canto\Aethopyga_siparaja\XC89303_Aethopyga_siparaja.mp3,7e995acc587cfff8adeed04f699b5de64fe8acb92395892d5b6d594ad5e62f4f,Downloaded_Fresh
89302,Aethopyga_siparaja,Aethopyga siparaja,Crimson Sunbird,False,C,Frank Lambert,2011-08-15,09:35,Indonesia,"Tapakolintang, Sulawesi (near Kotamobagu/Dumoge Bone)",0.4578,123.9889,,0:38,https://creativecommons.org/licenses/by-nc-nd/4.0/,https://xeno-canto.org/89302,https://xeno-canto.org/89302/download,d:/FILE AND TASK/TA/data/xeno_canto\Aethopyga_siparaja\XC89302_Aethopyga_siparaja.mp3,f771bd1fd98350e4ef75c364cfe19a21ffdefefc3e742cbfb8b39bb3a325bde8,Downloaded_Fresh
89301,Aethopyga_siparaja,Aethopyga siparaja,Crimson Sunbird,False,C,Frank Lambert,2011-08-15,09:30,Indonesia,"Tapakolintang, Sulawesi (near Kotamobagu/Dumoge Bone)",0.4578,123.9889,,0:31,https://creativecommons.org/licenses/by-nc-nd/4.0/,https://xeno-canto.org/89301,https://xeno-canto.org/89301/download,d:/FILE AND TASK/TA/data/xeno_canto\Aethopyga_siparaja\XC89301_Aethopyga_siparaja.mp3,402ed6b069029241237eb39b28ee3ece08d9f524166f05076baf12c3aa1c0f4d,Downloaded_Fresh
71610,Aethopyga_siparaja,Aethopyga siparaja,Crimson Sunbird,False,C,Bas van Balen,1986-06-25,09:25,Indonesia,"Panaitan I, Banten, Java",-6.6177,105.2161,,0:20,https://creativecommons.org/licenses/by-nc-nd/2.5/,https://xeno-canto.org/71610,https://xeno-canto.org/71610/download,d:/FILE AND TASK/TA/data/xeno_canto\Aethopyga_siparaja\XC71610_Aethopyga_siparaja.mp3,8340ab4cac45d19f96f385a047cc78b6d850e5d9c942ebbfda007276ca8c9458,Downloaded_Fresh
71609,Aethopyga_siparaja,Aethopyga siparaja,Crimson Sunbird,False,C,Bas van Balen,1986-06-25,09:25,Indonesia,"Panaitan I, Banten, Java",-6.6177,105.2161,,0:31,https://creativecommons.org/licenses/by-nc-nd/2.5/,https://xeno-canto.org/71609,https://xeno-canto.org/71609/download,d:/FILE AND TASK/TA/data/xeno_canto\Aethopyga_siparaja\XC71609_Aethopyga_siparaja.mp3,4729fb636076e4a68c17471b2d7114956d248d3d378c29f0606cdcf732fd8808,Downloaded_Fresh
46900,Aethopyga_siparaja,Aethopyga siparaja,Crimson Sunbird,False,C,Bas van Balen,2008-12-03,8:32,Indonesia,"Pematanggadung, West Kalimantan, Borneo",-1.9487,110.2258,,0:19,https://creativecommons.org/licenses/by-nc-nd/2.5/,https://xeno-canto.org/46900,https://xeno-canto.org/46900/download,d:/FILE AND TASK/TA/data/xeno_canto\Aethopyga_siparaja\XC46900_Aethopyga_siparaja.mp3,c0f010fe5abb1845b2aad9eb42ee780f04f700cb655c0ade5729242789486789,Downloaded_Fresh
19655,Aethopyga_siparaja,Aethopyga siparaja,Crimson Sunbird,False,C,David Farrow,2006-10-02,?:?,Indonesia,"Lore Lindu National Park, Sulawesi ",-1.5159,120.2301,,0:18,https://creativecommons.org/licenses/by-nc-sa/3.0/,https://xeno-canto.org/19655,https://xeno-canto.org/19655/download,d:/FILE AND TASK/TA/data/xeno_canto\Aethopyga_siparaja\XC19655_Aethopyga_siparaja.mp3,ffb8850cc35cec3f98a9ab8d026b95314182bf9a3554f4910445987c8fef3765,Downloaded_Fresh
19050,Aethopyga_siparaja,Aethopyga siparaja,Crimson Sunbird,False,C,Sander Pieterse &amp; Ben Wielstra,2005-02-24,?,Indonesia,"Pinang Jatus, Gunung Lumut Protection Forest, East Kalimantan, Borneo",-1.3806,116.1306,,1:00,https://creativecommons.org/licenses/by-nc-nd/2.5/,https://xeno-canto.org/19050,https://xeno-canto.org/19050/download,d:/FILE AND TASK/TA/data/xeno_canto\Aethopyga_siparaja\XC19050_Aethopyga_siparaja.mp3,08a7b8d35e07fc52d2afa8ae1e6da977a2ef151b429adc9da002a3344c7fbbad,Downloaded_Fresh
152038,Aethopyga_siparaja,Aethopyga siparaja,Crimson Sunbird,False,D,Mike Nelson,2013-09-23,11:00,Indonesia,"Lolayan, Bolaang Mongondow, North Sulawesi",0.6512,124.2202,,0:24,https://creativecommons.org/licenses/by-nc-sa/3.0/,https://xeno-canto.org/152038,https://xeno-canto.org/152038/download,d:/FILE AND TASK/TA/data/xeno_canto\Aethopyga_siparaja\XC152038_Aethopyga_siparaja.mp3,dc8df1a93414f30aaa23e85b1856f4fc2fc370e48bd8cfefeb7bcfe0cca5ffdd,Downloaded_Fresh
110311,Aethopyga_siparaja,Aethopyga siparaja,Crimson Sunbird,False,D,Samuel Jones,2012-09-20,09:40,Indonesia,"Purukcahu, Central Kalimantan, Borneo",-0.604,114.575,,0:28,https://creativecommons.org/licenses/by-nc-nd/2.5/,https://xeno-canto.org/110311,https://xeno-canto.org/110311/download,d:/FILE AND TASK/TA/data/xeno_canto\Aethopyga_siparaja\XC110311_Aethopyga_siparaja.mp3,a9894065a6d5efe3a23653082749a659096e32411553d18af811f578ba41ce89,Downloaded_Fresh
738171,Dicaeum_trigonostigma,Dicaeum trigonostigma,Orange-bellied Flowerpecker,False,A,Geoff Carey,2022-03-24,07:00,Indonesia,"Sarinbuana, Selemadeg, Tabanan Regency, Bali",-8.3832,115.0782,,1:14,https://creativecommons.org/licenses/by-nc-sa/4.0/,https://xeno-canto.org/738171,https://xeno-canto.org/738171/download,d:/FILE AND TASK/TA/data/xeno_canto\Dicaeum_trigonostigma\XC738171_Dicaeum_trigonostigma.mp3,e88689e6052550efa90d0aff910076033064464e0994a22405210c53bb2d1497,Downloaded_Fresh
738170,Dicaeum_trigonostigma,Dicaeum trigonostigma,Orange-bellied Flowerpecker,False,A,Geoff Carey,2022-03-22,07:30,Indonesia,"Sarinbuana, Selemadeg, Tabanan Regency, Bali",-8.3832,115.0782,,0:47,https://creativecommons.org/licenses/by-nc-sa/4.0/,https://xeno-canto.org/738170,https://xeno-canto.org/738170/download,d:/FILE AND TASK/TA/data/xeno_canto\Dicaeum_trigonostigma\XC738170_Dicaeum_trigonostigma.mp3,090a212340e098d96bef5b01377d0bc2bfb00b81d931be0771f85ae8fc054d63,Downloaded_Fresh
618469,Dicaeum_trigonostigma,Dicaeum trigonostigma,Orange-bellied Flowerpecker,False,A,Teus Luijendijk,1996-04-01,?,Indonesia,"Carita, West Java ",-6.2781,105.8537,,0:19,https://creativecommons.org/licenses/by-nc-nd/4.0/,https://xeno-canto.org/618469,https://xeno-canto.org/618469/download,d:/FILE AND TASK/TA/data/xeno_canto\Dicaeum_trigonostigma\XC618469_Dicaeum_trigonostigma.mp3,863c210107cacc45372093cf208d50ee9cea16710b4b5790bc377b61f836dc73,Downloaded_Fresh
501381,Dicaeum_trigonostigma,Dicaeum trigonostigma,Orange-bellied Flowerpecker,False,A,Frank Lambert,2019-09-01,09:55,Indonesia,"Teupah Selatan, Kabupaten Simeulue, Aceh",2.3814,96.3509,,0:25,https://creativecommons.org/licenses/by-nc-nd/4.0/,https://xeno-canto.org/501381,https://xeno-canto.org/501381/download,d:/FILE AND TASK/TA/data/xeno_canto\Dicaeum_trigonostigma\XC501381_Dicaeum_trigonostigma.mp3,e3b9aec5d29588dd234fc1e9aee952bb3eee0a64a1f4b46370b9d5e2caf2f762,Downloaded_Fresh
498399,Dicaeum_trigonostigma,Dicaeum trigonostigma,Orange-bellied Flowerpecker,False,A,Frank Lambert,2019-08-23,10:34,Indonesia,"North Siberut, Kepulauan Mentawai, West Sumatra",-1.1963,98.9791,,0:48,https://creativecommons.org/licenses/by-nc-nd/4.0/,https://xeno-canto.org/498399,https://xeno-canto.org/498399/download,d:/FILE AND TASK/TA/data/xeno_canto\Dicaeum_trigonostigma\XC498399_Dicaeum_trigonostigma.mp3,7ffdaf07df4714775a9994d27ae3c26defe6384bf44d89ab5cce551ccd9a3770,Reused_Local
498398,Dicaeum_trigonostigma,Dicaeum trigonostigma,Orange-bellied Flowerpecker,False,A,Frank Lambert,2019-08-23,07:53,Indonesia,"North Siberut, Kepulauan Mentawai, West Sumatra",-1.1963,98.9791,,0:15,https://creativecommons.org/licenses/by-nc-nd/4.0/,https://xeno-canto.org/498398,https://xeno-canto.org/498398/download,d:/FILE AND TASK/TA/data/xeno_canto\Dicaeum_trigonostigma\XC498398_Dicaeum_trigonostigma.mp3,52be431aed11c667090ffd6464dea581390b5a99e1c334e80f5c6578ed586d15,Reused_Local
437828,Dicaeum_trigonostigma,Dicaeum trigonostigma,Orange-bellied Flowerpecker,False,A,Bruno Durand,2018-10-02,08:00,Indonesia,"Tegallalang, Kabupaten Gianyar, Bali",-8.4701,115.2792,,0:30,https://creativecommons.org/licenses/by-nc-sa/4.0/,https://xeno-canto.org/437828,https://xeno-canto.org/437828/download,d:/FILE AND TASK/TA/data/xeno_canto\Dicaeum_trigonostigma\XC437828_Dicaeum_trigonostigma.mp3,075a8a0d5e87d6295d12dfbb8a9822e2f1aefef7376a1f1a23d50985705ce8db,Downloaded_Fresh
894950,Dicaeum_trigonostigma,Dicaeum trigonostigma,Orange-bellied Flowerpecker,False,B,Ding Li Yong,2024-04-07,09:00,Indonesia,"Gunung Kijang trail, Bintan Regency, Riau Islands",1.1457,104.5666,,0:30,https://creativecommons.org/licenses/by-nc-nd/4.0/,https://xeno-canto.org/894950,https://xeno-canto.org/894950/download,d:/FILE AND TASK/TA/data/xeno_canto\Dicaeum_trigonostigma\XC894950_Dicaeum_trigonostigma.mp3,8606cce3dd3448e116f55d7dac0d4ae6f7eb789367d95df17498e3399850c8d9,Downloaded_Fresh
783611,Dicaeum_trigonostigma,Dicaeum trigonostigma,Orange-bellied Flowerpecker,False,B,Panji Gusti Akbar,2023-03-01,06:30,Indonesia,"Kecamatan Nyalindung, Kabupaten Sukabumi, Jawa Barat",-7.057,106.9113,,1:08,https://creativecommons.org/licenses/by-nc-sa/4.0/,https://xeno-canto.org/783611,https://xeno-canto.org/783611/download,d:/FILE AND TASK/TA/data/xeno_canto\Dicaeum_trigonostigma\XC783611_Dicaeum_trigonostigma.mp3,f4f4244cd1696873ce6a3670aebf7b9a87922a6989cfc39eb04362c0f093fbec,Downloaded_Fresh
666463,Dicaeum_trigonostigma,Dicaeum trigonostigma,Orange-bellied Flowerpecker,False,B,Panji Gusti Akbar,2021-07-31,11:30,Indonesia,"Girimulyo, Kabupaten Kulon Progo, Daerah Istimewa Yogyakarta",-7.767,110.1178,,0:34,https://creativecommons.org/licenses/by-nc-sa/4.0/,https://xeno-canto.org/666463,https://xeno-canto.org/666463/download,d:/FILE AND TASK/TA/data/xeno_canto\Dicaeum_trigonostigma\XC666463_Dicaeum_trigonostigma.mp3,f4af56ea7e375b043d972d554a6ccc69dff29246b63be4644c6b02b5eaee0918,Downloaded_Fresh
648922,Dicaeum_trigonostigma,Dicaeum trigonostigma,Orange-bellied Flowerpecker,False,B,Ding Li Yong,2017-03-23,08:00,Indonesia,"Simeulue Timur, Kabupaten Simeulue, Aceh",2.5455,96.2923,,0:26,https://creativecommons.org/licenses/by-nc-nd/4.0/,https://xeno-canto.org/648922,https://xeno-canto.org/648922/download,d:/FILE AND TASK/TA/data/xeno_canto\Dicaeum_trigonostigma\XC648922_Dicaeum_trigonostigma.mp3,0bfba69458263905f543f195af2fb95daa8564c715de4d0f5e020d88c16fa9e7,Downloaded_Fresh
244253,Dicaeum_trigonostigma,Dicaeum trigonostigma,Orange-bellied Flowerpecker,False,B,Paulo Alves,2015-05-16,10:00,Indonesia,"Carita, Kabupaten Pandeglang, Banten",-6.3233,105.8357,,0:38,https://creativecommons.org/licenses/by-nc-sa/4.0/,https://xeno-canto.org/244253,https://xeno-canto.org/244253/download,d:/FILE AND TASK/TA/data/xeno_canto\Dicaeum_trigonostigma\XC244253_Dicaeum_trigonostigma.mp3,0fe0a3c796dab1e97c28628b6e14d46a5bf39b7fd2dfaf1d0a1159efda61a2e7,Downloaded_Fresh
243374,Dicaeum_trigonostigma,Dicaeum trigonostigma,Orange-bellied Flowerpecker,False,B,Mike Nelson,2015-03-06,16:00,Indonesia,"Way Kambas NP, Lampung, Sumatra",-4.9178,105.7489,,0:21,https://creativecommons.org/licenses/by-nc-sa/4.0/,https://xeno-canto.org/243374,https://xeno-canto.org/243374/download,d:/FILE AND TASK/TA/data/xeno_canto\Dicaeum_trigonostigma\XC243374_Dicaeum_trigonostigma.mp3,952e325ff44686a0b12f6df127fdaab23c49c7009be493b04649025d5c6249a6,Reused_Local
243371,Dicaeum_trigonostigma,Dicaeum trigonostigma,Orange-bellied Flowerpecker,False,B,Mike Nelson,2015-03-06,16:00,Indonesia,"Way Kambas NP, Lampung, Sumatra",-4.9178,105.7489,,0:23,https://creativecommons.org/licenses/by-nc-sa/4.0/,https://xeno-canto.org/243371,https://xeno-canto.org/243371/download,d:/FILE AND TASK/TA/data/xeno_canto\Dicaeum_trigonostigma\XC243371_Dicaeum_trigonostigma.mp3,9b44ad13d2edf3ffdbff858f9f7c55058ebdc921969f85a3dbfd79d8ad4a1c4c,Reused_Local
242631,Dicaeum_trigonostigma,Dicaeum trigonostigma,Orange-bellied Flowerpecker,False,B,Mike Nelson,2015-03-02,15:30,Indonesia,"Tapan Road, West Sumatra, Sumatra",-2.0498,101.3073,,0:06,https://creativecommons.org/licenses/by-nc-sa/4.0/,https://xeno-canto.org/242631,https://xeno-canto.org/242631/download,d:/FILE AND TASK/TA/data/xeno_canto\Dicaeum_trigonostigma\XC242631_Dicaeum_trigonostigma.mp3,603cf8c1dc1f549472ab0991a1dbd2bd5916ed9697caa33de0abb328ed25be2e,Downloaded_Fresh
242630,Dicaeum_trigonostigma,Dicaeum trigonostigma,Orange-bellied Flowerpecker,False,B,Mike Nelson,2015-03-02,11:00,Indonesia,"Tapan Road, West Sumatra, Sumatra",-2.0498,101.3073,,0:30,https://creativecommons.org/licenses/by-nc-sa/4.0/,https://xeno-canto.org/242630,https://xeno-canto.org/242630/download,d:/FILE AND TASK/TA/data/xeno_canto\Dicaeum_trigonostigma\XC242630_Dicaeum_trigonostigma.mp3,2e2023de3079ba6f163b922925e695609eb3e79377e4195ca79f54389bb4958c,Downloaded_Fresh
236329,Dicaeum_trigonostigma,Dicaeum trigonostigma,Orange-bellied Flowerpecker,False,B,Paulo Alves,2015-04-12,11:00,Indonesia,"West Kapuas, Kabupaten Kapuas, Kalimantan Tengah",-2.7715,114.4807,,0:39,https://creativecommons.org/licenses/by-nc-sa/4.0/,https://xeno-canto.org/236329,https://xeno-canto.org/236329/download,d:/FILE AND TASK/TA/data/xeno_canto\Dicaeum_trigonostigma\XC236329_Dicaeum_trigonostigma.mp3,63a5f603ba92cb9fdf1afb0839462e68e82acbbef082c11bfb1672550bc96aa7,Downloaded_Fresh
236328,Dicaeum_trigonostigma,Dicaeum trigonostigma,Orange-bellied Flowerpecker,False,B,Paulo Alves,2015-04-12,11:00,Indonesia,"West Kapuas, Kabupaten Kapuas, Kalimantan Tengah",-2.7715,114.4807,,0:24,https://creativecommons.org/licenses/by-nc-sa/4.0/,https://xeno-canto.org/236328,https://xeno-canto.org/236328/download,d:/FILE AND TASK/TA/data/xeno_canto\Dicaeum_trigonostigma\XC236328_Dicaeum_trigonostigma.mp3,d3c514a0a4837d74e35549057271678e9c1169604f3b40db7639cd2e19e54ad4,Downloaded_Fresh
207823,Dicaeum_trigonostigma,Dicaeum trigonostigma,Orange-bellied Flowerpecker,False,B,Frank Lambert,2014-04-14,07:15,Indonesia,"Bakalalan-Bario Rd, Sarawak",3.9459,115.6019,,0:14,https://creativecommons.org/licenses/by-nc-nd/4.0/,https://xeno-canto.org/207823,https://xeno-canto.org/207823/download,d:/FILE AND TASK/TA/data/xeno_canto\Dicaeum_trigonostigma\XC207823_Dicaeum_trigonostigma.mp3,920aca844b958e410e45b8e4e327ea9a6f2764ba34ca02490fe51943687aaa66,Downloaded_Fresh
204066,Dicaeum_trigonostigma,Dicaeum trigonostigma,Orange-bellied Flowerpecker,False,B,Mike Nelson,2014-09-26,09:00,Indonesia,"Carita, West Java ",-6.2781,105.8537,,0:21,https://creativecommons.org/licenses/by-nc-sa/4.0/,https://xeno-canto.org/204066,https://xeno-canto.org/204066/download,d:/FILE AND TASK/TA/data/xeno_canto\Dicaeum_trigonostigma\XC204066_Dicaeum_trigonostigma.mp3,e110f17bbfbe0ea4285b49dd33120cd5dbe00e8336f8b0bd4e26c8b00b4f723a,Downloaded_Fresh
21053,Dicaeum_trigonostigma,Dicaeum trigonostigma,Orange-bellied Flowerpecker,False,B,Sander Pieterse &amp; Ben Wielstra,2005-02-22,?,Indonesia,"Pinang Jatus, Gunung Lumut Protection Forest, East Kalimantan, Borneo",-1.3806,116.1306,,1:03,https://creativecommons.org/licenses/by-nc-nd/2.5/,https://xeno-canto.org/21053,https://xeno-canto.org/21053/download,d:/FILE AND TASK/TA/data/xeno_canto\Dicaeum_trigonostigma\XC21053_Dicaeum_trigonostigma.mp3,8ef6bc0a2f9993ef485f8287b351003ac573486f639d756c3c30b84722bf5d23,Downloaded_Fresh
207825,Dicaeum_trigonostigma,Dicaeum trigonostigma,Orange-bellied Flowerpecker,False,C,Frank Lambert,2014-04-14,07:12,Indonesia,"Bakalalan-Bario Rd, Sarawak",3.9459,115.6019,,0:25,https://creativecommons.org/licenses/by-nc-nd/4.0/,https://xeno-canto.org/207825,https://xeno-canto.org/207825/download,d:/FILE AND TASK/TA/data/xeno_canto\Dicaeum_trigonostigma\XC207825_Dicaeum_trigonostigma.mp3,fc53f50f8e4ab61f5771cf2b109bf5eb240ad9f39dc937ce0887ba240e906fe7,Downloaded_Fresh
110308,Dicaeum_trigonostigma,Dicaeum trigonostigma,Orange-bellied Flowerpecker,False,C,Samuel Jones,2012-09-20,11:40,Indonesia,"Purukcahu, Central Kalimantan, Borneo",-0.604,114.575,,0:05,https://creativecommons.org/licenses/by-nc-nd/2.5/,https://xeno-canto.org/110308,https://xeno-canto.org/110308/download,d:/FILE AND TASK/TA/data/xeno_canto\Dicaeum_trigonostigma\XC110308_Dicaeum_trigonostigma.mp3,0a426c0b704e264945eb35aa1cedde5cb2126eebf3209c27356a56c6d745ed5e,Downloaded_Fresh
34523,Dicaeum_trigonostigma,Dicaeum trigonostigma,Orange-bellied Flowerpecker,False,C,Tjalle Boorsma,2007-04-00,??:??,Indonesia,"Mului, Gunung Lumut Protection Forest, East Kalimantan, Borneo",-1.4512,115.9984,,0:08,https://creativecommons.org/licenses/by-nc-nd/2.5/,https://xeno-canto.org/34523,https://xeno-canto.org/34523/download,d:/FILE AND TASK/TA/data/xeno_canto\Dicaeum_trigonostigma\XC34523_Dicaeum_trigonostigma.mp3,de19ab327498f09831ff8220ae4ce1bd43703076979f0dee634ca690dd7b6b6a,Downloaded_Fresh
