unknown_id,split_role,source_category,source_label,file_path,sha256
UNK_CALIB_BIRD_001,unknown_calibration,non_target_species,grekis,data/BirdClef/train_audio/grekis/iNat487226.ogg,6c86c8411ac6b6e01e3cefd4db27c7a493a3760b70571a2dac423a74c4cbed90
UNK_CALIB_BIRD_002,unknown_calibration,non_target_species,stbwoo2,data/BirdClef/train_audio/stbwoo2/XC275006.ogg,2512190546f381cd4a3f366a633fb64c3d31418b47371888629d7d32373eabb9
UNK_CALIB_BIRD_003,unknown_calibration,non_target_species,rubthr1,data/BirdClef/train_audio/rubthr1/iNat870334.ogg,6ff4e1f5dcbf7e1832da01dc001410316e1f5c96bba32b5c3eb3cac80fb1c62c
UNK_CALIB_BIRD_004,unknown_calibration,non_target_species,shcfly1,data/BirdClef/train_audio/shcfly1/XC249859.ogg,ee4db1051ddc32773583b6636ecaf285e66abec7b112fc03925215fb1395f632
UNK_CALIB_BIRD_005,unknown_calibration,non_target_species,rubthr1,data/BirdClef/train_audio/rubthr1/XC289104.ogg,bf6517b3ccd5c7b365cd1dc9a89362e7e38ebfca78d28b5bf4c8c8e5979deaf3
UNK_CALIB_BIRD_006,unknown_calibration,non_target_species,astcra1,data/BirdClef/train_audio/astcra1/XC185661.ogg,5af57be01c6b7c172fdd7b2f88b1720c69dadb05268b0d7c902945e8aca2fa11
UNK_CALIB_BIRD_007,unknown_calibration,non_target_species,chvcon1,data/BirdClef/train_audio/chvcon1/XC840158.ogg,37f3de266dd3a42cec89322e0da257bc74ca3f411853d87129bd2da16dbb05c4
UNK_CALIB_BIRD_008,unknown_calibration,non_target_species,chbmoc1,data/BirdClef/train_audio/chbmoc1/iNat136503.ogg,e9c7f7a2c68d3cd853ffa5f63cd5f417481eb4abd14a36a76ab4a425335c4c71
UNK_CALIB_BIRD_009,unknown_calibration,non_target_species,lesela1,data/BirdClef/train_audio/lesela1/iNat572871.ogg,a39c74d84bce588f4d2d91137c14855459f985e87d56202c8865a7fc61edf459
UNK_CALIB_BIRD_010,unknown_calibration,non_target_species,osprey,data/BirdClef/train_audio/osprey/XC192153.ogg,95b99019ddb49a092bf1962850e27ca1ebe0a032cf9fce94bd1823d624241afd
UNK_CALIB_BIRD_011,unknown_calibration,non_target_species,shcfly1,data/BirdClef/train_audio/shcfly1/XC178100.ogg,b2f8b07c29c0a2232469a3fac584cf10c287d6375062a20eb9a37ad985a60cd4
UNK_CALIB_BIRD_012,unknown_calibration,non_target_species,gilhum1,data/BirdClef/train_audio/gilhum1/XC51362.ogg,a16da13ae39f44f70178633a3a7142bb020cc327e8e71b5c9f7fb80199321611
UNK_CALIB_BIRD_013,unknown_calibration,non_target_species,toctou1,data/BirdClef/train_audio/toctou1/XC157478.ogg,057550ca8dface3db7656a20a617aecc91cfd72b42d6669820ba46e83a8c129d
UNK_CALIB_BIRD_014,unknown_calibration,non_target_species,eulfly1,data/BirdClef/train_audio/eulfly1/XC773068.ogg,61206ce56bfab38579bc6756caa18fa2f722443c4aec9c941074892f6add792a
UNK_CALIB_BIRD_015,unknown_calibration,non_target_species,schpar1,data/BirdClef/train_audio/schpar1/XC151472.ogg,b218a12b909188b79cdedc1fdd1d17cbf591d1ba3b118f31ba94891d79d57098
UNK_CALIB_BIRD_016,unknown_calibration,non_target_species,greani1,data/BirdClef/train_audio/greani1/XC472285.ogg,c0b438dc0c580a00fe261e10f52e0821689f0c5a62006ef0993d54e22a42fd65
UNK_CALIB_BIRD_017,unknown_calibration,non_target_species,socfly1,data/BirdClef/train_audio/socfly1/XC471368.ogg,1d990ac409863e03b6a97f04e0d213ff0c8fc4093528867e703a9f48af2df1dc
UNK_CALIB_BIRD_018,unknown_calibration,non_target_species,yecpar,data/BirdClef/train_audio/yecpar/iNat610044.ogg,b2ca321fa88d78f07167c081b13c90e86d8193ae57de972ad6d194b60fd07f20
UNK_CALIB_BIRD_019,unknown_calibration,non_target_species,shtnig1,data/BirdClef/train_audio/shtnig1/XC539729.ogg,08adb37f737a898fdd97ec5ecf2f57342bb771e75e4f6dc1ef7677a09fd4c512
UNK_CALIB_BIRD_020,unknown_calibration,non_target_species,horscr1,data/BirdClef/train_audio/horscr1/XC543855.ogg,67bb6820c9742d8b90f2c4ec30a9849698b39c85281d3390ef44f683710de634
UNK_CALIB_BIRD_021,unknown_calibration,non_target_species,gretho2,data/BirdClef/train_audio/gretho2/XC605330.ogg,192857137bfbd0b1a2fa1e8ad6fa887627470f486abb07c00cc0b4228128bb4e
UNK_CALIB_BIRD_022,unknown_calibration,non_target_species,rufhor2,data/BirdClef/train_audio/rufhor2/iNat70561.ogg,ab2247e4875069b771ba2daf5665c91f8e2d2d410ff24291134e2080dc7c7ffd
UNK_CALIB_BIRD_023,unknown_calibration,non_target_species,rubthr1,data/BirdClef/train_audio/rubthr1/XC325856.ogg,9488aed29481f5d70fa8a2942f2e903f157e918d807e1e3e26da613805ac62cb
UNK_CALIB_BIRD_024,unknown_calibration,non_target_species,yebela1,data/BirdClef/train_audio/yebela1/XC832948.ogg,f9acc993c748d0b0530d4819d684c73ed6fda000827640edeba49c332371b2fa
UNK_CALIB_BIRD_025,unknown_calibration,non_target_species,undtin1,data/BirdClef/train_audio/undtin1/XC225382.ogg,bfa28a16013b53f5313b79def3b44998fa248a0cc6406ce8ada79bfa69313e43
UNK_CALIB_BIRD_026,unknown_calibration,non_target_species,osprey,data/BirdClef/train_audio/osprey/XC288796.ogg,59c10b9d6062d5318a171da970e3627befbc225beb1b42f56885740ef4a39e05
UNK_CALIB_BIRD_027,unknown_calibration,non_target_species,rufhor2,data/BirdClef/train_audio/rufhor2/iNat1083534.ogg,0a8749f88a77d1e80fd1c76330c045e626696f0f525f1f242c72be5fc1b931d5
UNK_CALIB_BIRD_028,unknown_calibration,non_target_species,41970,data/BirdClef/train_audio/41970/XC992981.ogg,35c041b7ca4be2ad128587682d366afb8024b66ebd4e0e8b2ebacc3e94f8d282
UNK_CALIB_BIRD_029,unknown_calibration,non_target_species,rubthr1,data/BirdClef/train_audio/rubthr1/iNat1677445.ogg,031bea4de326b3c2a5ef34a713d6175ce892aba41a04ec2d89b640befe56b850
UNK_CALIB_BIRD_030,unknown_calibration,non_target_species,astcra1,data/BirdClef/train_audio/astcra1/iNat340846.ogg,3de7dfba8d3889309ddb5c8c256cb8b736b9ac84e3446b9abb95558dc59c44b9
UNK_CALIB_BIRD_031,unknown_calibration,non_target_species,socfly1,data/BirdClef/train_audio/socfly1/XC870664.ogg,8d7d64aaf4093c7a21015b7bf170906b6109922860cf3a570f3804940edf5540
UNK_CALIB_BIRD_032,unknown_calibration,non_target_species,yecpar,data/BirdClef/train_audio/yecpar/XC142780.ogg,12fe790f9fcb241db58fbd690048a61b8d5c5eecc197356b84a11dc6d4f20f52
UNK_CALIB_BIRD_033,unknown_calibration,non_target_species,whlspi1,data/BirdClef/train_audio/whlspi1/XC504550.ogg,9babedbbd43b930535d873c85a69e8695f3833fc899785a9f7c1dc6c00a29514
UNK_CALIB_BIRD_034,unknown_calibration,non_target_species,horscr1,data/BirdClef/train_audio/horscr1/XC257265.ogg,87befb2efd50d213f809aa4844b0ac3e11e44362e932e14b437f19464e7c48ad
UNK_CALIB_BIRD_035,unknown_calibration,non_target_species,bncfly,data/BirdClef/train_audio/bncfly/XC503050.ogg,b4b16a3f82c0a506b26b1866c0d9478a246e606b5c877ae901a672fa1c8f9763
UNK_CALIB_BIRD_036,unknown_calibration,non_target_species,gilhum1,data/BirdClef/train_audio/gilhum1/iNat1315146.ogg,335939a74f22ad276990fc5811cc6313ad7410fe0f9213bdd89000e12e24024d
UNK_CALIB_BIRD_037,unknown_calibration,non_target_species,41970,data/BirdClef/train_audio/41970/XC1044064.ogg,5d5c10686a2cb49654db0f49cca9eac0412d050d3948d73857eb6394561d9d1c
UNK_CALIB_BIRD_038,unknown_calibration,non_target_species,astcra1,data/BirdClef/train_audio/astcra1/XC470032.ogg,c8100bb76b585aaf8f4e067c2c2885e4f501f065088c106912676858b52f031c
UNK_CALIB_BIRD_039,unknown_calibration,non_target_species,ficman1,data/BirdClef/train_audio/ficman1/XC842441.ogg,ca29733565363848e76e5d7762f78ea015fa901eeb6ce08e7fef9ac6d0763a10
UNK_CALIB_BIRD_040,unknown_calibration,non_target_species,gilhum1,data/BirdClef/train_audio/gilhum1/iNat524852.ogg,92d0be2be6fed29e0c4950f9dc859315e4061bcf674f7ff18c514cf19a6f4c88
UNK_CALIB_BIRD_041,unknown_calibration,non_target_species,gretho2,data/BirdClef/train_audio/gretho2/XC631897.ogg,3c62eb5c58d39cca2d04aa41a55a428824c0bc2ee1a5fc80bd20aaa3b8e91668
UNK_CALIB_BIRD_042,unknown_calibration,non_target_species,grasal3,data/BirdClef/train_audio/grasal3/iNat584099.ogg,ed29679a6cb403fbf3bcc17e425d30af0df2920e01b47d0b7faefcfc87ed99bc
UNK_CALIB_BIRD_043,unknown_calibration,non_target_species,yecpar,data/BirdClef/train_audio/yecpar/XC820908.ogg,293eb2248c67df875667a77a8b7b05f259dc7678955c46c284faefe7c1708e56
UNK_CALIB_BIRD_044,unknown_calibration,non_target_species,chobla1,data/BirdClef/train_audio/chobla1/iNat301228.ogg,f10e440c0a91ef049145567202a60c5f82bbe884326f0b2afe24bc4897b8dc56
UNK_CALIB_BIRD_045,unknown_calibration,non_target_species,redjun,data/BirdClef/train_audio/redjun/XC669954.ogg,28e4fc13565344ae130568ad5248c546b80ffb43d9281c288e8a5d9c97534f24
UNK_CALIB_BIRD_046,unknown_calibration,non_target_species,rubthr1,data/BirdClef/train_audio/rubthr1/XC750296.ogg,1121117248d08e793471b02d2d7f1088fd4404649c8caa0b011fb99f4c2ffa87
UNK_CALIB_BIRD_047,unknown_calibration,non_target_species,bncfly,data/BirdClef/train_audio/bncfly/iNat1354928.ogg,27678d05ad4d69c8a9f8ef6027c41390576df4963c46e2dddabc85ce82a351dc
UNK_CALIB_BIRD_048,unknown_calibration,non_target_species,grekis,data/BirdClef/train_audio/grekis/iNat1268644.ogg,3cc04e52f3759b579cd07e7d46b4f2471655173e9622b98a8b16b6d5a046d9ea
UNK_CALIB_BIRD_049,unknown_calibration,non_target_species,socfly1,data/BirdClef/train_audio/socfly1/XC713773.ogg,6292137f63ca5c00e072594716b52a2ce438b1456b29d0a2f5b29bebec1d8ddd
UNK_CALIB_BIRD_050,unknown_calibration,non_target_species,socfly1,data/BirdClef/train_audio/socfly1/XC419445.ogg,0ea6248eba4cbbba898d81251551841708b4f1e315d95708d14c39cc332f9f0b
UNK_CALIB_BIRD_051,unknown_calibration,non_target_species,paltan1,data/BirdClef/train_audio/paltan1/iNat681493.ogg,4c62620ce32f5f1333371f555c9338b0dfd0acdb3269202932057816eecc54ea
UNK_CALIB_BIRD_052,unknown_calibration,non_target_species,rebscy1,data/BirdClef/train_audio/rebscy1/XC542261.ogg,493ab504dbde23a9e19bbd00d49459105260c6a345255ed06097a5ec262b2e80
UNK_CALIB_BIRD_053,unknown_calibration,non_target_species,scther1,data/BirdClef/train_audio/scther1/XC154386.ogg,12cc5cbbc5fbe8c094660957561148627e47d15933c54a279eea72cff42c16d9
UNK_CALIB_BIRD_054,unknown_calibration,non_target_species,compot1,data/BirdClef/train_audio/compot1/iNat1246481.ogg,6070917c9af91f715c921b803d9f29702b1d86ac46721d4e5a13701e5054b361
UNK_CALIB_BIRD_055,unknown_calibration,non_target_species,chobla1,data/BirdClef/train_audio/chobla1/XC470823.ogg,8e371a074f14f61255c9d8e678623d401d464c29ba1e0ac5c03fa6f058abea03
UNK_CALIB_BIRD_056,unknown_calibration,non_target_species,rufhor2,data/BirdClef/train_audio/rufhor2/iNat1686499.ogg,a196cdb2e0493d1ec8f7177234bb48181354c000d34722201c586a8f828d98ae
UNK_CALIB_BIRD_057,unknown_calibration,non_target_species,crebec1,data/BirdClef/train_audio/crebec1/XC82330.ogg,cfd96fdd540d645561bc6d4a8d26f6c67b87a49b42858f935ab94fba5802552e
UNK_CALIB_BIRD_058,unknown_calibration,non_target_species,chobla1,data/BirdClef/train_audio/chobla1/iNat343644.ogg,8741b27c9116cc7d11bb773ea8aea9ef4643e2bd104a4b92823b764c64837ae9
UNK_CALIB_BIRD_059,unknown_calibration,non_target_species,whnjay1,data/BirdClef/train_audio/whnjay1/XC82201.ogg,fa8a5329700b100bb565735ea9047aa9fa372f28b5621f92abd730be7efece5a
UNK_CALIB_BIRD_060,unknown_calibration,non_target_species,shcfly1,data/BirdClef/train_audio/shcfly1/iNat1411922.ogg,1be03fcc21affe61147328076692642988c59cce5f948d2f1b611b586a9306b0
UNK_CALIB_BIRD_061,unknown_calibration,non_target_species,litcuc2,data/BirdClef/train_audio/litcuc2/XC364156.ogg,2b46c06eb57ab8cc9f3fcd816ae876e34194a02e72286c02557575ad7f0c4cd8
UNK_CALIB_BIRD_062,unknown_calibration,non_target_species,rumfly1,data/BirdClef/train_audio/rumfly1/XC1035660.ogg,241788ca2e3acf71dcf1ecd5f9348e2a0ec5d19ee48bd6451c404480caa7d52f
UNK_CALIB_BIRD_063,unknown_calibration,non_target_species,chobla1,data/BirdClef/train_audio/chobla1/iNat1734742.ogg,3d1e11140ce51ead3a8aae2edccc7055131bdf56c18a99dbba895c78052d21e5
UNK_CALIB_BIRD_064,unknown_calibration,non_target_species,grekis,data/BirdClef/train_audio/grekis/iNat1690810.ogg,ab6c2d28ab194e3caf8d0dffd76e12574c57b8cfc80a27e213e3f87cade277a3
UNK_CALIB_BIRD_065,unknown_calibration,non_target_species,chobla1,data/BirdClef/train_audio/chobla1/iNat1632847.ogg,4d47d6803d4f66054f9bf0939cc0fc11cbf54e7e7f9f2bd13837b866c69d2f5a
UNK_CALIB_BIRD_066,unknown_calibration,non_target_species,osprey,data/BirdClef/train_audio/osprey/iNat1260839.ogg,6d17de57ba05ed6fbdbd7bc2202a90c54ceaf42fc9a7061678cc04fe6fcb6c52
UNK_CALIB_BIRD_067,unknown_calibration,non_target_species,fusfly1,data/BirdClef/train_audio/fusfly1/XC113719.ogg,4efe1ad81818a667735373040e341e9ff769f856bfd1ff5c944592f143226057
UNK_CALIB_BIRD_068,unknown_calibration,non_target_species,grfdov1,data/BirdClef/train_audio/grfdov1/XC238415.ogg,52f313d7182016b13bfe534523e58590f89e779a04336352bbe4e4f37b39030e
UNK_CALIB_BIRD_069,unknown_calibration,non_target_species,rufcas2,data/BirdClef/train_audio/rufcas2/XC613971.ogg,ac1431b95bdc95f006ef54ecd6390bf460607eaeee46e47452925dde509c7a5b
UNK_CALIB_BIRD_070,unknown_calibration,non_target_species,swtman1,data/BirdClef/train_audio/swtman1/iNat1427337.ogg,2404efd941fa6612168dbbf2ec42a5651f9762b52b0b78b533c8a7b5ac1c0817
UNK_CALIB_BIRD_071,unknown_calibration,non_target_species,whwpic1,data/BirdClef/train_audio/whwpic1/XC174555.ogg,e38f3e4f37b7d8c2641925e5fc8896ea475a1576de4c1ab45e8d0a66102e7a20
UNK_CALIB_BIRD_072,unknown_calibration,non_target_species,rufhor2,data/BirdClef/train_audio/rufhor2/iNat1437782.ogg,9e5872642f2537f5f30b151d01a728a400f4d9154e0a9edb9d51fb9c6aa4d9ed
UNK_CALIB_BIRD_073,unknown_calibration,non_target_species,grfdov1,data/BirdClef/train_audio/grfdov1/XC244891.ogg,c525b5055786e21dba4ce7c4a2734d67d5a2e596c65b080c92472d8bb25e8780
UNK_CALIB_BIRD_074,unknown_calibration,non_target_species,yebela1,data/BirdClef/train_audio/yebela1/XC425964.ogg,5f5a1996f46bfc6d308385c54f5dfb1dc2d259066f40d7adf27b237175885514
UNK_CALIB_BIRD_075,unknown_calibration,non_target_species,yebela1,data/BirdClef/train_audio/yebela1/XC737410.ogg,2f810983677888c83c85cf453e130bb575877046f7535e9e21723d23b9cddc79
UNK_CALIB_BIRD_076,unknown_calibration,non_target_species,toctou1,data/BirdClef/train_audio/toctou1/iNat1570179.ogg,86355144718492821a1f303c7f9e03272e79b14b4fc4db48845a2bdfc2d94b1f
UNK_CALIB_BIRD_077,unknown_calibration,non_target_species,rubthr1,data/BirdClef/train_audio/rubthr1/XC390666.ogg,1362b22e141eb86a277db71648265e443e856793a7848b4ea1e1ebfdcc6cf955
UNK_CALIB_BIRD_078,unknown_calibration,non_target_species,grekis,data/BirdClef/train_audio/grekis/iNat337439.ogg,7a69ab32b5e2f40c1d7aace0571a04584ccbcefd9e785ca4b575aa7649c03450
UNK_CALIB_BIRD_079,unknown_calibration,non_target_species,rebscy1,data/BirdClef/train_audio/rebscy1/XC529161.ogg,4089bef232dcd82c93dca24f1134b8c6380bfc7be4c4ef58b1f8fcb3af20348a
UNK_CALIB_BIRD_080,unknown_calibration,non_target_species,chbmoc1,data/BirdClef/train_audio/chbmoc1/XC789661.ogg,ea3c431f17acf9360486d651bb2b0a38f21a6d9595159d75a1ede53b8b846859
UNK_CALIB_BIRD_081,unknown_calibration,non_target_species,bncfly,data/BirdClef/train_audio/bncfly/XC781693.ogg,db871fbf7730edb0f7d514a7f3858bdc6402d2eea67f800d5bfce5546a3fa570
UNK_CALIB_BIRD_082,unknown_calibration,non_target_species,shcfly1,data/BirdClef/train_audio/shcfly1/XC82271.ogg,91f040977bc19eb590fbae43cd2780b754d802b8e2d36eee8f3d25429ee042d8
UNK_CALIB_BIRD_083,unknown_calibration,non_target_species,swtman1,data/BirdClef/train_audio/swtman1/XC366679.ogg,5fffa2b76d54fd7bfad1bec63a5534abe1245f553e0cc7d95f724965d7e85bad
UNK_CALIB_BIRD_084,unknown_calibration,non_target_species,gilhum1,data/BirdClef/train_audio/gilhum1/iNat556427.ogg,527572d6d1d868e94dfba5cfa0412da6f82d3d77d95b0a442286e475eda4cafb
UNK_CALIB_BIRD_085,unknown_calibration,non_target_species,eulfly1,data/BirdClef/train_audio/eulfly1/iNat1724529.ogg,829380584179ba8296bd33cb34db4862b235fb8579b9c6abdab68c82aec7eb3e
UNK_CALIB_BIRD_086,unknown_calibration,non_target_species,grfdov1,data/BirdClef/train_audio/grfdov1/XC985009.ogg,aa18c2b3b514e2b984c91f138027efc066d61263f1cb894956a167e1cd32b2eb
UNK_CALIB_BIRD_087,unknown_calibration,non_target_species,giwrai1,data/BirdClef/train_audio/giwrai1/XC824405.ogg,bca946a1246e71167267a1893ea8c28c8bb64db7260c8405d8504bed7f6da48d
UNK_CALIB_BIRD_088,unknown_calibration,non_target_species,grekis,data/BirdClef/train_audio/grekis/iNat1353864.ogg,4ea442366b7b4b694997efa22d04babc2dbe5bef3c7bb75e162e7d220b010cc3
UNK_CALIB_BIRD_089,unknown_calibration,non_target_species,fusfly1,data/BirdClef/train_audio/fusfly1/XC428344.ogg,edc774f7382de7c9de99427101221bec6aa179ab07d16bd29a76ca5de6979b3c
UNK_CALIB_BIRD_090,unknown_calibration,non_target_species,yebela1,data/BirdClef/train_audio/yebela1/XC504225.ogg,a148aa31e8000737e54e05168f53b9d2b152707dc444cf37dd5626d3af59e829
UNK_CALIB_BIRD_091,unknown_calibration,non_target_species,bncfly,data/BirdClef/train_audio/bncfly/iNat1622781.ogg,e11f7639b1f3397b2f36922361370a9488a55601485a1ee8c696d2ca8c9785fc
UNK_CALIB_BIRD_092,unknown_calibration,non_target_species,eulfly1,data/BirdClef/train_audio/eulfly1/XC542856.ogg,4676f0951b424c60fd1c23a76a39ec6610e5fd5e740721f21f3326c82721665b
UNK_CALIB_BIRD_093,unknown_calibration,non_target_species,47144,data/BirdClef/train_audio/47144/iNat1317366.ogg,9ce9f5265a81ea01c2fe90f6f7f2bae95e412996e781f36c3e15997308fa990b
UNK_CALIB_BIRD_094,unknown_calibration,non_target_species,flawar1,data/BirdClef/train_audio/flawar1/XC70099.ogg,2b7c89681a746b569c25426c62537f3383c183eaf56cde08f9843276a2d715b5
UNK_CALIB_BIRD_095,unknown_calibration,non_target_species,flawar1,data/BirdClef/train_audio/flawar1/XC427642.ogg,e36147cab0b26890b244d028984d606448afb80c973dd5e9cf1b6dd25d2eab0b
UNK_CALIB_BIRD_096,unknown_calibration,non_target_species,shcfly1,data/BirdClef/train_audio/shcfly1/XC830208.ogg,b7d810ca7988985e519eda95275ce0e22d38d8a15250082222d2539c21649ccd
UNK_CALIB_BIRD_097,unknown_calibration,non_target_species,bkhpar,data/BirdClef/train_audio/bkhpar/XC854892.ogg,f269421cbde807fb923529ffc1806bd571d95050062cf329bf76545846ba13ec
UNK_CALIB_BIRD_098,unknown_calibration,non_target_species,osprey,data/BirdClef/train_audio/osprey/XC760075.ogg,6c31543d8dbb5a028becb86cf48f442c646c1f70af145bb17dfa92915e994229
UNK_CALIB_BIRD_099,unknown_calibration,non_target_species,rufhor2,data/BirdClef/train_audio/rufhor2/iNat1653980.ogg,33e0dfe368fb2f05b128ccf1ed4863e5de53c087669965f63d755a1ebf69c689
UNK_CALIB_BIRD_100,unknown_calibration,non_target_species,crebec1,data/BirdClef/train_audio/crebec1/iNat1665804.ogg,576e707caaa3948bdbd67b456006ab86b970fc74e27ab055586c258662c8073d
UNK_CALIB_BIRD_101,unknown_calibration,non_target_species,undtin1,data/BirdClef/train_audio/undtin1/XC440942.ogg,d8fe5a1de3731f4bcc328e9720608f03d7a6c7d722180ce3a22e2a6a854fd1e8
UNK_CALIB_BIRD_102,unknown_calibration,non_target_species,grasal3,data/BirdClef/train_audio/grasal3/XC84659.ogg,5294f320183793cecf976fe569bd2e6858805e043fd1dc57573a0d377ce27ed2
UNK_CALIB_BIRD_103,unknown_calibration,non_target_species,rufhor2,data/BirdClef/train_audio/rufhor2/iNat102312.ogg,ae2d4154630bae88d207ed086a86522f3d1786595b093bd34d215ea29166302f
UNK_CALIB_BIRD_104,unknown_calibration,non_target_species,shtnig1,data/BirdClef/train_audio/shtnig1/XC266579.ogg,8a9618e7e903dbb6fba354ac7ea038ed35078ecbfd2f31706042a5b99fd0e300
UNK_CALIB_BIRD_105,unknown_calibration,non_target_species,glteme1,data/BirdClef/train_audio/glteme1/XC838063.ogg,71c8d8cfa025cbebb190fd41c756a54c5b046b16528fd4ddeb829f9ce35c99b2
UNK_CALIB_BIRD_106,unknown_calibration,non_target_species,chbmoc1,data/BirdClef/train_audio/chbmoc1/XC114960.ogg,495e21138e46473bc79e4914b3e98cc65517ea643df1372bde1f16c20d8526e8
UNK_CALIB_BIRD_107,unknown_calibration,non_target_species,bncfly,data/BirdClef/train_audio/bncfly/iNat1027478.ogg,575f9446a9451159d96be12b2838129346f2fae3c2d0a99c9fe04556d4d1f2d0
UNK_CALIB_BIRD_108,unknown_calibration,non_target_species,rufhor2,data/BirdClef/train_audio/rufhor2/XC80814.ogg,427524e6e9f995a841c6a378bde8850d3b28d8b99b9fd8eac5cfeafdf0d0da14
UNK_CALIB_BIRD_109,unknown_calibration,non_target_species,schpar1,data/BirdClef/train_audio/schpar1/XC414511.ogg,80379ce7ab15c8b820c7018bc2f8027697e3d1593297c71c3b757e7f14f01316
UNK_CALIB_BIRD_110,unknown_calibration,non_target_species,astcra1,data/BirdClef/train_audio/astcra1/XC381429.ogg,1d576af560884f1b7be37a30da0dd212542f41ffeec49ab6b2c05e9bd6280439
UNK_CALIB_BIRD_111,unknown_calibration,non_target_species,bunibi1,data/BirdClef/train_audio/bunibi1/XC699641.ogg,26c4a00bf4d284bba5d278a5389c11c4ebd5eb66a4fa8749a2e949428186796c
UNK_CALIB_BIRD_112,unknown_calibration,non_target_species,redjun,data/BirdClef/train_audio/redjun/iNat1199468.ogg,0a9274f6621494f97cf839394f5e2ad0b57c2027aa5309c747b22351884b9660
UNK_CALIB_BIRD_113,unknown_calibration,non_target_species,bafcur1,data/BirdClef/train_audio/bafcur1/iNat178310.ogg,a1836834ad06a693dd3a0b5a01658da74b568cb409f88cbb665fac9153b15440
UNK_CALIB_BIRD_114,unknown_calibration,non_target_species,rinkin1,data/BirdClef/train_audio/rinkin1/iNat678750.ogg,b811729002a272522621b3f9f414aeabe723c48012012290821c0dbfca629caa
UNK_CALIB_BIRD_115,unknown_calibration,non_target_species,flawar1,data/BirdClef/train_audio/flawar1/XC470879.ogg,84123888da7cacb1746f47456c9ffaa5fd6ca79dada11b9b560401fa996b06b4
UNK_CALIB_BIRD_116,unknown_calibration,non_target_species,mabpar,data/BirdClef/train_audio/mabpar/iNat1044902.ogg,b6b95c0df048676322f45c0eef4a9ce471b33b26c7968eea6a0a0669de79fbae
UNK_CALIB_BIRD_117,unknown_calibration,non_target_species,rinkin1,data/BirdClef/train_audio/rinkin1/XC423763.ogg,27ce9899634e6a0a22afcb44c754287511834961f225346fca929d1fed75a3c0
UNK_CALIB_BIRD_118,unknown_calibration,non_target_species,paltan1,data/BirdClef/train_audio/paltan1/XC245551.ogg,d64cb13ed6a9eb70498191101823c8ee6627b30fd2aac5356d8dc32bee54a75d
UNK_CALIB_BIRD_119,unknown_calibration,non_target_species,rubthr1,data/BirdClef/train_audio/rubthr1/XC394552.ogg,9658418717b52d4a01eb2e502b246d87aeb4a25e43a76d975e939c5a9d5e269c
UNK_CALIB_BIRD_120,unknown_calibration,non_target_species,eulfly1,data/BirdClef/train_audio/eulfly1/XC1069006.ogg,1989d6623342c633c5758d4d2fa532866351dabff4b339cf64e538b88319379e
UNK_CALIB_BIRD_121,unknown_calibration,non_target_species,phecuc1,data/BirdClef/train_audio/phecuc1/XC537800.ogg,1fa7941df7533fad8e21cbbbe8f942c6935b755c7e0274c90ac8a31a90f26285
UNK_CALIB_BIRD_122,unknown_calibration,non_target_species,whwpic1,data/BirdClef/train_audio/whwpic1/XC654278.ogg,7014b0983c79339239c0f6ff28389310382c81ae7f59ec7ba333b3bb1d828f3d
UNK_CALIB_BIRD_123,unknown_calibration,non_target_species,swtman1,data/BirdClef/train_audio/swtman1/iNat1459449.ogg,6b7ced1d3db59b6544b3926a7e4615ee8c947ef9a49e64d2ad9ca38f4ce157a8
UNK_CALIB_BIRD_124,unknown_calibration,non_target_species,sofspi1,data/BirdClef/train_audio/sofspi1/XC932685.ogg,b65796cfc88add935dcafed53797f7f7e97d91b32d69a978e0379623d0a4e56b
UNK_CALIB_BIRD_125,unknown_calibration,non_target_species,osprey,data/BirdClef/train_audio/osprey/iNat752281.ogg,5933e8a76bc2d7aa1f93ad83d7ba03e4bc8bbdd00c0acd62a8d0aea8be96fb78
UNK_CALIB_BIRD_126,unknown_calibration,non_target_species,bncfly,data/BirdClef/train_audio/bncfly/XC651154.ogg,c3c2928ebc436279facecedfcff2133ccf3f0f624bd32aaea18a0a2071677df7
UNK_CALIB_BIRD_127,unknown_calibration,non_target_species,astcra1,data/BirdClef/train_audio/astcra1/XC648834.ogg,61155bc1e7dd3c4cfb9d6c5ffde318701f4a4f6562f506c5b1a901ead0ba9416
UNK_CALIB_BIRD_128,unknown_calibration,non_target_species,eulfly1,data/BirdClef/train_audio/eulfly1/XC1068942.ogg,1c3ee47c589273603f98c35b93254ba9313eba6c8a9b340b109b3404434dd45d
UNK_CALIB_BIRD_129,unknown_calibration,non_target_species,bunibi1,data/BirdClef/train_audio/bunibi1/iNat1474672.ogg,f4d352f23a5b81537f329b9ae52e6822ef25a5d569c2565f3f91fda6e8d53fac
UNK_CALIB_BIRD_130,unknown_calibration,non_target_species,bncfly,data/BirdClef/train_audio/bncfly/XC285333.ogg,020b276935adb8272df225d109e4999aa8def4a94188414f59117bad38c71dcd
UNK_CALIB_BIRD_131,unknown_calibration,non_target_species,mabpar,data/BirdClef/train_audio/mabpar/iNat1418849.ogg,f490d70d722727173a205a305e5b8d8a65b8832f029266b4313d4bbf7dcfd339
UNK_CALIB_BIRD_132,unknown_calibration,non_target_species,rufhor2,data/BirdClef/train_audio/rufhor2/iNat154376.ogg,7a2930973a127c8aaefc2f90320b69995c488e93839490c40a508437fc29d5e6
UNK_CALIB_BIRD_133,unknown_calibration,non_target_species,fusfly1,data/BirdClef/train_audio/fusfly1/XC580447.ogg,7a8ca5a9ac7349ec5759e813c100601a675860a4751d84fe624da207da27a3dc
UNK_CALIB_BIRD_134,unknown_calibration,non_target_species,grasal3,data/BirdClef/train_audio/grasal3/iNat692780.ogg,4f20b8daade8718603ba28395047d687526c7d244ca4c69c7f06f88b6bdfeea5
UNK_CALIB_BIRD_135,unknown_calibration,non_target_species,whbwar2,data/BirdClef/train_audio/whbwar2/iNat680030.ogg,1204117e38756c1615f73e38b92150117376d713f13aa628553491527d6bb05b
UNK_CALIB_BIRD_136,unknown_calibration,non_target_species,sofspi1,data/BirdClef/train_audio/sofspi1/iNat401122.ogg,83fd3af74b85e6414bbe639242ede04e614a561ace0fbdc1104eff991f524757
UNK_CALIB_BIRD_137,unknown_calibration,non_target_species,flawar1,data/BirdClef/train_audio/flawar1/XC857481.ogg,cfe6221bf18a3f58a6305ef04ebc37d8279e3897099e15e08d62b1fd72c7d30e
UNK_CALIB_BIRD_138,unknown_calibration,non_target_species,swtman1,data/BirdClef/train_audio/swtman1/XC4849.ogg,d553e2efa11fcd6d6f1de3bed027c5b7cb5e4441acb4d1411bf13f4fd3d1aedf
UNK_CALIB_BIRD_139,unknown_calibration,non_target_species,flawar1,data/BirdClef/train_audio/flawar1/XC427653.ogg,3af2ddb925f050d5ba20f64dda8dfa01de494b649648cf0134c1389e9fc6aa7a
UNK_CALIB_BIRD_140,unknown_calibration,non_target_species,grekis,data/BirdClef/train_audio/grekis/XC9603.ogg,6be126910fdb5862c6e397caba6ce7324daf487872eab5e2aa405702a6ade9d8
UNK_CALIB_BIRD_141,unknown_calibration,non_target_species,rebscy1,data/BirdClef/train_audio/rebscy1/XC304371.ogg,1b711af1c1305b630e8c98bc2818cbf098b75ae0307065bf01d6355c269bb424
UNK_CALIB_BIRD_142,unknown_calibration,non_target_species,flawar1,data/BirdClef/train_audio/flawar1/XC344076.ogg,f3ae9c2d0bfd1e5ef48f0da422fc8bb5b3f71c88ded7b04b0d0fbe2b17ceb106
UNK_CALIB_BIRD_143,unknown_calibration,non_target_species,compot1,data/BirdClef/train_audio/compot1/iNat51752.ogg,df63dc9d6414dac99f7492cb479b75e9a801e733905ac9233d2c585d3888f4e0
UNK_CALIB_BIRD_144,unknown_calibration,non_target_species,orwpar,data/BirdClef/train_audio/orwpar/iNat814262.ogg,8813e8993b8f0b94b2bbf02f425fdfe4c3a635d836e49479af2ec700fc77cb1a
UNK_CALIB_BIRD_145,unknown_calibration,non_target_species,grasal3,data/BirdClef/train_audio/grasal3/iNat591429.ogg,546a2b88b3672b52c58820bbc0403a160b06a036c03742b0ef33791afd7472da
UNK_CALIB_BIRD_146,unknown_calibration,non_target_species,sofspi1,data/BirdClef/train_audio/sofspi1/XC261353.ogg,fe7116d055b51449961ea386491440fb4931bf43e9209447f1ff7cd7ee19ff59
UNK_CALIB_BIRD_147,unknown_calibration,non_target_species,yecpar,data/BirdClef/train_audio/yecpar/iNat1245643.ogg,6c79d8adfbe96f9dc18e2c2a4912c367e723e4345202693262054992a8a91143
UNK_CALIB_BIRD_148,unknown_calibration,non_target_species,eulfly1,data/BirdClef/train_audio/eulfly1/XC147127.ogg,448c257a5245eefef52d4a8f2dde2bb172cfdfef530793d799e29b5ae0a4c40d
UNK_CALIB_BIRD_149,unknown_calibration,non_target_species,gretho2,data/BirdClef/train_audio/gretho2/XC933490.ogg,e85542bfeb45dd9f924177a7fc22641c1a746689d24bf02e0295eaf344556ae4
UNK_CALIB_BIRD_150,unknown_calibration,non_target_species,socfly1,data/BirdClef/train_audio/socfly1/iNat387114.ogg,da556c63db9fc727624ae969a4547df94e16d18b3366d5c3044223783908e7f7
UNK_CALIB_BIRD_151,unknown_calibration,non_target_species,scther1,data/BirdClef/train_audio/scther1/XC464544.ogg,168d0df9daaadf362a01687d7535deebb57f5fdaadc71b1ea64b83017e5ecf8a
UNK_CALIB_BIRD_152,unknown_calibration,non_target_species,redjun,data/BirdClef/train_audio/redjun/XC883670.ogg,ac933cd825a8ee39d3b94332b26d9533fa921ea44c7d37810a5b356e0cb67231
UNK_CALIB_BIRD_153,unknown_calibration,non_target_species,eulfly1,data/BirdClef/train_audio/eulfly1/iNat1728038.ogg,7465a8ec2516e02a7c0b0953da1723dd37aa4cf4fa9c3cd1ceab42b2b7cc935a
UNK_CALIB_BIRD_154,unknown_calibration,non_target_species,whnjay1,data/BirdClef/train_audio/whnjay1/XC712443.ogg,7279b471073738e5024b69054ee66d5ffb9c7c32eae6ef2098b1a12937bf28fb
UNK_CALIB_BIRD_155,unknown_calibration,non_target_species,bkhpar,data/BirdClef/train_audio/bkhpar/XC195967.ogg,bbaee7b64c324ab61428ed3120a10b9510aabe10fda73b550635c298e8ae376d
UNK_CALIB_BIRD_156,unknown_calibration,non_target_species,osprey,data/BirdClef/train_audio/osprey/iNat1595562.ogg,17b3879d7d8f4ea460226640e66f7032c6eb641f59d0b66074ecdf9ef172e4b3
UNK_CALIB_BIRD_157,unknown_calibration,non_target_species,compot1,data/BirdClef/train_audio/compot1/XC191814.ogg,a072ce318af93dcf907450765760679cb4fc550612b859ce35a068c89cdae330
UNK_CALIB_BIRD_158,unknown_calibration,non_target_species,chbmoc1,data/BirdClef/train_audio/chbmoc1/iNat1437281.ogg,c70e48f4b8e7faa735f95c38193602517709dfd322236f0f463b8448b2c0c708
UNK_CALIB_BIRD_159,unknown_calibration,non_target_species,sofspi1,data/BirdClef/train_audio/sofspi1/XC743242.ogg,84dc01c21322ff3ba4c51314170402146c10ddb62e0c44b00422037aeabd412d
UNK_CALIB_BIRD_160,unknown_calibration,non_target_species,redjun,data/BirdClef/train_audio/redjun/XC773133.ogg,fcca448f7168628d0126ddae1e3f47dcb87b105a80fa74a070513ef29ae64667
UNK_CALIB_BIRD_161,unknown_calibration,non_target_species,yecpar,data/BirdClef/train_audio/yecpar/XC419903.ogg,7e1b85c3dec40d06fbd89e2d4b2262adf8511fe1f86f4057c6cbe4ef97af2531
UNK_CALIB_BIRD_162,unknown_calibration,non_target_species,bunibi1,data/BirdClef/train_audio/bunibi1/XC51391.ogg,f1b74a36b9b84c12255facdae5e9fa96690afee2a32c310cc72cb0df6049e6d4
UNK_CALIB_BIRD_163,unknown_calibration,non_target_species,rinkin1,data/BirdClef/train_audio/rinkin1/XC744403.ogg,02dac5a5aef817d823317859acb98374e1dd344908801c31632406665bd77575
UNK_CALIB_BIRD_164,unknown_calibration,non_target_species,baymac,data/BirdClef/train_audio/baymac/XC811923.ogg,0d6c6f06da19342db1542d9258901bb079f94b4fa72758a91c6361cfa3ef74f7
UNK_CALIB_BIRD_165,unknown_calibration,non_target_species,giwrai1,data/BirdClef/train_audio/giwrai1/iNat584376.ogg,c6dd9d4e996c26bac22192e875b65776cb7ff49dc71de11a846587a6a7a55e39
UNK_CALIB_BIRD_166,unknown_calibration,non_target_species,rumfly1,data/BirdClef/train_audio/rumfly1/XC390712.ogg,d1ce1f79504d25370a3904ac48ebaed7e1d3da706c31f4eb8a3f28e44d673487
UNK_CALIB_BIRD_167,unknown_calibration,non_target_species,orwpar,data/BirdClef/train_audio/orwpar/XC401276.ogg,fb39d59505f32cb4e5b4a266db5936e1335b9dab3abbd354e865f80673d02db7
UNK_CALIB_BIRD_168,unknown_calibration,non_target_species,yecmac,data/BirdClef/train_audio/yecmac/XC148973.ogg,2d60742853a9b542ec9b12cfea173531e558756e2cdbd624328a1f17f12e0aa9
UNK_CALIB_BIRD_169,unknown_calibration,non_target_species,giwrai1,data/BirdClef/train_audio/giwrai1/XC387335.ogg,082f9e783367e5d81a7e795cf275967fc4fbe343e82733de05e2afcaba10aac4
UNK_CALIB_BIRD_170,unknown_calibration,non_target_species,bkhpar,data/BirdClef/train_audio/bkhpar/XC85238.ogg,4129e9eccb2d95626810d390a618877c6e10b16b4f04f9673a7088301250e6bb
UNK_CALIB_BIRD_171,unknown_calibration,non_target_species,rebscy1,data/BirdClef/train_audio/rebscy1/XC303593.ogg,a353603a325651bd74a99d6d41de8c7a418f372d75003cbfbdd941cfdae4586f
UNK_CALIB_BIRD_172,unknown_calibration,non_target_species,socfly1,data/BirdClef/train_audio/socfly1/iNat415789.ogg,8be2acd53687b2a80737e01e02604b02412b723746489406052afc57f7874a82
UNK_CALIB_BIRD_173,unknown_calibration,non_target_species,redjun,data/BirdClef/train_audio/redjun/iNat737823.ogg,7886d239be3b87db91142ffe06e6a9ed5a3141fa57c49aca10ba3ddb6eab4e82
UNK_CALIB_BIRD_174,unknown_calibration,non_target_species,yebela1,data/BirdClef/train_audio/yebela1/XC250811.ogg,23e624f2361e0b0fea9e23baaca016f04771445252a18590717415a888b8e48b
UNK_CALIB_BIRD_175,unknown_calibration,non_target_species,redjun,data/BirdClef/train_audio/redjun/iNat735425.ogg,e01c3a31b488aa68bac2ce809a91dbb717d3d5b8ef870e0ac6d2bca58485f35b
UNK_CALIB_BIRD_176,unknown_calibration,non_target_species,gretho2,data/BirdClef/train_audio/gretho2/iNat693449.ogg,f0e255070e32a9093bf8d744f891f949f01ae28b278b3b955cf61c1816250cbb
UNK_CALIB_BIRD_177,unknown_calibration,non_target_species,socfly1,data/BirdClef/train_audio/socfly1/iNat242458.ogg,554a15342d4f7513ae76125f648d794386378dc3828d2a2370a5acd2e7d2c8e6
UNK_CALIB_BIRD_178,unknown_calibration,non_target_species,chbmoc1,data/BirdClef/train_audio/chbmoc1/iNat1258194.ogg,73dda3c9a053afc9a8ca09d1ad2a22a9bf45088a334e613c65ec5e8205d86ef3
UNK_CALIB_BIRD_179,unknown_calibration,non_target_species,rufgna3,data/BirdClef/train_audio/rufgna3/XC499711.ogg,25b9d5c8f1f376365314c0ede0a0fac404b624060ff319ec83d19189d61704fe
UNK_CALIB_BIRD_180,unknown_calibration,non_target_species,blheag1,data/BirdClef/train_audio/blheag1/XC182112.ogg,be1cf1675722e40aab35917bcff7c603709d16a9d861a9da08fb58ca09317f83
UNK_CALIB_BIRD_181,unknown_calibration,non_target_species,socfly1,data/BirdClef/train_audio/socfly1/XC894784.ogg,f6896b5d32aae78162bce8a1db56dd7c22a909b8b4a2144737d8aee073bf6601
UNK_CALIB_BIRD_182,unknown_calibration,non_target_species,osprey,data/BirdClef/train_audio/osprey/XC599672.ogg,b7c30cd69abf97ab302ba5655633f72a4dfaf508652b34ac45238b1b6029c2f8
UNK_CALIB_BIRD_183,unknown_calibration,non_target_species,grasal3,data/BirdClef/train_audio/grasal3/XC896248.ogg,38264510b85c6ff04680a99ee8ca096ae46e7a53ea501dbc2c81cb5f5f11200e
UNK_CALIB_BIRD_184,unknown_calibration,non_target_species,undtin1,data/BirdClef/train_audio/undtin1/iNat165002.ogg,13ab493437486b4e3dc9443249c40f87dabdc077f030f51813832fb466f98810
UNK_CALIB_BIRD_185,unknown_calibration,non_target_species,astcra1,data/BirdClef/train_audio/astcra1/XC358389.ogg,2f2ef60173c73c09ce3c08509b624dbee16e9eb6e757c518a69948319922b152
UNK_CALIB_BIRD_186,unknown_calibration,non_target_species,grasal3,data/BirdClef/train_audio/grasal3/iNat1277700.ogg,7cb100dde6e7502148a1f3264bbdf53ef32327fe510dc0ddbc296f66ef8c8e29
UNK_CALIB_BIRD_187,unknown_calibration,non_target_species,redjun,data/BirdClef/train_audio/redjun/XC858990.ogg,8251b09d1ccbac1ad415e70dafe6a4c4067189d14267a6e1a11301b671049005
UNK_CALIB_BIRD_188,unknown_calibration,non_target_species,whwpic1,data/BirdClef/train_audio/whwpic1/XC803303.ogg,0582c88c83ca0edbb4ec2db023c84abee6e7f827ad373525e1991eec958d7db7
UNK_CALIB_BIRD_189,unknown_calibration,non_target_species,swtman1,data/BirdClef/train_audio/swtman1/XC186120.ogg,3fac138ee3909729faa1610da0a61a5dd25e929643333f0c4811a6230c0d3f73
UNK_CALIB_BIRD_190,unknown_calibration,non_target_species,saytan1,data/BirdClef/train_audio/saytan1/XC993197.ogg,dfc1e133f16efec0d599789b5ecb102727d3059a744ee0ef41b7642c7a8a3e90
UNK_CALIB_BIRD_191,unknown_calibration,non_target_species,blheag1,data/BirdClef/train_audio/blheag1/iNat347815.ogg,a604627df7f159c997e9229a3b9ca518f42d28d196d98f98320f4a5caba48301
UNK_CALIB_BIRD_192,unknown_calibration,non_target_species,rufgna3,data/BirdClef/train_audio/rufgna3/iNat1277855.ogg,db32bbbf1d036a67e101611563b914558094f0b19d899f29577ff887d92d30e1
UNK_CALIB_BIRD_193,unknown_calibration,non_target_species,bncfly,data/BirdClef/train_audio/bncfly/XC796831.ogg,50e327476717f1ae024f686098c5ad2d5b1f070526d7a6b5e4050e009bb9b724
UNK_CALIB_BIRD_194,unknown_calibration,non_target_species,greani1,data/BirdClef/train_audio/greani1/XC131095.ogg,2376619ace7b67040c58e3c056a54d2970816bcccb959883d4ba47a5887002cf
UNK_CALIB_BIRD_195,unknown_calibration,non_target_species,grasal3,data/BirdClef/train_audio/grasal3/XC84663.ogg,463ec8c4a087abce4239bd7a26ac7f8916e7515433eb84054a9e71b5ad1aa5ef
UNK_CALIB_BIRD_196,unknown_calibration,non_target_species,stbwoo2,data/BirdClef/train_audio/stbwoo2/iNat1354633.ogg,a1654aec2108685885e15418b21168bbad8fb291daed347c1339cedab4b007d3
UNK_CALIB_BIRD_197,unknown_calibration,non_target_species,sobcac1,data/BirdClef/train_audio/sobcac1/iNat541335.ogg,a30e2888f200729f4a4aaf088bb553d675e3c11c985a8ca1e08ddaa03930e02b
UNK_CALIB_BIRD_198,unknown_calibration,non_target_species,rufhor2,data/BirdClef/train_audio/rufhor2/iNat1397840.ogg,deb9505d175fc68b8a795898305ad2abd321acca3f07a052eced3d49a6e21679
UNK_CALIB_BIRD_199,unknown_calibration,non_target_species,yecmac,data/BirdClef/train_audio/yecmac/XC1719.ogg,87a09ae5f5bdc3d0ced10b37fb4e0f5b5975242a938156265475a2c4c8d86ac5
UNK_CALIB_BIRD_200,unknown_calibration,non_target_species,chobla1,data/BirdClef/train_audio/chobla1/XC421373.ogg,95b3b2bf9d32cdd4e0cf2f16ff6f61b045932de471e6bd26b95179920c99d6fe
UNK_CALIB_BIRD_201,unknown_calibration,non_target_species,phecuc1,data/BirdClef/train_audio/phecuc1/XC123210.ogg,e3114d249fb25b33ddfb7c97f76a656998d2dc3ba619f8ff6d94a6eeea6b924d
UNK_CALIB_BIRD_202,unknown_calibration,non_target_species,compot1,data/BirdClef/train_audio/compot1/iNat570351.ogg,991ac64eaf72f3198b00b418ab79a3db7ecebf3d454b7ea2b0e2963ca4c94b70
UNK_CALIB_BIRD_203,unknown_calibration,non_target_species,stbwoo2,data/BirdClef/train_audio/stbwoo2/XC244932.ogg,37a889bd20a98a9c922cbb59e652cf2a8b61afac4474d449cf618f1f96752bd1
UNK_CALIB_BIRD_204,unknown_calibration,non_target_species,bncfly,data/BirdClef/train_audio/bncfly/iNat355908.ogg,aa8517d8d59904c9d137623c982cf63c7920cd71da35f333c2255e81591276de
UNK_CALIB_BIRD_205,unknown_calibration,non_target_species,shcfly1,data/BirdClef/train_audio/shcfly1/XC6052.ogg,a7db3cfda43097034c7a654651adcec01995b15713ff8e893e2889da6b388b93
UNK_CALIB_BIRD_206,unknown_calibration,non_target_species,stbwoo2,data/BirdClef/train_audio/stbwoo2/XC2314.ogg,ac89b848ae062d741ef1589f548329d5b265ca5b826ed5876adcd9318bad46ee
UNK_CALIB_BIRD_207,unknown_calibration,non_target_species,astcra1,data/BirdClef/train_audio/astcra1/XC291613.ogg,60297f74c7f0bafedb7a26e0a7e82ff7bed2b64d30dfb62e8df78afb8a61ddf3
UNK_CALIB_BIRD_208,unknown_calibration,non_target_species,paltan1,data/BirdClef/train_audio/paltan1/XC123441.ogg,292dd72a2de0ecf194c5d17df13f284427820de4fc1251d6afe6d8ef16c14e41
UNK_CALIB_BIRD_209,unknown_calibration,non_target_species,rebscy1,data/BirdClef/train_audio/rebscy1/XC963591.ogg,24c732df7f3c9d9e589946a114dd1402255b657aaa602834154936d37e40436d
UNK_CALIB_BIRD_210,unknown_calibration,non_target_species,tattin1,data/BirdClef/train_audio/tattin1/iNat1653373.ogg,855cde1e94d6d60213304cc1d9e4917aab3cef4326ac28392dfd881e73663d67
UNK_CALIB_BIRD_211,unknown_calibration,non_target_species,greani1,data/BirdClef/train_audio/greani1/XC244940.ogg,70d31c87403bc871bea9a1147cf503c29dc2f8204881d1ab96a5e442f97997e8
UNK_CALIB_BIRD_212,unknown_calibration,non_target_species,swtman1,data/BirdClef/train_audio/swtman1/XC725059.ogg,f2158e78ff26243e95dbb870f40b8d1ce5bb7943dbc687cb3ebffcb3ba7f0847
UNK_CALIB_BIRD_213,unknown_calibration,non_target_species,grekis,data/BirdClef/train_audio/grekis/iNat586116.ogg,7e6da5ee0ae260ed026cc17f70572312ab9be612e0b58b3143c6e7de5155e69e
UNK_CALIB_BIRD_214,unknown_calibration,non_target_species,bncfly,data/BirdClef/train_audio/bncfly/XC419236.ogg,0c413d71bb83c9793e876abfe54fb33b7385897c54c35f5356e979e2f2f3a860
UNK_CALIB_BIRD_215,unknown_calibration,non_target_species,mabpar,data/BirdClef/train_audio/mabpar/XC318904.ogg,fe890aa8b1fed446ab31982ac7d2940c78fa17ca8a5d0f704db76a87c418c9ed
UNK_CALIB_BIRD_216,unknown_calibration,non_target_species,chbmoc1,data/BirdClef/train_audio/chbmoc1/iNat1169969.ogg,4799dd9bfbc743e45b2f2d99cc7c3c027ee8781ff70a7a47fb26c92f9060650a
UNK_CALIB_BIRD_217,unknown_calibration,non_target_species,sobcac1,data/BirdClef/train_audio/sobcac1/XC195689.ogg,19af9cedc0186aa6e5f96fcfbeb80723711b3e3a1a039e77bcda55addeffb3df
UNK_CALIB_BIRD_218,unknown_calibration,non_target_species,redjun,data/BirdClef/train_audio/redjun/XC938748.ogg,eee971b80cf71efe1d97f9d3f99482ee3f0a4e4dbff4cb8f20c51a75cc026a62
UNK_CALIB_BIRD_219,unknown_calibration,non_target_species,rinkin1,data/BirdClef/train_audio/rinkin1/XC454053.ogg,a4e0193926f4766e8ea4e4ee30a8f07d7b9a45c3524c7e8b42ce1a7cdc421eac
UNK_CALIB_BIRD_220,unknown_calibration,non_target_species,chobla1,data/BirdClef/train_audio/chobla1/iNat1579079.ogg,b7d528e28a89cf369d5384965485bd8174b1252e6660d9ef8576409dc437a25d
UNK_CALIB_BIRD_221,unknown_calibration,non_target_species,grasal3,data/BirdClef/train_audio/grasal3/XC214237.ogg,2c9437e2ab828e336c86bce7ab21a4322df68a23359527092b0a49650c4aac07
UNK_CALIB_BIRD_222,unknown_calibration,non_target_species,shcfly1,data/BirdClef/train_audio/shcfly1/XC258961.ogg,d7dbf21597dbcebd82a9c1cf6a1d291c2055b58deca96832536a089c9e115e9c
UNK_CALIB_BIRD_223,unknown_calibration,non_target_species,socfly1,data/BirdClef/train_audio/socfly1/XC831163.ogg,a7d181b40c3a231897ed973496b6c6dfc2b9717c170bec4044445c027b1ce33a
UNK_CALIB_BIRD_224,unknown_calibration,non_target_species,grekis,data/BirdClef/train_audio/grekis/XC575562.ogg,d6c5696d677017b2facbcc42d50f02e33a3f5b36702bc21b658f69b45d2bd5be
UNK_CALIB_BIRD_225,unknown_calibration,non_target_species,paltan1,data/BirdClef/train_audio/paltan1/XC974052.ogg,940fccaf74949ee9f5951f8bdc83f6048440acee3404390e477961f130bc48e9
UNK_CALIB_BIRD_226,unknown_calibration,non_target_species,rufgna3,data/BirdClef/train_audio/rufgna3/XC727708.ogg,243c2960cf6cf20c547d7bf8d108b1f2a92376a8d976660ac1418013cc115526
UNK_CALIB_BIRD_227,unknown_calibration,non_target_species,rebscy1,data/BirdClef/train_audio/rebscy1/XC425513.ogg,d750093f4fc2e0fcc9bb4382a0c8907e950e4af0a627d82a071562542f38895b
UNK_CALIB_BIRD_228,unknown_calibration,non_target_species,flawar1,data/BirdClef/train_audio/flawar1/XC933858.ogg,3e61a38ff823bcc2a5a152994af108dcffa62e2fe53f87175c738218dbd8e686
UNK_CALIB_BIRD_229,unknown_calibration,non_target_species,glteme1,data/BirdClef/train_audio/glteme1/XC939289.ogg,40bbc026b71c3c352f8846fcec92c7baffb03b4afc7f0c9f926568206718ab88
UNK_CALIB_BIRD_230,unknown_calibration,non_target_species,grekis,data/BirdClef/train_audio/grekis/iNat393539.ogg,a952db336336135b9cdf0a4f13ad8f050c5f269a15a2c48876fade3f9d4cea8a
UNK_CALIB_BIRD_231,unknown_calibration,non_target_species,chbmoc1,data/BirdClef/train_audio/chbmoc1/XC1031989.ogg,1f27dfdc58e82971426827445147e0e0faf148b3d1cf4013fdcd114e4b49fc89
UNK_CALIB_BIRD_232,unknown_calibration,non_target_species,grekis,data/BirdClef/train_audio/grekis/iNat1631701.ogg,e3f82fe18a423de6fa087f0c5d4cc8d3a8c66937062ae772bb1fa041213b3e50
UNK_CALIB_BIRD_233,unknown_calibration,non_target_species,giwrai1,data/BirdClef/train_audio/giwrai1/XC376777.ogg,d6d2c21abff4396ce8992b44ec0e6a0682d16a148630a5e084903c1b2c0392f4
UNK_CALIB_BIRD_234,unknown_calibration,non_target_species,paltan1,data/BirdClef/train_audio/paltan1/XC906800.ogg,4de209a7faab4a78b5924f6cdeee967604b56f1e4ba64137e322306e020b2332
UNK_CALIB_BIRD_235,unknown_calibration,non_target_species,sofspi1,data/BirdClef/train_audio/sofspi1/iNat795785.ogg,5e545fa5a8aa5c10d19034c92946a592f6deee5fd14b0b57ffcd96f72e4daba9
UNK_CALIB_BIRD_236,unknown_calibration,non_target_species,eulfly1,data/BirdClef/train_audio/eulfly1/XC714014.ogg,6adfc5489415e5d70cdb5ad9826dbe807b36eb29c75c890c530f7faeab5322fc
UNK_CALIB_BIRD_237,unknown_calibration,non_target_species,blheag1,data/BirdClef/train_audio/blheag1/XC117053.ogg,56d6fa79243e2861f193ad4c382103adaf42459484622b8e06a37e78f2842f6b
UNK_CALIB_BIRD_238,unknown_calibration,non_target_species,grasal3,data/BirdClef/train_audio/grasal3/XC1068902.ogg,376a21e1784b7f7431059845e1577027f1aa42c5f7e9c0c828248477950a13ed
UNK_CALIB_BIRD_239,unknown_calibration,non_target_species,orwpar,data/BirdClef/train_audio/orwpar/XC237942.ogg,6bcefd89addb3ab4429061e555b97d4f870eee3d983b61b0d256f75c0e7a0c7e
UNK_CALIB_BIRD_240,unknown_calibration,non_target_species,rinkin1,data/BirdClef/train_audio/rinkin1/iNat808372.ogg,432844a3c0d10b6961577393a3d01b7f90c6b1fb178f3d3fc2d7807bdc71ef58
UNK_CALIB_BIRD_241,unknown_calibration,non_target_species,whiwoo1,data/BirdClef/train_audio/whiwoo1/XC11518.ogg,280edd8f186a6cfa3ee2a3281ea354c9d2e04a62ba749a85843fc23e196961cc
UNK_CALIB_BIRD_242,unknown_calibration,non_target_species,ragmac1,data/BirdClef/train_audio/ragmac1/XC257028.ogg,65d351c2bfcbe04aaa12e92eab9d42ebbbae9b8d964b398285a27277a8df8bec
UNK_CALIB_BIRD_243,unknown_calibration,non_target_species,compot1,data/BirdClef/train_audio/compot1/XC812662.ogg,ba65d3797b6bc9f88abed059e7c2a37569f9b461daeda1603ab6aa8dca0c02b1
UNK_CALIB_BIRD_244,unknown_calibration,non_target_species,ocecra1,data/BirdClef/train_audio/ocecra1/iNat1163875.ogg,ad08f5aa6b25f4e4173b8b42e54cb33e9ddccf760e7fedfe4b37a0bf37fd8a82
UNK_CALIB_BIRD_245,unknown_calibration,non_target_species,grfdov1,data/BirdClef/train_audio/grfdov1/XC1035554.ogg,3be6d361a789babb46e5c3cb0e55e216174d11c4f433a3f303c443af3f9de306
UNK_CALIB_BIRD_246,unknown_calibration,non_target_species,whbwar2,data/BirdClef/train_audio/whbwar2/XC676343.ogg,fc4b1099fb63189dfeaf8b3915b2873e71e5956bf571217f2e99ea655ce6182d
UNK_CALIB_BIRD_247,unknown_calibration,non_target_species,chobla1,data/BirdClef/train_audio/chobla1/iNat386072.ogg,42d53ecb0128c4ddab025721b42e86592dced4c5f3a246d36f10fb63945edd2b
UNK_CALIB_BIRD_248,unknown_calibration,non_target_species,bncfly,data/BirdClef/train_audio/bncfly/XC268662.ogg,311de64caff3429029d772e2bc713a83d17330f85073aba8c6f354023cbc3bd6
UNK_CALIB_BIRD_249,unknown_calibration,non_target_species,whbwar2,data/BirdClef/train_audio/whbwar2/iNat246929.ogg,e23f746280d52b3f572fc7356d79627d005b25fc6bbdf6341eb5f970ab4c72f0
UNK_CALIB_NOISE_001,unknown_calibration,itera_environmental_noise,Kebun Raya Frequency,data/itera_noise/Kebun Raya Frequency/32 kHz Medium Frequency Kebun Raya/20260922_120700T.WAV,1659570d171021fe8d7eab9937e54de846eeff7be92cac47d453e8665c895016
UNK_CALIB_NOISE_002,unknown_calibration,itera_environmental_noise,Embung F ITERA Frequency,data/itera_noise/Embung F ITERA Frequency/32 kHz High Frequency Embung F/20260920_160500T.WAV,041961a4876f9089520de568110d0eae4ab3d74a5a3b6ea92ae6ef11cc0a4b19
UNK_CALIB_NOISE_003,unknown_calibration,itera_environmental_noise,Sekitar GKU 1 Amplitudo,data/itera_noise/Sekitar GKU 1 Amplitudo/32 kHz Medium Amplitudo/20261005_113000T.WAV,8481e7eb6a36ea8802986fc52922602d983b4a26146e9db565ea0964ab7bed90
UNK_CALIB_NOISE_004,unknown_calibration,itera_environmental_noise,Gedung F Amplitudo,data/itera_noise/Gedung F Amplitudo/32 kHz Low Amplitudo/20261001_114800T.WAV,2cf8731d1a288cf20d4677f8b5e78d9abd2ea7636ca46a775cafb6f72b4df160
UNK_CALIB_NOISE_005,unknown_calibration,itera_environmental_noise,Kebun Raya Amplitudo,data/itera_noise/Kebun Raya Amplitudo/32 kHz Low Amplitudo/20261007_104700T.WAV,3e29dc3024cbabb4ff5a9132138b8d1e0ea3a8af2a428e1e741e79c98bd9d632
UNK_CALIB_NOISE_006,unknown_calibration,itera_environmental_noise,Sekitar GKU 1 Amplitudo,data/itera_noise/Sekitar GKU 1 Amplitudo/32 kHz Low Amplitudo/20261005_103000T.WAV,5c5262441ce515e75bdb006403e7ada766a96f6b17d4b44677335612ae8d1e49
UNK_CALIB_NOISE_007,unknown_calibration,itera_environmental_noise,Gedung F Frequency,data/itera_noise/Gedung F Frequency/32 kHz Medium Frequency/20260923_120200T.WAV,c913c495354ba4347aa4f42039f43a1148a98b05086ccda0e9b927a0fd0346a1
UNK_CALIB_NOISE_008,unknown_calibration,itera_environmental_noise,Sekitar GKU 1 Amplitudo,data/itera_noise/Sekitar GKU 1 Amplitudo/32 kHz Medium Amplitudo/20261005_113400T.WAV,31e7879de631f1957e7d20de4892d2a2f3a1172fe0c190009f2af131667a5c9a
UNK_CALIB_NOISE_009,unknown_calibration,itera_environmental_noise,Masjid At-tanwir Amplitudo,data/itera_noise/Masjid At-tanwir Amplitudo/32 kHz High Amplitudo/20261002_145300T.WAV,bd128217f49b8c8709d3a66bf9c502291a72b4c41c0d5b207bd51137dc3db644
UNK_CALIB_NOISE_010,unknown_calibration,itera_environmental_noise,Sekitar GKU 1 Amplitudo,data/itera_noise/Sekitar GKU 1 Amplitudo/32 kHz Low Amplitudo/20261005_103600T.WAV,b50dee4f65677acf9ec801e5f73411eccecce172301270c75844190b1c34ff94
UNK_CALIB_NOISE_011,unknown_calibration,itera_environmental_noise,Masjid At-tanwir Amplitudo,data/itera_noise/Masjid At-tanwir Amplitudo/32 kHz Medium Amplitudo/20261002_131800T.WAV,2fe3370b702a2647cabd2379987f925bbbad0d07c97a2bb3f1e7649532116687
UNK_CALIB_NOISE_012,unknown_calibration,itera_environmental_noise,Gedung F Frequency,data/itera_noise/Gedung F Frequency/32 kHz Medium Frequency/20260923_114700T.WAV,9371ae3e43b08c0f810fa5fd146748cc3c9ad8ac778faa7f4495032dbe0ec60a
UNK_CALIB_NOISE_013,unknown_calibration,itera_environmental_noise,Gedung F Frequency,data/itera_noise/Gedung F Frequency/32 kHz High Frequency/20260923_165400T.WAV,ddc1c9afca2c98a803653c474a74d406be70964b8fc883ac1dca0fdc1f57355c
UNK_CALIB_NOISE_014,unknown_calibration,itera_environmental_noise,Sekitar GKU 1 Amplitudo,data/itera_noise/Sekitar GKU 1 Amplitudo/32 kHz Low Amplitudo/20261005_104900T.WAV,8b5a0335d79832b67f2ff427221c6ab0cbe250c8120fd4108d46a2db117279f1
UNK_CALIB_NOISE_015,unknown_calibration,itera_environmental_noise,Masjid At-tanwir Frequency,data/itera_noise/Masjid At-tanwir Frequency/32 kHz High Frequency/20260918_160600T.WAV,9a352ae7d8ee38456d830fb93ae51e87cd4e5e4506966b5982f001a5514fed50
UNK_CALIB_NOISE_016,unknown_calibration,itera_environmental_noise,Kebun Raya Frequency,data/itera_noise/Kebun Raya Frequency/32 kHz High Frequency Kebun Raya/20260921_161600T.WAV,a61856aa4a760211d149f141a6127fe9a33b6a0470f148e3bfd4172b3db7aad8
UNK_CALIB_NOISE_017,unknown_calibration,itera_environmental_noise,Embung F ITERA Frequency,data/itera_noise/Embung F ITERA Frequency/32 kHz Medium Frequency Embung F/20260920_144800T.WAV,c8a5baa86f74ac7c9e629b6021a809c4a050ebcfb8046ffdbcbb7462851771f7
UNK_CALIB_NOISE_018,unknown_calibration,itera_environmental_noise,Embung F ITERA Amplitudo,data/itera_noise/Embung F ITERA Amplitudo/32 kHz Medium Amplitudo/20261004_142800T.WAV,13d74222202dcbd62083fff1f0cada0a951d5524119532d622628b755c74d01e
UNK_CALIB_NOISE_019,unknown_calibration,itera_environmental_noise,Masjid At-tanwir Frequency,data/itera_noise/Masjid At-tanwir Frequency/32 kHz Medium Frequency/20260918_153600T.WAV,202435393401fc09930357e6466ce765f26122dbeec6bfecc7cccad36926c43f
UNK_CALIB_NOISE_020,unknown_calibration,itera_environmental_noise,Kebun Raya Frequency,data/itera_noise/Kebun Raya Frequency/32 kHz Medium Frequency Kebun Raya/20260922_125300T.WAV,8894088833d99902fcd05f8ab29263556e70838087954b5fd96a296eff4abb58
UNK_CALIB_NOISE_021,unknown_calibration,itera_environmental_noise,Gedung F Amplitudo,data/itera_noise/Gedung F Amplitudo/32 kHz Medium Amplitudo/20261001_084200T.WAV,658a83ddb5a2ed72f7c2fad00173925d696778beb5d242a01cb023439058d0bb
UNK_CALIB_NOISE_022,unknown_calibration,itera_environmental_noise,Masjid At-tanwir Amplitudo,data/itera_noise/Masjid At-tanwir Amplitudo/32 kHz High Amplitudo/20261002_143500T.WAV,18c1a3b03d10e3b314b561ad1a9fd9719805b2e31686333fc24d53cca32194e1
UNK_CALIB_NOISE_023,unknown_calibration,itera_environmental_noise,Embung F ITERA Frequency,data/itera_noise/Embung F ITERA Frequency/32 kHz High Frequency Embung F/20260920_154800T.WAV,08eecb2e33df5583b44e396a7637304d57f3d9fce80fbe29788e1e6bf612f289
UNK_CALIB_NOISE_024,unknown_calibration,itera_environmental_noise,Masjid At-tanwir Frequency,data/itera_noise/Masjid At-tanwir Frequency/32 kHz Medium Frequency/20260918_144500T.WAV,dfde3b7dc32e49b61a2a4bc4731858859cc2273703468d4fe2b82a2b5003e2bf
UNK_CALIB_NOISE_025,unknown_calibration,itera_environmental_noise,Sekitar GKU 1 Frequency,data/itera_noise/Sekitar GKU 1 Frequency/32 kHz High Frequency/20260930_172200T.WAV,e32d7f829b55538fe269bdd86315bf2a50f3ed54bd91804f13b93b11a79b63e9
UNK_CALIB_NOISE_026,unknown_calibration,itera_environmental_noise,Embung F ITERA Frequency,data/itera_noise/Embung F ITERA Frequency/32 kHz High Frequency Embung F/20260920_155700T.WAV,4800fb2e4a4f1f41174b68e38a10460c4b8e82b00dfbe1ca36fd1aba45f8b408
UNK_CALIB_NOISE_027,unknown_calibration,itera_environmental_noise,Gedung F Frequency,data/itera_noise/Gedung F Frequency/32 kHz Low Frequency/20260923_102900T.WAV,e0e3b0c098c0922775543c7bc154c06b83c7016ac57112d06cc9c1576ce77461
UNK_CALIB_NOISE_028,unknown_calibration,itera_environmental_noise,Embung F ITERA Amplitudo,data/itera_noise/Embung F ITERA Amplitudo/32 kHz Medium Amplitudo/20261004_141700T.WAV,ced7b4ed08902c978e33bf84eae7eb026ed68c8df8c3df67d015af1184370351
UNK_CALIB_NOISE_029,unknown_calibration,itera_environmental_noise,Masjid At-tanwir Frequency,data/itera_noise/Masjid At-tanwir Frequency/32 kHz High Frequency/20260918_163800T.WAV,0f534a0bf20924324582140109412b2b98bb3e5789a585f862fd00a9f78d6cc1
UNK_CALIB_NOISE_030,unknown_calibration,itera_environmental_noise,Kebun Raya Frequency,data/itera_noise/Kebun Raya Frequency/32 kHz Low Frequency Kebun Raya/20260922_152500T.WAV,f0e3d0fd1caf15e50ef37072711564556645aec79bfb999e8bb5ac4ae38a4c24
UNK_CALIB_NOISE_031,unknown_calibration,itera_environmental_noise,Kebun Raya Frequency,data/itera_noise/Kebun Raya Frequency/32 kHz High Frequency Kebun Raya/20260921_153100T.WAV,7ef5ac39d7ebf66d4c17e42499c13e956a7a448fcf4779d9db7550f03fc3c679
UNK_CALIB_NOISE_032,unknown_calibration,itera_environmental_noise,Gedung F Amplitudo,data/itera_noise/Gedung F Amplitudo/32 kHz High Amplitudo/20261001_155500T.WAV,c9935ddfee537ced4efd208d569cb42de353d9a5e36d31e2eed5bf8691585c3c
UNK_CALIB_NOISE_033,unknown_calibration,itera_environmental_noise,Kebun Raya Frequency,data/itera_noise/Kebun Raya Frequency/32 kHz Low Frequency Kebun Raya/20260922_152100T.WAV,d27c027898fae718594e9d8800f165754cc642b6eeb4b9806bfa92f3397ffe16
UNK_CALIB_NOISE_034,unknown_calibration,itera_environmental_noise,Gedung F Amplitudo,data/itera_noise/Gedung F Amplitudo/32 kHz High Amplitudo/20261001_150600T.WAV,7d770853316b4e306f0cb3494e8a211389cd5b0003088b7e6bd5bb732eb22ab6
UNK_CALIB_NOISE_035,unknown_calibration,itera_environmental_noise,Sekitar GKU 1 Amplitudo,data/itera_noise/Sekitar GKU 1 Amplitudo/32 kHz Low Amplitudo/20261005_101200T.WAV,548de72037d347886b60e90e5f9e761df2e6b37fa3f14904c82caee525724dae
UNK_CALIB_NOISE_036,unknown_calibration,itera_environmental_noise,Gedung F Frequency,data/itera_noise/Gedung F Frequency/32 kHz Low Frequency/20260923_102100T.WAV,e85faa93c7a982c79dda944e688caef10f52f88c0c998d099b766c56e6d0906b
UNK_CALIB_NOISE_037,unknown_calibration,itera_environmental_noise,Masjid At-tanwir Frequency,data/itera_noise/Masjid At-tanwir Frequency/32 kHz Low Frequency/20260918_140800T.WAV,033c1aa3013b2e3621718a25e2df584ceae5243913933d7a745862b208d8f014
UNK_CALIB_NOISE_038,unknown_calibration,itera_environmental_noise,Sekitar GKU 1 Frequency,data/itera_noise/Sekitar GKU 1 Frequency/32 kHz High Frequency/20260930_170600T.WAV,bfe5951dede0dfeea8d0d0eb07023d5935185fb8e061b37373bfc3fee85ec046
UNK_CALIB_NOISE_039,unknown_calibration,itera_environmental_noise,Sekitar GKU 1 Amplitudo,data/itera_noise/Sekitar GKU 1 Amplitudo/32 kHz Medium Amplitudo/20261005_114500T.WAV,0e0568e800d20a11cf3a0fd3ee3cf14b30cd06cd71b76210bea99a69ec1eee5a
UNK_CALIB_NOISE_040,unknown_calibration,itera_environmental_noise,Embung F ITERA Amplitudo,data/itera_noise/Embung F ITERA Amplitudo/32 kHz Low Amplitudo/20261004_123000T.WAV,43429a25134d4e46a8dec2d083237d137f9e99693adeb5143c4b5290f63c3b5b
UNK_CALIB_NOISE_041,unknown_calibration,itera_environmental_noise,Sekitar GKU 1 Amplitudo,data/itera_noise/Sekitar GKU 1 Amplitudo/32 kHz Low Amplitudo/20261005_104400T.WAV,ba57ed8ec2148017be8d06b777259ea2c3ed952106abb9360a173325c3e715b1
UNK_CALIB_NOISE_042,unknown_calibration,itera_environmental_noise,Embung F ITERA Frequency,data/itera_noise/Embung F ITERA Frequency/32 kHz High Frequency Embung F/20260920_161800T.WAV,beb4a2c831eb897df6bf28f49e2e78f56db9f713b6403b4ce33005cee40bea89
UNK_CALIB_NOISE_043,unknown_calibration,itera_environmental_noise,Embung F ITERA Frequency,data/itera_noise/Embung F ITERA Frequency/32 kHz Low Frequency Embung F/20260920_134800T.WAV,82e3e3686835c8d48ce5386502d1d4e12601c940cba96862db0a768b6f2712c3
UNK_CALIB_NOISE_044,unknown_calibration,itera_environmental_noise,Kebun Raya Amplitudo,data/itera_noise/Kebun Raya Amplitudo/32 kHz Low Amplitudo/20261007_113300T.WAV,99a6758878a244821a4bde2cf76fa8a1f19fc609623b30331084279c25d02213
UNK_CALIB_NOISE_045,unknown_calibration,itera_environmental_noise,Sekitar GKU 1 Frequency,data/itera_noise/Sekitar GKU 1 Frequency/32 kHz Low Frequency/20260930_151800T.WAV,f32bb4f4a371c21ed05dfe02a78acd993f588a62c2051c7fdd28c1a5477b2ed8
UNK_CALIB_NOISE_046,unknown_calibration,itera_environmental_noise,Gedung F Amplitudo,data/itera_noise/Gedung F Amplitudo/32 kHz Low Amplitudo/20261001_122900T.WAV,625daec8bd3d752e5a95b506f2fd5d6d572d19291c7fe78d70606ad495e887d6
UNK_CALIB_NOISE_047,unknown_calibration,itera_environmental_noise,Kebun Raya Frequency,data/itera_noise/Kebun Raya Frequency/32 kHz High Frequency Kebun Raya/20260921_160100T.WAV,3f17344fefe89097b5c2d747d81991fb21cd1c33778bcb8a053384250e5d164d
UNK_CALIB_NOISE_048,unknown_calibration,itera_environmental_noise,Gedung F Amplitudo,data/itera_noise/Gedung F Amplitudo/32 kHz Low Amplitudo/20261001_113200T.WAV,1055cfeceb428cdb82af30254e5b2b7d37dc95956f86b0af05b6bbb616c4458c
UNK_CALIB_NOISE_049,unknown_calibration,itera_environmental_noise,Masjid At-tanwir Frequency,data/itera_noise/Masjid At-tanwir Frequency/32 kHz Low Frequency/20260918_134800T.WAV,6a7b978b8fc785cda27c6ee900da27f73dcdeaacff4a9356d3f44eebed2563ef
UNK_CALIB_NOISE_050,unknown_calibration,itera_environmental_noise,Masjid At-tanwir Frequency,data/itera_noise/Masjid At-tanwir Frequency/32 kHz Low Frequency/20260918_134100T.WAV,b9a04bb69b14dea3a9fb1a5c8916c4a2ae70bd2c2217cd6af058be09f70b817c
UNK_CALIB_NOISE_051,unknown_calibration,itera_environmental_noise,Gedung F Amplitudo,data/itera_noise/Gedung F Amplitudo/32 kHz Low Amplitudo/20261001_114200T.WAV,0278ee6e3a96f693b4ed1c910813f0be85d6ac3c4fa9fcab7895201ef7fdf001
UNK_CALIB_NOISE_052,unknown_calibration,itera_environmental_noise,Kebun Raya Frequency,data/itera_noise/Kebun Raya Frequency/32 kHz Medium Frequency Kebun Raya/20260922_122600T.WAV,bd8660ff2d8276121c6d5e594da61aea0f4150d013ab8bdfe4b8d519426fc722
UNK_CALIB_NOISE_053,unknown_calibration,itera_environmental_noise,Sekitar GKU 1 Amplitudo,data/itera_noise/Sekitar GKU 1 Amplitudo/32 kHz Medium Amplitudo/20261005_112300T.WAV,b4d62f75cd7392869975f310d31cd9da30f12909eb16be5d8afe59f99df93515
UNK_CALIB_NOISE_054,unknown_calibration,itera_environmental_noise,Embung F ITERA Amplitudo,data/itera_noise/Embung F ITERA Amplitudo/32 kHz Low Amplitudo/20261004_131400T.WAV,c2a8977748fc838df6f09b274de19f0832112a4dc37c2ab6c3e0faabbf4b82af
UNK_CALIB_NOISE_055,unknown_calibration,itera_environmental_noise,Gedung F Amplitudo,data/itera_noise/Gedung F Amplitudo/32 kHz Medium Amplitudo/20261001_091700T.WAV,9f8239f3a23154bb5a0a0ea8028ac9c2382d6e83314670d008563334c98b64c8
UNK_CALIB_NOISE_056,unknown_calibration,itera_environmental_noise,Embung F ITERA Frequency,data/itera_noise/Embung F ITERA Frequency/32 kHz Medium Frequency Embung F/20260920_141000T.WAV,904775e9e97fdae9033c4848f3c8665097b24d60c45f9d70251ee616b2ccf001
UNK_CALIB_NOISE_057,unknown_calibration,itera_environmental_noise,Embung F ITERA Amplitudo,data/itera_noise/Embung F ITERA Amplitudo/32 kHz High Amplitudo/20261004_151900T.WAV,b91ff983c617eb640844ce0c615882a9147d6bb62260f46cf6484fc4dffb94fc
UNK_CALIB_NOISE_058,unknown_calibration,itera_environmental_noise,Masjid At-tanwir Frequency,data/itera_noise/Masjid At-tanwir Frequency/32 kHz High Frequency/20260918_155900T.WAV,01f622248119b331dd37c9a1b1660bf4a3d245c193208f273edbdd385966f9fe
UNK_CALIB_NOISE_059,unknown_calibration,itera_environmental_noise,Kebun Raya Frequency,data/itera_noise/Kebun Raya Frequency/32 kHz High Frequency Kebun Raya/20260921_154600T.WAV,f609581e4402df0ff3484bfa36f1a6dbb05823a2c6f0a81c7675f88c6a896277
UNK_CALIB_NOISE_060,unknown_calibration,itera_environmental_noise,Embung F ITERA Amplitudo,data/itera_noise/Embung F ITERA Amplitudo/32 kHz Low Amplitudo/20261004_123500T.WAV,0c4da2f8adb27a4fc341b29bba43d0ddf5205cfab1315cbf6f5e7295db5384a6
UNK_CALIB_NOISE_061,unknown_calibration,itera_environmental_noise,Masjid At-tanwir Frequency,data/itera_noise/Masjid At-tanwir Frequency/32 kHz High Frequency/20260918_162100T.WAV,ee5ccc74e6a94c5ad5c5653ae28a8f5e1ffb017f8984cb2fd4911ff5b1053cae
UNK_CALIB_NOISE_062,unknown_calibration,itera_environmental_noise,Sekitar GKU 1 Amplitudo,data/itera_noise/Sekitar GKU 1 Amplitudo/32 kHz High Amplitudo/20261005_125900T.WAV,e80247e8f58fdb28951b932dc3b45736162f7c26f2ebbf362ccd07e306205f19
UNK_CALIB_NOISE_063,unknown_calibration,itera_environmental_noise,Sekitar GKU 1 Frequency,data/itera_noise/Sekitar GKU 1 Frequency/32 kHz High Frequency/20260930_171700T.WAV,d71bd17d3d2aef01a49654c3142b9505f74e810185faaff354ec2235830689e0
UNK_CALIB_NOISE_064,unknown_calibration,itera_environmental_noise,Gedung F Amplitudo,data/itera_noise/Gedung F Amplitudo/32 kHz High Amplitudo/20261001_154800T.WAV,369327e5f3d8854e46bc7937d0825fc8e547d196db0cbc42ca3ff6277c63aed2
UNK_CALIB_NOISE_065,unknown_calibration,itera_environmental_noise,Kebun Raya Amplitudo,data/itera_noise/Kebun Raya Amplitudo/32 kHz Medium Amplitudo/20261007_123800T.WAV,feb3bc226df39ca536e98a70aca805c6447836e41c43c2ee85ed29f0895b7736
UNK_CALIB_NOISE_066,unknown_calibration,itera_environmental_noise,Sekitar GKU 1 Amplitudo,data/itera_noise/Sekitar GKU 1 Amplitudo/32 kHz High Amplitudo/20261005_125100T.WAV,9e8f7d73395b2ffd40ffc939e8af793d9dcdb4e67f40a463af30c18a8d0a02d0
UNK_CALIB_NOISE_067,unknown_calibration,itera_environmental_noise,Sekitar GKU 1 Frequency,data/itera_noise/Sekitar GKU 1 Frequency/32 kHz Medium Frequency/20260930_153800T.WAV,4d997a36b66291a9e457ae3126d710d06d2cda5a03456e8d6ba9753603ee60bb
UNK_CALIB_NOISE_068,unknown_calibration,itera_environmental_noise,Kebun Raya Frequency,data/itera_noise/Kebun Raya Frequency/32 kHz Medium Frequency Kebun Raya/20260922_125200T.WAV,33bda1dc3c03814241a04b3a4e6218f442598fb974b5e5e8de9c78f10a730215
UNK_CALIB_NOISE_069,unknown_calibration,itera_environmental_noise,Sekitar GKU 1 Frequency,data/itera_noise/Sekitar GKU 1 Frequency/32 kHz Low Frequency/20260930_152100T.WAV,97c544f43c055013eb19999b87292623cc057a9d00613e7a961f982125173678
UNK_CALIB_NOISE_070,unknown_calibration,itera_environmental_noise,Sekitar GKU 1 Frequency,data/itera_noise/Sekitar GKU 1 Frequency/32 kHz Medium Frequency/20260930_161700T.WAV,fa5549781965592b17d5fe3bc88b6030a699b5c6fd54c85183aad07e7ce0b239
UNK_CALIB_NOISE_071,unknown_calibration,itera_environmental_noise,Embung F ITERA Frequency,data/itera_noise/Embung F ITERA Frequency/32 kHz Low Frequency Embung F/20260920_130100T.WAV,51a60690b1c7cfc2d45184130f51fbdf8124ecc57c2bc60fe5687373ca432a22
UNK_CALIB_NOISE_072,unknown_calibration,itera_environmental_noise,Kebun Raya Amplitudo,data/itera_noise/Kebun Raya Amplitudo/32 kHz Medium Amplitudo/20261007_121700T.WAV,c242fd1a4db20242fc730e8af6f18c4bca989c0f8fc0a9b50280c5c13dd18e35
UNK_CALIB_NOISE_073,unknown_calibration,itera_environmental_noise,Masjid At-tanwir Frequency,data/itera_noise/Masjid At-tanwir Frequency/32 kHz Low Frequency/20260918_140600T.WAV,833e35c416557ef10acf576a0a0e49600af2c82799bb122e7cb1f2783e54079e
UNK_CALIB_NOISE_074,unknown_calibration,itera_environmental_noise,Gedung F Amplitudo,data/itera_noise/Gedung F Amplitudo/32 kHz Medium Amplitudo/20261001_091500T.WAV,64ee457a49e8c2a92bad425663d927793cb338ed29c11984d3f5b9ca467f2b45
UNK_CALIB_NOISE_075,unknown_calibration,itera_environmental_noise,Kebun Raya Frequency,data/itera_noise/Kebun Raya Frequency/32 kHz Medium Frequency Kebun Raya/20260922_122200T.WAV,4c53ef14be95a7bf0c2a01d68ef53b95d2237b8d6bb68bb10b6f4d4025f2d48c
UNK_CALIB_NOISE_076,unknown_calibration,itera_environmental_noise,Sekitar GKU 1 Frequency,data/itera_noise/Sekitar GKU 1 Frequency/32 kHz Low Frequency/20260930_150200T.WAV,5e98525903e61cc3b007ac58497e051500a54c0001a42ae8d00ebe61895194e7
UNK_CALIB_NOISE_077,unknown_calibration,itera_environmental_noise,Masjid At-tanwir Amplitudo,data/itera_noise/Masjid At-tanwir Amplitudo/32 kHz Low Amplitudo/20261002_122900T.WAV,13e036e9122bc07b71d0e577fd020edc5e391b937be8651eaa88108e4bd01f30
UNK_CALIB_NOISE_078,unknown_calibration,itera_environmental_noise,Embung F ITERA Frequency,data/itera_noise/Embung F ITERA Frequency/32 kHz High Frequency Embung F/20260920_162200T.WAV,bb07748cf6f4833c56f83c4e8e7f5d80c6059bf550a18bf8d227d4583f0cac9a
UNK_CALIB_NOISE_079,unknown_calibration,itera_environmental_noise,Gedung F Frequency,data/itera_noise/Gedung F Frequency/32 kHz Low Frequency/20260923_102800T.WAV,4c103e9042b6610a9e0a470ef1db72465199d66c2373c1a40438f857fb0ee7fd
UNK_CALIB_NOISE_080,unknown_calibration,itera_environmental_noise,Sekitar GKU 1 Amplitudo,data/itera_noise/Sekitar GKU 1 Amplitudo/32 kHz High Amplitudo/20261005_133100T.WAV,8cd7b7462e69711a5a3a5579e551947dc4013744fc2df72fde9a997a28216f3d
UNK_CALIB_NOISE_081,unknown_calibration,itera_environmental_noise,Gedung F Amplitudo,data/itera_noise/Gedung F Amplitudo/32 kHz Medium Amplitudo/20261001_085900T.WAV,98933648930bae5680ea7fdcd3015652a93ef4bc134c52d2b28a19faaf1d1f9a
UNK_CALIB_NOISE_082,unknown_calibration,itera_environmental_noise,Gedung F Frequency,data/itera_noise/Gedung F Frequency/32 kHz High Frequency/20260923_165800T.WAV,a84642b759778baa08ac822e858a7e991559586db54fef340da738117a8986bc
UNK_CALIB_NOISE_083,unknown_calibration,itera_environmental_noise,Sekitar GKU 1 Amplitudo,data/itera_noise/Sekitar GKU 1 Amplitudo/32 kHz High Amplitudo/20261005_133300T.WAV,f61d01e9fab50017d1e0b7ca7f1873d5435f63bd263edd79fcb437b73aec60fb
UNK_CALIB_NOISE_084,unknown_calibration,itera_environmental_noise,Embung F ITERA Amplitudo,data/itera_noise/Embung F ITERA Amplitudo/32 kHz High Amplitudo/20261004_151300T.WAV,ede8e734acffb2036fdb2cd43109f57e34c981331cbf555238f54e6e4b14a6e2
UNK_CALIB_NOISE_085,unknown_calibration,itera_environmental_noise,Embung F ITERA Frequency,data/itera_noise/Embung F ITERA Frequency/32 kHz Medium Frequency Embung F/20260920_144100T.WAV,296f9aa1a5c9b53e15a1dbb7c2797e994cdc874785a7d62bee0cd3803256c971
UNK_CALIB_NOISE_086,unknown_calibration,itera_environmental_noise,Gedung F Amplitudo,data/itera_noise/Gedung F Amplitudo/32 kHz Low Amplitudo/20261001_121400T.WAV,affb1e41276920312fb26d396c32143a35d908c9b8c926391905b2c7f75b049d
UNK_CALIB_NOISE_087,unknown_calibration,itera_environmental_noise,Sekitar GKU 1 Frequency,data/itera_noise/Sekitar GKU 1 Frequency/32 kHz High Frequency/20260930_165100T.WAV,d05e1a4393f0717aff543d9bafc9cef2a0ad605988886f561de27d72a6c9c26a
UNK_CALIB_NOISE_088,unknown_calibration,itera_environmental_noise,Embung F ITERA Frequency,data/itera_noise/Embung F ITERA Frequency/32 kHz Low Frequency Embung F/20260920_132000T.WAV,bffdda10cf0669984b30420ea5f80f37d841ed25eb93d775e0754652dfa0c024
UNK_CALIB_NOISE_089,unknown_calibration,itera_environmental_noise,Gedung F Amplitudo,data/itera_noise/Gedung F Amplitudo/32 kHz High Amplitudo/20261001_150700T.WAV,283531a8e5587a8fddcec9bffaa77f202d7f349a56a6e5144be7dfe8175992ef
UNK_CALIB_NOISE_090,unknown_calibration,itera_environmental_noise,Sekitar GKU 1 Frequency,data/itera_noise/Sekitar GKU 1 Frequency/32 kHz Medium Frequency/20260930_161900T.WAV,be4745edc056dc87d73dfd0de51b8908cfb5eae039162b1958e432804b5e1146
UNK_CALIB_NOISE_091,unknown_calibration,itera_environmental_noise,Masjid At-tanwir Frequency,data/itera_noise/Masjid At-tanwir Frequency/32 kHz High Frequency/20260918_164900T.WAV,0c805eacf66cf2f05e20519003f03b8a8e2005d80ca736ad1b3f560759aa1c0f
UNK_CALIB_NOISE_092,unknown_calibration,itera_environmental_noise,Gedung F Frequency,data/itera_noise/Gedung F Frequency/32 kHz High Frequency/20260923_164000T.WAV,b48b56306a9d1f94545552e55e34f3055ff46850b4a1158c25353c42781bc332
UNK_CALIB_NOISE_093,unknown_calibration,itera_environmental_noise,Gedung F Frequency,data/itera_noise/Gedung F Frequency/32 kHz Low Frequency/20260923_105300T.WAV,13cb58820e57e156726b034d5c998ad90699297c1e8be2da7565ea5f45da4773
UNK_CALIB_NOISE_094,unknown_calibration,itera_environmental_noise,Embung F ITERA Frequency,data/itera_noise/Embung F ITERA Frequency/32 kHz Medium Frequency Embung F/20260920_142500T.WAV,1622b69ce80001875258936fe3dbc126addc5f9b4ccd314718a9e8fbed6c82e6
UNK_CALIB_NOISE_095,unknown_calibration,itera_environmental_noise,Masjid At-tanwir Frequency,data/itera_noise/Masjid At-tanwir Frequency/32 kHz Medium Frequency/20260918_153400T.WAV,d891fe12370ca550cc901f09b315ae490267a844f45e72893da86f712e5fee2c
UNK_CALIB_NOISE_096,unknown_calibration,itera_environmental_noise,Gedung F Amplitudo,data/itera_noise/Gedung F Amplitudo/32 kHz High Amplitudo/20261001_153800T.WAV,7c1b832cc834e9effd9a53603774a2d3c9aa0f0c8a23cc31ffefd77c410978a8
UNK_CALIB_NOISE_097,unknown_calibration,itera_environmental_noise,Gedung F Frequency,data/itera_noise/Gedung F Frequency/32 kHz High Frequency/20260923_165900T.WAV,61735c408249b63a49b40a3e078715b58690d01d18c6f52b4d4cec9113e0b10b
UNK_CALIB_NOISE_098,unknown_calibration,itera_environmental_noise,Gedung F Frequency,data/itera_noise/Gedung F Frequency/32 kHz Medium Frequency/20260923_121100T.WAV,14c7db7063bf6767d9c897afb458d48e66af579f743f8075c3ef310e095c8602
UNK_CALIB_NOISE_099,unknown_calibration,itera_environmental_noise,Embung F ITERA Amplitudo,data/itera_noise/Embung F ITERA Amplitudo/32 kHz Low Amplitudo/20261004_131600T.WAV,9e145d120d48201414209408b14411cd2aa4f2c69e3602fd455f62428468a30a
UNK_CALIB_NOISE_100,unknown_calibration,itera_environmental_noise,Gedung F Frequency,data/itera_noise/Gedung F Frequency/32 kHz Low Frequency/20260923_104700T.WAV,04437a8babff7b85f59aba51df0bdbd6de3a3e21e11411b1f93405e30ff90f71
UNK_CALIB_NOISE_101,unknown_calibration,itera_environmental_noise,Embung F ITERA Frequency,data/itera_noise/Embung F ITERA Frequency/32 kHz High Frequency Embung F/20260920_162400T.WAV,1f280874285302356da98552926f6894f0b35d76639093f41e52b970807a8202
UNK_CALIB_NOISE_102,unknown_calibration,itera_environmental_noise,Masjid At-tanwir Amplitudo,data/itera_noise/Masjid At-tanwir Amplitudo/32 kHz High Amplitudo/20261002_144100T.WAV,9537a9dd826cf5bb6db562220d30d3a87fb5b9a3c7fc2a35a1614ee88ce10617
UNK_CALIB_NOISE_103,unknown_calibration,itera_environmental_noise,Sekitar GKU 1 Frequency,data/itera_noise/Sekitar GKU 1 Frequency/32 kHz Medium Frequency/20260930_153100T.WAV,2cac010214a65a2b473514dd83340f77e751bdc507ed33b23b82c93831600084
UNK_CALIB_NOISE_104,unknown_calibration,itera_environmental_noise,Sekitar GKU 1 Amplitudo,data/itera_noise/Sekitar GKU 1 Amplitudo/32 kHz Medium Amplitudo/20261005_111600T.WAV,60c3440c0e6c4c32992464447b2543c511bcdf148806692b3ecdd7ff5d20331e
UNK_CALIB_NOISE_105,unknown_calibration,itera_environmental_noise,Embung F ITERA Frequency,data/itera_noise/Embung F ITERA Frequency/32 kHz High Frequency Embung F/20260920_155500T.WAV,32f768edb94a842fb0b79c0c94b654db7f073d7f38357379dafef88ef6680884
UNK_CALIB_NOISE_106,unknown_calibration,itera_environmental_noise,Sekitar GKU 1 Frequency,data/itera_noise/Sekitar GKU 1 Frequency/32 kHz Low Frequency/20260930_151600T.WAV,8a4c08352d874374e49962b3cdd7e27405cc38c4431fdba7257af00d6b0fc9df
UNK_CALIB_NOISE_107,unknown_calibration,itera_environmental_noise,Gedung F Frequency,data/itera_noise/Gedung F Frequency/32 kHz Medium Frequency/20260923_114900T.WAV,61b85fa2a7c068de370b8cf70be41a5157c89a3d255e63d6e8c64d8cf31c785b
UNK_CALIB_NOISE_108,unknown_calibration,itera_environmental_noise,Kebun Raya Amplitudo,data/itera_noise/Kebun Raya Amplitudo/32 kHz High Amplitudo/20261007_135400T.WAV,33e682ec14222db66a1ad651f68745aeca939f2eded547b72d6b100cb744c1a1
UNK_CALIB_NOISE_109,unknown_calibration,itera_environmental_noise,Gedung F Amplitudo,data/itera_noise/Gedung F Amplitudo/32 kHz Medium Amplitudo/20261001_082800T.WAV,7c7a6135aed3d36375c33c762869a7ec81409a7ab0e7fc96269d1996f8361562
UNK_CALIB_NOISE_110,unknown_calibration,itera_environmental_noise,Gedung F Frequency,data/itera_noise/Gedung F Frequency/32 kHz High Frequency/20260923_170100T.WAV,f42c88d5d813e34399aa934e53583c2731ad6053fc995ecb812bd679927ca392
UNK_CALIB_NOISE_111,unknown_calibration,itera_environmental_noise,Gedung F Frequency,data/itera_noise/Gedung F Frequency/32 kHz High Frequency/20260923_161300T.WAV,545734fe7fd751d3db2f803bc532e570ded4c2c35084a57f62b0d9ae3efedb0f
UNK_CALIB_NOISE_112,unknown_calibration,itera_environmental_noise,Gedung F Frequency,data/itera_noise/Gedung F Frequency/32 kHz Low Frequency/20260923_102000T.WAV,f316c9c1cf143baaf9200d952d62e8073182fe670e1807ac898880f8db28a812
UNK_CALIB_NOISE_113,unknown_calibration,itera_environmental_noise,Gedung F Frequency,data/itera_noise/Gedung F Frequency/32 kHz High Frequency/20260923_162700T.WAV,a03eb3c5138c93e2587ff26ce9edc89e48778a661c05e664fc214d815adaf163
UNK_CALIB_NOISE_114,unknown_calibration,itera_environmental_noise,Kebun Raya Amplitudo,data/itera_noise/Kebun Raya Amplitudo/32 kHz Medium Amplitudo/20261007_115500T.WAV,3f739f38a497360de29dd24ecab63ae8473eeb4b76d1e1177dec1ecc33a8298a
UNK_CALIB_NOISE_115,unknown_calibration,itera_environmental_noise,Gedung F Amplitudo,data/itera_noise/Gedung F Amplitudo/32 kHz Low Amplitudo/20261001_122100T.WAV,7e46e58ad600bb4e00583c2c9fc0e2c241e3d69359783e8f79eb83611b9cd9f2
UNK_CALIB_NOISE_116,unknown_calibration,itera_environmental_noise,Sekitar GKU 1 Frequency,data/itera_noise/Sekitar GKU 1 Frequency/32 kHz Low Frequency/20260930_145200T.WAV,80b0ce51a17618a00ce9d463a417a00c14c87c39a1ec36fae8249f9f8ceae56d
UNK_CALIB_NOISE_117,unknown_calibration,itera_environmental_noise,Embung F ITERA Amplitudo,data/itera_noise/Embung F ITERA Amplitudo/32 kHz Low Amplitudo/20261004_132000T.WAV,7f399b50f6c6a2d41fe07ca684ce683ee773018d695c5e8e22786df3c77ca6dd
UNK_CALIB_NOISE_118,unknown_calibration,itera_environmental_noise,Masjid At-tanwir Amplitudo,data/itera_noise/Masjid At-tanwir Amplitudo/32 kHz Low Amplitudo/20261002_121200T.WAV,50e0581d1f054e7e3d62d655123673c55e2f77aa6a828a5b28549ab615e0f39e
UNK_CALIB_NOISE_119,unknown_calibration,itera_environmental_noise,Gedung F Amplitudo,data/itera_noise/Gedung F Amplitudo/32 kHz Medium Amplitudo/20261001_082700T.WAV,53b18aa23dbe7484cbb939e92b9fad7c44161ed4d10b20d0dfb959c2da91ee21
UNK_CALIB_NOISE_120,unknown_calibration,itera_environmental_noise,Kebun Raya Amplitudo,data/itera_noise/Kebun Raya Amplitudo/32 kHz High Amplitudo/20261007_133400T.WAV,14c35736c3ae22688e547bf13f8d3e023b27ca2e7e68dc9fed5f579f7674ae72
UNK_CALIB_NOISE_121,unknown_calibration,itera_environmental_noise,Gedung F Frequency,data/itera_noise/Gedung F Frequency/32 kHz Low Frequency/20260923_104100T.WAV,2903030c47b2a3f7718f1ca4e974b1fddd30552d34ca43244ae1a542974a42ef
UNK_CALIB_NOISE_122,unknown_calibration,itera_environmental_noise,Sekitar GKU 1 Frequency,data/itera_noise/Sekitar GKU 1 Frequency/32 kHz Medium Frequency/20260930_160600T.WAV,1db38d20d0eab2016c7cbd123f9d840082e982d0b962d367d9de17e86e7a0d8b
UNK_CALIB_NOISE_123,unknown_calibration,itera_environmental_noise,Masjid At-tanwir Frequency,data/itera_noise/Masjid At-tanwir Frequency/32 kHz High Frequency/20260918_162300T.WAV,3fc7321668210d164d4b2aaafb22a052febda345a78513cd891f91c14a613a34
UNK_CALIB_NOISE_124,unknown_calibration,itera_environmental_noise,Masjid At-tanwir Amplitudo,data/itera_noise/Masjid At-tanwir Amplitudo/32 kHz High Amplitudo/20261002_151500T.WAV,2f8aec196641290c35794ba08a999c3106d2c1f5e83fc2011c5f15f0f93e9648
UNK_CALIB_NOISE_125,unknown_calibration,itera_environmental_noise,Masjid At-tanwir Amplitudo,data/itera_noise/Masjid At-tanwir Amplitudo/32 kHz High Amplitudo/20261002_143000T.WAV,1f0e23eeb075b7fc13c7ab7ab5927e8a08dfaf5207c5d0dfba091effbf5b11fd
UNK_CALIB_NOISE_126,unknown_calibration,itera_environmental_noise,Masjid At-tanwir Frequency,data/itera_noise/Masjid At-tanwir Frequency/32 kHz Low Frequency/20260918_142100T.WAV,298e494c6f07cd797efccb3719f8cd3d8ba78790f55813600f2508da873760fc
UNK_CALIB_NOISE_127,unknown_calibration,itera_environmental_noise,Kebun Raya Amplitudo,data/itera_noise/Kebun Raya Amplitudo/32 kHz High Amplitudo/20261007_131000T.WAV,42ea68b1520d531ac63cdade5494681205726cdc8ed6abf4496f987730e32332
UNK_CALIB_NOISE_128,unknown_calibration,itera_environmental_noise,Embung F ITERA Frequency,data/itera_noise/Embung F ITERA Frequency/32 kHz Medium Frequency Embung F/20260920_145100T.WAV,e4cd4dba2d1f9ed2e0fde0c640f9526c7a1bdcbc382f51b2ebf1082fcc28a5f0
UNK_CALIB_NOISE_129,unknown_calibration,itera_environmental_noise,Embung F ITERA Amplitudo,data/itera_noise/Embung F ITERA Amplitudo/32 kHz Medium Amplitudo/20261004_135000T.WAV,2e0055059c05fb425b4b6da4ccce5df6f97d5ebc84defd2f049be854d8643307
UNK_CALIB_NOISE_130,unknown_calibration,itera_environmental_noise,Gedung F Frequency,data/itera_noise/Gedung F Frequency/32 kHz High Frequency/20260923_162400T.WAV,3b17e1bcb4007db571cb97dfd3b8b72a5dcc91f1b16232c601b20975ac760903
UNK_CALIB_NOISE_131,unknown_calibration,itera_environmental_noise,Kebun Raya Amplitudo,data/itera_noise/Kebun Raya Amplitudo/32 kHz Low Amplitudo/20261007_103500T.WAV,2ceba69527ceefd29f3eeb7c6b29ac880e7aab0452f9bdd09a730b58e83ecb7f
UNK_CALIB_NOISE_132,unknown_calibration,itera_environmental_noise,Kebun Raya Amplitudo,data/itera_noise/Kebun Raya Amplitudo/32 kHz Medium Amplitudo/20261007_121400T.WAV,95dca08f3bc38086d7f290c2feda03201fd7d70fba47dcce41cc549af6ffc830
UNK_CALIB_NOISE_133,unknown_calibration,itera_environmental_noise,Kebun Raya Frequency,data/itera_noise/Kebun Raya Frequency/32 kHz Medium Frequency Kebun Raya/20260922_142500T.WAV,0887f9e5ee653beb8e35cabf5d3ef755bcaf8df80135b9d607521623e3526948
UNK_CALIB_NOISE_134,unknown_calibration,itera_environmental_noise,Gedung F Amplitudo,data/itera_noise/Gedung F Amplitudo/32 kHz Medium Amplitudo/20261001_082500T.WAV,a37e3ef580438a379d4c863a2e5b8fbda32ee3a79c376ba3e63ad7061d7dfc0b
UNK_CALIB_NOISE_135,unknown_calibration,itera_environmental_noise,Masjid At-tanwir Amplitudo,data/itera_noise/Masjid At-tanwir Amplitudo/32 kHz Low Amplitudo/20261002_124400T.WAV,6d75bc53fb3fa47d5952da9177ff8df6b0df8a1950187b0bcfe109650981850b
UNK_CALIB_NOISE_136,unknown_calibration,itera_environmental_noise,Embung F ITERA Frequency,data/itera_noise/Embung F ITERA Frequency/32 kHz Medium Frequency Embung F/20260920_143100T.WAV,68cb57ed3c3e981decd8454909b74ed7ce3bb642a1c97c10d224a192a6c1f726
UNK_CALIB_NOISE_137,unknown_calibration,itera_environmental_noise,Embung F ITERA Frequency,data/itera_noise/Embung F ITERA Frequency/32 kHz High Frequency Embung F/20260920_153300T.WAV,a931b34d9ef00c849c0a8526a411bb875fb76feaedb0e6c1c56e8a702b5a1c6e
UNK_CALIB_NOISE_138,unknown_calibration,itera_environmental_noise,Embung F ITERA Amplitudo,data/itera_noise/Embung F ITERA Amplitudo/32 kHz Medium Amplitudo/20261004_133900T.WAV,8bc58c45d2e19ce8645a0da2951b3fab50631ab56f4dd2b7c33e6c40f491759b
UNK_CALIB_NOISE_139,unknown_calibration,itera_environmental_noise,Masjid At-tanwir Frequency,data/itera_noise/Masjid At-tanwir Frequency/32 kHz High Frequency/20260918_155700T.WAV,a51746892289309fc9bd80018ebaafd09038b09d5aaf7da32fe79d4d2f3f80f7
UNK_CALIB_NOISE_140,unknown_calibration,itera_environmental_noise,Sekitar GKU 1 Frequency,data/itera_noise/Sekitar GKU 1 Frequency/32 kHz High Frequency/20260930_165400T.WAV,2ade1fdacc9afb52e3087b7f4cc2bf359104528242f7c877358967473bcfb716
UNK_CALIB_NOISE_141,unknown_calibration,itera_environmental_noise,Embung F ITERA Amplitudo,data/itera_noise/Embung F ITERA Amplitudo/32 kHz High Amplitudo/20261004_153900T.WAV,aa085ca2d0e8faa0359fbbd9651b4fa894bed3daaad8195f9707e6f362b6ceac
UNK_CALIB_NOISE_142,unknown_calibration,itera_environmental_noise,Sekitar GKU 1 Amplitudo,data/itera_noise/Sekitar GKU 1 Amplitudo/32 kHz Low Amplitudo/20261005_101600T.WAV,43708be1fa940aeac7b1bc168d54937e2d1f8e787db720d22d60bd5618cf5693
UNK_CALIB_NOISE_143,unknown_calibration,itera_environmental_noise,Gedung F Frequency,data/itera_noise/Gedung F Frequency/32 kHz Low Frequency/20260923_110000T.WAV,24693af4b870ab930e8fb194725fed4b4918c3c63999e7b07c8bf79f5b3a9dd3
UNK_CALIB_NOISE_144,unknown_calibration,itera_environmental_noise,Kebun Raya Frequency,data/itera_noise/Kebun Raya Frequency/32 kHz High Frequency Kebun Raya/20260921_154400T.WAV,dded813b788ac36a4f747dca3cc07ec980d82ca7570ee57835ad107b1be388ce
UNK_CALIB_NOISE_145,unknown_calibration,itera_environmental_noise,Embung F ITERA Frequency,data/itera_noise/Embung F ITERA Frequency/32 kHz Low Frequency Embung F/20260920_130400T.WAV,d11fb0c5644437dbfe5b7f895d7b4d30f8f451b3f70fdbd6c3ccf45acccaa7bf
UNK_CALIB_NOISE_146,unknown_calibration,itera_environmental_noise,Gedung F Amplitudo,data/itera_noise/Gedung F Amplitudo/32 kHz High Amplitudo/20261001_152100T.WAV,7abca67f73cc8f2738554a09a0c7ac5f453273b3bcea131043f7d37ebe0f88c1
UNK_CALIB_NOISE_147,unknown_calibration,itera_environmental_noise,Kebun Raya Frequency,data/itera_noise/Kebun Raya Frequency/32 kHz High Frequency Kebun Raya/20260921_160200T.WAV,cca319ab00d1c0fdcb2c5e12a8cc124f2035bff11e9db3c00e200245207ada8c
UNK_CALIB_NOISE_148,unknown_calibration,itera_environmental_noise,Sekitar GKU 1 Amplitudo,data/itera_noise/Sekitar GKU 1 Amplitudo/32 kHz Medium Amplitudo/20261005_121400T.WAV,ff3c8efac3200f988d710b15d4b7f2b3323f4a1391a459e24487f915b51a07e3
UNK_CALIB_NOISE_149,unknown_calibration,itera_environmental_noise,Gedung F Amplitudo,data/itera_noise/Gedung F Amplitudo/32 kHz Medium Amplitudo/20261001_091100T.WAV,00ab3a84fd75d81759a1c905967f4bc9dfbbbe530b0e96a95851eead187214ac
UNK_CALIB_NOISE_150,unknown_calibration,itera_environmental_noise,Kebun Raya Amplitudo,data/itera_noise/Kebun Raya Amplitudo/32 kHz High Amplitudo/20261007_135700T.WAV,70049e87aac4718fd0569b4241056bd51b7b375f8d25d76a09b8ad7009a2b487
UNK_CALIB_NOISE_151,unknown_calibration,itera_environmental_noise,Embung F ITERA Frequency,data/itera_noise/Embung F ITERA Frequency/32 kHz Low Frequency Embung F/20260920_133900T.WAV,3ac6b38ce23c324dae3c3995732749e3483ef9d8eded71b52535e0f114468fc2
UNK_CALIB_NOISE_152,unknown_calibration,itera_environmental_noise,Sekitar GKU 1 Frequency,data/itera_noise/Sekitar GKU 1 Frequency/32 kHz Medium Frequency/20260930_155500T.WAV,581f2b926477c98ec2fa8f02b8f9249e94cb3788e3827b9afa50438d1abb1b85
UNK_CALIB_NOISE_153,unknown_calibration,itera_environmental_noise,Kebun Raya Amplitudo,data/itera_noise/Kebun Raya Amplitudo/32 kHz Medium Amplitudo/20261007_115300T.WAV,2983094c90d4b151a93f0fe9e2a10c46f491fa7573245f8efdb32a21c505d206
UNK_CALIB_NOISE_154,unknown_calibration,itera_environmental_noise,Embung F ITERA Amplitudo,data/itera_noise/Embung F ITERA Amplitudo/32 kHz Low Amplitudo/20261004_124300T.WAV,b11282c4af088382c23f6dc6fb97e309b712421afd519552a92509d5195686ad
UNK_CALIB_NOISE_155,unknown_calibration,itera_environmental_noise,Gedung F Frequency,data/itera_noise/Gedung F Frequency/32 kHz Medium Frequency/20260923_122200T.WAV,004a51bd3af465ebc9115b96cf942d7e6bdf2343e5bbc62b47a6c296490fcf2e
UNK_CALIB_NOISE_156,unknown_calibration,itera_environmental_noise,Gedung F Frequency,data/itera_noise/Gedung F Frequency/32 kHz Low Frequency/20260923_102300T.WAV,b2c6d59312ed451c693aa5d078c6b8b5c0311c145962bf42c4ae847ef52cff48
UNK_CALIB_NOISE_157,unknown_calibration,itera_environmental_noise,Gedung F Frequency,data/itera_noise/Gedung F Frequency/32 kHz High Frequency/20260923_170900T.WAV,f72533f984fd2ec28b3773948b4ae79302da388bc3c2586bec89d79c8651fa1f
UNK_CALIB_NOISE_158,unknown_calibration,itera_environmental_noise,Embung F ITERA Amplitudo,data/itera_noise/Embung F ITERA Amplitudo/32 kHz Low Amplitudo/20261004_123800T.WAV,745f3e3542ed18f45d87c9187546e6c85f762f402f6986c30c7f9bf1f4e23133
UNK_CALIB_NOISE_159,unknown_calibration,itera_environmental_noise,Masjid At-tanwir Amplitudo,data/itera_noise/Masjid At-tanwir Amplitudo/32 kHz High Amplitudo/20261002_150400T.WAV,04e8480e222e08e625e4abe068c2df4774c89f7e0dd2aa84d14a7ee469479eb2
UNK_CALIB_NOISE_160,unknown_calibration,itera_environmental_noise,Embung F ITERA Amplitudo,data/itera_noise/Embung F ITERA Amplitudo/32 kHz Low Amplitudo/20261004_123400T.WAV,bc59ead3cceb548aa2528b7331c9a583c3c059015ac51662089d238a3c210efb
UNK_CALIB_NOISE_161,unknown_calibration,itera_environmental_noise,Sekitar GKU 1 Frequency,data/itera_noise/Sekitar GKU 1 Frequency/32 kHz Low Frequency/20260930_150500T.WAV,81aaaf60e57bd5e517afc5e9583cd58541bd680e75947d3753b9f9aaf5c5160d
UNK_CALIB_NOISE_162,unknown_calibration,itera_environmental_noise,Kebun Raya Amplitudo,data/itera_noise/Kebun Raya Amplitudo/32 kHz Low Amplitudo/20261007_105400T.WAV,91f738bb1d8afd815ea96656247e4d54413bf715f3912c727170d00bbbba6c27
UNK_CALIB_NOISE_163,unknown_calibration,itera_environmental_noise,Kebun Raya Frequency,data/itera_noise/Kebun Raya Frequency/32 kHz Low Frequency Kebun Raya/20260922_145600T.WAV,ab4085289996059871fc5fabe1869f8f5f5a9113dc104d776a48269af3b26f48
UNK_CALIB_NOISE_164,unknown_calibration,itera_environmental_noise,Gedung F Amplitudo,data/itera_noise/Gedung F Amplitudo/32 kHz High Amplitudo/20261001_155600T.WAV,d4feaec595ba6b67f1878bc926718e63ca8dd147847c6eef2df23bf250bf1429
UNK_CALIB_NOISE_165,unknown_calibration,itera_environmental_noise,Masjid At-tanwir Frequency,data/itera_noise/Masjid At-tanwir Frequency/32 kHz Medium Frequency/20260918_144700T.WAV,4f8afff14a74ac7711ad3e90ab4ffd53455a5062b73297f8f7b4001a59d8478e
UNK_CALIB_NOISE_166,unknown_calibration,itera_environmental_noise,Sekitar GKU 1 Frequency,data/itera_noise/Sekitar GKU 1 Frequency/32 kHz High Frequency/20260930_164000T.WAV,714329b86b6fd235d7d1d7bab4383f961b90f43218341c9b1b90c62e2790ca85
UNK_CALIB_NOISE_167,unknown_calibration,itera_environmental_noise,Kebun Raya Amplitudo,data/itera_noise/Kebun Raya Amplitudo/32 kHz Medium Amplitudo/20261007_124800T.WAV,03f577e99a1487f08a3781c90d496c102a32ea545e76523388aa07975a760856
UNK_CALIB_NOISE_168,unknown_calibration,itera_environmental_noise,Sekitar GKU 1 Amplitudo,data/itera_noise/Sekitar GKU 1 Amplitudo/32 kHz Low Amplitudo/20261005_110400T.WAV,8c5d6564b5cf6408423df710fa19d48ea8e42656d5b7d263971c5cad196aff8f
UNK_CALIB_NOISE_169,unknown_calibration,itera_environmental_noise,Kebun Raya Amplitudo,data/itera_noise/Kebun Raya Amplitudo/32 kHz Low Amplitudo/20261007_110500T.WAV,4d0e16a59871ff1fa4ec0360a349088073731cb0387912a46820219521982046
UNK_CALIB_NOISE_170,unknown_calibration,itera_environmental_noise,Embung F ITERA Frequency,data/itera_noise/Embung F ITERA Frequency/32 kHz Low Frequency Embung F/20260920_132500T.WAV,bd7b878aed234844fcdd680b5bf7b6126cea001963a1ead6e8a0057ea90de059
UNK_CALIB_NOISE_171,unknown_calibration,itera_environmental_noise,Gedung F Amplitudo,data/itera_noise/Gedung F Amplitudo/32 kHz Medium Amplitudo/20261001_092000T.WAV,d1fae6d328273910fb0fe786e211295293d93bab5a4d77434e5fea92b7693e83
UNK_CALIB_NOISE_172,unknown_calibration,itera_environmental_noise,Embung F ITERA Amplitudo,data/itera_noise/Embung F ITERA Amplitudo/32 kHz Low Amplitudo/20261004_124100T.WAV,fdd986ecbd37915ee13d34d1cf194f683ef794244e6b5644c40caa3b5f7775f0
UNK_CALIB_NOISE_173,unknown_calibration,itera_environmental_noise,Sekitar GKU 1 Amplitudo,data/itera_noise/Sekitar GKU 1 Amplitudo/32 kHz Low Amplitudo/20261005_101000T.WAV,f0852e7129c6c7621bf6295c95145a6be2e9bda5492f392d54a40f0fea1f1e0c
UNK_CALIB_NOISE_174,unknown_calibration,itera_environmental_noise,Embung F ITERA Frequency,data/itera_noise/Embung F ITERA Frequency/32 kHz Medium Frequency Embung F/20260920_141600T.WAV,42638586a2f37a07ae38fc4caed2af29e457eefffef75622afc77e6971ed96d3
UNK_CALIB_NOISE_175,unknown_calibration,itera_environmental_noise,Masjid At-tanwir Amplitudo,data/itera_noise/Masjid At-tanwir Amplitudo/32 kHz Medium Amplitudo/20261002_140500T.WAV,65d99ddfeabea135babfc0b8bab2444dc17d1ef231a0cc092fa63368e6f6a263
UNK_CALIB_NOISE_176,unknown_calibration,itera_environmental_noise,Embung F ITERA Frequency,data/itera_noise/Embung F ITERA Frequency/32 kHz Medium Frequency Embung F/20260920_150300T.WAV,2091e7c7f56d8b74755a52c6f03cc4c0b250aad3919cdf0606210dbedc8fbb18
UNK_CALIB_NOISE_177,unknown_calibration,itera_environmental_noise,Gedung F Frequency,data/itera_noise/Gedung F Frequency/32 kHz Low Frequency/20260923_101200T.WAV,a681b5e7b19dfd5484d7d87d8c1da4820e32373cec303170bb08006fe9600eae
UNK_CALIB_NOISE_178,unknown_calibration,itera_environmental_noise,Masjid At-tanwir Amplitudo,data/itera_noise/Masjid At-tanwir Amplitudo/32 kHz Low Amplitudo/20261002_124700T.WAV,8d88171f4c8c48bde9129aab17d3d7149c42159001bbc0f94e07fb8933165c0f
UNK_CALIB_NOISE_179,unknown_calibration,itera_environmental_noise,Sekitar GKU 1 Amplitudo,data/itera_noise/Sekitar GKU 1 Amplitudo/32 kHz High Amplitudo/20261005_124100T.WAV,641e3b10d2fcc96663a05ef8c26219eed29958b02db2ec444b1623e7a2627cfd
UNK_CALIB_NOISE_180,unknown_calibration,itera_environmental_noise,Masjid At-tanwir Amplitudo,data/itera_noise/Masjid At-tanwir Amplitudo/32 kHz Medium Amplitudo/20261002_132600T.WAV,63fc3578972ec24135de4a9c856dc7a716a3db0c8f268e1929d4e0bedd82c634
UNK_CALIB_NOISE_181,unknown_calibration,itera_environmental_noise,Sekitar GKU 1 Frequency,data/itera_noise/Sekitar GKU 1 Frequency/32 kHz High Frequency/20260930_172500T.WAV,4c060010b28f543cb85c15c9e35163834722a6930b476aee938b3a05971d7c06
UNK_CALIB_NOISE_182,unknown_calibration,itera_environmental_noise,Gedung F Frequency,data/itera_noise/Gedung F Frequency/32 kHz High Frequency/20260923_165500T.WAV,2f4eee88e807e63396fa0215a7b09c5a955ded50d3b7f31d5d049727b0a76625
UNK_CALIB_NOISE_183,unknown_calibration,itera_environmental_noise,Gedung F Frequency,data/itera_noise/Gedung F Frequency/32 kHz Medium Frequency/20260923_114400T.WAV,23294e208914ef47e9a8d2a48dec2ab4662e8e656497b21055688c03dc398570
UNK_CALIB_NOISE_184,unknown_calibration,itera_environmental_noise,Embung F ITERA Amplitudo,data/itera_noise/Embung F ITERA Amplitudo/32 kHz High Amplitudo/20261004_152000T.WAV,ef14e356cba79566696063682e50989defc6321c6ebd64a55fc47b37f696601d
UNK_CALIB_NOISE_185,unknown_calibration,itera_environmental_noise,Masjid At-tanwir Amplitudo,data/itera_noise/Masjid At-tanwir Amplitudo/32 kHz Low Amplitudo/20261002_120800T.WAV,1c3ed092d2a9a4d053e2f45ebe35ef928eae97d86f282537e004fd31ac7afd37
UNK_CALIB_NOISE_186,unknown_calibration,itera_environmental_noise,Kebun Raya Amplitudo,data/itera_noise/Kebun Raya Amplitudo/32 kHz High Amplitudo/20261007_133900T.WAV,3cdf18c75f9617579f69bf7fad48a0e06cb5143253253f832b5ba514cded89f0
UNK_CALIB_NOISE_187,unknown_calibration,itera_environmental_noise,Sekitar GKU 1 Frequency,data/itera_noise/Sekitar GKU 1 Frequency/32 kHz High Frequency/20260930_164100T.WAV,dbe09cda700f1b8a28370d663a101ec3b249f2b7953ba900a333fc129315b6b2
UNK_CALIB_NOISE_188,unknown_calibration,itera_environmental_noise,Gedung F Amplitudo,data/itera_noise/Gedung F Amplitudo/32 kHz High Amplitudo/20261001_150500T.WAV,b8278cd88fd863dd47f5ef28acc0625c03cefb006154866c8ccef295ec213a3d
UNK_CALIB_NOISE_189,unknown_calibration,itera_environmental_noise,Embung F ITERA Frequency,data/itera_noise/Embung F ITERA Frequency/32 kHz Medium Frequency Embung F/20260920_150000T.WAV,b0eaf7b311e182e4928850e33612597443d9456db293aa0a8d21f407c95256b2
UNK_CALIB_NOISE_190,unknown_calibration,itera_environmental_noise,Sekitar GKU 1 Amplitudo,data/itera_noise/Sekitar GKU 1 Amplitudo/32 kHz Medium Amplitudo/20261005_115600T.WAV,21ef46520418dc353f423ea35828ab730c6e65593e7279e982346fd3c0fabe15
UNK_CALIB_NOISE_191,unknown_calibration,itera_environmental_noise,Masjid At-tanwir Frequency,data/itera_noise/Masjid At-tanwir Frequency/32 kHz Medium Frequency/20260918_145500T.WAV,1f1cf4331f37953414a6e6cf4ebcf4c5f37e9ece15c9c77482511e96476a6c95
UNK_CALIB_NOISE_192,unknown_calibration,itera_environmental_noise,Sekitar GKU 1 Frequency,data/itera_noise/Sekitar GKU 1 Frequency/32 kHz Low Frequency/20260930_145900T.WAV,d248b44cc0ee92d791f3cc4329d4a949cada4ca12d142da371b9187b14c8309d
UNK_CALIB_NOISE_193,unknown_calibration,itera_environmental_noise,Embung F ITERA Amplitudo,data/itera_noise/Embung F ITERA Amplitudo/32 kHz Low Amplitudo/20261004_130400T.WAV,943bd70bab92e729eda3a891a50e54dd22555c0c04d69f7f0beda64270ac3c19
UNK_CALIB_NOISE_194,unknown_calibration,itera_environmental_noise,Masjid At-tanwir Frequency,data/itera_noise/Masjid At-tanwir Frequency/32 kHz High Frequency/20260918_161200T.WAV,b3bd75baa81541ad6caeae0f2cdb69ae17a065a53e3aecf3994f6431dc5cd029
UNK_CALIB_NOISE_195,unknown_calibration,itera_environmental_noise,Sekitar GKU 1 Frequency,data/itera_noise/Sekitar GKU 1 Frequency/32 kHz Medium Frequency/20260930_162200T.WAV,f674c16f4ccec4997ecb4039e4cefb9d32b17c1eed90eb13cbc0185bf63e5f7d
UNK_CALIB_NOISE_196,unknown_calibration,itera_environmental_noise,Gedung F Amplitudo,data/itera_noise/Gedung F Amplitudo/32 kHz High Amplitudo/20261001_151100T.WAV,66c63a4b702a399acbe38e6b69f2065a83a99ecc7b67326f9e78c11092879965
UNK_CALIB_NOISE_197,unknown_calibration,itera_environmental_noise,Masjid At-tanwir Amplitudo,data/itera_noise/Masjid At-tanwir Amplitudo/32 kHz Medium Amplitudo/20261002_140800T.WAV,b1950df6b84cf553a37fb0a43838d8fd6ea58aa1f9cd758b181fb984ac29d3e9
UNK_CALIB_NOISE_198,unknown_calibration,itera_environmental_noise,Gedung F Amplitudo,data/itera_noise/Gedung F Amplitudo/32 kHz Medium Amplitudo/20261001_082600T.WAV,de4a8fa88826cb7422165a8c0bb7c232ec5d231d230cd0c70a3263db7ac04846
UNK_CALIB_NOISE_199,unknown_calibration,itera_environmental_noise,Kebun Raya Frequency,data/itera_noise/Kebun Raya Frequency/32 kHz Low Frequency Kebun Raya/20260922_153300T.WAV,548b6791cda9c0a971fce1749f088aea8b29f086874dd7d2ff389e768e0a3f71
UNK_CALIB_NOISE_200,unknown_calibration,itera_environmental_noise,Embung F ITERA Amplitudo,data/itera_noise/Embung F ITERA Amplitudo/32 kHz Medium Amplitudo/20261004_142300T.WAV,e11d881d7f35727a48917d131b2244529da93911d582880c9a53e27b8211072a
UNK_CALIB_NOISE_201,unknown_calibration,itera_environmental_noise,Kebun Raya Frequency,data/itera_noise/Kebun Raya Frequency/32 kHz High Frequency Kebun Raya/20260921_160900T.WAV,e045dbaad248121a3a763d61f69a3aaa3f95e5a0ce37a6cb56410224be53d556
UNK_CALIB_NOISE_202,unknown_calibration,itera_environmental_noise,Masjid At-tanwir Amplitudo,data/itera_noise/Masjid At-tanwir Amplitudo/32 kHz High Amplitudo/20261002_152400T.WAV,3fb727dccf97e80fbe319d494651a7d46f9b07a1b14cb1c44c231e77fe9a9fcb
UNK_CALIB_NOISE_203,unknown_calibration,itera_environmental_noise,Sekitar GKU 1 Frequency,data/itera_noise/Sekitar GKU 1 Frequency/32 kHz High Frequency/20260930_171300T.WAV,7fe604a15fd37b055c7bb1e957211839a7ea177352cd63372c7813cb46f05dfd
UNK_CALIB_NOISE_204,unknown_calibration,itera_environmental_noise,Gedung F Frequency,data/itera_noise/Gedung F Frequency/32 kHz Medium Frequency/20260923_121700T.WAV,6d6dd9078de1ce681e0d136b047efa600c6356e3744315985412fd897ce4e7f0
UNK_CALIB_NOISE_205,unknown_calibration,itera_environmental_noise,Sekitar GKU 1 Frequency,data/itera_noise/Sekitar GKU 1 Frequency/32 kHz Low Frequency/20260930_151000T.WAV,e65f2872147eabe1a42cc026a37fe1a75894c673bdd71e3395a3d77ff5b694b0
UNK_CALIB_NOISE_206,unknown_calibration,itera_environmental_noise,Gedung F Amplitudo,data/itera_noise/Gedung F Amplitudo/32 kHz Low Amplitudo/20261001_122800T.WAV,970781fd98bb4bdd5f8d5fdf5995453a7d1b62c18e5ae2b2550789fd1c3275ca
UNK_CALIB_NOISE_207,unknown_calibration,itera_environmental_noise,Sekitar GKU 1 Amplitudo,data/itera_noise/Sekitar GKU 1 Amplitudo/32 kHz Low Amplitudo/20261005_102000T.WAV,b9e6a4fcb492e08dfad0ee47c7f732833f14bd0ce3b4bb1f98973b5294561b25
UNK_CALIB_NOISE_208,unknown_calibration,itera_environmental_noise,Gedung F Frequency,data/itera_noise/Gedung F Frequency/32 kHz High Frequency/20260923_161400T.WAV,987c62680fb7f5f053c1374298501c3036eba0a5489ea066af2906112e34c1d5
UNK_CALIB_NOISE_209,unknown_calibration,itera_environmental_noise,Kebun Raya Frequency,data/itera_noise/Kebun Raya Frequency/32 kHz Low Frequency Kebun Raya/20260922_144600T.WAV,19ebb940cdc174f67ed2771ca51e637160a1b3b84b76d8edbc8a4330c45570af
UNK_CALIB_NOISE_210,unknown_calibration,itera_environmental_noise,Embung F ITERA Amplitudo,data/itera_noise/Embung F ITERA Amplitudo/32 kHz High Amplitudo/20261004_152200T.WAV,78f84c7ffbae9b9df5a7708e3b69940035ed77d549660941119d8c2d24337072
UNK_CALIB_NOISE_211,unknown_calibration,itera_environmental_noise,Kebun Raya Amplitudo,data/itera_noise/Kebun Raya Amplitudo/32 kHz High Amplitudo/20261007_134700T.WAV,36623ace8599ac135d58f66c173c40e19aab4f613926bd9c714a99dcb9516c94
UNK_CALIB_NOISE_212,unknown_calibration,itera_environmental_noise,Sekitar GKU 1 Frequency,data/itera_noise/Sekitar GKU 1 Frequency/32 kHz High Frequency/20260930_173400T.WAV,bc2943c23956e9cceac32f3d1c71152ef2ea604974d1f8f5ae10d531bd399219
UNK_CALIB_NOISE_213,unknown_calibration,itera_environmental_noise,Masjid At-tanwir Amplitudo,data/itera_noise/Masjid At-tanwir Amplitudo/32 kHz Medium Amplitudo/20261002_132200T.WAV,b25347035174caf28507f7dddc4fac1ad38a8cee8183dc2c0c4ca1b88c558d57
UNK_CALIB_NOISE_214,unknown_calibration,itera_environmental_noise,Masjid At-tanwir Amplitudo,data/itera_noise/Masjid At-tanwir Amplitudo/32 kHz Medium Amplitudo/20261002_133300T.WAV,69b89eefc1d1faf5adacda1f6251bb07c822e3717d986514764fef2c28248a54
UNK_CALIB_NOISE_215,unknown_calibration,itera_environmental_noise,Kebun Raya Amplitudo,data/itera_noise/Kebun Raya Amplitudo/32 kHz Medium Amplitudo/20261007_121200T.WAV,45e6f2638adedb75fe17f415ff0ac9d9fa9ef5311c0f9339c46da15470606bcf
UNK_CALIB_NOISE_216,unknown_calibration,itera_environmental_noise,Kebun Raya Frequency,data/itera_noise/Kebun Raya Frequency/32 kHz High Frequency Kebun Raya/20260921_155500T.WAV,e25c3597a47a662fa8172730989bbcc67394a1468800b4d9e9a0c4cbb893d7af
UNK_CALIB_NOISE_217,unknown_calibration,itera_environmental_noise,Kebun Raya Amplitudo,data/itera_noise/Kebun Raya Amplitudo/32 kHz Medium Amplitudo/20261007_122900T.WAV,1f728f71cc2fb574278131a6973e9df6dd16eef14227226f2842967e22f9bc0c
UNK_CALIB_NOISE_218,unknown_calibration,itera_environmental_noise,Embung F ITERA Frequency,data/itera_noise/Embung F ITERA Frequency/32 kHz High Frequency Embung F/20260920_153000T.WAV,d16ef73c036a530d1260a29238f57981e3050d0c5ff77fc36b8945758b61fe51
UNK_CALIB_NOISE_219,unknown_calibration,itera_environmental_noise,Masjid At-tanwir Frequency,data/itera_noise/Masjid At-tanwir Frequency/32 kHz Low Frequency/20260918_141600T.WAV,da4508b99914b761487a8efb974a25502df985cc98517aff92ea0e8d75753e3a
UNK_CALIB_NOISE_220,unknown_calibration,itera_environmental_noise,Kebun Raya Frequency,data/itera_noise/Kebun Raya Frequency/32 kHz Low Frequency Kebun Raya/20260922_145800T.WAV,b31e89cb34f22666226c462b9ae42fd09814ed0f34b056f4b716986de5c0b496
UNK_CALIB_NOISE_221,unknown_calibration,itera_environmental_noise,Embung F ITERA Frequency,data/itera_noise/Embung F ITERA Frequency/32 kHz Medium Frequency Embung F/20260920_144000T.WAV,73368bcfbc8178177ec3667abe3f3c043be4d0b555baef38d36dfd8b741883b8
UNK_CALIB_NOISE_222,unknown_calibration,itera_environmental_noise,Embung F ITERA Amplitudo,data/itera_noise/Embung F ITERA Amplitudo/32 kHz High Amplitudo/20261004_153400T.WAV,47c37b1d066eb0e7b2d0d8b66466a423ed85008220071b44f83f352743317411
UNK_CALIB_NOISE_223,unknown_calibration,itera_environmental_noise,Embung F ITERA Frequency,data/itera_noise/Embung F ITERA Frequency/32 kHz Low Frequency Embung F/20260920_125700T.WAV,e6b242039054d82e82c02e257b02e77dcd91771ac3656ce80ffabfc22dd64980
UNK_CALIB_NOISE_224,unknown_calibration,itera_environmental_noise,Gedung F Frequency,data/itera_noise/Gedung F Frequency/32 kHz High Frequency/20260923_165200T.WAV,102317c4243a09b4c66040d449ce2a945948258ad95a028ac009b5a0353facc7
UNK_CALIB_NOISE_225,unknown_calibration,itera_environmental_noise,Kebun Raya Frequency,data/itera_noise/Kebun Raya Frequency/32 kHz Medium Frequency Kebun Raya/20260922_123400T.WAV,583dae972485f2175178747345ece50a0ed7d41013c1de741bc40c51ff62aa5e
UNK_CALIB_NOISE_226,unknown_calibration,itera_environmental_noise,Masjid At-tanwir Frequency,data/itera_noise/Masjid At-tanwir Frequency/32 kHz Medium Frequency/20260918_150000T.WAV,8ba9308031a2a971d57df4327e17c6e250569ddaa8d24dac158bd5dad0f765a5
UNK_CALIB_NOISE_227,unknown_calibration,itera_environmental_noise,Embung F ITERA Frequency,data/itera_noise/Embung F ITERA Frequency/32 kHz High Frequency Embung F/20260920_154100T.WAV,e7cc5f82960e78634b7172fab4cd76999d8f71ce81cd68a8074f53669c109495
UNK_CALIB_NOISE_228,unknown_calibration,itera_environmental_noise,Masjid At-tanwir Frequency,data/itera_noise/Masjid At-tanwir Frequency/32 kHz High Frequency/20260918_160400T.WAV,876468c07776aaad0d0ab698274f0a41dd9ebb80e40aff38c7de27016e475aed
UNK_CALIB_NOISE_229,unknown_calibration,itera_environmental_noise,Kebun Raya Frequency,data/itera_noise/Kebun Raya Frequency/32 kHz Low Frequency Kebun Raya/20260922_152400T.WAV,98a5ad1252a80b4e8e84b128df0f2d4c80bee4479baab19bdd8d6ea92b4a2da1
UNK_CALIB_NOISE_230,unknown_calibration,itera_environmental_noise,Sekitar GKU 1 Frequency,data/itera_noise/Sekitar GKU 1 Frequency/32 kHz High Frequency/20260930_172000T.WAV,a849b2b8618548036e9328f14b8ebb9246555d331892f6f5629e653616d02aed
UNK_CALIB_NOISE_231,unknown_calibration,itera_environmental_noise,Embung F ITERA Amplitudo,data/itera_noise/Embung F ITERA Amplitudo/32 kHz High Amplitudo/20261004_154900T.WAV,30cd0444cbc0b2c7d37444b90a48b8c02695ccbb279e3379661098173104e188
UNK_CALIB_NOISE_232,unknown_calibration,itera_environmental_noise,Masjid At-tanwir Amplitudo,data/itera_noise/Masjid At-tanwir Amplitudo/32 kHz Medium Amplitudo/20261002_134100T.WAV,9b7911078b0282f92593b527240e3c81011c526acdec38d87231e190ee95317c
UNK_CALIB_NOISE_233,unknown_calibration,itera_environmental_noise,Embung F ITERA Frequency,data/itera_noise/Embung F ITERA Frequency/32 kHz Medium Frequency Embung F/20260920_145900T.WAV,49c00f4b8cd3538e783dae4892c8ee2cb19e7f3a81c3bcd431d1ffd229a0c5d0
UNK_CALIB_NOISE_234,unknown_calibration,itera_environmental_noise,Sekitar GKU 1 Amplitudo,data/itera_noise/Sekitar GKU 1 Amplitudo/32 kHz High Amplitudo/20261005_131400T.WAV,ebc6d4d38731607ce2abe8b9129acd928e6e4ec77874f1e21d6c1c5add1e882d
UNK_CALIB_NOISE_235,unknown_calibration,itera_environmental_noise,Kebun Raya Frequency,data/itera_noise/Kebun Raya Frequency/32 kHz Medium Frequency Kebun Raya/20260922_121800T.WAV,8709838cf7d2255e90b962b5920079407b7d49a7068f85a7a86fa3f82ecfad5d
UNK_CALIB_NOISE_236,unknown_calibration,itera_environmental_noise,Gedung F Amplitudo,data/itera_noise/Gedung F Amplitudo/32 kHz Medium Amplitudo/20261001_091200T.WAV,00ffcb33c42079391b5e8b9e28872619bfaaeb2adda52bca781b90484b65bdc1
UNK_CALIB_NOISE_237,unknown_calibration,itera_environmental_noise,Gedung F Frequency,data/itera_noise/Gedung F Frequency/32 kHz Medium Frequency/20260923_113000T.WAV,cf4241cf19b1b03d88462c99e315833fb6ae7af6bde168b95fd7426046eb0e2e
UNK_CALIB_NOISE_238,unknown_calibration,itera_environmental_noise,Masjid At-tanwir Amplitudo,data/itera_noise/Masjid At-tanwir Amplitudo/32 kHz Medium Amplitudo/20261002_135600T.WAV,a1d97c38f157ed99e43d27b4feb434a60c2ce65695e741057ac369260eafc76c
UNK_CALIB_NOISE_239,unknown_calibration,itera_environmental_noise,Sekitar GKU 1 Frequency,data/itera_noise/Sekitar GKU 1 Frequency/32 kHz Low Frequency/20260930_150600T.WAV,9c7760546852dc94b3e866982b3bf3798e73df20b2b62d66dd525f335ef26e2e
UNK_CALIB_NOISE_240,unknown_calibration,itera_environmental_noise,Kebun Raya Frequency,data/itera_noise/Kebun Raya Frequency/32 kHz High Frequency Kebun Raya/20260921_161800T.WAV,7115ddd4a90301845012e81b59ff30829f1f10e259504f60c4b4f9d79ee0084d
UNK_CALIB_NOISE_241,unknown_calibration,itera_environmental_noise,Embung F ITERA Amplitudo,data/itera_noise/Embung F ITERA Amplitudo/32 kHz Medium Amplitudo/20261004_133800T.WAV,3efe2f85d9a21e644edf7f69d3cd6420d2c9dacae087a875db9bd0a5a6994cc2
UNK_CALIB_NOISE_242,unknown_calibration,itera_environmental_noise,Sekitar GKU 1 Frequency,data/itera_noise/Sekitar GKU 1 Frequency/32 kHz Low Frequency/20260930_144300T.WAV,546b9dad5d42b4dde5df87c2eb3d159a51f48180b37ada7b87fad73214d8f904
UNK_CALIB_NOISE_243,unknown_calibration,itera_environmental_noise,Kebun Raya Frequency,data/itera_noise/Kebun Raya Frequency/32 kHz High Frequency Kebun Raya/20260921_160000T.WAV,43595114348b04d395338313c574066264ef725965190edbc97d93b6f388ebb7
UNK_CALIB_NOISE_244,unknown_calibration,itera_environmental_noise,Embung F ITERA Frequency,data/itera_noise/Embung F ITERA Frequency/32 kHz Medium Frequency Embung F/20260920_140800T.WAV,c4b969ce423160dfa1911b9c7cc1cd5d15e0dbf1be1954572ee7acae67d2ea9b
UNK_CALIB_NOISE_245,unknown_calibration,itera_environmental_noise,Kebun Raya Frequency,data/itera_noise/Kebun Raya Frequency/32 kHz High Frequency Kebun Raya/20260921_161900T.WAV,9d75ee46bdce866f22a7650cfd39873e72a5ee86c1932d2ef1718e1f541f8e9d
UNK_CALIB_NOISE_246,unknown_calibration,itera_environmental_noise,Gedung F Amplitudo,data/itera_noise/Gedung F Amplitudo/32 kHz Medium Amplitudo/20261001_090300T.WAV,ab20dc2d890ad6ff03e6125d722bcf67c354a768fce94fc5a299a19c87b60373
UNK_CALIB_NOISE_247,unknown_calibration,itera_environmental_noise,Gedung F Amplitudo,data/itera_noise/Gedung F Amplitudo/32 kHz High Amplitudo/20261001_152300T.WAV,9da5303ad0a48e8fcb7630b0e637c893d06a49dab2a84b5387792b95344290aa
UNK_CALIB_NOISE_248,unknown_calibration,itera_environmental_noise,Kebun Raya Amplitudo,data/itera_noise/Kebun Raya Amplitudo/32 kHz Low Amplitudo/20261007_112700T.WAV,a9e73e0440a1c8542c91c195f16587cdec06594e9754ab234e7466e806959caa
UNK_CALIB_NOISE_249,unknown_calibration,itera_environmental_noise,Sekitar GKU 1 Frequency,data/itera_noise/Sekitar GKU 1 Frequency/32 kHz High Frequency/20260930_165600T.WAV,1f05a8c9b5da94c64517af48f709515a0663f95c2c2feecb7afc55d1f7c59ecd
UNK_TEST_BIRD_001,unknown_test,non_target_species,fabwre1,data/BirdClef/train_audio/fabwre1/XC709910.ogg,11f9134dc5f7b81d2b6ab7ee0be3d54b57e57527505e754a0b2aaaa4143053b8
UNK_TEST_BIRD_002,unknown_test,non_target_species,rivwar1,data/BirdClef/train_audio/rivwar1/XC1017190.ogg,4634e94d48acca622eb9aaa8160c0967d68e96754603e660393682549ae1ef73
UNK_TEST_BIRD_003,unknown_test,non_target_species,pluibi1,data/BirdClef/train_audio/pluibi1/XC705029.ogg,043250636f5d635a5a71199398d0c55df88dd8c50e45ea3c5aa0986fbdd15dc6
UNK_TEST_BIRD_004,unknown_test,non_target_species,burowl,data/BirdClef/train_audio/burowl/XC322173.ogg,deeb8a32d122312de3c56a6d2b66307c1248ee1bd9e3417600f3fb81b1904f62
UNK_TEST_BIRD_005,unknown_test,non_target_species,thlwre1,data/BirdClef/train_audio/thlwre1/XC259291.ogg,12f2e3381c213f9e8bde95400db8dd4f207221b48fe7723b1592e727b02f035b
UNK_TEST_BIRD_006,unknown_test,non_target_species,camfli1,data/BirdClef/train_audio/camfli1/XC85004.ogg,7a2822fb8e460c7a3ac794b427deb42d593f555c35900756fd976c419b7e2ca7
UNK_TEST_BIRD_007,unknown_test,non_target_species,wesfie1,data/BirdClef/train_audio/wesfie1/XC80263.ogg,266136ba7165c68f31435c79f4c152269096b38792144efc75692bc1f3b17c1e
UNK_TEST_BIRD_008,unknown_test,non_target_species,greyel,data/BirdClef/train_audio/greyel/iNat1613160.ogg,a5a8bc34dd0a24df3ec249882bf0c15347313667c5fabbf94442c16bc7be36ef
UNK_TEST_BIRD_009,unknown_test,non_target_species,recfin1,data/BirdClef/train_audio/recfin1/XC139284.ogg,5cba011bbf63e18f45cb6290fdf1204a9066d4616f28b968810faa99867e4bbd
UNK_TEST_BIRD_010,unknown_test,non_target_species,244024,data/BirdClef/train_audio/244024/iNat125250.ogg,1f5b5238d34247ffa1a6462e6be6fc29bceeeddd73780364b713fa3520afc0f7
UNK_TEST_BIRD_011,unknown_test,non_target_species,batbel1,data/BirdClef/train_audio/batbel1/XC386891.ogg,32bd4a76b3db67231c928f5bc0115a93963523fd5f31794f8c3eb31a30157140
UNK_TEST_BIRD_012,unknown_test,non_target_species,souant1,data/BirdClef/train_audio/souant1/iNat163658.ogg,2a5591c9ff766c31e66eb005192f1773dd6431ec24dace517e31454c75c20f4d
UNK_TEST_BIRD_013,unknown_test,non_target_species,limpki,data/BirdClef/train_audio/limpki/iNat603058.ogg,d035883be8c89f7e9f186887b535188707b8eca2aa59aca9cc17eabbe2adc48e
UNK_TEST_BIRD_014,unknown_test,non_target_species,smbani,data/BirdClef/train_audio/smbani/iNat1062029.ogg,390cb9de145499505c3869ce88839e17ca118b924bed1e425639d3869aa27608
UNK_TEST_BIRD_015,unknown_test,non_target_species,fepowl,data/BirdClef/train_audio/fepowl/XC336337.ogg,59e5cde720aad7e79daafe1215e2d1bbd411de1dba2ea9aac7f23ab62158cbf4
UNK_TEST_BIRD_016,unknown_test,non_target_species,bufpar,data/BirdClef/train_audio/bufpar/iNat1272707.ogg,f41acd052c135dd95731e21198a63de8bb64fcfb15815a86b83602d114a83b2b
UNK_TEST_BIRD_017,unknown_test,non_target_species,limpki,data/BirdClef/train_audio/limpki/iNat930634.ogg,c6bfc3f6009f4fe55b2e3cc12af73eb17613a7f4daac5f756451bafeef5d9a2f
UNK_TEST_BIRD_018,unknown_test,non_target_species,burowl,data/BirdClef/train_audio/burowl/XC909267.ogg,db6a6bf2c1e7198fd9322b663097f85c55220f731ac13772b7f13ff9342b40b5
UNK_TEST_BIRD_019,unknown_test,non_target_species,limpki,data/BirdClef/train_audio/limpki/iNat610397.ogg,5a4f548e392ed10c7fda98ca153e40c020cbd9a961b07e341834fadf1ae1067d
UNK_TEST_BIRD_020,unknown_test,non_target_species,greyel,data/BirdClef/train_audio/greyel/iNat397606.ogg,092256094cd3a770b08fd725dcd3299f25e942f4ea174aa0dcfb3b838be4dabf
UNK_TEST_BIRD_021,unknown_test,non_target_species,rufnig1,data/BirdClef/train_audio/rufnig1/XC717565.ogg,62121b2b8d9fcdbeec78cfbe5525aaf180438d2b776f6afe3012f4fd9b2eb79f
UNK_TEST_BIRD_022,unknown_test,non_target_species,spbant3,data/BirdClef/train_audio/spbant3/XC340295.ogg,96d7fd0eaf75e63372309bf914c23f7f0c01236ba7b8bae020ae749d42e0d5a5
UNK_TEST_BIRD_023,unknown_test,non_target_species,crbthr1,data/BirdClef/train_audio/crbthr1/iNat555755.ogg,831c95b161262cef3f58c5739874917c8971fe3bc975c795b95e9fc900f8b0b7
UNK_TEST_BIRD_024,unknown_test,non_target_species,spispi1,data/BirdClef/train_audio/spispi1/XC423380.ogg,031d6ee336c6304be07facae0dedf85a2328d3a3cfdbad7c800346c3be6a9f10
UNK_TEST_BIRD_025,unknown_test,non_target_species,fepowl,data/BirdClef/train_audio/fepowl/XC121269.ogg,136ba2c9d0ab4dc93ed5d0b601c932fd59136204231dcbf539fbdbc41f89b7e5
UNK_TEST_BIRD_026,unknown_test,non_target_species,limpki,data/BirdClef/train_audio/limpki/iNat1392447.ogg,20212e01f65456ca78d2964ab3f70e06a3f9f959e6c1a7f094175e1a1fb0ffc6
UNK_TEST_BIRD_027,unknown_test,non_target_species,bufpar,data/BirdClef/train_audio/bufpar/iNat207979.ogg,ab2d4951bf4881e1def7555671da4b91e62fe20c922fd3bee8816e4832701058
UNK_TEST_BIRD_028,unknown_test,non_target_species,plcjay1,data/BirdClef/train_audio/plcjay1/iNat397509.ogg,75bf02926f0bfb01dbd33c81249083388458ad9d674e09025f14b3211134a85f
UNK_TEST_BIRD_029,unknown_test,non_target_species,bufpar,data/BirdClef/train_audio/bufpar/XC735485.ogg,276cf45be47a4d9b3ad922afd352ffffa18517493cca50b9988643d2edcd7347
UNK_TEST_BIRD_030,unknown_test,non_target_species,masgna1,data/BirdClef/train_audio/masgna1/XC346507.ogg,a62b7e9e4dc4a4921b257794e216c13bbe0c5679b90432bc6747b302c9f7c005
UNK_TEST_BIRD_031,unknown_test,non_target_species,fabwre1,data/BirdClef/train_audio/fabwre1/XC2190.ogg,fbfb56c6249a29a39b416e22033e6358986ca0ed10d4a0cdb05ee0cb0287f7f5
UNK_TEST_BIRD_032,unknown_test,non_target_species,smbtin1,data/BirdClef/train_audio/smbtin1/iNat81751.ogg,ea88a85ab03496141dd5baecb11b6de2e1528e6c0cb02232d8d3a129bfbf48ff
UNK_TEST_BIRD_033,unknown_test,non_target_species,picpig2,data/BirdClef/train_audio/picpig2/XC898268.ogg,1fec030fb1b8c8c9ab91625304fcc80994e1af77b3c78c4ee1fc7832784cbd5f
UNK_TEST_BIRD_034,unknown_test,non_target_species,ruftof1,data/BirdClef/train_audio/ruftof1/XC901443.ogg,9576551045c21352d24b9ce697f009b1536a7c01d9b48ec57513922e92f1eff7
UNK_TEST_BIRD_035,unknown_test,non_target_species,greyel,data/BirdClef/train_audio/greyel/iNat1262703.ogg,2d3a82ba51d8b7c00ebb3bbb3595f689ebfd0202b8de2c387f58fce9306570d2
UNK_TEST_BIRD_036,unknown_test,non_target_species,picpig2,data/BirdClef/train_audio/picpig2/XC480621.ogg,de98cb994d403bde935d09f10c588540560b6f963b454852d4ef651b7e30341a
UNK_TEST_BIRD_037,unknown_test,non_target_species,burowl,data/BirdClef/train_audio/burowl/XC247784.ogg,2bb1cdc9f6424e204e995b9b5d94760a72e45ef1c92ab95e15c9b4f87fdd3bc0
UNK_TEST_BIRD_038,unknown_test,non_target_species,batbel1,data/BirdClef/train_audio/batbel1/XC993183.ogg,9f367c9622cab6fa0007e63de3212d849d920a51c304d7f9b5f63ebdee1025cb
UNK_TEST_BIRD_039,unknown_test,non_target_species,pvttyr1,data/BirdClef/train_audio/pvttyr1/XC9159.ogg,d6d8950351d4ae34e3ec608567fdff4d3fc8712a0c2c2aa28142ded24f506c20
UNK_TEST_BIRD_040,unknown_test,non_target_species,43435,data/BirdClef/train_audio/43435/iNat1651689.ogg,2223a9a2fd143286996a9bc1962a56962a4efdcb9b03c7eeb3a96c20d00972bf
UNK_TEST_BIRD_041,unknown_test,non_target_species,saffin,data/BirdClef/train_audio/saffin/XC325730.ogg,fe3f5d91ce3b8b5ca048e2cb6878525b85afc825e312648e51373a89301d1580
UNK_TEST_BIRD_042,unknown_test,non_target_species,pvttyr1,data/BirdClef/train_audio/pvttyr1/XC436494.ogg,6e32985da02c81fa4014c0c2ef26f0d44bdf3785807419238ef6a232e238e19c
UNK_TEST_BIRD_043,unknown_test,non_target_species,hyamac1,data/BirdClef/train_audio/hyamac1/XC469115.ogg,f11b6dc143185c5dfa847c3942a002a015053baf308fa4801f931b326c775c3f
UNK_TEST_BIRD_044,unknown_test,non_target_species,greyel,data/BirdClef/train_audio/greyel/iNat1696155.ogg,52820da3b9f4818b1133e55bf1ed9a68764c3cdf3036d1ed903f9e9d4fc4f2c5
UNK_TEST_BIRD_045,unknown_test,non_target_species,greela,data/BirdClef/train_audio/greela/XC772324.ogg,fc50214b8744016a4291f34c8cdee69da14258f67aec79cb5c3ed0ed2e11ff52
UNK_TEST_BIRD_046,unknown_test,non_target_species,oliwoo1,data/BirdClef/train_audio/oliwoo1/XC428636.ogg,3b0145a1acd626d5187b27a79f4a122576a9b812be1f820f33a05f227b029849
UNK_TEST_BIRD_047,unknown_test,non_target_species,crbthr1,data/BirdClef/train_audio/crbthr1/XC674550.ogg,ef1e70c5d17523fc39744de30e995dda6cbe37b778e53afd48ac0c55d6a7261a
UNK_TEST_BIRD_048,unknown_test,non_target_species,burowl,data/BirdClef/train_audio/burowl/iNat495390.ogg,9b0198cec4ebd209ae3266dfba8139d3aa7cf33a80ff1e51aa16c347fc0b3b34
UNK_TEST_BIRD_049,unknown_test,non_target_species,houspa,data/BirdClef/train_audio/houspa/iNat672437.ogg,bce469592658525e26a3b5a425f6dd42c5cf82da97df614423fc8534763d9396
UNK_TEST_BIRD_050,unknown_test,non_target_species,bucpar,data/BirdClef/train_audio/bucpar/iNat204420.ogg,b89e70fb1413f1bedb40935cdc365bcfb6cf1b8699c9458656a63da141ad7427
UNK_TEST_BIRD_051,unknown_test,non_target_species,magtan2,data/BirdClef/train_audio/magtan2/XC259760.ogg,3c6e583699771f152dc94317424524ed2c4f0bba75f70cbbbf94e51731f195cf
UNK_TEST_BIRD_052,unknown_test,non_target_species,bbwduc,data/BirdClef/train_audio/bbwduc/XC819383.ogg,7d64e3e6732f63d7be9c15ec83be2ceabc4939da52d513fcf6c3b22fea346539
UNK_TEST_BIRD_053,unknown_test,non_target_species,strher2,data/BirdClef/train_audio/strher2/XC143353.ogg,429fe5980c23bcc00a86792ef2f34bc143fb252c43788e44fb83e79481e9ca74
UNK_TEST_BIRD_054,unknown_test,non_target_species,pvttyr1,data/BirdClef/train_audio/pvttyr1/XC503471.ogg,e11fa69b80d568180bcf174b83fed6245419b40189b38c991ff3e0cc1d2ea6b6
UNK_TEST_BIRD_055,unknown_test,non_target_species,grhtan1,data/BirdClef/train_audio/grhtan1/XC424278.ogg,ef1569d64d5268a52845cd20775bb19c757c3b85b0471cb01bc96fad24b7461a
UNK_TEST_BIRD_056,unknown_test,non_target_species,chacha1,data/BirdClef/train_audio/chacha1/XC145056.ogg,750f93132a81e3113ca5c6fa7815b31d9113359d0bbb6411f1701b7f73e4c3e1
UNK_TEST_BIRD_057,unknown_test,non_target_species,crbthr1,data/BirdClef/train_audio/crbthr1/XC278689.ogg,f4757fa96f148c06b471e0ff1fe26eeedb47b091ddafcc961edbc0b5da590905
UNK_TEST_BIRD_058,unknown_test,non_target_species,wfwduc1,data/BirdClef/train_audio/wfwduc1/XC973596.ogg,72b09b5e366ebd6df964d8d421c69c24353936dae65baaa9e16cd6523be55d20
UNK_TEST_BIRD_059,unknown_test,non_target_species,relser1,data/BirdClef/train_audio/relser1/XC832915.ogg,ffbbaea8e88bbbaa6027af1f33c8ff1316d948e1171ca76d1bb27446a8f78297
UNK_TEST_BIRD_060,unknown_test,non_target_species,varant1,data/BirdClef/train_audio/varant1/iNat1036623.ogg,70d9b7eb4cda229b98b996528a37124f528ce9754c108243b25459dbd00d1caf
UNK_TEST_BIRD_061,unknown_test,non_target_species,fepowl,data/BirdClef/train_audio/fepowl/iNat581441.ogg,324b0581c7cef210029072362060fb9acddcadd113246d7f4f2cad235b2d3973
UNK_TEST_BIRD_062,unknown_test,non_target_species,saffin,data/BirdClef/train_audio/saffin/iNat881952.ogg,b01ae75e87f1c0b462fd287bc056901ebdf7df643183dfd14a6a85e5fa451172
UNK_TEST_BIRD_063,unknown_test,non_target_species,wfwduc1,data/BirdClef/train_audio/wfwduc1/XC973598.ogg,0e8db8e129b58aed97a49f1d994f1fefae4ee8c2296170e8f135ca45e255452f
UNK_TEST_BIRD_064,unknown_test,non_target_species,oliwoo1,data/BirdClef/train_audio/oliwoo1/XC669561.ogg,8ca91076ce4efa600d5bdfed7ce63db83210c270c4be556a9282089532d1401c
UNK_TEST_BIRD_065,unknown_test,non_target_species,camfli1,data/BirdClef/train_audio/camfli1/XC1008363.ogg,11970d26b7dca7197ce89400d870f0ece712885d49e11e2fcc37c31118fbbe24
UNK_TEST_BIRD_066,unknown_test,non_target_species,saffin,data/BirdClef/train_audio/saffin/iNat852559.ogg,3a4d41556729c2bb4e4095f1bb97fcccc764d60d90ce888beba7858a21cc3bff
UNK_TEST_BIRD_067,unknown_test,non_target_species,wesfie1,data/BirdClef/train_audio/wesfie1/XC703838.ogg,2aaf52f30a7b5c5069d02729b8dc261a6f09dc999b361c65efad769d2770c88f
UNK_TEST_BIRD_068,unknown_test,non_target_species,epaori4,data/BirdClef/train_audio/epaori4/iNat1715805.ogg,0e9ef8653c4bff0c1f441582f56d9c2cd81b3cc9a2dcfdbb2f9d894e5329c334
UNK_TEST_BIRD_069,unknown_test,non_target_species,houspa,data/BirdClef/train_audio/houspa/XC846054.ogg,e0ded506474fbd31059e03295cc9a70e267d1d014656ba6f3760a5d39103fe3d
UNK_TEST_BIRD_070,unknown_test,non_target_species,limpki,data/BirdClef/train_audio/limpki/iNat1253458.ogg,8f8c0f86cc42dbe7279e3a2b6cc7c5a162752deb80091bd75bbcb5fd3b526130
UNK_TEST_BIRD_071,unknown_test,non_target_species,epaori4,data/BirdClef/train_audio/epaori4/XC541458.ogg,61e615a0297f594875f27b6a0f0f074873b698e4fbbd435f52776a5fb3d444fd
UNK_TEST_BIRD_072,unknown_test,non_target_species,oliwoo1,data/BirdClef/train_audio/oliwoo1/XC550531.ogg,a1573287ab67afdcecb7305233e215b7ea94aacb6d9bb106eea76df97127aa3e
UNK_TEST_BIRD_073,unknown_test,non_target_species,orbtro3,data/BirdClef/train_audio/orbtro3/XC260038.ogg,a512b549b4441edf4205d16bdc7f8c6f247a978118f297b314fce4b33a2519cf
UNK_TEST_BIRD_074,unknown_test,non_target_species,fabwre1,data/BirdClef/train_audio/fabwre1/XC429288.ogg,86ea0ce9517164f6e538b69da45c16a265fa35701b3583ce8edc444d2327889e
UNK_TEST_BIRD_075,unknown_test,non_target_species,244024,data/BirdClef/train_audio/244024/iNat1550821.ogg,5354a9f5172905c2d10ee4e51ad4037804a4806bdcd89af9486174bb2d1fdd2b
UNK_TEST_BIRD_076,unknown_test,non_target_species,whbant2,data/BirdClef/train_audio/whbant2/XC330067.ogg,2b9e7902de5f56a7e6301ac40220bd0553294cf8d8ada60ee9ee8d5213143a92
UNK_TEST_BIRD_077,unknown_test,non_target_species,masgna1,data/BirdClef/train_audio/masgna1/XC663273.ogg,369cab83b2e00cb38720d34bd3dda42685c588d37f2c3a444eb5bec9c1345220
UNK_TEST_BIRD_078,unknown_test,non_target_species,ruftho1,data/BirdClef/train_audio/ruftho1/iNat1196755.ogg,2ec820143c058e33ca2fbfcb0ab14cf569899d345a9d7d42cfae221afce21aab
UNK_TEST_BIRD_079,unknown_test,non_target_species,bbwduc,data/BirdClef/train_audio/bbwduc/iNat1668006.ogg,a181df393e6d9cc3fb2f9755d9481257ace4ec9fa2ba0579347cce0d16692539
UNK_TEST_BIRD_080,unknown_test,non_target_species,bucpar,data/BirdClef/train_audio/bucpar/XC127950.ogg,93ce48eb87c0699671f79ee0edb67b29af42ddcbdea6b7a45c9f8f026d91a833
UNK_TEST_BIRD_081,unknown_test,non_target_species,spbant3,data/BirdClef/train_audio/spbant3/XC569152.ogg,98347f09062be5abcbfbe04a3ffd3ca241c242111acef8633c10d8e9c8609280
UNK_TEST_BIRD_082,unknown_test,non_target_species,greyel,data/BirdClef/train_audio/greyel/iNat1571970.ogg,0423071f4d71e386d6472f6a330b431046885bceadca6a1de2be45f73935cce3
UNK_TEST_BIRD_083,unknown_test,non_target_species,ruftho1,data/BirdClef/train_audio/ruftho1/XC1030251.ogg,df6dc0109d0b117d0adc188ffcb85d640460f1008a67c692a4f057d0d663bb2e
UNK_TEST_BIRD_084,unknown_test,non_target_species,smbani,data/BirdClef/train_audio/smbani/XC320352.ogg,9e5fa2f1979d434f7c01d343313e5afbc4bbea16f87d10a8f9cb161ff75f24ce
UNK_TEST_BIRD_085,unknown_test,non_target_species,houspa,data/BirdClef/train_audio/houspa/iNat947411.ogg,5e2fb9899e700250d490a3542c9ec914e314797e108e269829b77b87bc0fcab4
UNK_TEST_BIRD_086,unknown_test,non_target_species,bufpar,data/BirdClef/train_audio/bufpar/iNat356051.ogg,6a1fb3c18d4a1c71a2d88bb8d6a50720423cf221fa98279f3096126850e57b77
UNK_TEST_BIRD_087,unknown_test,non_target_species,rivwar1,data/BirdClef/train_audio/rivwar1/iNat511074.ogg,e9c55bc7e956a9ac3b44b7ddea252204d3e567a5c9b4131c6de3038648349453
UNK_TEST_BIRD_088,unknown_test,non_target_species,bucpar,data/BirdClef/train_audio/bucpar/XC618370.ogg,3ce7e0686e9fef85d407c70f79a74a32236a179dd7292d976570de5f38a7add9
UNK_TEST_BIRD_089,unknown_test,non_target_species,crbthr1,data/BirdClef/train_audio/crbthr1/XC82457.ogg,108f095110e3dcfc8e3234cc6b9c2f31aeb08659484bf781c7ff0fcad3075906
UNK_TEST_BIRD_090,unknown_test,non_target_species,wfwduc1,data/BirdClef/train_audio/wfwduc1/XC833945.ogg,34322345374bb443c204518984eb79c140d624e4001a2f76d36babd27383945f
UNK_TEST_BIRD_091,unknown_test,non_target_species,varant1,data/BirdClef/train_audio/varant1/XC551941.ogg,0b1feba6d1fb52946d6939324a64d874f466ab1762da26e3b7eb53671e7c92d7
UNK_TEST_BIRD_092,unknown_test,non_target_species,rutjac1,data/BirdClef/train_audio/rutjac1/XC247258.ogg,504618821e200f20773a33b4269a3ea6ddeb20286de64e7e64e934780cffdbb4
UNK_TEST_BIRD_093,unknown_test,non_target_species,greela,data/BirdClef/train_audio/greela/XC301227.ogg,42a572b91a5536899215a36be4790f783a2ad92f5ec8180bdadc35f5416a45bd
UNK_TEST_BIRD_094,unknown_test,non_target_species,spispi1,data/BirdClef/train_audio/spispi1/iNat156008.ogg,d89425463946faff308d34b4e198075b0caa97fbc502b5f71400564666404c54
UNK_TEST_BIRD_095,unknown_test,non_target_species,fepowl,data/BirdClef/train_audio/fepowl/XC246808.ogg,26b8e07ca4dfbd3c6d49d948346313738d22874d592af4def078f8f4e74d8071
UNK_TEST_BIRD_096,unknown_test,non_target_species,ruftof1,data/BirdClef/train_audio/ruftof1/XC965396.ogg,ebde54930f715b0f030cac8ae7d4986ed4ecc61a63a346b0e04020b917cfd4d8
UNK_TEST_BIRD_097,unknown_test,non_target_species,recfin1,data/BirdClef/train_audio/recfin1/XC1027464.ogg,91c6556ef9b95faf22108d2b6eec714b28b85479be33dda4b9c105f73824ba14
UNK_TEST_BIRD_098,unknown_test,non_target_species,shshaw,data/BirdClef/train_audio/shshaw/XC771853.ogg,7e118f826241112e91c374b2f5b4d049a8540d4748286cf3caba8cf3c6c40aae
UNK_TEST_BIRD_099,unknown_test,non_target_species,fepowl,data/BirdClef/train_audio/fepowl/iNat548830.ogg,f90dfa375c5fe2ca866d480902024438a1ef7bf5f7b2c55cc10dca5129b11d8d
UNK_TEST_BIRD_100,unknown_test,non_target_species,limpki,data/BirdClef/train_audio/limpki/iNat38218.ogg,f00e7ef6abda94fd59c6b450122e31c2bfdf037efb11a65531f45b8c7af9efac
UNK_TEST_NOISE_001,unknown_test,itera_environmental_noise,Sekitar GKU 1 Frequency,data/itera_noise/Sekitar GKU 1 Frequency/32 kHz Medium Frequency/20260930_155100T.WAV,1cefc5ade1ec046b5005b47d51763b3b84973f9c7ea575f428f99dd5ed379ddb
UNK_TEST_NOISE_002,unknown_test,itera_environmental_noise,Masjid At-tanwir Frequency,data/itera_noise/Masjid At-tanwir Frequency/32 kHz High Frequency/20260918_160700T.WAV,0f02cc207be782711da460837c6a6888bb7d30aad15e1c3faebb4ed874604f75
UNK_TEST_NOISE_003,unknown_test,itera_environmental_noise,Masjid At-tanwir Frequency,data/itera_noise/Masjid At-tanwir Frequency/32 kHz Medium Frequency/20260918_145400T.WAV,2b7e863f6a5b3721f12a1e58bf3751a8e3a49fcf2b7b65f29c0ce8535e44f3bb
UNK_TEST_NOISE_004,unknown_test,itera_environmental_noise,Sekitar GKU 1 Frequency,data/itera_noise/Sekitar GKU 1 Frequency/32 kHz High Frequency/20260930_173200T.WAV,20f323f295fb7a4f2b9bd5d843c661f607991914d538123adc244331d954233b
UNK_TEST_NOISE_005,unknown_test,itera_environmental_noise,Masjid At-tanwir Frequency,data/itera_noise/Masjid At-tanwir Frequency/32 kHz High Frequency/20260918_160500T.WAV,7c67d1b3ed32d179c5e1087b99e7e02915c15ac0ccddb4188334a0b5a566f1a9
UNK_TEST_NOISE_006,unknown_test,itera_environmental_noise,Sekitar GKU 1 Amplitudo,data/itera_noise/Sekitar GKU 1 Amplitudo/32 kHz Medium Amplitudo/20261005_112500T.WAV,c6fce20663f7d535e088c9aefbbdc291bda262c716a4e79c6fad9b28ea7d3ef4
UNK_TEST_NOISE_007,unknown_test,itera_environmental_noise,Kebun Raya Frequency,data/itera_noise/Kebun Raya Frequency/32 kHz Low Frequency Kebun Raya/20260922_152000T.WAV,cc79dbb4af19664267f4aee671808dea6cf0a3d7152cc420dcdbcd641873196a
UNK_TEST_NOISE_008,unknown_test,itera_environmental_noise,Embung F ITERA Frequency,data/itera_noise/Embung F ITERA Frequency/32 kHz Medium Frequency Embung F/20260920_143300T.WAV,65782ad5e5a22bbc25d1216fba1aab63a5a2d1186d937b3546e5fbfd5e99ea64
UNK_TEST_NOISE_009,unknown_test,itera_environmental_noise,Sekitar GKU 1 Amplitudo,data/itera_noise/Sekitar GKU 1 Amplitudo/32 kHz Low Amplitudo/20261005_105200T.WAV,ff103daa49e66dd9f4734edfe1e96e82105ad8b2651e23709d6ce8df48c7e29a
UNK_TEST_NOISE_010,unknown_test,itera_environmental_noise,Masjid At-tanwir Amplitudo,data/itera_noise/Masjid At-tanwir Amplitudo/32 kHz Low Amplitudo/20261002_130200T.WAV,7873ecaaa97ff547a1646749b275401a00b198dd46e5ba3b4bb5de4577ec28fc
UNK_TEST_NOISE_011,unknown_test,itera_environmental_noise,Sekitar GKU 1 Frequency,data/itera_noise/Sekitar GKU 1 Frequency/32 kHz Medium Frequency/20260930_153000T.WAV,9ba3d57eb1505bce4bbcb543e40e5325f94d06f53750744091fc1c0f9b4f41a3
UNK_TEST_NOISE_012,unknown_test,itera_environmental_noise,Embung F ITERA Amplitudo,data/itera_noise/Embung F ITERA Amplitudo/32 kHz Low Amplitudo/20261004_123200T.WAV,c2e219e3568d1bfce6ee973471ec380265879dd04dd38093622f76267a72bd4f
UNK_TEST_NOISE_013,unknown_test,itera_environmental_noise,Gedung F Amplitudo,data/itera_noise/Gedung F Amplitudo/32 kHz High Amplitudo/20261001_152200T.WAV,1f505c5ed8efd21724b77a56893c50b15f99a13ab4a66e931562db5b634f130f
UNK_TEST_NOISE_014,unknown_test,itera_environmental_noise,Gedung F Frequency,data/itera_noise/Gedung F Frequency/32 kHz High Frequency/20260923_162500T.WAV,44060d4fbe2db0385058e271f5467a110cce325c24c5e9aeaf88f32385e7cf48
UNK_TEST_NOISE_015,unknown_test,itera_environmental_noise,Kebun Raya Frequency,data/itera_noise/Kebun Raya Frequency/32 kHz Medium Frequency Kebun Raya/20260922_121100T.WAV,bf69a1c544f455ceea086b4853b01794de1f6ad7dac588586ffedb4fd0930348
UNK_TEST_NOISE_016,unknown_test,itera_environmental_noise,Sekitar GKU 1 Frequency,data/itera_noise/Sekitar GKU 1 Frequency/32 kHz Medium Frequency/20260930_153700T.WAV,f86b186538c591b99a6cb0f32e8981c5533cd320b996b79d381544e7de174e87
UNK_TEST_NOISE_017,unknown_test,itera_environmental_noise,Masjid At-tanwir Frequency,data/itera_noise/Masjid At-tanwir Frequency/32 kHz Low Frequency/20260918_140700T.WAV,a647e77cb1532211f5d99cb461a50cb4f466d4698a86d19b90424c94e737acac
UNK_TEST_NOISE_018,unknown_test,itera_environmental_noise,Sekitar GKU 1 Frequency,data/itera_noise/Sekitar GKU 1 Frequency/32 kHz High Frequency/20260930_165700T.WAV,b75e5d44ec8b9078610dd2eb2208026ada03a20b54f939f686e78c12b8c54f9a
UNK_TEST_NOISE_019,unknown_test,itera_environmental_noise,Masjid At-tanwir Amplitudo,data/itera_noise/Masjid At-tanwir Amplitudo/32 kHz Medium Amplitudo/20261002_135800T.WAV,287942a6eaeef536e19dd19baf29b17b31689e8f47fda534398cdff2561eeeb4
UNK_TEST_NOISE_020,unknown_test,itera_environmental_noise,Embung F ITERA Frequency,data/itera_noise/Embung F ITERA Frequency/32 kHz Low Frequency Embung F/20260920_134700T.WAV,27ea3e1849975e45290331704438824a2e585c4c5b682ff24432457a50680982
UNK_TEST_NOISE_021,unknown_test,itera_environmental_noise,Kebun Raya Frequency,data/itera_noise/Kebun Raya Frequency/32 kHz High Frequency Kebun Raya/20260921_160800T.WAV,e2bb4cd9e184d9e53bf804ee41f63aa1b0dc1eec52ece4ef7a0a533c6d852346
UNK_TEST_NOISE_022,unknown_test,itera_environmental_noise,Kebun Raya Amplitudo,data/itera_noise/Kebun Raya Amplitudo/32 kHz Low Amplitudo/20261007_111400T.WAV,e4041211513f4bcaaaad1de50f2e03b05a1724459b6436a7432ab741837329a9
UNK_TEST_NOISE_023,unknown_test,itera_environmental_noise,Sekitar GKU 1 Amplitudo,data/itera_noise/Sekitar GKU 1 Amplitudo/32 kHz High Amplitudo/20261005_124200T.WAV,1b19709149fa3ce786a50ce63e1e1dc768767dfa008458251f414d0acfd67928
UNK_TEST_NOISE_024,unknown_test,itera_environmental_noise,Masjid At-tanwir Frequency,data/itera_noise/Masjid At-tanwir Frequency/32 kHz Low Frequency/20260918_142400T.WAV,62453eaeb83ba1b3ba9cee34f328eab0ad851d1bb306e81dbd49a1ec039f535c
UNK_TEST_NOISE_025,unknown_test,itera_environmental_noise,Masjid At-tanwir Frequency,data/itera_noise/Masjid At-tanwir Frequency/32 kHz Medium Frequency/20260918_152400T.WAV,678a22b4b5d386f19350483c3e6a252aa58e7835e780c0cbea8735d481e522cb
UNK_TEST_NOISE_026,unknown_test,itera_environmental_noise,Sekitar GKU 1 Amplitudo,data/itera_noise/Sekitar GKU 1 Amplitudo/32 kHz Medium Amplitudo/20261005_115500T.WAV,b9733bbffa2bf34e7cf4190c09da253d1257f372e573f1e4c27c58ca272d11dd
UNK_TEST_NOISE_027,unknown_test,itera_environmental_noise,Gedung F Amplitudo,data/itera_noise/Gedung F Amplitudo/32 kHz Medium Amplitudo/20261001_083100T.WAV,274c33b3a7cd4d353f12c6fb367f15c01e6cb08f0627d81c7e2fdfcee8bb8170
UNK_TEST_NOISE_028,unknown_test,itera_environmental_noise,Gedung F Frequency,data/itera_noise/Gedung F Frequency/32 kHz Low Frequency/20260923_101900T.WAV,b90ccdf9e9a1334b1a12f3ed97bfa183b98824e374cbacb4196359f5d85d2e56
UNK_TEST_NOISE_029,unknown_test,itera_environmental_noise,Sekitar GKU 1 Amplitudo,data/itera_noise/Sekitar GKU 1 Amplitudo/32 kHz Medium Amplitudo/20261005_111500T.WAV,cd59294a9fb9dd27369457cd7f383e1f869e916b53950689526a419f398b0bfa
UNK_TEST_NOISE_030,unknown_test,itera_environmental_noise,Masjid At-tanwir Frequency,data/itera_noise/Masjid At-tanwir Frequency/32 kHz Medium Frequency/20260918_150300T.WAV,c2013e21196b51cdbc37e7e0e8493760900b6676365b3d589dfb22f106522df1
UNK_TEST_NOISE_031,unknown_test,itera_environmental_noise,Kebun Raya Frequency,data/itera_noise/Kebun Raya Frequency/32 kHz Low Frequency Kebun Raya/20260922_144500T.WAV,afe13fa6a96e52a9fe947679d71644f1a853723d46924dc3b8e9fa3a9e3c54cb
UNK_TEST_NOISE_032,unknown_test,itera_environmental_noise,Kebun Raya Amplitudo,data/itera_noise/Kebun Raya Amplitudo/32 kHz High Amplitudo/20261007_133200T.WAV,bd69e6a8fc2403788477b3063d5aa948821735dff1ce4a4e6e31b0e559db4e39
UNK_TEST_NOISE_033,unknown_test,itera_environmental_noise,Embung F ITERA Frequency,data/itera_noise/Embung F ITERA Frequency/32 kHz Low Frequency Embung F/20260920_131100T.WAV,4441e77ff1abe38016c25c9221a6fa803aec8fe0e5cae75624834d1e4ab6d2f3
UNK_TEST_NOISE_034,unknown_test,itera_environmental_noise,Masjid At-tanwir Frequency,data/itera_noise/Masjid At-tanwir Frequency/32 kHz High Frequency/20260918_160800T.WAV,4e19a3aa4dcaf1ef233c115a575ff977c02f6bd65e3849e11f069027fa10940f
UNK_TEST_NOISE_035,unknown_test,itera_environmental_noise,Embung F ITERA Frequency,data/itera_noise/Embung F ITERA Frequency/32 kHz Low Frequency Embung F/20260920_125000T.WAV,5e6141bcd9d236428e908be7766523b7fbeca7ce7c611c8d3ad8e09e2b4c7132
UNK_TEST_NOISE_036,unknown_test,itera_environmental_noise,Gedung F Frequency,data/itera_noise/Gedung F Frequency/32 kHz Medium Frequency/20260923_113900T.WAV,76e56deab0056290120c38d1cc09248c1d3c110951f781a0f9bfaa3b849121e8
UNK_TEST_NOISE_037,unknown_test,itera_environmental_noise,Gedung F Frequency,data/itera_noise/Gedung F Frequency/32 kHz Low Frequency/20260923_110100T.WAV,f637f849bf26027c15cf4938d4e64394a6643b1a748f475e84a3969c20a945f0
UNK_TEST_NOISE_038,unknown_test,itera_environmental_noise,Kebun Raya Frequency,data/itera_noise/Kebun Raya Frequency/32 kHz High Frequency Kebun Raya/20260921_161100T.WAV,d8d7fbccf4354277e932a7b6280341aba21daea1ad87a2c5e0527dd1fd0af342
UNK_TEST_NOISE_039,unknown_test,itera_environmental_noise,Kebun Raya Amplitudo,data/itera_noise/Kebun Raya Amplitudo/32 kHz Low Amplitudo/20261007_112900T.WAV,7e133ac211edcc255965712dece9eedec5d9543456e15cab4d5786e346eb34ec
UNK_TEST_NOISE_040,unknown_test,itera_environmental_noise,Kebun Raya Frequency,data/itera_noise/Kebun Raya Frequency/32 kHz Low Frequency Kebun Raya/20260922_152700T.WAV,9f121d9aa7e060ac0402c23401bec99e65b2f32c14de133073ae8ad8b45e511f
UNK_TEST_NOISE_041,unknown_test,itera_environmental_noise,Sekitar GKU 1 Frequency,data/itera_noise/Sekitar GKU 1 Frequency/32 kHz Medium Frequency/20260930_160500T.WAV,2a5ba84235a1a7e81f22021382f952c9efc48c05ca056a48c6e159d859ba0e1c
UNK_TEST_NOISE_042,unknown_test,itera_environmental_noise,Embung F ITERA Amplitudo,data/itera_noise/Embung F ITERA Amplitudo/32 kHz Low Amplitudo/20261004_123600T.WAV,5d3d9f906d0adff242c8e115fa1590fcf84a21db0dbf0321693efb65e8983c6a
UNK_TEST_NOISE_043,unknown_test,itera_environmental_noise,Gedung F Frequency,data/itera_noise/Gedung F Frequency/32 kHz High Frequency/20260923_164600T.WAV,11096d615127ff12ad3a3378413baaea94fe63c47a6a10701749ed3aafab8349
UNK_TEST_NOISE_044,unknown_test,itera_environmental_noise,Embung F ITERA Frequency,data/itera_noise/Embung F ITERA Frequency/32 kHz Low Frequency Embung F/20260920_130900T.WAV,04429df780a4dd0eea352f89c2d5ec09057f04d00a2f598c92255aa0e66047d6
UNK_TEST_NOISE_045,unknown_test,itera_environmental_noise,Embung F ITERA Amplitudo,data/itera_noise/Embung F ITERA Amplitudo/32 kHz High Amplitudo/20261004_154100T.WAV,156b427bc7943334cf858affcb6118e29f88430c3dd0e17005f7d8ba1328a599
UNK_TEST_NOISE_046,unknown_test,itera_environmental_noise,Masjid At-tanwir Amplitudo,data/itera_noise/Masjid At-tanwir Amplitudo/32 kHz High Amplitudo/20261002_151100T.WAV,9fc7b49a5a71ce4b3e3ad794e7bfb80b75477a655ae7e8a976e1e5eebc913275
UNK_TEST_NOISE_047,unknown_test,itera_environmental_noise,Sekitar GKU 1 Amplitudo,data/itera_noise/Sekitar GKU 1 Amplitudo/32 kHz Medium Amplitudo/20261005_113600T.WAV,8779dd596248f0a521d2cce7042480a64ad40221e9cd294e5df40fff2687f774
UNK_TEST_NOISE_048,unknown_test,itera_environmental_noise,Gedung F Amplitudo,data/itera_noise/Gedung F Amplitudo/32 kHz Medium Amplitudo/20261001_091900T.WAV,b73fee01f9728a2c5de2fe16a6d884127f30eb086df65a5116570b73f8172c74
UNK_TEST_NOISE_049,unknown_test,itera_environmental_noise,Masjid At-tanwir Amplitudo,data/itera_noise/Masjid At-tanwir Amplitudo/32 kHz Medium Amplitudo/20261002_133600T.WAV,262fdad55ba70d82b5d29c1fd012157c0db87edf8843bc6447d3992962609641
UNK_TEST_NOISE_050,unknown_test,itera_environmental_noise,Gedung F Amplitudo,data/itera_noise/Gedung F Amplitudo/32 kHz Low Amplitudo/20261001_120000T.WAV,1b93518c5e36db119182b19d1f4b06f58f863679ddfe728fbebe97fe50a70fb0
UNK_TEST_NOISE_051,unknown_test,itera_environmental_noise,Kebun Raya Frequency,data/itera_noise/Kebun Raya Frequency/32 kHz Medium Frequency Kebun Raya/20260922_121500T.WAV,74f78758db5f82fa0b1bb35ff5b5ee2d879083964103362d73cadfca10ddafaf
UNK_TEST_NOISE_052,unknown_test,itera_environmental_noise,Gedung F Amplitudo,data/itera_noise/Gedung F Amplitudo/32 kHz Medium Amplitudo/20261001_092300T.WAV,c40941597f2d8967762cebab53c0945f17378cc33a90be3d334650f003a8ae68
UNK_TEST_NOISE_053,unknown_test,itera_environmental_noise,Masjid At-tanwir Frequency,data/itera_noise/Masjid At-tanwir Frequency/32 kHz Medium Frequency/20260918_150800T.WAV,711cd9596ea22e2acf3d5f963be573c5bb14e53ebe72b1eadac0c4b8cac67aaa
UNK_TEST_NOISE_054,unknown_test,itera_environmental_noise,Sekitar GKU 1 Amplitudo,data/itera_noise/Sekitar GKU 1 Amplitudo/32 kHz Medium Amplitudo/20261005_115800T.WAV,199147e055934eaf9aa8543da614dec32332cd449cbe92ea98e51c965ee4f3ff
UNK_TEST_NOISE_055,unknown_test,itera_environmental_noise,Sekitar GKU 1 Frequency,data/itera_noise/Sekitar GKU 1 Frequency/32 kHz Low Frequency/20260930_143700T.WAV,8681bea4359727d2ba8fe4a873b078f067bcbfff54754efe8a882e36d6a11227
UNK_TEST_NOISE_056,unknown_test,itera_environmental_noise,Sekitar GKU 1 Amplitudo,data/itera_noise/Sekitar GKU 1 Amplitudo/32 kHz High Amplitudo/20261005_130900T.WAV,78d31820ea17eba0b419b98b2ea197691d4d097c27b3f204bbd75b6badd99a10
UNK_TEST_NOISE_057,unknown_test,itera_environmental_noise,Kebun Raya Amplitudo,data/itera_noise/Kebun Raya Amplitudo/32 kHz High Amplitudo/20261007_132300T.WAV,4a49c1f9f8f7ec8d6f30514751ab2e0dab38b68843ca3f7537515f511719e5c0
UNK_TEST_NOISE_058,unknown_test,itera_environmental_noise,Gedung F Frequency,data/itera_noise/Gedung F Frequency/32 kHz High Frequency/20260923_170000T.WAV,b7b72f5261da5499b01f3d313b4544886f7a510f698228409bd6df7c382bd367
UNK_TEST_NOISE_059,unknown_test,itera_environmental_noise,Masjid At-tanwir Amplitudo,data/itera_noise/Masjid At-tanwir Amplitudo/32 kHz High Amplitudo/20261002_145800T.WAV,913473e1c3ae085edec598feb91e3b1773fb8ca0cce981c8845018276832b063
UNK_TEST_NOISE_060,unknown_test,itera_environmental_noise,Sekitar GKU 1 Frequency,data/itera_noise/Sekitar GKU 1 Frequency/32 kHz Low Frequency/20260930_142800T.WAV,516b14e209f575565ec19a2d95593dfcc1e1dba9fe7452c7447da543c8b551e0
UNK_TEST_NOISE_061,unknown_test,itera_environmental_noise,Sekitar GKU 1 Amplitudo,data/itera_noise/Sekitar GKU 1 Amplitudo/32 kHz Medium Amplitudo/20261005_115900T.WAV,5f7b0a0d426017f7efb848801c0c477cae4dc92793cbb1cf5855bbfaa58118cc
UNK_TEST_NOISE_062,unknown_test,itera_environmental_noise,Masjid At-tanwir Amplitudo,data/itera_noise/Masjid At-tanwir Amplitudo/32 kHz Low Amplitudo/20261002_124500T.WAV,c139ac23d29d43f6caae24416ef791bfcd0b681c93fab3f40383615fed0c7a2d
UNK_TEST_NOISE_063,unknown_test,itera_environmental_noise,Masjid At-tanwir Amplitudo,data/itera_noise/Masjid At-tanwir Amplitudo/32 kHz High Amplitudo/20261002_150200T.WAV,d37e2de837de7202c83dc63cb5f081dd9045b1caa3eef038f5bfb2ab2ae1ebe8
UNK_TEST_NOISE_064,unknown_test,itera_environmental_noise,Embung F ITERA Amplitudo,data/itera_noise/Embung F ITERA Amplitudo/32 kHz Medium Amplitudo/20261004_135600T.WAV,656be518fa358a5d338b28bad071f6329bcde4506758fcc11e6f73756cfb987a
UNK_TEST_NOISE_065,unknown_test,itera_environmental_noise,Kebun Raya Frequency,data/itera_noise/Kebun Raya Frequency/32 kHz High Frequency Kebun Raya/20260921_154000T.WAV,a44581ab79f25cd53e1be4442bb33b3d6d10da16f020ab2bfd40b7a47e6d2036
UNK_TEST_NOISE_066,unknown_test,itera_environmental_noise,Masjid At-tanwir Amplitudo,data/itera_noise/Masjid At-tanwir Amplitudo/32 kHz Medium Amplitudo/20261002_140000T.WAV,7245daa21d6c1b45b557b341d56dae30e328fe8fb3bc089c010214342c26f2a9
UNK_TEST_NOISE_067,unknown_test,itera_environmental_noise,Sekitar GKU 1 Frequency,data/itera_noise/Sekitar GKU 1 Frequency/32 kHz Low Frequency/20260930_142400T.WAV,2a865bb1bc636460471ae3280692540be5e4029f07dedb5ee7db19ebd00409c8
UNK_TEST_NOISE_068,unknown_test,itera_environmental_noise,Gedung F Amplitudo,data/itera_noise/Gedung F Amplitudo/32 kHz High Amplitudo/20261001_151400T.WAV,cff6c10ced0ea4cc91a09408ccbf40ef87e02b433ea944f6e6c434a20b725800
UNK_TEST_NOISE_069,unknown_test,itera_environmental_noise,Masjid At-tanwir Frequency,data/itera_noise/Masjid At-tanwir Frequency/32 kHz High Frequency/20260918_162500T.WAV,57e2592caa971d3670a47c98eaae4bf81b73a5f05c7e832d0879812dabc54e6e
UNK_TEST_NOISE_070,unknown_test,itera_environmental_noise,Sekitar GKU 1 Amplitudo,data/itera_noise/Sekitar GKU 1 Amplitudo/32 kHz Medium Amplitudo/20261005_114400T.WAV,892fdcc32d529b4589e89e7563448a79f98dfa77069cc87ecc64321611d66023
UNK_TEST_NOISE_071,unknown_test,itera_environmental_noise,Embung F ITERA Frequency,data/itera_noise/Embung F ITERA Frequency/32 kHz Low Frequency Embung F/20260920_132100T.WAV,a1eeee6938a8a9af95560e349dc4170c2d7271e23449db517397fc0c24278c67
UNK_TEST_NOISE_072,unknown_test,itera_environmental_noise,Embung F ITERA Frequency,data/itera_noise/Embung F ITERA Frequency/32 kHz High Frequency Embung F/20260920_152900T.WAV,9d1db07e1fe2d412e26a48b992ff09b629eff10f19acf90ca06138509d934625
UNK_TEST_NOISE_073,unknown_test,itera_environmental_noise,Sekitar GKU 1 Frequency,data/itera_noise/Sekitar GKU 1 Frequency/32 kHz Medium Frequency/20260930_160700T.WAV,feeaa34c2c5a24e1a356f1b801af3965a9c0bf5d7347ad49e6e9eb61a66812c2
UNK_TEST_NOISE_074,unknown_test,itera_environmental_noise,Embung F ITERA Frequency,data/itera_noise/Embung F ITERA Frequency/32 kHz Low Frequency Embung F/20260920_125400T.WAV,01efd728ac695295933d8ec55b5ff7377d5ec9680bc7db1fabe6b2815f98184a
UNK_TEST_NOISE_075,unknown_test,itera_environmental_noise,Gedung F Amplitudo,data/itera_noise/Gedung F Amplitudo/32 kHz High Amplitudo/20261001_153400T.WAV,b8628422c22520a89ae6f5dca1aecbbde3d9da4bcade1eba0762282a200c5c14
UNK_TEST_NOISE_076,unknown_test,itera_environmental_noise,Kebun Raya Amplitudo,data/itera_noise/Kebun Raya Amplitudo/32 kHz Medium Amplitudo/20261007_123900T.WAV,4a20368b37a683c94f9a0865289107f283fffe4a9a449e723fdcf9db92e63432
UNK_TEST_NOISE_077,unknown_test,itera_environmental_noise,Masjid At-tanwir Frequency,data/itera_noise/Masjid At-tanwir Frequency/32 kHz Low Frequency/20260918_133200T.WAV,7838378ae661b1766f6e49437dcf8f07ed07dd6436b2dcba7baa11a726efbb51
UNK_TEST_NOISE_078,unknown_test,itera_environmental_noise,Embung F ITERA Frequency,data/itera_noise/Embung F ITERA Frequency/32 kHz Medium Frequency Embung F/20260920_145300T.WAV,bede58ba799fa6aaf378cddbb0bcb1e50ca35dfae8e04d7891bfbb67b7ddb9ac
UNK_TEST_NOISE_079,unknown_test,itera_environmental_noise,Gedung F Amplitudo,data/itera_noise/Gedung F Amplitudo/32 kHz Low Amplitudo/20261001_113700T.WAV,630ca62a8ccf595d7ef7d37b8c062010f2605d25ac1fbe65fb5c366384fc437a
UNK_TEST_NOISE_080,unknown_test,itera_environmental_noise,Masjid At-tanwir Frequency,data/itera_noise/Masjid At-tanwir Frequency/32 kHz High Frequency/20260918_165300T.WAV,1f3b4c0c315a8a1b4aa2f55ace9711039bd9272f8d74d1c4f6880ee7f60c28c5
UNK_TEST_NOISE_081,unknown_test,itera_environmental_noise,Kebun Raya Frequency,data/itera_noise/Kebun Raya Frequency/32 kHz High Frequency Kebun Raya/20260921_153400T.WAV,20ebefa35ef35c1714682f8a8372497677fd0f60542bff4487fc92a0fafcf274
UNK_TEST_NOISE_082,unknown_test,itera_environmental_noise,Sekitar GKU 1 Frequency,data/itera_noise/Sekitar GKU 1 Frequency/32 kHz Low Frequency/20260930_151200T.WAV,23e13d41162160ec1a5a6acd64c6a871549fbcafbf64f7125401f9243676b714
UNK_TEST_NOISE_083,unknown_test,itera_environmental_noise,Masjid At-tanwir Frequency,data/itera_noise/Masjid At-tanwir Frequency/32 kHz Low Frequency/20260918_134200T.WAV,e38082187a269454b9cd93a8d0a68ec1a012bf70973e308b9b96763dbe375bf5
UNK_TEST_NOISE_084,unknown_test,itera_environmental_noise,Masjid At-tanwir Frequency,data/itera_noise/Masjid At-tanwir Frequency/32 kHz High Frequency/20260918_164300T.WAV,e31b9f1ee09bb637b2b7cfe816297a86fc96434b46cd27b45c3b0a468e501a63
UNK_TEST_NOISE_085,unknown_test,itera_environmental_noise,Embung F ITERA Frequency,data/itera_noise/Embung F ITERA Frequency/32 kHz Low Frequency Embung F/20260920_130000T.WAV,077ff6912c930138b384ebd35ba3e3c36753144eb7f6e9ed2ba834c95bcc68e1
UNK_TEST_NOISE_086,unknown_test,itera_environmental_noise,Gedung F Amplitudo,data/itera_noise/Gedung F Amplitudo/32 kHz Medium Amplitudo/20261001_084000T.WAV,194aab9709c1e2919424208b73d110f60eceed626d60187cbe6184927da06de5
UNK_TEST_NOISE_087,unknown_test,itera_environmental_noise,Masjid At-tanwir Amplitudo,data/itera_noise/Masjid At-tanwir Amplitudo/32 kHz Low Amplitudo/20261002_124200T.WAV,ef9d0ffd107fc0631d8f560b170a96b52cf747d7d1fa9b5e1ecd42ca54235d2b
UNK_TEST_NOISE_088,unknown_test,itera_environmental_noise,Gedung F Amplitudo,data/itera_noise/Gedung F Amplitudo/32 kHz Low Amplitudo/20261001_113900T.WAV,248c4cac44edba8df3ce55e782fa55cde181ace9b1cf10dc26af2427a1b7f100
UNK_TEST_NOISE_089,unknown_test,itera_environmental_noise,Masjid At-tanwir Amplitudo,data/itera_noise/Masjid At-tanwir Amplitudo/32 kHz Low Amplitudo/20261002_125600T.WAV,42e4989fbcaff03caaae835de5bece20f34b123e920358d8d6ee6739041df526
UNK_TEST_NOISE_090,unknown_test,itera_environmental_noise,Embung F ITERA Frequency,data/itera_noise/Embung F ITERA Frequency/32 kHz Medium Frequency Embung F/20260920_150100T.WAV,c9ad2dd3d3e41010720032afd86a0440bdfd753f43d5b781ae9adfd42d7ec7f3
UNK_TEST_NOISE_091,unknown_test,itera_environmental_noise,Masjid At-tanwir Amplitudo,data/itera_noise/Masjid At-tanwir Amplitudo/32 kHz Low Amplitudo/20261002_122500T.WAV,570c19087bb919113cafa7dbce19e98d92e8cab12e98a7442439647f6d6b9700
UNK_TEST_NOISE_092,unknown_test,itera_environmental_noise,Gedung F Frequency,data/itera_noise/Gedung F Frequency/32 kHz Low Frequency/20260923_102700T.WAV,2f385a6bd5588300bef113d39b773468dadd1afddf2d09fa94411bd7020357fa
UNK_TEST_NOISE_093,unknown_test,itera_environmental_noise,Sekitar GKU 1 Amplitudo,data/itera_noise/Sekitar GKU 1 Amplitudo/32 kHz High Amplitudo/20261005_132700T.WAV,2bda649c788dac7bf26b066dcc696cb0230e0a749360b895dcff4d45bdc4dcee
UNK_TEST_NOISE_094,unknown_test,itera_environmental_noise,Kebun Raya Frequency,data/itera_noise/Kebun Raya Frequency/32 kHz Medium Frequency Kebun Raya/20260922_123200T.WAV,060ec7c55c1dcae7f8bb92da5ba979706dfbad9a34158d9895ceebd7fa36491c
UNK_TEST_NOISE_095,unknown_test,itera_environmental_noise,Gedung F Frequency,data/itera_noise/Gedung F Frequency/32 kHz Medium Frequency/20260923_120400T.WAV,c79b37facd4d3fb769159827419fb2e75e8aa2fc956e3208521b3af46b19edd6
UNK_TEST_NOISE_096,unknown_test,itera_environmental_noise,Gedung F Amplitudo,data/itera_noise/Gedung F Amplitudo/32 kHz High Amplitudo/20261001_155300T.WAV,1d205f9a1273b98d54cdf7468bb6682c038808069ecf4d26247a0fd22c560383
UNK_TEST_NOISE_097,unknown_test,itera_environmental_noise,Kebun Raya Frequency,data/itera_noise/Kebun Raya Frequency/32 kHz Low Frequency Kebun Raya/20260922_151400T.WAV,6555ab05794597331ad59f171a9f95f1809121c9f092c5e923fdaec2f7aa38cf
UNK_TEST_NOISE_098,unknown_test,itera_environmental_noise,Embung F ITERA Amplitudo,data/itera_noise/Embung F ITERA Amplitudo/32 kHz Medium Amplitudo/20261004_142500T.WAV,fbbd0aa89743a40e35dd8bf0705acf5a0b4a2f5737ac5ef4aa753d83cf8e6f6f
UNK_TEST_NOISE_099,unknown_test,itera_environmental_noise,Kebun Raya Amplitudo,data/itera_noise/Kebun Raya Amplitudo/32 kHz Medium Amplitudo/20261007_115600T.WAV,323418784ef788627e0d3128695285607d5d5d63b47e0949bf5a57418c4b1d93
UNK_TEST_NOISE_100,unknown_test,itera_environmental_noise,Gedung F Amplitudo,data/itera_noise/Gedung F Amplitudo/32 kHz High Amplitudo/20261001_155100T.WAV,77ce1c646ad717cec434f2da95d68b009463c4b923825075bf2143af30751982
